minute,function_id,count
0,yolo_x_cpu,698
1,yolo_x_cpu,711
2,yolo_x_cpu,715
3,yolo_x_cpu,676
4,yolo_x_cpu,729
5,yolo_x_cpu,655
6,yolo_x_cpu,682
7,yolo_x_cpu,667
8,yolo_x_cpu,678
9,yolo_x_cpu,653
10,yolo_x_cpu,671
11,yolo_x_cpu,612
12,yolo_x_cpu,686
13,yolo_x_cpu,697
14,yolo_x_cpu,689
15,yolo_x_cpu,645
16,yolo_x_cpu,640
17,yolo_x_cpu,687
18,yolo_x_cpu,697
19,yolo_x_cpu,694
20,yolo_x_cpu,713
21,yolo_x_cpu,742
22,yolo_x_cpu,722
23,yolo_x_cpu,690
24,yolo_x_cpu,738
25,yolo_x_cpu,714
26,yolo_x_cpu,689
27,yolo_x_cpu,695
28,yolo_x_cpu,695
29,yolo_x_cpu,723
30,yolo_x_cpu,652
31,yolo_x_cpu,673
32,yolo_x_cpu,664
33,yolo_x_cpu,669
34,yolo_x_cpu,685
35,yolo_x_cpu,657
36,yolo_x_cpu,720
37,yolo_x_cpu,805
38,yolo_x_cpu,782
39,yolo_x_cpu,768
40,yolo_x_cpu,757
41,yolo_x_cpu,756
42,yolo_x_cpu,760
43,yolo_x_cpu,766
44,yolo_x_cpu,757
45,yolo_x_cpu,762
46,yolo_x_cpu,794
47,yolo_x_cpu,768
48,yolo_x_cpu,757
49,yolo_x_cpu,778
50,yolo_x_cpu,777
51,yolo_x_cpu,766
52,yolo_x_cpu,811
53,yolo_x_cpu,832
54,yolo_x_cpu,814
55,yolo_x_cpu,732
56,yolo_x_cpu,727
57,yolo_x_cpu,761
58,yolo_x_cpu,813
59,yolo_x_cpu,790
60,yolo_x_cpu,798
61,yolo_x_cpu,830
62,yolo_x_cpu,925
63,yolo_x_cpu,877
64,yolo_x_cpu,904
65,yolo_x_cpu,901
66,yolo_x_cpu,939
67,yolo_x_cpu,986
68,yolo_x_cpu,1032
69,yolo_x_cpu,1035
70,yolo_x_cpu,1025
71,yolo_x_cpu,1067
72,yolo_x_cpu,1134
73,yolo_x_cpu,999
74,yolo_x_cpu,999
75,yolo_x_cpu,1117
76,yolo_x_cpu,1055
77,yolo_x_cpu,1049
78,yolo_x_cpu,1098
79,yolo_x_cpu,1050
80,yolo_x_cpu,1038
81,yolo_x_cpu,1126
82,yolo_x_cpu,1096
83,yolo_x_cpu,1088
84,yolo_x_cpu,1122
85,yolo_x_cpu,1128
86,yolo_x_cpu,1121
87,yolo_x_cpu,1065
88,yolo_x_cpu,1116
89,yolo_x_cpu,992
90,yolo_x_cpu,997
91,yolo_x_cpu,958
92,yolo_x_cpu,1001
93,yolo_x_cpu,955
94,yolo_x_cpu,975
95,yolo_x_cpu,963
96,yolo_x_cpu,961
97,yolo_x_cpu,1011
98,yolo_x_cpu,1028
99,yolo_x_cpu,1057
100,yolo_x_cpu,1011
101,yolo_x_cpu,1031
102,yolo_x_cpu,984
103,yolo_x_cpu,990
104,yolo_x_cpu,1049
105,yolo_x_cpu,1039
106,yolo_x_cpu,1021
107,yolo_x_cpu,1071
108,yolo_x_cpu,1036
109,yolo_x_cpu,1046
110,yolo_x_cpu,1031
111,yolo_x_cpu,1081
112,yolo_x_cpu,1069
113,yolo_x_cpu,1072
114,yolo_x_cpu,1128
115,yolo_x_cpu,1170
116,yolo_x_cpu,1160
117,yolo_x_cpu,1165
118,yolo_x_cpu,1085
119,yolo_x_cpu,1091
120,yolo_x_cpu,1090
121,yolo_x_cpu,1062
122,yolo_x_cpu,1062
123,yolo_x_cpu,979
124,yolo_x_cpu,931
125,yolo_x_cpu,937
126,yolo_x_cpu,994
127,yolo_x_cpu,951
128,yolo_x_cpu,1020
129,yolo_x_cpu,1035
130,yolo_x_cpu,1095
131,yolo_x_cpu,1039
132,yolo_x_cpu,1116
133,yolo_x_cpu,1094
134,yolo_x_cpu,1169
135,yolo_x_cpu,1131
136,yolo_x_cpu,1097
137,yolo_x_cpu,1120
138,yolo_x_cpu,1127
139,yolo_x_cpu,1073
140,yolo_x_cpu,999
141,yolo_x_cpu,1010
142,yolo_x_cpu,1063
143,yolo_x_cpu,998
144,yolo_x_cpu,1042
145,yolo_x_cpu,1053
146,yolo_x_cpu,1043
147,yolo_x_cpu,1000
148,yolo_x_cpu,1031
149,yolo_x_cpu,985
150,yolo_x_cpu,965
151,yolo_x_cpu,1001
152,yolo_x_cpu,996
153,yolo_x_cpu,920
154,yolo_x_cpu,888
155,yolo_x_cpu,943
156,yolo_x_cpu,976
157,yolo_x_cpu,909
158,yolo_x_cpu,896
159,yolo_x_cpu,1002
160,yolo_x_cpu,933
161,yolo_x_cpu,941
162,yolo_x_cpu,977
163,yolo_x_cpu,1000
164,yolo_x_cpu,993
165,yolo_x_cpu,947
166,yolo_x_cpu,1018
167,yolo_x_cpu,1068
168,yolo_x_cpu,1023
169,yolo_x_cpu,960
170,yolo_x_cpu,1023
171,yolo_x_cpu,1051
172,yolo_x_cpu,1009
173,yolo_x_cpu,998
174,yolo_x_cpu,966
175,yolo_x_cpu,928
176,yolo_x_cpu,962
177,yolo_x_cpu,950
178,yolo_x_cpu,913
179,yolo_x_cpu,994
180,yolo_x_cpu,1006
181,yolo_x_cpu,1027
182,yolo_x_cpu,1039
183,yolo_x_cpu,938
184,yolo_x_cpu,1008
185,yolo_x_cpu,987
186,yolo_x_cpu,951
187,yolo_x_cpu,932
188,yolo_x_cpu,881
189,yolo_x_cpu,982
190,yolo_x_cpu,924
191,yolo_x_cpu,898
192,yolo_x_cpu,960
193,yolo_x_cpu,920
194,yolo_x_cpu,896
195,yolo_x_cpu,955
196,yolo_x_cpu,904
197,yolo_x_cpu,936
198,yolo_x_cpu,963
199,yolo_x_cpu,941
200,yolo_x_cpu,906
201,yolo_x_cpu,918
202,yolo_x_cpu,919
203,yolo_x_cpu,945
204,yolo_x_cpu,971
205,yolo_x_cpu,928
206,yolo_x_cpu,938
207,yolo_x_cpu,905
208,yolo_x_cpu,878
209,yolo_x_cpu,862
210,yolo_x_cpu,849
211,yolo_x_cpu,853
212,yolo_x_cpu,895
213,yolo_x_cpu,898
214,yolo_x_cpu,894
215,yolo_x_cpu,870
216,yolo_x_cpu,825
217,yolo_x_cpu,792
218,yolo_x_cpu,826
219,yolo_x_cpu,871
220,yolo_x_cpu,864
221,yolo_x_cpu,916
222,yolo_x_cpu,923
223,yolo_x_cpu,915
224,yolo_x_cpu,904
225,yolo_x_cpu,895
226,yolo_x_cpu,832
227,yolo_x_cpu,871
228,yolo_x_cpu,798
229,yolo_x_cpu,782
230,yolo_x_cpu,869
231,yolo_x_cpu,789
232,yolo_x_cpu,787
233,yolo_x_cpu,764
234,yolo_x_cpu,756
235,yolo_x_cpu,778
236,yolo_x_cpu,784
237,yolo_x_cpu,862
238,yolo_x_cpu,903
239,yolo_x_cpu,853
240,yolo_x_cpu,878
241,yolo_x_cpu,938
242,yolo_x_cpu,881
243,yolo_x_cpu,945
244,yolo_x_cpu,1011
245,yolo_x_cpu,1000
246,yolo_x_cpu,954
247,yolo_x_cpu,972
248,yolo_x_cpu,963
249,yolo_x_cpu,916
250,yolo_x_cpu,910
251,yolo_x_cpu,920
252,yolo_x_cpu,883
253,yolo_x_cpu,822
254,yolo_x_cpu,841
255,yolo_x_cpu,815
256,yolo_x_cpu,863
257,yolo_x_cpu,878
258,yolo_x_cpu,841
259,yolo_x_cpu,850
260,yolo_x_cpu,870
261,yolo_x_cpu,818
262,yolo_x_cpu,779
263,yolo_x_cpu,764
264,yolo_x_cpu,800
265,yolo_x_cpu,822
266,yolo_x_cpu,735
267,yolo_x_cpu,807
268,yolo_x_cpu,786
269,yolo_x_cpu,765
270,yolo_x_cpu,763
271,yolo_x_cpu,755
272,yolo_x_cpu,769
273,yolo_x_cpu,760
274,yolo_x_cpu,805
275,yolo_x_cpu,887
276,yolo_x_cpu,827
277,yolo_x_cpu,762
278,yolo_x_cpu,812
279,yolo_x_cpu,834
280,yolo_x_cpu,842
281,yolo_x_cpu,861
282,yolo_x_cpu,849
283,yolo_x_cpu,878
284,yolo_x_cpu,865
285,yolo_x_cpu,885
286,yolo_x_cpu,891
287,yolo_x_cpu,946
288,yolo_x_cpu,902
289,yolo_x_cpu,869
290,yolo_x_cpu,822
291,yolo_x_cpu,816
292,yolo_x_cpu,885
293,yolo_x_cpu,844
294,yolo_x_cpu,817
295,yolo_x_cpu,879
296,yolo_x_cpu,828
297,yolo_x_cpu,835
298,yolo_x_cpu,800
299,yolo_x_cpu,860
300,yolo_x_cpu,838
301,yolo_x_cpu,919
302,yolo_x_cpu,869
303,yolo_x_cpu,912
304,yolo_x_cpu,892
305,yolo_x_cpu,931
306,yolo_x_cpu,944
307,yolo_x_cpu,923
308,yolo_x_cpu,886
309,yolo_x_cpu,925
310,yolo_x_cpu,916
311,yolo_x_cpu,999
312,yolo_x_cpu,960
313,yolo_x_cpu,915
314,yolo_x_cpu,930
315,yolo_x_cpu,1025
316,yolo_x_cpu,940
317,yolo_x_cpu,977
318,yolo_x_cpu,993
319,yolo_x_cpu,1066
320,yolo_x_cpu,1024
321,yolo_x_cpu,1091
322,yolo_x_cpu,1001
323,yolo_x_cpu,1037
324,yolo_x_cpu,1096
325,yolo_x_cpu,1039
326,yolo_x_cpu,1020
327,yolo_x_cpu,1014
328,yolo_x_cpu,1004
329,yolo_x_cpu,1023
330,yolo_x_cpu,960
331,yolo_x_cpu,945
332,yolo_x_cpu,990
333,yolo_x_cpu,1036
334,yolo_x_cpu,1030
335,yolo_x_cpu,1093
336,yolo_x_cpu,1075
337,yolo_x_cpu,1025
338,yolo_x_cpu,1033
339,yolo_x_cpu,1023
340,yolo_x_cpu,1092
341,yolo_x_cpu,1083
342,yolo_x_cpu,1067
343,yolo_x_cpu,972
344,yolo_x_cpu,969
345,yolo_x_cpu,1025
346,yolo_x_cpu,1084
347,yolo_x_cpu,1046
348,yolo_x_cpu,1077
349,yolo_x_cpu,1006
350,yolo_x_cpu,1078
351,yolo_x_cpu,1036
352,yolo_x_cpu,1104
353,yolo_x_cpu,1081
354,yolo_x_cpu,1094
355,yolo_x_cpu,1083
356,yolo_x_cpu,1059
357,yolo_x_cpu,1036
358,yolo_x_cpu,1116
359,yolo_x_cpu,1079
360,yolo_x_cpu,1119
361,yolo_x_cpu,1096
362,yolo_x_cpu,1094
363,yolo_x_cpu,1074
364,yolo_x_cpu,1054
365,yolo_x_cpu,1031
366,yolo_x_cpu,995
367,yolo_x_cpu,1008
368,yolo_x_cpu,1055
369,yolo_x_cpu,1058
370,yolo_x_cpu,1207
371,yolo_x_cpu,1143
372,yolo_x_cpu,1005
373,yolo_x_cpu,1103
374,yolo_x_cpu,1097
375,yolo_x_cpu,1131
376,yolo_x_cpu,1060
377,yolo_x_cpu,1026
378,yolo_x_cpu,1094
379,yolo_x_cpu,1086
380,yolo_x_cpu,1089
381,yolo_x_cpu,1077
382,yolo_x_cpu,1022
383,yolo_x_cpu,1047
384,yolo_x_cpu,1055
385,yolo_x_cpu,1069
386,yolo_x_cpu,1057
387,yolo_x_cpu,956
388,yolo_x_cpu,926
389,yolo_x_cpu,969
390,yolo_x_cpu,1031
391,yolo_x_cpu,1095
392,yolo_x_cpu,1052
393,yolo_x_cpu,1087
394,yolo_x_cpu,1016
395,yolo_x_cpu,1004
396,yolo_x_cpu,1031
397,yolo_x_cpu,1014
398,yolo_x_cpu,981
399,yolo_x_cpu,995
400,yolo_x_cpu,987
401,yolo_x_cpu,963
402,yolo_x_cpu,967
403,yolo_x_cpu,1036
404,yolo_x_cpu,1049
405,yolo_x_cpu,1103
406,yolo_x_cpu,1121
407,yolo_x_cpu,1106
408,yolo_x_cpu,1113
409,yolo_x_cpu,1112
410,yolo_x_cpu,1084
411,yolo_x_cpu,1085
412,yolo_x_cpu,1079
413,yolo_x_cpu,1075
414,yolo_x_cpu,1088
415,yolo_x_cpu,1051
416,yolo_x_cpu,1070
417,yolo_x_cpu,1032
418,yolo_x_cpu,1037
419,yolo_x_cpu,1048
420,yolo_x_cpu,1025
421,yolo_x_cpu,1099
422,yolo_x_cpu,1066
423,yolo_x_cpu,1033
424,yolo_x_cpu,1023
425,yolo_x_cpu,1044
426,yolo_x_cpu,1062
427,yolo_x_cpu,1037
428,yolo_x_cpu,1012
429,yolo_x_cpu,967
430,yolo_x_cpu,1038
431,yolo_x_cpu,1011
432,yolo_x_cpu,1003
433,yolo_x_cpu,1046
434,yolo_x_cpu,1063
435,yolo_x_cpu,1113
436,yolo_x_cpu,1090
437,yolo_x_cpu,1119
438,yolo_x_cpu,1085
439,yolo_x_cpu,1083
440,yolo_x_cpu,1103
441,yolo_x_cpu,1128
442,yolo_x_cpu,1051
443,yolo_x_cpu,1109
444,yolo_x_cpu,1129
445,yolo_x_cpu,1075
446,yolo_x_cpu,1111
447,yolo_x_cpu,1099
448,yolo_x_cpu,1100
449,yolo_x_cpu,1145
450,yolo_x_cpu,1102
451,yolo_x_cpu,1141
452,yolo_x_cpu,1062
453,yolo_x_cpu,1075
454,yolo_x_cpu,1112
455,yolo_x_cpu,1092
456,yolo_x_cpu,1070
457,yolo_x_cpu,1104
458,yolo_x_cpu,1123
459,yolo_x_cpu,1098
460,yolo_x_cpu,1133
461,yolo_x_cpu,1124
462,yolo_x_cpu,1083
463,yolo_x_cpu,1094
464,yolo_x_cpu,1075
465,yolo_x_cpu,1108
466,yolo_x_cpu,1085
467,yolo_x_cpu,1047
468,yolo_x_cpu,1065
469,yolo_x_cpu,998
470,yolo_x_cpu,976
471,yolo_x_cpu,980
472,yolo_x_cpu,983
473,yolo_x_cpu,1064
474,yolo_x_cpu,1079
475,yolo_x_cpu,1132
476,yolo_x_cpu,1082
477,yolo_x_cpu,1040
478,yolo_x_cpu,1056
479,yolo_x_cpu,1053
480,yolo_x_cpu,1073
481,yolo_x_cpu,1138
482,yolo_x_cpu,1092
483,yolo_x_cpu,1096
484,yolo_x_cpu,1050
485,yolo_x_cpu,1053
486,yolo_x_cpu,1063
487,yolo_x_cpu,1056
488,yolo_x_cpu,1100
489,yolo_x_cpu,1140
490,yolo_x_cpu,1173
491,yolo_x_cpu,1232
492,yolo_x_cpu,1226
493,yolo_x_cpu,1140
494,yolo_x_cpu,1116
495,yolo_x_cpu,1159
496,yolo_x_cpu,1133
497,yolo_x_cpu,1096
498,yolo_x_cpu,1102
499,yolo_x_cpu,1150
500,yolo_x_cpu,1111
501,yolo_x_cpu,1115
502,yolo_x_cpu,1115
503,yolo_x_cpu,1169
504,yolo_x_cpu,1164
505,yolo_x_cpu,1151
506,yolo_x_cpu,1182
507,yolo_x_cpu,1221
508,yolo_x_cpu,1225
509,yolo_x_cpu,1167
510,yolo_x_cpu,1124
511,yolo_x_cpu,1176
512,yolo_x_cpu,1203
513,yolo_x_cpu,1190
514,yolo_x_cpu,1122
515,yolo_x_cpu,1135
516,yolo_x_cpu,1101
517,yolo_x_cpu,1076
518,yolo_x_cpu,1131
519,yolo_x_cpu,1070
520,yolo_x_cpu,1083
521,yolo_x_cpu,1155
522,yolo_x_cpu,1157
523,yolo_x_cpu,1141
524,yolo_x_cpu,1109
525,yolo_x_cpu,1142
526,yolo_x_cpu,1170
527,yolo_x_cpu,1184
528,yolo_x_cpu,1132
529,yolo_x_cpu,1171
530,yolo_x_cpu,1115
531,yolo_x_cpu,1112
532,yolo_x_cpu,1165
533,yolo_x_cpu,1153
534,yolo_x_cpu,1154
535,yolo_x_cpu,1176
536,yolo_x_cpu,1099
537,yolo_x_cpu,1136
538,yolo_x_cpu,1117
539,yolo_x_cpu,1114
540,yolo_x_cpu,1052
541,yolo_x_cpu,1038
542,yolo_x_cpu,1047
543,yolo_x_cpu,1076
544,yolo_x_cpu,1078
545,yolo_x_cpu,1122
546,yolo_x_cpu,1116
547,yolo_x_cpu,1055
548,yolo_x_cpu,1048
549,yolo_x_cpu,1027
550,yolo_x_cpu,1061
551,yolo_x_cpu,1112
552,yolo_x_cpu,1060
553,yolo_x_cpu,1093
554,yolo_x_cpu,1074
555,yolo_x_cpu,1111
556,yolo_x_cpu,1062
557,yolo_x_cpu,1064
558,yolo_x_cpu,1086
559,yolo_x_cpu,1093
560,yolo_x_cpu,1081
561,yolo_x_cpu,1073
562,yolo_x_cpu,1113
563,yolo_x_cpu,1129
564,yolo_x_cpu,1070
565,yolo_x_cpu,1070
566,yolo_x_cpu,1081
567,yolo_x_cpu,1026
568,yolo_x_cpu,1073
569,yolo_x_cpu,1091
570,yolo_x_cpu,1090
571,yolo_x_cpu,1076
572,yolo_x_cpu,1114
573,yolo_x_cpu,1130
574,yolo_x_cpu,1114
575,yolo_x_cpu,1082
576,yolo_x_cpu,1095
577,yolo_x_cpu,1157
578,yolo_x_cpu,1191
579,yolo_x_cpu,1205
580,yolo_x_cpu,1224
581,yolo_x_cpu,1223
582,yolo_x_cpu,1297
583,yolo_x_cpu,1250
584,yolo_x_cpu,1218
585,yolo_x_cpu,1253
586,yolo_x_cpu,1216
587,yolo_x_cpu,1185
588,yolo_x_cpu,1120
589,yolo_x_cpu,1117
590,yolo_x_cpu,1159
591,yolo_x_cpu,1150
592,yolo_x_cpu,1164
593,yolo_x_cpu,1219
594,yolo_x_cpu,1247
595,yolo_x_cpu,1238
596,yolo_x_cpu,1210
597,yolo_x_cpu,1190
598,yolo_x_cpu,1158
599,yolo_x_cpu,1153
600,yolo_x_cpu,1184
601,yolo_x_cpu,1157
602,yolo_x_cpu,1170
603,yolo_x_cpu,1129
604,yolo_x_cpu,1144
605,yolo_x_cpu,1150
606,yolo_x_cpu,1138
607,yolo_x_cpu,1120
608,yolo_x_cpu,1106
609,yolo_x_cpu,1042
610,yolo_x_cpu,1038
611,yolo_x_cpu,1080
612,yolo_x_cpu,1120
613,yolo_x_cpu,1100
614,yolo_x_cpu,1050
615,yolo_x_cpu,1079
616,yolo_x_cpu,1107
617,yolo_x_cpu,1136
618,yolo_x_cpu,1113
619,yolo_x_cpu,1113
620,yolo_x_cpu,1050
621,yolo_x_cpu,1078
622,yolo_x_cpu,1071
623,yolo_x_cpu,1054
624,yolo_x_cpu,1048
625,yolo_x_cpu,1064
626,yolo_x_cpu,1051
627,yolo_x_cpu,974
628,yolo_x_cpu,1029
629,yolo_x_cpu,960
630,yolo_x_cpu,906
631,yolo_x_cpu,919
632,yolo_x_cpu,873
633,yolo_x_cpu,939
634,yolo_x_cpu,928
635,yolo_x_cpu,905
636,yolo_x_cpu,895
637,yolo_x_cpu,907
638,yolo_x_cpu,946
639,yolo_x_cpu,982
640,yolo_x_cpu,1034
641,yolo_x_cpu,1053
642,yolo_x_cpu,1052
643,yolo_x_cpu,1104
644,yolo_x_cpu,1006
645,yolo_x_cpu,974
646,yolo_x_cpu,969
647,yolo_x_cpu,966
648,yolo_x_cpu,977
649,yolo_x_cpu,947
650,yolo_x_cpu,983
651,yolo_x_cpu,990
652,yolo_x_cpu,951
653,yolo_x_cpu,921
654,yolo_x_cpu,853
655,yolo_x_cpu,890
656,yolo_x_cpu,931
657,yolo_x_cpu,907
658,yolo_x_cpu,874
659,yolo_x_cpu,866
660,yolo_x_cpu,879
661,yolo_x_cpu,926
662,yolo_x_cpu,996
663,yolo_x_cpu,1007
664,yolo_x_cpu,914
665,yolo_x_cpu,929
666,yolo_x_cpu,902
667,yolo_x_cpu,919
668,yolo_x_cpu,910
669,yolo_x_cpu,858
670,yolo_x_cpu,847
671,yolo_x_cpu,877
672,yolo_x_cpu,846
673,yolo_x_cpu,828
674,yolo_x_cpu,810
675,yolo_x_cpu,823
676,yolo_x_cpu,912
677,yolo_x_cpu,849
678,yolo_x_cpu,809
679,yolo_x_cpu,818
680,yolo_x_cpu,826
681,yolo_x_cpu,824
682,yolo_x_cpu,845
683,yolo_x_cpu,846
684,yolo_x_cpu,835
685,yolo_x_cpu,753
686,yolo_x_cpu,773
687,yolo_x_cpu,776
688,yolo_x_cpu,785
689,yolo_x_cpu,747
690,yolo_x_cpu,770
691,yolo_x_cpu,795
692,yolo_x_cpu,789
693,yolo_x_cpu,762
694,yolo_x_cpu,767
695,yolo_x_cpu,776
696,yolo_x_cpu,730
697,yolo_x_cpu,721
698,yolo_x_cpu,736
699,yolo_x_cpu,798
700,yolo_x_cpu,752
701,yolo_x_cpu,802
702,yolo_x_cpu,763
703,yolo_x_cpu,827
704,yolo_x_cpu,844
705,yolo_x_cpu,815
706,yolo_x_cpu,718
707,yolo_x_cpu,719
708,yolo_x_cpu,808
709,yolo_x_cpu,799
710,yolo_x_cpu,756
711,yolo_x_cpu,733
712,yolo_x_cpu,744
713,yolo_x_cpu,756
714,yolo_x_cpu,742
715,yolo_x_cpu,722
716,yolo_x_cpu,716
717,yolo_x_cpu,738
718,yolo_x_cpu,756
719,yolo_x_cpu,788
720,yolo_x_cpu,788
721,yolo_x_cpu,788
722,yolo_x_cpu,695
723,yolo_x_cpu,724
724,yolo_x_cpu,724
725,yolo_x_cpu,786
726,yolo_x_cpu,785
727,yolo_x_cpu,808
728,yolo_x_cpu,814
729,yolo_x_cpu,753
730,yolo_x_cpu,811
731,yolo_x_cpu,800
732,yolo_x_cpu,813
733,yolo_x_cpu,832
734,yolo_x_cpu,836
735,yolo_x_cpu,799
736,yolo_x_cpu,844
737,yolo_x_cpu,758
738,yolo_x_cpu,825
739,yolo_x_cpu,836
740,yolo_x_cpu,756
741,yolo_x_cpu,789
742,yolo_x_cpu,790
743,yolo_x_cpu,832
744,yolo_x_cpu,698
745,yolo_x_cpu,807
746,yolo_x_cpu,782
747,yolo_x_cpu,800
748,yolo_x_cpu,767
749,yolo_x_cpu,810
750,yolo_x_cpu,766
751,yolo_x_cpu,790
752,yolo_x_cpu,742
753,yolo_x_cpu,744
754,yolo_x_cpu,716
755,yolo_x_cpu,705
756,yolo_x_cpu,751
757,yolo_x_cpu,789
758,yolo_x_cpu,826
759,yolo_x_cpu,766
760,yolo_x_cpu,747
761,yolo_x_cpu,741
762,yolo_x_cpu,735
763,yolo_x_cpu,700
764,yolo_x_cpu,665
765,yolo_x_cpu,717
766,yolo_x_cpu,670
767,yolo_x_cpu,682
768,yolo_x_cpu,635
769,yolo_x_cpu,650
770,yolo_x_cpu,689
771,yolo_x_cpu,666
772,yolo_x_cpu,654
773,yolo_x_cpu,652
774,yolo_x_cpu,644
775,yolo_x_cpu,638
776,yolo_x_cpu,649
777,yolo_x_cpu,661
778,yolo_x_cpu,629
779,yolo_x_cpu,596
780,yolo_x_cpu,578
781,yolo_x_cpu,626
782,yolo_x_cpu,651
783,yolo_x_cpu,654
784,yolo_x_cpu,652
785,yolo_x_cpu,658
786,yolo_x_cpu,669
787,yolo_x_cpu,667
788,yolo_x_cpu,646
789,yolo_x_cpu,604
790,yolo_x_cpu,599
791,yolo_x_cpu,575
792,yolo_x_cpu,688
793,yolo_x_cpu,627
794,yolo_x_cpu,623
795,yolo_x_cpu,583
796,yolo_x_cpu,602
797,yolo_x_cpu,607
798,yolo_x_cpu,662
799,yolo_x_cpu,647
800,yolo_x_cpu,616
801,yolo_x_cpu,595
802,yolo_x_cpu,603
803,yolo_x_cpu,538
804,yolo_x_cpu,635
805,yolo_x_cpu,578
806,yolo_x_cpu,572
807,yolo_x_cpu,581
808,yolo_x_cpu,629
809,yolo_x_cpu,585
810,yolo_x_cpu,572
811,yolo_x_cpu,576
812,yolo_x_cpu,606
813,yolo_x_cpu,604
814,yolo_x_cpu,591
815,yolo_x_cpu,583
816,yolo_x_cpu,583
817,yolo_x_cpu,573
818,yolo_x_cpu,647
819,yolo_x_cpu,569
820,yolo_x_cpu,582
821,yolo_x_cpu,581
822,yolo_x_cpu,548
823,yolo_x_cpu,552
824,yolo_x_cpu,579
825,yolo_x_cpu,558
826,yolo_x_cpu,550
827,yolo_x_cpu,602
828,yolo_x_cpu,570
829,yolo_x_cpu,606
830,yolo_x_cpu,583
831,yolo_x_cpu,594
832,yolo_x_cpu,616
833,yolo_x_cpu,614
834,yolo_x_cpu,649
835,yolo_x_cpu,586
836,yolo_x_cpu,568
837,yolo_x_cpu,588
838,yolo_x_cpu,526
839,yolo_x_cpu,488
840,yolo_x_cpu,501
841,yolo_x_cpu,484
842,yolo_x_cpu,527
843,yolo_x_cpu,472
844,yolo_x_cpu,494
845,yolo_x_cpu,400
846,yolo_x_cpu,447
847,yolo_x_cpu,484
848,yolo_x_cpu,506
849,yolo_x_cpu,506
850,yolo_x_cpu,562
851,yolo_x_cpu,513
852,yolo_x_cpu,537
853,yolo_x_cpu,513
854,yolo_x_cpu,535
855,yolo_x_cpu,466
856,yolo_x_cpu,426
857,yolo_x_cpu,427
858,yolo_x_cpu,331
859,yolo_x_cpu,174
860,yolo_x_cpu,703
861,yolo_x_cpu,434
862,yolo_x_cpu,315
863,yolo_x_cpu,336
864,yolo_x_cpu,27
865,yolo_x_cpu,888
866,yolo_x_cpu,1
867,yolo_x_cpu,1603
868,yolo_x_cpu,524
869,yolo_x_cpu,455
870,yolo_x_cpu,400
871,yolo_x_cpu,435
872,yolo_x_cpu,409
873,yolo_x_cpu,430
874,yolo_x_cpu,429
875,yolo_x_cpu,475
876,yolo_x_cpu,437
877,yolo_x_cpu,438
878,yolo_x_cpu,426
879,yolo_x_cpu,449
880,yolo_x_cpu,461
881,yolo_x_cpu,367
882,yolo_x_cpu,358
883,yolo_x_cpu,350
884,yolo_x_cpu,403
885,yolo_x_cpu,379
886,yolo_x_cpu,399
887,yolo_x_cpu,379
888,yolo_x_cpu,369
889,yolo_x_cpu,349
890,yolo_x_cpu,345
891,yolo_x_cpu,309
892,yolo_x_cpu,371
893,yolo_x_cpu,378
894,yolo_x_cpu,389
895,yolo_x_cpu,401
896,yolo_x_cpu,376
897,yolo_x_cpu,346
898,yolo_x_cpu,328
899,yolo_x_cpu,313
900,yolo_x_cpu,322
901,yolo_x_cpu,299
902,yolo_x_cpu,344
903,yolo_x_cpu,361
904,yolo_x_cpu,348
905,yolo_x_cpu,344
906,yolo_x_cpu,306
907,yolo_x_cpu,277
908,yolo_x_cpu,250
909,yolo_x_cpu,306
910,yolo_x_cpu,335
911,yolo_x_cpu,321
912,yolo_x_cpu,331
913,yolo_x_cpu,318
914,yolo_x_cpu,284
915,yolo_x_cpu,288
916,yolo_x_cpu,301
917,yolo_x_cpu,280
918,yolo_x_cpu,228
919,yolo_x_cpu,229
920,yolo_x_cpu,245
921,yolo_x_cpu,257
922,yolo_x_cpu,251
923,yolo_x_cpu,252
924,yolo_x_cpu,262
925,yolo_x_cpu,256
926,yolo_x_cpu,251
927,yolo_x_cpu,251
928,yolo_x_cpu,271
929,yolo_x_cpu,254
930,yolo_x_cpu,217
931,yolo_x_cpu,219
932,yolo_x_cpu,204
933,yolo_x_cpu,193
934,yolo_x_cpu,180
935,yolo_x_cpu,187
936,yolo_x_cpu,188
937,yolo_x_cpu,192
938,yolo_x_cpu,180
939,yolo_x_cpu,200
940,yolo_x_cpu,195
941,yolo_x_cpu,185
942,yolo_x_cpu,202
943,yolo_x_cpu,227
944,yolo_x_cpu,197
945,yolo_x_cpu,184
946,yolo_x_cpu,207
947,yolo_x_cpu,196
948,yolo_x_cpu,172
949,yolo_x_cpu,161
950,yolo_x_cpu,175
951,yolo_x_cpu,175
952,yolo_x_cpu,182
953,yolo_x_cpu,202
954,yolo_x_cpu,192
955,yolo_x_cpu,201
956,yolo_x_cpu,197
957,yolo_x_cpu,214
958,yolo_x_cpu,195
959,yolo_x_cpu,214
960,yolo_x_cpu,203
961,yolo_x_cpu,202
962,yolo_x_cpu,192
963,yolo_x_cpu,169
964,yolo_x_cpu,171
965,yolo_x_cpu,220
966,yolo_x_cpu,180
967,yolo_x_cpu,158
968,yolo_x_cpu,189
969,yolo_x_cpu,203
970,yolo_x_cpu,178
971,yolo_x_cpu,209
972,yolo_x_cpu,210
973,yolo_x_cpu,222
974,yolo_x_cpu,225
975,yolo_x_cpu,208
976,yolo_x_cpu,212
977,yolo_x_cpu,173
978,yolo_x_cpu,154
979,yolo_x_cpu,162
980,yolo_x_cpu,147
981,yolo_x_cpu,176
982,yolo_x_cpu,157
983,yolo_x_cpu,150
984,yolo_x_cpu,176
985,yolo_x_cpu,161
986,yolo_x_cpu,166
987,yolo_x_cpu,154
988,yolo_x_cpu,175
989,yolo_x_cpu,169
990,yolo_x_cpu,162
991,yolo_x_cpu,170
992,yolo_x_cpu,159
993,yolo_x_cpu,149
994,yolo_x_cpu,136
995,yolo_x_cpu,171
996,yolo_x_cpu,164
997,yolo_x_cpu,151
998,yolo_x_cpu,173
999,yolo_x_cpu,189
1000,yolo_x_cpu,166
1001,yolo_x_cpu,155
1002,yolo_x_cpu,137
1003,yolo_x_cpu,131
1004,yolo_x_cpu,140
1005,yolo_x_cpu,124
1006,yolo_x_cpu,137
1007,yolo_x_cpu,135
1008,yolo_x_cpu,120
1009,yolo_x_cpu,127
1010,yolo_x_cpu,138
1011,yolo_x_cpu,135
1012,yolo_x_cpu,140
1013,yolo_x_cpu,149
1014,yolo_x_cpu,156
1015,yolo_x_cpu,155
1016,yolo_x_cpu,141
1017,yolo_x_cpu,124
1018,yolo_x_cpu,156
1019,yolo_x_cpu,162
1020,yolo_x_cpu,174
1021,yolo_x_cpu,133
1022,yolo_x_cpu,120
1023,yolo_x_cpu,136
1024,yolo_x_cpu,117
1025,yolo_x_cpu,109
1026,yolo_x_cpu,122
1027,yolo_x_cpu,134
1028,yolo_x_cpu,119
1029,yolo_x_cpu,128
1030,yolo_x_cpu,118
1031,yolo_x_cpu,117
1032,yolo_x_cpu,143
1033,yolo_x_cpu,164
1034,yolo_x_cpu,119
1035,yolo_x_cpu,144
1036,yolo_x_cpu,153
1037,yolo_x_cpu,139
1038,yolo_x_cpu,160
1039,yolo_x_cpu,148
1040,yolo_x_cpu,133
1041,yolo_x_cpu,152
1042,yolo_x_cpu,148
1043,yolo_x_cpu,137
1044,yolo_x_cpu,140
1045,yolo_x_cpu,131
1046,yolo_x_cpu,147
1047,yolo_x_cpu,140
1048,yolo_x_cpu,125
1049,yolo_x_cpu,123
1050,yolo_x_cpu,134
1051,yolo_x_cpu,127
1052,yolo_x_cpu,131
1053,yolo_x_cpu,136
1054,yolo_x_cpu,116
1055,yolo_x_cpu,121
1056,yolo_x_cpu,99
1057,yolo_x_cpu,122
1058,yolo_x_cpu,131
1059,yolo_x_cpu,106
1060,yolo_x_cpu,125
1061,yolo_x_cpu,125
1062,yolo_x_cpu,111
1063,yolo_x_cpu,114
1064,yolo_x_cpu,135
1065,yolo_x_cpu,125
1066,yolo_x_cpu,97
1067,yolo_x_cpu,116
1068,yolo_x_cpu,102
1069,yolo_x_cpu,108
1070,yolo_x_cpu,96
1071,yolo_x_cpu,99
1072,yolo_x_cpu,108
1073,yolo_x_cpu,104
1074,yolo_x_cpu,111
1075,yolo_x_cpu,110
1076,yolo_x_cpu,96
1077,yolo_x_cpu,79
1078,yolo_x_cpu,58
1079,yolo_x_cpu,53
1080,yolo_x_cpu,63
1081,yolo_x_cpu,60
1082,yolo_x_cpu,80
1083,yolo_x_cpu,67
1084,yolo_x_cpu,66
1085,yolo_x_cpu,71
1086,yolo_x_cpu,70
1087,yolo_x_cpu,58
1088,yolo_x_cpu,66
1089,yolo_x_cpu,60
1090,yolo_x_cpu,63
1091,yolo_x_cpu,67
1092,yolo_x_cpu,56
1093,yolo_x_cpu,49
1094,yolo_x_cpu,58
1095,yolo_x_cpu,64
1096,yolo_x_cpu,67
1097,yolo_x_cpu,64
1098,yolo_x_cpu,74
1099,yolo_x_cpu,65
1100,yolo_x_cpu,67
1101,yolo_x_cpu,64
1102,yolo_x_cpu,54
1103,yolo_x_cpu,57
1104,yolo_x_cpu,47
1105,yolo_x_cpu,58
1106,yolo_x_cpu,60
1107,yolo_x_cpu,51
1108,yolo_x_cpu,49
1109,yolo_x_cpu,42
1110,yolo_x_cpu,26
1111,yolo_x_cpu,40
1112,yolo_x_cpu,40
1113,yolo_x_cpu,41
1114,yolo_x_cpu,50
1115,yolo_x_cpu,51
1116,yolo_x_cpu,60
1117,yolo_x_cpu,53
1118,yolo_x_cpu,54
1119,yolo_x_cpu,60
1120,yolo_x_cpu,48
1121,yolo_x_cpu,44
1122,yolo_x_cpu,39
1123,yolo_x_cpu,41
1124,yolo_x_cpu,39
1125,yolo_x_cpu,46
1126,yolo_x_cpu,53
1127,yolo_x_cpu,48
1128,yolo_x_cpu,42
1129,yolo_x_cpu,55
1130,yolo_x_cpu,57
1131,yolo_x_cpu,73
1132,yolo_x_cpu,66
1133,yolo_x_cpu,37
1134,yolo_x_cpu,41
1135,yolo_x_cpu,47
1136,yolo_x_cpu,52
1137,yolo_x_cpu,44
1138,yolo_x_cpu,61
1139,yolo_x_cpu,54
1140,yolo_x_cpu,65
1141,yolo_x_cpu,3087
1142,yolo_x_cpu,3378
1143,yolo_x_cpu,2261
1144,yolo_x_cpu,964
1145,yolo_x_cpu,812
1146,yolo_x_cpu,688
1147,yolo_x_cpu,505
1148,yolo_x_cpu,323
1149,yolo_x_cpu,258
1150,yolo_x_cpu,273
1151,yolo_x_cpu,337
1152,yolo_x_cpu,337
1153,yolo_x_cpu,442
1154,yolo_x_cpu,549
1155,yolo_x_cpu,488
1156,yolo_x_cpu,554
1157,yolo_x_cpu,453
1158,yolo_x_cpu,381
1159,yolo_x_cpu,387
1160,yolo_x_cpu,367
1161,yolo_x_cpu,317
1162,yolo_x_cpu,278
1163,yolo_x_cpu,250
1164,yolo_x_cpu,294
1165,yolo_x_cpu,262
1166,yolo_x_cpu,222
1167,yolo_x_cpu,263
1168,yolo_x_cpu,206
1169,yolo_x_cpu,219
1170,yolo_x_cpu,218
1171,yolo_x_cpu,210
1172,yolo_x_cpu,202
1173,yolo_x_cpu,162
1174,yolo_x_cpu,171
1175,yolo_x_cpu,132
1176,yolo_x_cpu,109
1177,yolo_x_cpu,135
1178,yolo_x_cpu,83
1179,yolo_x_cpu,95
1180,yolo_x_cpu,90
1181,yolo_x_cpu,89
1182,yolo_x_cpu,80
1183,yolo_x_cpu,91
1184,yolo_x_cpu,117
1185,yolo_x_cpu,163
1186,yolo_x_cpu,232
1187,yolo_x_cpu,173
1188,yolo_x_cpu,262
1189,yolo_x_cpu,266
1190,yolo_x_cpu,276
1191,yolo_x_cpu,281
1192,yolo_x_cpu,212
1193,yolo_x_cpu,156
1194,yolo_x_cpu,134
1195,yolo_x_cpu,95
1196,yolo_x_cpu,102
1197,yolo_x_cpu,123
1198,yolo_x_cpu,83
1199,yolo_x_cpu,86
1200,yolo_x_cpu,133
1201,yolo_x_cpu,93
1202,yolo_x_cpu,85
1203,yolo_x_cpu,153
1204,yolo_x_cpu,113
1205,yolo_x_cpu,90
1206,yolo_x_cpu,140
1207,yolo_x_cpu,161
1208,yolo_x_cpu,125
1209,yolo_x_cpu,104
1210,yolo_x_cpu,57
1211,yolo_x_cpu,87
1212,yolo_x_cpu,83
1213,yolo_x_cpu,116
1214,yolo_x_cpu,61
1215,yolo_x_cpu,40
1216,yolo_x_cpu,56
1217,yolo_x_cpu,63
1218,yolo_x_cpu,113
1219,yolo_x_cpu,99
1220,yolo_x_cpu,86
1221,yolo_x_cpu,123
1222,yolo_x_cpu,122
1223,yolo_x_cpu,166
1224,yolo_x_cpu,171
1225,yolo_x_cpu,251
1226,yolo_x_cpu,235
1227,yolo_x_cpu,119
1228,yolo_x_cpu,96
1229,yolo_x_cpu,70
1230,yolo_x_cpu,49
1231,yolo_x_cpu,42
1232,yolo_x_cpu,39
1233,yolo_x_cpu,39
1234,yolo_x_cpu,71
1235,yolo_x_cpu,88
1236,yolo_x_cpu,66
1237,yolo_x_cpu,59
1238,yolo_x_cpu,65
1239,yolo_x_cpu,80
1240,yolo_x_cpu,81
1241,yolo_x_cpu,74
1242,yolo_x_cpu,72
1243,yolo_x_cpu,75
1244,yolo_x_cpu,78
1245,yolo_x_cpu,53
1246,yolo_x_cpu,59
1247,yolo_x_cpu,50
1248,yolo_x_cpu,34
1249,yolo_x_cpu,47
1250,yolo_x_cpu,56
1251,yolo_x_cpu,54
1252,yolo_x_cpu,55
1253,yolo_x_cpu,82
1254,yolo_x_cpu,114
1255,yolo_x_cpu,105
1256,yolo_x_cpu,103
1257,yolo_x_cpu,74
1258,yolo_x_cpu,110
1259,yolo_x_cpu,124
1260,yolo_x_cpu,102
1261,yolo_x_cpu,75
1262,yolo_x_cpu,61
1263,yolo_x_cpu,51
1264,yolo_x_cpu,49
1265,yolo_x_cpu,26
1266,yolo_x_cpu,32
1267,yolo_x_cpu,21
1268,yolo_x_cpu,31
1269,yolo_x_cpu,40
1270,yolo_x_cpu,30
1271,yolo_x_cpu,37
1272,yolo_x_cpu,53
1273,yolo_x_cpu,31
1274,yolo_x_cpu,37
1275,yolo_x_cpu,29
1276,yolo_x_cpu,40
1277,yolo_x_cpu,31
1278,yolo_x_cpu,30
1279,yolo_x_cpu,30
1280,yolo_x_cpu,36
1281,yolo_x_cpu,37
1282,yolo_x_cpu,50
1283,yolo_x_cpu,36
1284,yolo_x_cpu,34
1285,yolo_x_cpu,23
1286,yolo_x_cpu,31
1287,yolo_x_cpu,21
1288,yolo_x_cpu,20
1289,yolo_x_cpu,34
1290,yolo_x_cpu,26
1291,yolo_x_cpu,28
1292,yolo_x_cpu,25
1293,yolo_x_cpu,35
1294,yolo_x_cpu,30
1295,yolo_x_cpu,25
1296,yolo_x_cpu,36
1297,yolo_x_cpu,46
1298,yolo_x_cpu,44
1299,yolo_x_cpu,35
1300,yolo_x_cpu,43
1301,yolo_x_cpu,42
1302,yolo_x_cpu,35
1303,yolo_x_cpu,35
1304,yolo_x_cpu,54
1305,yolo_x_cpu,53
1306,yolo_x_cpu,56
1307,yolo_x_cpu,43
1308,yolo_x_cpu,51
1309,yolo_x_cpu,41
1310,yolo_x_cpu,43
1311,yolo_x_cpu,37
1312,yolo_x_cpu,26
1313,yolo_x_cpu,24
1314,yolo_x_cpu,36
1315,yolo_x_cpu,35
1316,yolo_x_cpu,32
1317,yolo_x_cpu,37
1318,yolo_x_cpu,47
1319,yolo_x_cpu,48
1320,yolo_x_cpu,32
1321,yolo_x_cpu,26
1322,yolo_x_cpu,47
1323,yolo_x_cpu,28
1324,yolo_x_cpu,43
1325,yolo_x_cpu,55
1326,yolo_x_cpu,44
1327,yolo_x_cpu,31
1328,yolo_x_cpu,51
1329,yolo_x_cpu,60
1330,yolo_x_cpu,79
1331,yolo_x_cpu,54
1332,yolo_x_cpu,59
1333,yolo_x_cpu,56
1334,yolo_x_cpu,66
1335,yolo_x_cpu,79
1336,yolo_x_cpu,68
1337,yolo_x_cpu,70
1338,yolo_x_cpu,57
1339,yolo_x_cpu,55
1340,yolo_x_cpu,57
1341,yolo_x_cpu,83
1342,yolo_x_cpu,71
1343,yolo_x_cpu,70
1344,yolo_x_cpu,72
1345,yolo_x_cpu,65
1346,yolo_x_cpu,76
1347,yolo_x_cpu,82
1348,yolo_x_cpu,77
1349,yolo_x_cpu,81
1350,yolo_x_cpu,90
1351,yolo_x_cpu,75
1352,yolo_x_cpu,70
1353,yolo_x_cpu,94
1354,yolo_x_cpu,86
1355,yolo_x_cpu,81
1356,yolo_x_cpu,92
1357,yolo_x_cpu,100
1358,yolo_x_cpu,110
1359,yolo_x_cpu,111
1360,yolo_x_cpu,113
1361,yolo_x_cpu,112
1362,yolo_x_cpu,110
1363,yolo_x_cpu,113
1364,yolo_x_cpu,115
1365,yolo_x_cpu,122
1366,yolo_x_cpu,118
1367,yolo_x_cpu,102
1368,yolo_x_cpu,95
1369,yolo_x_cpu,76
1370,yolo_x_cpu,92
1371,yolo_x_cpu,85
1372,yolo_x_cpu,96
1373,yolo_x_cpu,94
1374,yolo_x_cpu,100
1375,yolo_x_cpu,100
1376,yolo_x_cpu,116
1377,yolo_x_cpu,123
1378,yolo_x_cpu,144
1379,yolo_x_cpu,143
1380,yolo_x_cpu,125
1381,yolo_x_cpu,141
1382,yolo_x_cpu,135
1383,yolo_x_cpu,133
1384,yolo_x_cpu,131
1385,yolo_x_cpu,114
1386,yolo_x_cpu,138
1387,yolo_x_cpu,142
1388,yolo_x_cpu,133
1389,yolo_x_cpu,144
1390,yolo_x_cpu,112
1391,yolo_x_cpu,153
1392,yolo_x_cpu,179
1393,yolo_x_cpu,173
1394,yolo_x_cpu,173
1395,yolo_x_cpu,175
1396,yolo_x_cpu,177
1397,yolo_x_cpu,196
1398,yolo_x_cpu,171
1399,yolo_x_cpu,171
1400,yolo_x_cpu,194
1401,yolo_x_cpu,193
1402,yolo_x_cpu,220
1403,yolo_x_cpu,215
1404,yolo_x_cpu,200
1405,yolo_x_cpu,219
1406,yolo_x_cpu,205
1407,yolo_x_cpu,231
1408,yolo_x_cpu,208
1409,yolo_x_cpu,215
1410,yolo_x_cpu,180
1411,yolo_x_cpu,173
1412,yolo_x_cpu,181
1413,yolo_x_cpu,203
1414,yolo_x_cpu,197
1415,yolo_x_cpu,220
1416,yolo_x_cpu,244
1417,yolo_x_cpu,227
1418,yolo_x_cpu,241
1419,yolo_x_cpu,252
1420,yolo_x_cpu,212
1421,yolo_x_cpu,235
1422,yolo_x_cpu,223
1423,yolo_x_cpu,259
1424,yolo_x_cpu,260
1425,yolo_x_cpu,264
1426,yolo_x_cpu,261
1427,yolo_x_cpu,231
1428,yolo_x_cpu,250
1429,yolo_x_cpu,267
1430,yolo_x_cpu,276
1431,yolo_x_cpu,276
1432,yolo_x_cpu,262
1433,yolo_x_cpu,288
1434,yolo_x_cpu,254
1435,yolo_x_cpu,245
1436,yolo_x_cpu,263
1437,yolo_x_cpu,286
1438,yolo_x_cpu,284
1439,yolo_x_cpu,282
1440,yolo_x_cpu,254
1441,yolo_x_cpu,257
1442,yolo_x_cpu,307
1443,yolo_x_cpu,330
1444,yolo_x_cpu,298
1445,yolo_x_cpu,338
1446,yolo_x_cpu,310
1447,yolo_x_cpu,343
1448,yolo_x_cpu,327
1449,yolo_x_cpu,318
1450,yolo_x_cpu,339
1451,yolo_x_cpu,305
1452,yolo_x_cpu,334
1453,yolo_x_cpu,359
1454,yolo_x_cpu,383
1455,yolo_x_cpu,378
1456,yolo_x_cpu,409
1457,yolo_x_cpu,378
1458,yolo_x_cpu,374
1459,yolo_x_cpu,391
1460,yolo_x_cpu,439
1461,yolo_x_cpu,421
1462,yolo_x_cpu,389
1463,yolo_x_cpu,404
1464,yolo_x_cpu,435
1465,yolo_x_cpu,443
1466,yolo_x_cpu,471
1467,yolo_x_cpu,498
1468,yolo_x_cpu,513
1469,yolo_x_cpu,568
1470,yolo_x_cpu,513
1471,yolo_x_cpu,642
1472,yolo_x_cpu,539
1473,yolo_x_cpu,588
1474,yolo_x_cpu,576
1475,yolo_x_cpu,566
1476,yolo_x_cpu,623
1477,yolo_x_cpu,576
1478,yolo_x_cpu,574
1479,yolo_x_cpu,602
1480,yolo_x_cpu,571
1481,yolo_x_cpu,621
1482,yolo_x_cpu,591
1483,yolo_x_cpu,660
1484,yolo_x_cpu,627
1485,yolo_x_cpu,591
1486,yolo_x_cpu,605
1487,yolo_x_cpu,639
1488,yolo_x_cpu,628
1489,yolo_x_cpu,702
1490,yolo_x_cpu,716
1491,yolo_x_cpu,698
1492,yolo_x_cpu,715
1493,yolo_x_cpu,733
1494,yolo_x_cpu,744
1495,yolo_x_cpu,743
1496,yolo_x_cpu,771
1497,yolo_x_cpu,777
1498,yolo_x_cpu,773
1499,yolo_x_cpu,768
1500,yolo_x_cpu,805
1501,yolo_x_cpu,822
1502,yolo_x_cpu,833
1503,yolo_x_cpu,858
1504,yolo_x_cpu,873
1505,yolo_x_cpu,887
1506,yolo_x_cpu,859
1507,yolo_x_cpu,915
1508,yolo_x_cpu,934
1509,yolo_x_cpu,864
1510,yolo_x_cpu,916
1511,yolo_x_cpu,916
1512,yolo_x_cpu,872
1513,yolo_x_cpu,930
1514,yolo_x_cpu,958
1515,yolo_x_cpu,922
1516,yolo_x_cpu,948
1517,yolo_x_cpu,867
1518,yolo_x_cpu,832
1519,yolo_x_cpu,920
1520,yolo_x_cpu,896
1521,yolo_x_cpu,946
1522,yolo_x_cpu,937
1523,yolo_x_cpu,864
1524,yolo_x_cpu,933
1525,yolo_x_cpu,975
1526,yolo_x_cpu,913
1527,yolo_x_cpu,893
1528,yolo_x_cpu,957
1529,yolo_x_cpu,906
1530,yolo_x_cpu,957
1531,yolo_x_cpu,929
1532,yolo_x_cpu,925
1533,yolo_x_cpu,897
1534,yolo_x_cpu,891
1535,yolo_x_cpu,855
1536,yolo_x_cpu,873
1537,yolo_x_cpu,882
1538,yolo_x_cpu,869
1539,yolo_x_cpu,868
1540,yolo_x_cpu,936
1541,yolo_x_cpu,966
1542,yolo_x_cpu,932
1543,yolo_x_cpu,1021
1544,yolo_x_cpu,992
1545,yolo_x_cpu,1054
1546,yolo_x_cpu,1004
1547,yolo_x_cpu,996
1548,yolo_x_cpu,1043
1549,yolo_x_cpu,1055
1550,yolo_x_cpu,1089
1551,yolo_x_cpu,1091
1552,yolo_x_cpu,1110
1553,yolo_x_cpu,1139
1554,yolo_x_cpu,1099
1555,yolo_x_cpu,1158
1556,yolo_x_cpu,1140
1557,yolo_x_cpu,1140
1558,yolo_x_cpu,1161
1559,yolo_x_cpu,1193
1560,yolo_x_cpu,1147
1561,yolo_x_cpu,1204
1562,yolo_x_cpu,1191
1563,yolo_x_cpu,1112
1564,yolo_x_cpu,1040
1565,yolo_x_cpu,1133
1566,yolo_x_cpu,1171
1567,yolo_x_cpu,1111
1568,yolo_x_cpu,1095
1569,yolo_x_cpu,1126
1570,yolo_x_cpu,1123
1571,yolo_x_cpu,1117
1572,yolo_x_cpu,1116
1573,yolo_x_cpu,1122
1574,yolo_x_cpu,1116
1575,yolo_x_cpu,1117
1576,yolo_x_cpu,1100
1577,yolo_x_cpu,1045
1578,yolo_x_cpu,1133
1579,yolo_x_cpu,1091
1580,yolo_x_cpu,1112
1581,yolo_x_cpu,1084
1582,yolo_x_cpu,1039
1583,yolo_x_cpu,1101
1584,yolo_x_cpu,1062
1585,yolo_x_cpu,1068
1586,yolo_x_cpu,1070
1587,yolo_x_cpu,1068
1588,yolo_x_cpu,1081
1589,yolo_x_cpu,1043
1590,yolo_x_cpu,1101
1591,yolo_x_cpu,971
1592,yolo_x_cpu,933
1593,yolo_x_cpu,1111
1594,yolo_x_cpu,1077
1595,yolo_x_cpu,1056
1596,yolo_x_cpu,960
1597,yolo_x_cpu,1090
1598,yolo_x_cpu,997
1599,yolo_x_cpu,971
1600,yolo_x_cpu,1006
1601,yolo_x_cpu,933
1602,yolo_x_cpu,1015
1603,yolo_x_cpu,1085
1604,yolo_x_cpu,1065
1605,yolo_x_cpu,998
1606,yolo_x_cpu,1022
1607,yolo_x_cpu,1086
1608,yolo_x_cpu,1000
1609,yolo_x_cpu,999
1610,yolo_x_cpu,995
1611,yolo_x_cpu,1002
1612,yolo_x_cpu,1018
1613,yolo_x_cpu,1029
1614,yolo_x_cpu,1060
1615,yolo_x_cpu,1017
1616,yolo_x_cpu,937
1617,yolo_x_cpu,994
1618,yolo_x_cpu,973
1619,yolo_x_cpu,983
1620,yolo_x_cpu,950
1621,yolo_x_cpu,1000
1622,yolo_x_cpu,960
1623,yolo_x_cpu,1023
1624,yolo_x_cpu,1045
1625,yolo_x_cpu,990
1626,yolo_x_cpu,977
1627,yolo_x_cpu,944
1628,yolo_x_cpu,962
1629,yolo_x_cpu,924
1630,yolo_x_cpu,934
1631,yolo_x_cpu,960
1632,yolo_x_cpu,1004
1633,yolo_x_cpu,994
1634,yolo_x_cpu,962
1635,yolo_x_cpu,964
1636,yolo_x_cpu,933
1637,yolo_x_cpu,914
1638,yolo_x_cpu,961
1639,yolo_x_cpu,955
1640,yolo_x_cpu,948
1641,yolo_x_cpu,1027
1642,yolo_x_cpu,985
1643,yolo_x_cpu,995
1644,yolo_x_cpu,1023
1645,yolo_x_cpu,1040
1646,yolo_x_cpu,1045
1647,yolo_x_cpu,1036
1648,yolo_x_cpu,1071
1649,yolo_x_cpu,1105
1650,yolo_x_cpu,1085
1651,yolo_x_cpu,1064
1652,yolo_x_cpu,1047
1653,yolo_x_cpu,1008
1654,yolo_x_cpu,986
1655,yolo_x_cpu,1001
1656,yolo_x_cpu,942
1657,yolo_x_cpu,929
1658,yolo_x_cpu,938
1659,yolo_x_cpu,955
1660,yolo_x_cpu,967
1661,yolo_x_cpu,916
1662,yolo_x_cpu,919
1663,yolo_x_cpu,978
1664,yolo_x_cpu,986
1665,yolo_x_cpu,922
1666,yolo_x_cpu,896
1667,yolo_x_cpu,886
1668,yolo_x_cpu,828
1669,yolo_x_cpu,883
1670,yolo_x_cpu,826
1671,yolo_x_cpu,912
1672,yolo_x_cpu,881
1673,yolo_x_cpu,933
1674,yolo_x_cpu,939
1675,yolo_x_cpu,926
1676,yolo_x_cpu,903
1677,yolo_x_cpu,922
1678,yolo_x_cpu,882
1679,yolo_x_cpu,884
1680,yolo_x_cpu,923
1681,yolo_x_cpu,909
1682,yolo_x_cpu,842
1683,yolo_x_cpu,867
1684,yolo_x_cpu,830
1685,yolo_x_cpu,842
1686,yolo_x_cpu,864
1687,yolo_x_cpu,862
1688,yolo_x_cpu,841
1689,yolo_x_cpu,857
1690,yolo_x_cpu,833
1691,yolo_x_cpu,910
1692,yolo_x_cpu,885
1693,yolo_x_cpu,869
1694,yolo_x_cpu,892
1695,yolo_x_cpu,862
1696,yolo_x_cpu,845
1697,yolo_x_cpu,905
1698,yolo_x_cpu,935
1699,yolo_x_cpu,897
1700,yolo_x_cpu,943
1701,yolo_x_cpu,932
1702,yolo_x_cpu,928
1703,yolo_x_cpu,961
1704,yolo_x_cpu,897
1705,yolo_x_cpu,913
1706,yolo_x_cpu,925
1707,yolo_x_cpu,932
1708,yolo_x_cpu,974
1709,yolo_x_cpu,992
1710,yolo_x_cpu,943
1711,yolo_x_cpu,970
1712,yolo_x_cpu,982
1713,yolo_x_cpu,1015
1714,yolo_x_cpu,984
1715,yolo_x_cpu,989
1716,yolo_x_cpu,1002
1717,yolo_x_cpu,926
1718,yolo_x_cpu,890
1719,yolo_x_cpu,799
1720,yolo_x_cpu,883
1721,yolo_x_cpu,844
1722,yolo_x_cpu,837
1723,yolo_x_cpu,848
1724,yolo_x_cpu,845
1725,yolo_x_cpu,845
1726,yolo_x_cpu,831
1727,yolo_x_cpu,863
1728,yolo_x_cpu,920
1729,yolo_x_cpu,904
1730,yolo_x_cpu,851
1731,yolo_x_cpu,925
1732,yolo_x_cpu,861
1733,yolo_x_cpu,846
1734,yolo_x_cpu,792
1735,yolo_x_cpu,856
1736,yolo_x_cpu,858
1737,yolo_x_cpu,881
1738,yolo_x_cpu,863
1739,yolo_x_cpu,854
1740,yolo_x_cpu,897
1741,yolo_x_cpu,900
1742,yolo_x_cpu,866
1743,yolo_x_cpu,905
1744,yolo_x_cpu,961
1745,yolo_x_cpu,994
1746,yolo_x_cpu,997
1747,yolo_x_cpu,1001
1748,yolo_x_cpu,961
1749,yolo_x_cpu,966
1750,yolo_x_cpu,968
1751,yolo_x_cpu,1000
1752,yolo_x_cpu,1018
1753,yolo_x_cpu,948
1754,yolo_x_cpu,1003
1755,yolo_x_cpu,939
1756,yolo_x_cpu,918
1757,yolo_x_cpu,891
1758,yolo_x_cpu,923
1759,yolo_x_cpu,976
1760,yolo_x_cpu,966
1761,yolo_x_cpu,909
1762,yolo_x_cpu,897
1763,yolo_x_cpu,923
1764,yolo_x_cpu,914
1765,yolo_x_cpu,952
1766,yolo_x_cpu,947
1767,yolo_x_cpu,966
1768,yolo_x_cpu,989
1769,yolo_x_cpu,970
1770,yolo_x_cpu,995
1771,yolo_x_cpu,1026
1772,yolo_x_cpu,994
1773,yolo_x_cpu,981
1774,yolo_x_cpu,982
1775,yolo_x_cpu,1062
1776,yolo_x_cpu,978
1777,yolo_x_cpu,933
1778,yolo_x_cpu,996
1779,yolo_x_cpu,1028
1780,yolo_x_cpu,1009
1781,yolo_x_cpu,1004
1782,yolo_x_cpu,1108
1783,yolo_x_cpu,1107
1784,yolo_x_cpu,1097
1785,yolo_x_cpu,1164
1786,yolo_x_cpu,1136
1787,yolo_x_cpu,1121
1788,yolo_x_cpu,1057
1789,yolo_x_cpu,1028
1790,yolo_x_cpu,1038
1791,yolo_x_cpu,1029
1792,yolo_x_cpu,1077
1793,yolo_x_cpu,1022
1794,yolo_x_cpu,1034
1795,yolo_x_cpu,1008
1796,yolo_x_cpu,1047
1797,yolo_x_cpu,1074
1798,yolo_x_cpu,1059
1799,yolo_x_cpu,1083
1800,yolo_x_cpu,1125
1801,yolo_x_cpu,1072
1802,yolo_x_cpu,1006
1803,yolo_x_cpu,1051
1804,yolo_x_cpu,1019
1805,yolo_x_cpu,1000
1806,yolo_x_cpu,991
1807,yolo_x_cpu,1012
1808,yolo_x_cpu,1033
1809,yolo_x_cpu,1068
1810,yolo_x_cpu,982
1811,yolo_x_cpu,998
1812,yolo_x_cpu,951
1813,yolo_x_cpu,935
1814,yolo_x_cpu,931
1815,yolo_x_cpu,1003
1816,yolo_x_cpu,939
1817,yolo_x_cpu,955
1818,yolo_x_cpu,981
1819,yolo_x_cpu,1016
1820,yolo_x_cpu,997
1821,yolo_x_cpu,945
1822,yolo_x_cpu,924
1823,yolo_x_cpu,959
1824,yolo_x_cpu,978
1825,yolo_x_cpu,961
1826,yolo_x_cpu,1033
1827,yolo_x_cpu,1111
1828,yolo_x_cpu,1138
1829,yolo_x_cpu,1077
1830,yolo_x_cpu,1103
1831,yolo_x_cpu,1021
1832,yolo_x_cpu,1076
1833,yolo_x_cpu,1094
1834,yolo_x_cpu,1128
1835,yolo_x_cpu,1087
1836,yolo_x_cpu,1071
1837,yolo_x_cpu,1094
1838,yolo_x_cpu,1091
1839,yolo_x_cpu,1123
1840,yolo_x_cpu,1076
1841,yolo_x_cpu,1059
1842,yolo_x_cpu,1045
1843,yolo_x_cpu,1083
1844,yolo_x_cpu,1049
1845,yolo_x_cpu,1045
1846,yolo_x_cpu,1060
1847,yolo_x_cpu,1008
1848,yolo_x_cpu,975
1849,yolo_x_cpu,1012
1850,yolo_x_cpu,1012
1851,yolo_x_cpu,996
1852,yolo_x_cpu,990
1853,yolo_x_cpu,1032
1854,yolo_x_cpu,1036
1855,yolo_x_cpu,1039
1856,yolo_x_cpu,1078
1857,yolo_x_cpu,1083
1858,yolo_x_cpu,1013
1859,yolo_x_cpu,987
1860,yolo_x_cpu,1037
1861,yolo_x_cpu,1035
1862,yolo_x_cpu,1029
1863,yolo_x_cpu,1143
1864,yolo_x_cpu,1089
1865,yolo_x_cpu,1027
1866,yolo_x_cpu,1063
1867,yolo_x_cpu,1000
1868,yolo_x_cpu,1012
1869,yolo_x_cpu,1106
1870,yolo_x_cpu,1117
1871,yolo_x_cpu,1105
1872,yolo_x_cpu,1066
1873,yolo_x_cpu,1094
1874,yolo_x_cpu,1099
1875,yolo_x_cpu,1118
1876,yolo_x_cpu,1121
1877,yolo_x_cpu,1107
1878,yolo_x_cpu,1144
1879,yolo_x_cpu,1135
1880,yolo_x_cpu,1038
1881,yolo_x_cpu,1064
1882,yolo_x_cpu,1086
1883,yolo_x_cpu,1101
1884,yolo_x_cpu,1149
1885,yolo_x_cpu,1102
1886,yolo_x_cpu,1016
1887,yolo_x_cpu,1020
1888,yolo_x_cpu,1014
1889,yolo_x_cpu,1080
1890,yolo_x_cpu,1071
1891,yolo_x_cpu,1063
1892,yolo_x_cpu,1025
1893,yolo_x_cpu,988
1894,yolo_x_cpu,999
1895,yolo_x_cpu,1052
1896,yolo_x_cpu,1055
1897,yolo_x_cpu,1097
1898,yolo_x_cpu,1058
1899,yolo_x_cpu,1083
1900,yolo_x_cpu,1064
1901,yolo_x_cpu,1026
1902,yolo_x_cpu,1017
1903,yolo_x_cpu,1050
1904,yolo_x_cpu,981
1905,yolo_x_cpu,978
1906,yolo_x_cpu,992
1907,yolo_x_cpu,951
1908,yolo_x_cpu,990
1909,yolo_x_cpu,1073
1910,yolo_x_cpu,1029
1911,yolo_x_cpu,994
1912,yolo_x_cpu,1030
1913,yolo_x_cpu,1043
1914,yolo_x_cpu,1073
1915,yolo_x_cpu,1033
1916,yolo_x_cpu,1047
1917,yolo_x_cpu,1104
1918,yolo_x_cpu,1070
1919,yolo_x_cpu,1036
1920,yolo_x_cpu,1057
1921,yolo_x_cpu,1077
1922,yolo_x_cpu,1112
1923,yolo_x_cpu,1100
1924,yolo_x_cpu,1073
1925,yolo_x_cpu,1136
1926,yolo_x_cpu,1147
1927,yolo_x_cpu,1171
1928,yolo_x_cpu,1149
1929,yolo_x_cpu,1122
1930,yolo_x_cpu,1135
1931,yolo_x_cpu,1142
1932,yolo_x_cpu,1146
1933,yolo_x_cpu,1124
1934,yolo_x_cpu,1060
1935,yolo_x_cpu,1106
1936,yolo_x_cpu,1074
1937,yolo_x_cpu,1103
1938,yolo_x_cpu,1002
1939,yolo_x_cpu,1043
1940,yolo_x_cpu,1019
1941,yolo_x_cpu,1005
1942,yolo_x_cpu,1039
1943,yolo_x_cpu,1022
1944,yolo_x_cpu,957
1945,yolo_x_cpu,993
1946,yolo_x_cpu,1029
1947,yolo_x_cpu,981
1948,yolo_x_cpu,975
1949,yolo_x_cpu,987
1950,yolo_x_cpu,1000
1951,yolo_x_cpu,996
1952,yolo_x_cpu,991
1953,yolo_x_cpu,974
1954,yolo_x_cpu,930
1955,yolo_x_cpu,941
1956,yolo_x_cpu,990
1957,yolo_x_cpu,1007
1958,yolo_x_cpu,955
1959,yolo_x_cpu,998
1960,yolo_x_cpu,1029
1961,yolo_x_cpu,986
1962,yolo_x_cpu,1002
1963,yolo_x_cpu,991
1964,yolo_x_cpu,1051
1965,yolo_x_cpu,1036
1966,yolo_x_cpu,988
1967,yolo_x_cpu,1010
1968,yolo_x_cpu,1026
1969,yolo_x_cpu,993
1970,yolo_x_cpu,1027
1971,yolo_x_cpu,1073
1972,yolo_x_cpu,1135
1973,yolo_x_cpu,1082
1974,yolo_x_cpu,1036
1975,yolo_x_cpu,1102
1976,yolo_x_cpu,1033
1977,yolo_x_cpu,981
1978,yolo_x_cpu,1060
1979,yolo_x_cpu,1089
1980,yolo_x_cpu,1086
1981,yolo_x_cpu,1111
1982,yolo_x_cpu,1054
1983,yolo_x_cpu,1021
1984,yolo_x_cpu,1039
1985,yolo_x_cpu,1067
1986,yolo_x_cpu,1026
1987,yolo_x_cpu,1061
1988,yolo_x_cpu,1042
1989,yolo_x_cpu,1105
1990,yolo_x_cpu,1097
1991,yolo_x_cpu,1095
1992,yolo_x_cpu,1079
1993,yolo_x_cpu,1054
1994,yolo_x_cpu,1070
1995,yolo_x_cpu,1034
1996,yolo_x_cpu,1080
1997,yolo_x_cpu,1059
1998,yolo_x_cpu,1092
1999,yolo_x_cpu,1103
2000,yolo_x_cpu,1031
2001,yolo_x_cpu,1043
2002,yolo_x_cpu,1000
2003,yolo_x_cpu,974
2004,yolo_x_cpu,967
2005,yolo_x_cpu,1004
2006,yolo_x_cpu,954
2007,yolo_x_cpu,993
2008,yolo_x_cpu,984
2009,yolo_x_cpu,996
2010,yolo_x_cpu,1033
2011,yolo_x_cpu,1069
2012,yolo_x_cpu,1047
2013,yolo_x_cpu,1025
2014,yolo_x_cpu,1025
2015,yolo_x_cpu,1017
2016,yolo_x_cpu,1033
2017,yolo_x_cpu,1038
2018,yolo_x_cpu,1000
2019,yolo_x_cpu,1009
2020,yolo_x_cpu,952
2021,yolo_x_cpu,950
2022,yolo_x_cpu,970
2023,yolo_x_cpu,1002
2024,yolo_x_cpu,1031
2025,yolo_x_cpu,987
2026,yolo_x_cpu,921
2027,yolo_x_cpu,931
2028,yolo_x_cpu,931
2029,yolo_x_cpu,977
2030,yolo_x_cpu,1016
2031,yolo_x_cpu,1032
2032,yolo_x_cpu,984
2033,yolo_x_cpu,995
2034,yolo_x_cpu,995
2035,yolo_x_cpu,943
2036,yolo_x_cpu,980
2037,yolo_x_cpu,922
2038,yolo_x_cpu,947
2039,yolo_x_cpu,921
2040,yolo_x_cpu,964
2041,yolo_x_cpu,912
2042,yolo_x_cpu,888
2043,yolo_x_cpu,884
2044,yolo_x_cpu,881
2045,yolo_x_cpu,855
2046,yolo_x_cpu,837
2047,yolo_x_cpu,796
2048,yolo_x_cpu,837
2049,yolo_x_cpu,794
2050,yolo_x_cpu,785
2051,yolo_x_cpu,837
2052,yolo_x_cpu,911
2053,yolo_x_cpu,886
2054,yolo_x_cpu,852
2055,yolo_x_cpu,818
2056,yolo_x_cpu,859
2057,yolo_x_cpu,821
2058,yolo_x_cpu,829
2059,yolo_x_cpu,814
2060,yolo_x_cpu,845
2061,yolo_x_cpu,820
2062,yolo_x_cpu,837
2063,yolo_x_cpu,793
2064,yolo_x_cpu,833
2065,yolo_x_cpu,834
2066,yolo_x_cpu,865
2067,yolo_x_cpu,845
2068,yolo_x_cpu,826
2069,yolo_x_cpu,843
2070,yolo_x_cpu,829
2071,yolo_x_cpu,915
2072,yolo_x_cpu,904
2073,yolo_x_cpu,905
2074,yolo_x_cpu,934
2075,yolo_x_cpu,972
2076,yolo_x_cpu,1001
2077,yolo_x_cpu,962
2078,yolo_x_cpu,991
2079,yolo_x_cpu,956
2080,yolo_x_cpu,980
2081,yolo_x_cpu,1013
2082,yolo_x_cpu,974
2083,yolo_x_cpu,999
2084,yolo_x_cpu,935
2085,yolo_x_cpu,869
2086,yolo_x_cpu,837
2087,yolo_x_cpu,841
2088,yolo_x_cpu,853
2089,yolo_x_cpu,856
2090,yolo_x_cpu,824
2091,yolo_x_cpu,826
2092,yolo_x_cpu,862
2093,yolo_x_cpu,833
2094,yolo_x_cpu,799
2095,yolo_x_cpu,804
2096,yolo_x_cpu,828
2097,yolo_x_cpu,897
2098,yolo_x_cpu,883
2099,yolo_x_cpu,895
2100,yolo_x_cpu,931
2101,yolo_x_cpu,909
2102,yolo_x_cpu,901
2103,yolo_x_cpu,889
2104,yolo_x_cpu,865
2105,yolo_x_cpu,862
2106,yolo_x_cpu,935
2107,yolo_x_cpu,820
2108,yolo_x_cpu,844
2109,yolo_x_cpu,875
2110,yolo_x_cpu,846
2111,yolo_x_cpu,860
2112,yolo_x_cpu,785
2113,yolo_x_cpu,809
2114,yolo_x_cpu,796
2115,yolo_x_cpu,797
2116,yolo_x_cpu,749
2117,yolo_x_cpu,740
2118,yolo_x_cpu,742
2119,yolo_x_cpu,748
2120,yolo_x_cpu,754
2121,yolo_x_cpu,768
2122,yolo_x_cpu,747
2123,yolo_x_cpu,710
2124,yolo_x_cpu,738
2125,yolo_x_cpu,726
2126,yolo_x_cpu,701
2127,yolo_x_cpu,702
2128,yolo_x_cpu,679
2129,yolo_x_cpu,704
2130,yolo_x_cpu,647
2131,yolo_x_cpu,675
2132,yolo_x_cpu,650
2133,yolo_x_cpu,636
2134,yolo_x_cpu,625
2135,yolo_x_cpu,633
2136,yolo_x_cpu,658
2137,yolo_x_cpu,707
2138,yolo_x_cpu,751
2139,yolo_x_cpu,677
2140,yolo_x_cpu,668
2141,yolo_x_cpu,633
2142,yolo_x_cpu,640
2143,yolo_x_cpu,618
2144,yolo_x_cpu,667
2145,yolo_x_cpu,692
2146,yolo_x_cpu,665
2147,yolo_x_cpu,647
2148,yolo_x_cpu,600
2149,yolo_x_cpu,647
2150,yolo_x_cpu,674
2151,yolo_x_cpu,663
2152,yolo_x_cpu,698
2153,yolo_x_cpu,660
2154,yolo_x_cpu,641
2155,yolo_x_cpu,642
2156,yolo_x_cpu,664
2157,yolo_x_cpu,708
2158,yolo_x_cpu,668
2159,yolo_x_cpu,608
2160,yolo_x_cpu,601
2161,yolo_x_cpu,614
2162,yolo_x_cpu,619
2163,yolo_x_cpu,634
2164,yolo_x_cpu,642
2165,yolo_x_cpu,635
2166,yolo_x_cpu,600
2167,yolo_x_cpu,610
2168,yolo_x_cpu,629
2169,yolo_x_cpu,614
2170,yolo_x_cpu,613
2171,yolo_x_cpu,622
2172,yolo_x_cpu,653
2173,yolo_x_cpu,654
2174,yolo_x_cpu,632
2175,yolo_x_cpu,662
2176,yolo_x_cpu,629
2177,yolo_x_cpu,625
2178,yolo_x_cpu,647
2179,yolo_x_cpu,691
2180,yolo_x_cpu,676
2181,yolo_x_cpu,675
2182,yolo_x_cpu,768
2183,yolo_x_cpu,684
2184,yolo_x_cpu,709
2185,yolo_x_cpu,671
2186,yolo_x_cpu,631
2187,yolo_x_cpu,677
2188,yolo_x_cpu,625
2189,yolo_x_cpu,589
2190,yolo_x_cpu,623
2191,yolo_x_cpu,614
2192,yolo_x_cpu,653
2193,yolo_x_cpu,597
2194,yolo_x_cpu,670
2195,yolo_x_cpu,667
2196,yolo_x_cpu,639
2197,yolo_x_cpu,680
2198,yolo_x_cpu,691
2199,yolo_x_cpu,750
2200,yolo_x_cpu,689
2201,yolo_x_cpu,624
2202,yolo_x_cpu,627
2203,yolo_x_cpu,606
2204,yolo_x_cpu,642
2205,yolo_x_cpu,623
2206,yolo_x_cpu,627
2207,yolo_x_cpu,609
2208,yolo_x_cpu,630
2209,yolo_x_cpu,621
2210,yolo_x_cpu,612
2211,yolo_x_cpu,628
2212,yolo_x_cpu,663
2213,yolo_x_cpu,624
2214,yolo_x_cpu,598
2215,yolo_x_cpu,595
2216,yolo_x_cpu,610
2217,yolo_x_cpu,554
2218,yolo_x_cpu,537
2219,yolo_x_cpu,527
2220,yolo_x_cpu,555
2221,yolo_x_cpu,528
2222,yolo_x_cpu,530
2223,yolo_x_cpu,561
2224,yolo_x_cpu,623
2225,yolo_x_cpu,668
2226,yolo_x_cpu,719
2227,yolo_x_cpu,659
2228,yolo_x_cpu,664
2229,yolo_x_cpu,660
2230,yolo_x_cpu,586
2231,yolo_x_cpu,584
2232,yolo_x_cpu,600
2233,yolo_x_cpu,579
2234,yolo_x_cpu,545
2235,yolo_x_cpu,561
2236,yolo_x_cpu,588
2237,yolo_x_cpu,639
2238,yolo_x_cpu,563
2239,yolo_x_cpu,567
2240,yolo_x_cpu,587
2241,yolo_x_cpu,581
2242,yolo_x_cpu,613
2243,yolo_x_cpu,601
2244,yolo_x_cpu,556
2245,yolo_x_cpu,567
2246,yolo_x_cpu,597
2247,yolo_x_cpu,626
2248,yolo_x_cpu,619
2249,yolo_x_cpu,645
2250,yolo_x_cpu,611
2251,yolo_x_cpu,585
2252,yolo_x_cpu,618
2253,yolo_x_cpu,606
2254,yolo_x_cpu,541
2255,yolo_x_cpu,601
2256,yolo_x_cpu,552
2257,yolo_x_cpu,561
2258,yolo_x_cpu,491
2259,yolo_x_cpu,460
2260,yolo_x_cpu,477
2261,yolo_x_cpu,517
2262,yolo_x_cpu,570
2263,yolo_x_cpu,542
2264,yolo_x_cpu,477
2265,yolo_x_cpu,467
2266,yolo_x_cpu,469
2267,yolo_x_cpu,441
2268,yolo_x_cpu,488
2269,yolo_x_cpu,466
2270,yolo_x_cpu,454
2271,yolo_x_cpu,511
2272,yolo_x_cpu,470
2273,yolo_x_cpu,477
2274,yolo_x_cpu,467
2275,yolo_x_cpu,492
2276,yolo_x_cpu,482
2277,yolo_x_cpu,477
2278,yolo_x_cpu,523
2279,yolo_x_cpu,564
2280,yolo_x_cpu,545
2281,yolo_x_cpu,500
2282,yolo_x_cpu,569
2283,yolo_x_cpu,563
2284,yolo_x_cpu,584
2285,yolo_x_cpu,572
2286,yolo_x_cpu,568
2287,yolo_x_cpu,517
2288,yolo_x_cpu,477
2289,yolo_x_cpu,477
2290,yolo_x_cpu,430
2291,yolo_x_cpu,503
2292,yolo_x_cpu,434
2293,yolo_x_cpu,409
2294,yolo_x_cpu,399
2295,yolo_x_cpu,409
2296,yolo_x_cpu,408
2297,yolo_x_cpu,396
2298,yolo_x_cpu,425
2299,yolo_x_cpu,405
2300,yolo_x_cpu,394
2301,yolo_x_cpu,440
2302,yolo_x_cpu,437
2303,yolo_x_cpu,375
2304,yolo_x_cpu,382
2305,yolo_x_cpu,414
2306,yolo_x_cpu,432
2307,yolo_x_cpu,456
2308,yolo_x_cpu,443
2309,yolo_x_cpu,521
2310,yolo_x_cpu,421
2311,yolo_x_cpu,479
2312,yolo_x_cpu,418
2313,yolo_x_cpu,374
2314,yolo_x_cpu,382
2315,yolo_x_cpu,428
2316,yolo_x_cpu,357
2317,yolo_x_cpu,389
2318,yolo_x_cpu,391
2319,yolo_x_cpu,355
2320,yolo_x_cpu,356
2321,yolo_x_cpu,377
2322,yolo_x_cpu,357
2323,yolo_x_cpu,281
2324,yolo_x_cpu,330
2325,yolo_x_cpu,348
2326,yolo_x_cpu,354
2327,yolo_x_cpu,322
2328,yolo_x_cpu,299
2329,yolo_x_cpu,312
2330,yolo_x_cpu,282
2331,yolo_x_cpu,311
2332,yolo_x_cpu,327
2333,yolo_x_cpu,309
2334,yolo_x_cpu,290
2335,yolo_x_cpu,310
2336,yolo_x_cpu,283
2337,yolo_x_cpu,303
2338,yolo_x_cpu,325
2339,yolo_x_cpu,277
2340,yolo_x_cpu,276
2341,yolo_x_cpu,264
2342,yolo_x_cpu,275
2343,yolo_x_cpu,258
2344,yolo_x_cpu,258
2345,yolo_x_cpu,230
2346,yolo_x_cpu,242
2347,yolo_x_cpu,207
2348,yolo_x_cpu,196
2349,yolo_x_cpu,234
2350,yolo_x_cpu,201
2351,yolo_x_cpu,243
2352,yolo_x_cpu,286
2353,yolo_x_cpu,242
2354,yolo_x_cpu,240
2355,yolo_x_cpu,242
2356,yolo_x_cpu,246
2357,yolo_x_cpu,258
2358,yolo_x_cpu,203
2359,yolo_x_cpu,232
2360,yolo_x_cpu,229
2361,yolo_x_cpu,239
2362,yolo_x_cpu,246
2363,yolo_x_cpu,248
2364,yolo_x_cpu,253
2365,yolo_x_cpu,249
2366,yolo_x_cpu,232
2367,yolo_x_cpu,211
2368,yolo_x_cpu,208
2369,yolo_x_cpu,209
2370,yolo_x_cpu,206
2371,yolo_x_cpu,170
2372,yolo_x_cpu,152
2373,yolo_x_cpu,179
2374,yolo_x_cpu,182
2375,yolo_x_cpu,179
2376,yolo_x_cpu,153
2377,yolo_x_cpu,160
2378,yolo_x_cpu,169
2379,yolo_x_cpu,181
2380,yolo_x_cpu,196
2381,yolo_x_cpu,194
2382,yolo_x_cpu,178
2383,yolo_x_cpu,186
2384,yolo_x_cpu,174
2385,yolo_x_cpu,187
2386,yolo_x_cpu,159
2387,yolo_x_cpu,190
2388,yolo_x_cpu,188
2389,yolo_x_cpu,188
2390,yolo_x_cpu,169
2391,yolo_x_cpu,190
2392,yolo_x_cpu,179
2393,yolo_x_cpu,181
2394,yolo_x_cpu,170
2395,yolo_x_cpu,175
2396,yolo_x_cpu,158
2397,yolo_x_cpu,182
2398,yolo_x_cpu,184
2399,yolo_x_cpu,183
2400,yolo_x_cpu,161
2401,yolo_x_cpu,177
2402,yolo_x_cpu,142
2403,yolo_x_cpu,137
2404,yolo_x_cpu,139
2405,yolo_x_cpu,150
2406,yolo_x_cpu,156
2407,yolo_x_cpu,159
2408,yolo_x_cpu,153
2409,yolo_x_cpu,174
2410,yolo_x_cpu,142
2411,yolo_x_cpu,155
2412,yolo_x_cpu,160
2413,yolo_x_cpu,165
2414,yolo_x_cpu,186
2415,yolo_x_cpu,185
2416,yolo_x_cpu,161
2417,yolo_x_cpu,170
2418,yolo_x_cpu,174
2419,yolo_x_cpu,160
2420,yolo_x_cpu,178
2421,yolo_x_cpu,179
2422,yolo_x_cpu,162
2423,yolo_x_cpu,139
2424,yolo_x_cpu,149
2425,yolo_x_cpu,169
2426,yolo_x_cpu,179
2427,yolo_x_cpu,148
2428,yolo_x_cpu,139
2429,yolo_x_cpu,157
2430,yolo_x_cpu,160
2431,yolo_x_cpu,150
2432,yolo_x_cpu,161
2433,yolo_x_cpu,168
2434,yolo_x_cpu,166
2435,yolo_x_cpu,126
2436,yolo_x_cpu,125
2437,yolo_x_cpu,110
2438,yolo_x_cpu,102
2439,yolo_x_cpu,115
2440,yolo_x_cpu,108
2441,yolo_x_cpu,127
2442,yolo_x_cpu,115
2443,yolo_x_cpu,120
2444,yolo_x_cpu,132
2445,yolo_x_cpu,149
2446,yolo_x_cpu,132
2447,yolo_x_cpu,111
2448,yolo_x_cpu,129
2449,yolo_x_cpu,117
2450,yolo_x_cpu,123
2451,yolo_x_cpu,103
2452,yolo_x_cpu,93
2453,yolo_x_cpu,89
2454,yolo_x_cpu,110
2455,yolo_x_cpu,114
2456,yolo_x_cpu,102
2457,yolo_x_cpu,110
2458,yolo_x_cpu,95
2459,yolo_x_cpu,106
2460,yolo_x_cpu,95
2461,yolo_x_cpu,118
2462,yolo_x_cpu,129
2463,yolo_x_cpu,124
2464,yolo_x_cpu,105
2465,yolo_x_cpu,96
2466,yolo_x_cpu,116
2467,yolo_x_cpu,100
2468,yolo_x_cpu,104
2469,yolo_x_cpu,86
2470,yolo_x_cpu,85
2471,yolo_x_cpu,87
2472,yolo_x_cpu,100
2473,yolo_x_cpu,114
2474,yolo_x_cpu,104
2475,yolo_x_cpu,102
2476,yolo_x_cpu,109
2477,yolo_x_cpu,122
2478,yolo_x_cpu,93
2479,yolo_x_cpu,123
2480,yolo_x_cpu,108
2481,yolo_x_cpu,109
2482,yolo_x_cpu,115
2483,yolo_x_cpu,117
2484,yolo_x_cpu,104
2485,yolo_x_cpu,103
2486,yolo_x_cpu,93
2487,yolo_x_cpu,103
2488,yolo_x_cpu,88
2489,yolo_x_cpu,110
2490,yolo_x_cpu,81
2491,yolo_x_cpu,92
2492,yolo_x_cpu,83
2493,yolo_x_cpu,77
2494,yolo_x_cpu,90
2495,yolo_x_cpu,90
2496,yolo_x_cpu,73
2497,yolo_x_cpu,82
2498,yolo_x_cpu,65
2499,yolo_x_cpu,39
2500,yolo_x_cpu,43
2501,yolo_x_cpu,40
2502,yolo_x_cpu,51
2503,yolo_x_cpu,67
2504,yolo_x_cpu,60
2505,yolo_x_cpu,63
2506,yolo_x_cpu,62
2507,yolo_x_cpu,62
2508,yolo_x_cpu,57
2509,yolo_x_cpu,44
2510,yolo_x_cpu,43
2511,yolo_x_cpu,53
2512,yolo_x_cpu,70
2513,yolo_x_cpu,56
2514,yolo_x_cpu,45
2515,yolo_x_cpu,40
2516,yolo_x_cpu,54
2517,yolo_x_cpu,52
2518,yolo_x_cpu,50
2519,yolo_x_cpu,45
2520,yolo_x_cpu,47
2521,yolo_x_cpu,66
2522,yolo_x_cpu,63
2523,yolo_x_cpu,65
2524,yolo_x_cpu,65
2525,yolo_x_cpu,64
2526,yolo_x_cpu,58
2527,yolo_x_cpu,61
2528,yolo_x_cpu,79
2529,yolo_x_cpu,74
2530,yolo_x_cpu,78
2531,yolo_x_cpu,55
2532,yolo_x_cpu,49
2533,yolo_x_cpu,50
2534,yolo_x_cpu,74
2535,yolo_x_cpu,74
2536,yolo_x_cpu,74
2537,yolo_x_cpu,74
2538,yolo_x_cpu,68
2539,yolo_x_cpu,78
2540,yolo_x_cpu,63
2541,yolo_x_cpu,59
2542,yolo_x_cpu,55
2543,yolo_x_cpu,55
2544,yolo_x_cpu,40
2545,yolo_x_cpu,44
2546,yolo_x_cpu,38
2547,yolo_x_cpu,55
2548,yolo_x_cpu,59
2549,yolo_x_cpu,56
2550,yolo_x_cpu,42
2551,yolo_x_cpu,37
2552,yolo_x_cpu,42
2553,yolo_x_cpu,38
2554,yolo_x_cpu,39
2555,yolo_x_cpu,49
2556,yolo_x_cpu,51
2557,yolo_x_cpu,39
2558,yolo_x_cpu,45
2559,yolo_x_cpu,42
2560,yolo_x_cpu,31
2561,yolo_x_cpu,36
2562,yolo_x_cpu,43
2563,yolo_x_cpu,41
2564,yolo_x_cpu,43
2565,yolo_x_cpu,43
2566,yolo_x_cpu,37
2567,yolo_x_cpu,38
2568,yolo_x_cpu,27
2569,yolo_x_cpu,30
2570,yolo_x_cpu,26
2571,yolo_x_cpu,34
2572,yolo_x_cpu,38
2573,yolo_x_cpu,32
2574,yolo_x_cpu,30
2575,yolo_x_cpu,23
2576,yolo_x_cpu,32
2577,yolo_x_cpu,33
2578,yolo_x_cpu,22
2579,yolo_x_cpu,37
2580,yolo_x_cpu,60
2581,yolo_x_cpu,2877
2582,yolo_x_cpu,3215
2583,yolo_x_cpu,2167
2584,yolo_x_cpu,682
2585,yolo_x_cpu,618
2586,yolo_x_cpu,506
2587,yolo_x_cpu,415
2588,yolo_x_cpu,303
2589,yolo_x_cpu,264
2590,yolo_x_cpu,261
2591,yolo_x_cpu,321
2592,yolo_x_cpu,315
2593,yolo_x_cpu,403
2594,yolo_x_cpu,407
2595,yolo_x_cpu,412
2596,yolo_x_cpu,392
2597,yolo_x_cpu,340
2598,yolo_x_cpu,333
2599,yolo_x_cpu,278
2600,yolo_x_cpu,267
2601,yolo_x_cpu,247
2602,yolo_x_cpu,223
2603,yolo_x_cpu,214
2604,yolo_x_cpu,228
2605,yolo_x_cpu,191
2606,yolo_x_cpu,173
2607,yolo_x_cpu,213
2608,yolo_x_cpu,189
2609,yolo_x_cpu,144
2610,yolo_x_cpu,151
2611,yolo_x_cpu,170
2612,yolo_x_cpu,165
2613,yolo_x_cpu,145
2614,yolo_x_cpu,124
2615,yolo_x_cpu,109
2616,yolo_x_cpu,86
2617,yolo_x_cpu,89
2618,yolo_x_cpu,67
2619,yolo_x_cpu,59
2620,yolo_x_cpu,61
2621,yolo_x_cpu,71
2622,yolo_x_cpu,80
2623,yolo_x_cpu,76
2624,yolo_x_cpu,90
2625,yolo_x_cpu,125
2626,yolo_x_cpu,147
2627,yolo_x_cpu,145
2628,yolo_x_cpu,174
2629,yolo_x_cpu,189
2630,yolo_x_cpu,175
2631,yolo_x_cpu,190
2632,yolo_x_cpu,157
2633,yolo_x_cpu,125
2634,yolo_x_cpu,99
2635,yolo_x_cpu,76
2636,yolo_x_cpu,104
2637,yolo_x_cpu,106
2638,yolo_x_cpu,82
2639,yolo_x_cpu,64
2640,yolo_x_cpu,95
2641,yolo_x_cpu,69
2642,yolo_x_cpu,56
2643,yolo_x_cpu,80
2644,yolo_x_cpu,75
2645,yolo_x_cpu,68
2646,yolo_x_cpu,59
2647,yolo_x_cpu,70
2648,yolo_x_cpu,77
2649,yolo_x_cpu,91
2650,yolo_x_cpu,68
2651,yolo_x_cpu,68
2652,yolo_x_cpu,89
2653,yolo_x_cpu,110
2654,yolo_x_cpu,94
2655,yolo_x_cpu,73
2656,yolo_x_cpu,49
2657,yolo_x_cpu,38
2658,yolo_x_cpu,90
2659,yolo_x_cpu,77
2660,yolo_x_cpu,57
2661,yolo_x_cpu,57
2662,yolo_x_cpu,88
2663,yolo_x_cpu,144
2664,yolo_x_cpu,118
2665,yolo_x_cpu,165
2666,yolo_x_cpu,151
2667,yolo_x_cpu,101
2668,yolo_x_cpu,87
2669,yolo_x_cpu,54
2670,yolo_x_cpu,42
2671,yolo_x_cpu,35
2672,yolo_x_cpu,47
2673,yolo_x_cpu,51
2674,yolo_x_cpu,56
2675,yolo_x_cpu,54
2676,yolo_x_cpu,58
2677,yolo_x_cpu,70
2678,yolo_x_cpu,60
2679,yolo_x_cpu,53
2680,yolo_x_cpu,50
2681,yolo_x_cpu,55
2682,yolo_x_cpu,44
2683,yolo_x_cpu,51
2684,yolo_x_cpu,33
2685,yolo_x_cpu,34
2686,yolo_x_cpu,40
2687,yolo_x_cpu,49
2688,yolo_x_cpu,57
2689,yolo_x_cpu,63
2690,yolo_x_cpu,69
2691,yolo_x_cpu,45
2692,yolo_x_cpu,49
2693,yolo_x_cpu,95
2694,yolo_x_cpu,104
2695,yolo_x_cpu,79
2696,yolo_x_cpu,107
2697,yolo_x_cpu,56
2698,yolo_x_cpu,76
2699,yolo_x_cpu,113
2700,yolo_x_cpu,114
2701,yolo_x_cpu,95
2702,yolo_x_cpu,90
2703,yolo_x_cpu,87
2704,yolo_x_cpu,59
2705,yolo_x_cpu,61
2706,yolo_x_cpu,65
2707,yolo_x_cpu,47
2708,yolo_x_cpu,29
2709,yolo_x_cpu,50
2710,yolo_x_cpu,48
2711,yolo_x_cpu,52
2712,yolo_x_cpu,38
2713,yolo_x_cpu,53
2714,yolo_x_cpu,58
2715,yolo_x_cpu,48
2716,yolo_x_cpu,46
2717,yolo_x_cpu,43
2718,yolo_x_cpu,50
2719,yolo_x_cpu,46
2720,yolo_x_cpu,32
2721,yolo_x_cpu,22
2722,yolo_x_cpu,31
2723,yolo_x_cpu,37
2724,yolo_x_cpu,30
2725,yolo_x_cpu,30
2726,yolo_x_cpu,12
2727,yolo_x_cpu,8
2728,yolo_x_cpu,11
2729,yolo_x_cpu,8
2730,yolo_x_cpu,16
2731,yolo_x_cpu,33
2732,yolo_x_cpu,34
2733,yolo_x_cpu,25
2734,yolo_x_cpu,40
2735,yolo_x_cpu,43
2736,yolo_x_cpu,44
2737,yolo_x_cpu,35
2738,yolo_x_cpu,33
2739,yolo_x_cpu,44
2740,yolo_x_cpu,48
2741,yolo_x_cpu,65
2742,yolo_x_cpu,49
2743,yolo_x_cpu,56
2744,yolo_x_cpu,34
2745,yolo_x_cpu,31
2746,yolo_x_cpu,26
2747,yolo_x_cpu,19
2748,yolo_x_cpu,25
2749,yolo_x_cpu,30
2750,yolo_x_cpu,26
2751,yolo_x_cpu,22
2752,yolo_x_cpu,33
2753,yolo_x_cpu,37
2754,yolo_x_cpu,45
2755,yolo_x_cpu,60
2756,yolo_x_cpu,57
2757,yolo_x_cpu,53
2758,yolo_x_cpu,61
2759,yolo_x_cpu,44
2760,yolo_x_cpu,40
2761,yolo_x_cpu,45
2762,yolo_x_cpu,45
2763,yolo_x_cpu,53
2764,yolo_x_cpu,71
2765,yolo_x_cpu,76
2766,yolo_x_cpu,77
2767,yolo_x_cpu,67
2768,yolo_x_cpu,75
2769,yolo_x_cpu,74
2770,yolo_x_cpu,70
2771,yolo_x_cpu,84
2772,yolo_x_cpu,56
2773,yolo_x_cpu,78
2774,yolo_x_cpu,75
2775,yolo_x_cpu,72
2776,yolo_x_cpu,63
2777,yolo_x_cpu,65
2778,yolo_x_cpu,73
2779,yolo_x_cpu,63
2780,yolo_x_cpu,66
2781,yolo_x_cpu,86
2782,yolo_x_cpu,54
2783,yolo_x_cpu,46
2784,yolo_x_cpu,52
2785,yolo_x_cpu,60
2786,yolo_x_cpu,48
2787,yolo_x_cpu,46
2788,yolo_x_cpu,52
2789,yolo_x_cpu,68
2790,yolo_x_cpu,71
2791,yolo_x_cpu,88
2792,yolo_x_cpu,77
2793,yolo_x_cpu,74
2794,yolo_x_cpu,68
2795,yolo_x_cpu,84
2796,yolo_x_cpu,86
2797,yolo_x_cpu,77
2798,yolo_x_cpu,85
2799,yolo_x_cpu,80
2800,yolo_x_cpu,81
2801,yolo_x_cpu,92
2802,yolo_x_cpu,80
2803,yolo_x_cpu,57
2804,yolo_x_cpu,53
2805,yolo_x_cpu,60
2806,yolo_x_cpu,53
2807,yolo_x_cpu,72
2808,yolo_x_cpu,74
2809,yolo_x_cpu,73
2810,yolo_x_cpu,57
2811,yolo_x_cpu,69
2812,yolo_x_cpu,78
2813,yolo_x_cpu,83
2814,yolo_x_cpu,93
2815,yolo_x_cpu,92
2816,yolo_x_cpu,100
2817,yolo_x_cpu,106
2818,yolo_x_cpu,110
2819,yolo_x_cpu,96
2820,yolo_x_cpu,77
2821,yolo_x_cpu,91
2822,yolo_x_cpu,91
2823,yolo_x_cpu,88
2824,yolo_x_cpu,88
2825,yolo_x_cpu,111
2826,yolo_x_cpu,114
2827,yolo_x_cpu,115
2828,yolo_x_cpu,99
2829,yolo_x_cpu,94
2830,yolo_x_cpu,95
2831,yolo_x_cpu,129
2832,yolo_x_cpu,122
2833,yolo_x_cpu,144
2834,yolo_x_cpu,122
2835,yolo_x_cpu,122
2836,yolo_x_cpu,125
2837,yolo_x_cpu,121
2838,yolo_x_cpu,130
2839,yolo_x_cpu,122
2840,yolo_x_cpu,135
2841,yolo_x_cpu,149
2842,yolo_x_cpu,156
2843,yolo_x_cpu,157
2844,yolo_x_cpu,193
2845,yolo_x_cpu,168
2846,yolo_x_cpu,156
2847,yolo_x_cpu,162
2848,yolo_x_cpu,162
2849,yolo_x_cpu,149
2850,yolo_x_cpu,149
2851,yolo_x_cpu,169
2852,yolo_x_cpu,154
2853,yolo_x_cpu,153
2854,yolo_x_cpu,179
2855,yolo_x_cpu,203
2856,yolo_x_cpu,228
2857,yolo_x_cpu,244
2858,yolo_x_cpu,218
2859,yolo_x_cpu,207
2860,yolo_x_cpu,208
2861,yolo_x_cpu,205
2862,yolo_x_cpu,209
2863,yolo_x_cpu,189
2864,yolo_x_cpu,252
2865,yolo_x_cpu,254
2866,yolo_x_cpu,275
2867,yolo_x_cpu,295
2868,yolo_x_cpu,280
2869,yolo_x_cpu,261
2870,yolo_x_cpu,280
2871,yolo_x_cpu,271
2872,yolo_x_cpu,261
2873,yolo_x_cpu,277
2874,yolo_x_cpu,266
2875,yolo_x_cpu,291
2876,yolo_x_cpu,299
2877,yolo_x_cpu,323
2878,yolo_x_cpu,281
2879,yolo_x_cpu,258
2880,yolo_x_cpu,278
2881,yolo_x_cpu,303
2882,yolo_x_cpu,268
2883,yolo_x_cpu,317
2884,yolo_x_cpu,323
2885,yolo_x_cpu,290
2886,yolo_x_cpu,300
2887,yolo_x_cpu,306
2888,yolo_x_cpu,259
2889,yolo_x_cpu,364
2890,yolo_x_cpu,290
2891,yolo_x_cpu,297
2892,yolo_x_cpu,294
2893,yolo_x_cpu,298
2894,yolo_x_cpu,294
2895,yolo_x_cpu,328
2896,yolo_x_cpu,318
2897,yolo_x_cpu,298
2898,yolo_x_cpu,283
2899,yolo_x_cpu,320
2900,yolo_x_cpu,332
2901,yolo_x_cpu,350
2902,yolo_x_cpu,380
2903,yolo_x_cpu,390
2904,yolo_x_cpu,397
2905,yolo_x_cpu,388
2906,yolo_x_cpu,399
2907,yolo_x_cpu,399
2908,yolo_x_cpu,434
2909,yolo_x_cpu,415
2910,yolo_x_cpu,440
2911,yolo_x_cpu,457
2912,yolo_x_cpu,406
2913,yolo_x_cpu,421
2914,yolo_x_cpu,461
2915,yolo_x_cpu,474
2916,yolo_x_cpu,484
2917,yolo_x_cpu,499
2918,yolo_x_cpu,508
2919,yolo_x_cpu,490
2920,yolo_x_cpu,519
2921,yolo_x_cpu,506
2922,yolo_x_cpu,536
2923,yolo_x_cpu,545
2924,yolo_x_cpu,514
2925,yolo_x_cpu,562
2926,yolo_x_cpu,534
2927,yolo_x_cpu,565
2928,yolo_x_cpu,498
2929,yolo_x_cpu,560
2930,yolo_x_cpu,575
2931,yolo_x_cpu,581
2932,yolo_x_cpu,668
2933,yolo_x_cpu,673
2934,yolo_x_cpu,688
2935,yolo_x_cpu,702
2936,yolo_x_cpu,645
2937,yolo_x_cpu,643
2938,yolo_x_cpu,646
2939,yolo_x_cpu,646
2940,yolo_x_cpu,625
2941,yolo_x_cpu,669
2942,yolo_x_cpu,605
2943,yolo_x_cpu,624
2944,yolo_x_cpu,614
2945,yolo_x_cpu,590
2946,yolo_x_cpu,597
2947,yolo_x_cpu,661
2948,yolo_x_cpu,721
2949,yolo_x_cpu,691
2950,yolo_x_cpu,673
2951,yolo_x_cpu,711
2952,yolo_x_cpu,705
2953,yolo_x_cpu,660
2954,yolo_x_cpu,739
2955,yolo_x_cpu,720
2956,yolo_x_cpu,749
2957,yolo_x_cpu,707
2958,yolo_x_cpu,736
2959,yolo_x_cpu,743
2960,yolo_x_cpu,743
2961,yolo_x_cpu,794
2962,yolo_x_cpu,773
2963,yolo_x_cpu,780
2964,yolo_x_cpu,764
2965,yolo_x_cpu,770
2966,yolo_x_cpu,753
2967,yolo_x_cpu,800
2968,yolo_x_cpu,784
2969,yolo_x_cpu,769
2970,yolo_x_cpu,795
2971,yolo_x_cpu,814
2972,yolo_x_cpu,784
2973,yolo_x_cpu,721
2974,yolo_x_cpu,791
2975,yolo_x_cpu,768
2976,yolo_x_cpu,813
2977,yolo_x_cpu,790
2978,yolo_x_cpu,881
2979,yolo_x_cpu,884
2980,yolo_x_cpu,844
2981,yolo_x_cpu,886
2982,yolo_x_cpu,861
2983,yolo_x_cpu,878
2984,yolo_x_cpu,920
2985,yolo_x_cpu,897
2986,yolo_x_cpu,906
2987,yolo_x_cpu,929
2988,yolo_x_cpu,933
2989,yolo_x_cpu,884
2990,yolo_x_cpu,899
2991,yolo_x_cpu,1007
2992,yolo_x_cpu,1038
2993,yolo_x_cpu,1145
2994,yolo_x_cpu,1182
2995,yolo_x_cpu,1101
2996,yolo_x_cpu,1187
2997,yolo_x_cpu,1197
2998,yolo_x_cpu,1192
2999,yolo_x_cpu,1170
3000,yolo_x_cpu,1090
3001,yolo_x_cpu,1101
3002,yolo_x_cpu,1057
3003,yolo_x_cpu,1050
3004,yolo_x_cpu,1038
3005,yolo_x_cpu,980
3006,yolo_x_cpu,1031
3007,yolo_x_cpu,1010
3008,yolo_x_cpu,1024
3009,yolo_x_cpu,1053
3010,yolo_x_cpu,1055
3011,yolo_x_cpu,1062
3012,yolo_x_cpu,1004
3013,yolo_x_cpu,1053
3014,yolo_x_cpu,979
3015,yolo_x_cpu,1043
3016,yolo_x_cpu,1018
3017,yolo_x_cpu,1048
3018,yolo_x_cpu,1052
3019,yolo_x_cpu,1018
3020,yolo_x_cpu,1012
3021,yolo_x_cpu,994
3022,yolo_x_cpu,1035
3023,yolo_x_cpu,1040
3024,yolo_x_cpu,1047
3025,yolo_x_cpu,1052
3026,yolo_x_cpu,993
3027,yolo_x_cpu,961
3028,yolo_x_cpu,967
3029,yolo_x_cpu,931
3030,yolo_x_cpu,893
3031,yolo_x_cpu,944
3032,yolo_x_cpu,937
3033,yolo_x_cpu,963
3034,yolo_x_cpu,893
3035,yolo_x_cpu,950
3036,yolo_x_cpu,1024
3037,yolo_x_cpu,1033
3038,yolo_x_cpu,970
3039,yolo_x_cpu,1111
3040,yolo_x_cpu,1082
3041,yolo_x_cpu,1050
3042,yolo_x_cpu,1079
3043,yolo_x_cpu,1058
3044,yolo_x_cpu,1032
3045,yolo_x_cpu,1054
3046,yolo_x_cpu,994
3047,yolo_x_cpu,951
3048,yolo_x_cpu,1063
3049,yolo_x_cpu,959
3050,yolo_x_cpu,997
3051,yolo_x_cpu,960
3052,yolo_x_cpu,1022
3053,yolo_x_cpu,991
3054,yolo_x_cpu,970
3055,yolo_x_cpu,983
3056,yolo_x_cpu,990
3057,yolo_x_cpu,984
3058,yolo_x_cpu,960
3059,yolo_x_cpu,1033
3060,yolo_x_cpu,980
3061,yolo_x_cpu,935
3062,yolo_x_cpu,957
3063,yolo_x_cpu,924
3064,yolo_x_cpu,946
3065,yolo_x_cpu,896
3066,yolo_x_cpu,922
3067,yolo_x_cpu,927
3068,yolo_x_cpu,977
3069,yolo_x_cpu,918
3070,yolo_x_cpu,958
3071,yolo_x_cpu,955
3072,yolo_x_cpu,992
3073,yolo_x_cpu,978
3074,yolo_x_cpu,946
3075,yolo_x_cpu,937
3076,yolo_x_cpu,967
3077,yolo_x_cpu,929
3078,yolo_x_cpu,912
3079,yolo_x_cpu,924
3080,yolo_x_cpu,1025
3081,yolo_x_cpu,964
3082,yolo_x_cpu,1012
3083,yolo_x_cpu,965
3084,yolo_x_cpu,955
3085,yolo_x_cpu,962
3086,yolo_x_cpu,913
3087,yolo_x_cpu,944
3088,yolo_x_cpu,913
3089,yolo_x_cpu,968
3090,yolo_x_cpu,926
3091,yolo_x_cpu,913
3092,yolo_x_cpu,916
3093,yolo_x_cpu,973
3094,yolo_x_cpu,938
3095,yolo_x_cpu,921
3096,yolo_x_cpu,1000
3097,yolo_x_cpu,1106
3098,yolo_x_cpu,1061
3099,yolo_x_cpu,1066
3100,yolo_x_cpu,1065
3101,yolo_x_cpu,1041
3102,yolo_x_cpu,958
3103,yolo_x_cpu,978
3104,yolo_x_cpu,1022
3105,yolo_x_cpu,1035
3106,yolo_x_cpu,1003
3107,yolo_x_cpu,972
3108,yolo_x_cpu,927
3109,yolo_x_cpu,970
3110,yolo_x_cpu,960
3111,yolo_x_cpu,917
3112,yolo_x_cpu,928
3113,yolo_x_cpu,892
3114,yolo_x_cpu,938
3115,yolo_x_cpu,960
3116,yolo_x_cpu,925
3117,yolo_x_cpu,937
3118,yolo_x_cpu,929
3119,yolo_x_cpu,920
3120,yolo_x_cpu,891
3121,yolo_x_cpu,839
3122,yolo_x_cpu,853
3123,yolo_x_cpu,842
3124,yolo_x_cpu,856
3125,yolo_x_cpu,831
3126,yolo_x_cpu,872
3127,yolo_x_cpu,873
3128,yolo_x_cpu,867
3129,yolo_x_cpu,862
3130,yolo_x_cpu,850
3131,yolo_x_cpu,837
3132,yolo_x_cpu,821
3133,yolo_x_cpu,792
3134,yolo_x_cpu,834
3135,yolo_x_cpu,852
3136,yolo_x_cpu,836
3137,yolo_x_cpu,796
3138,yolo_x_cpu,795
3139,yolo_x_cpu,810
3140,yolo_x_cpu,871
3141,yolo_x_cpu,814
3142,yolo_x_cpu,762
3143,yolo_x_cpu,812
3144,yolo_x_cpu,845
3145,yolo_x_cpu,890
3146,yolo_x_cpu,897
3147,yolo_x_cpu,875
3148,yolo_x_cpu,873
3149,yolo_x_cpu,870
3150,yolo_x_cpu,849
3151,yolo_x_cpu,856
3152,yolo_x_cpu,810
3153,yolo_x_cpu,771
3154,yolo_x_cpu,787
3155,yolo_x_cpu,788
3156,yolo_x_cpu,871
3157,yolo_x_cpu,861
3158,yolo_x_cpu,883
3159,yolo_x_cpu,823
3160,yolo_x_cpu,886
3161,yolo_x_cpu,905
3162,yolo_x_cpu,862
3163,yolo_x_cpu,818
3164,yolo_x_cpu,821
3165,yolo_x_cpu,832
3166,yolo_x_cpu,773
3167,yolo_x_cpu,737
3168,yolo_x_cpu,761
3169,yolo_x_cpu,731
3170,yolo_x_cpu,713
3171,yolo_x_cpu,848
3172,yolo_x_cpu,798
3173,yolo_x_cpu,815
3174,yolo_x_cpu,831
3175,yolo_x_cpu,873
3176,yolo_x_cpu,894
3177,yolo_x_cpu,854
3178,yolo_x_cpu,906
3179,yolo_x_cpu,859
3180,yolo_x_cpu,869
3181,yolo_x_cpu,934
3182,yolo_x_cpu,963
3183,yolo_x_cpu,951
3184,yolo_x_cpu,942
3185,yolo_x_cpu,882
3186,yolo_x_cpu,912
3187,yolo_x_cpu,917
3188,yolo_x_cpu,887
3189,yolo_x_cpu,861
3190,yolo_x_cpu,924
3191,yolo_x_cpu,942
3192,yolo_x_cpu,968
3193,yolo_x_cpu,969
3194,yolo_x_cpu,1030
3195,yolo_x_cpu,1052
3196,yolo_x_cpu,1031
3197,yolo_x_cpu,942
3198,yolo_x_cpu,1024
3199,yolo_x_cpu,1029
3200,yolo_x_cpu,977
3201,yolo_x_cpu,1005
3202,yolo_x_cpu,937
3203,yolo_x_cpu,845
3204,yolo_x_cpu,865
3205,yolo_x_cpu,888
3206,yolo_x_cpu,879
3207,yolo_x_cpu,887
3208,yolo_x_cpu,935
3209,yolo_x_cpu,983
3210,yolo_x_cpu,953
3211,yolo_x_cpu,972
3212,yolo_x_cpu,943
3213,yolo_x_cpu,941
3214,yolo_x_cpu,972
3215,yolo_x_cpu,980
3216,yolo_x_cpu,1024
3217,yolo_x_cpu,1029
3218,yolo_x_cpu,1083
3219,yolo_x_cpu,1034
3220,yolo_x_cpu,1041
3221,yolo_x_cpu,1065
3222,yolo_x_cpu,1008
3223,yolo_x_cpu,936
3224,yolo_x_cpu,913
3225,yolo_x_cpu,907
3226,yolo_x_cpu,949
3227,yolo_x_cpu,1021
3228,yolo_x_cpu,1065
3229,yolo_x_cpu,1020
3230,yolo_x_cpu,955
3231,yolo_x_cpu,980
3232,yolo_x_cpu,1019
3233,yolo_x_cpu,1007
3234,yolo_x_cpu,1029
3235,yolo_x_cpu,1042
3236,yolo_x_cpu,1075
3237,yolo_x_cpu,1140
3238,yolo_x_cpu,1147
3239,yolo_x_cpu,1114
3240,yolo_x_cpu,1096
3241,yolo_x_cpu,1061
3242,yolo_x_cpu,1085
3243,yolo_x_cpu,1081
3244,yolo_x_cpu,1102
3245,yolo_x_cpu,1129
3246,yolo_x_cpu,1105
3247,yolo_x_cpu,1165
3248,yolo_x_cpu,1115
3249,yolo_x_cpu,1131
3250,yolo_x_cpu,1173
3251,yolo_x_cpu,1089
3252,yolo_x_cpu,1045
3253,yolo_x_cpu,1093
3254,yolo_x_cpu,1065
3255,yolo_x_cpu,1048
3256,yolo_x_cpu,1081
3257,yolo_x_cpu,1152
3258,yolo_x_cpu,1116
3259,yolo_x_cpu,1077
3260,yolo_x_cpu,1096
3261,yolo_x_cpu,1080
3262,yolo_x_cpu,1088
3263,yolo_x_cpu,1106
3264,yolo_x_cpu,1129
3265,yolo_x_cpu,1128
3266,yolo_x_cpu,1126
3267,yolo_x_cpu,1112
3268,yolo_x_cpu,1151
3269,yolo_x_cpu,1124
3270,yolo_x_cpu,1024
3271,yolo_x_cpu,1085
3272,yolo_x_cpu,1102
3273,yolo_x_cpu,1150
3274,yolo_x_cpu,1144
3275,yolo_x_cpu,1152
3276,yolo_x_cpu,1184
3277,yolo_x_cpu,1140
3278,yolo_x_cpu,1153
3279,yolo_x_cpu,1128
3280,yolo_x_cpu,1168
3281,yolo_x_cpu,1176
3282,yolo_x_cpu,1185
3283,yolo_x_cpu,1211
3284,yolo_x_cpu,1181
3285,yolo_x_cpu,1166
3286,yolo_x_cpu,1145
3287,yolo_x_cpu,1180
3288,yolo_x_cpu,1182
3289,yolo_x_cpu,1091
3290,yolo_x_cpu,1125
3291,yolo_x_cpu,1155
3292,yolo_x_cpu,1052
3293,yolo_x_cpu,1102
3294,yolo_x_cpu,1056
3295,yolo_x_cpu,1090
3296,yolo_x_cpu,1100
3297,yolo_x_cpu,1077
3298,yolo_x_cpu,1032
3299,yolo_x_cpu,1048
3300,yolo_x_cpu,1011
3301,yolo_x_cpu,1083
3302,yolo_x_cpu,998
3303,yolo_x_cpu,1036
3304,yolo_x_cpu,1127
3305,yolo_x_cpu,1109
3306,yolo_x_cpu,1096
3307,yolo_x_cpu,1083
3308,yolo_x_cpu,1083
3309,yolo_x_cpu,1067
3310,yolo_x_cpu,1076
3311,yolo_x_cpu,1015
3312,yolo_x_cpu,1038
3313,yolo_x_cpu,1054
3314,yolo_x_cpu,1072
3315,yolo_x_cpu,1032
3316,yolo_x_cpu,1044
3317,yolo_x_cpu,1033
3318,yolo_x_cpu,1033
3319,yolo_x_cpu,991
3320,yolo_x_cpu,1007
3321,yolo_x_cpu,1049
3322,yolo_x_cpu,992
3323,yolo_x_cpu,987
3324,yolo_x_cpu,992
3325,yolo_x_cpu,1049
3326,yolo_x_cpu,1039
3327,yolo_x_cpu,1063
3328,yolo_x_cpu,1031
3329,yolo_x_cpu,999
3330,yolo_x_cpu,977
3331,yolo_x_cpu,1030
3332,yolo_x_cpu,1025
3333,yolo_x_cpu,976
3334,yolo_x_cpu,989
3335,yolo_x_cpu,978
3336,yolo_x_cpu,957
3337,yolo_x_cpu,981
3338,yolo_x_cpu,1033
3339,yolo_x_cpu,1064
3340,yolo_x_cpu,1064
3341,yolo_x_cpu,1019
3342,yolo_x_cpu,1032
3343,yolo_x_cpu,1016
3344,yolo_x_cpu,1063
3345,yolo_x_cpu,1050
3346,yolo_x_cpu,1078
3347,yolo_x_cpu,1089
3348,yolo_x_cpu,1116
3349,yolo_x_cpu,1085
3350,yolo_x_cpu,1037
3351,yolo_x_cpu,1067
3352,yolo_x_cpu,1066
3353,yolo_x_cpu,1048
3354,yolo_x_cpu,1048
3355,yolo_x_cpu,1039
3356,yolo_x_cpu,1030
3357,yolo_x_cpu,1112
3358,yolo_x_cpu,1178
3359,yolo_x_cpu,1143
3360,yolo_x_cpu,1173
3361,yolo_x_cpu,1090
3362,yolo_x_cpu,1037
3363,yolo_x_cpu,1002
3364,yolo_x_cpu,1058
3365,yolo_x_cpu,1087
3366,yolo_x_cpu,1066
3367,yolo_x_cpu,1054
3368,yolo_x_cpu,1038
3369,yolo_x_cpu,996
3370,yolo_x_cpu,1014
3371,yolo_x_cpu,1026
3372,yolo_x_cpu,1105
3373,yolo_x_cpu,1140
3374,yolo_x_cpu,1148
3375,yolo_x_cpu,1084
3376,yolo_x_cpu,1099
3377,yolo_x_cpu,1129
3378,yolo_x_cpu,1082
3379,yolo_x_cpu,1088
3380,yolo_x_cpu,1053
3381,yolo_x_cpu,1080
3382,yolo_x_cpu,1152
3383,yolo_x_cpu,1109
3384,yolo_x_cpu,1069
3385,yolo_x_cpu,1049
3386,yolo_x_cpu,1015
3387,yolo_x_cpu,1024
3388,yolo_x_cpu,996
3389,yolo_x_cpu,1073
3390,yolo_x_cpu,1068
3391,yolo_x_cpu,1097
3392,yolo_x_cpu,1114
3393,yolo_x_cpu,1043
3394,yolo_x_cpu,1005
3395,yolo_x_cpu,1084
3396,yolo_x_cpu,1071
3397,yolo_x_cpu,1082
3398,yolo_x_cpu,1061
3399,yolo_x_cpu,1032
3400,yolo_x_cpu,1066
3401,yolo_x_cpu,1096
3402,yolo_x_cpu,1018
3403,yolo_x_cpu,975
3404,yolo_x_cpu,991
3405,yolo_x_cpu,1008
3406,yolo_x_cpu,1001
3407,yolo_x_cpu,976
3408,yolo_x_cpu,1035
3409,yolo_x_cpu,1043
3410,yolo_x_cpu,1025
3411,yolo_x_cpu,1092
3412,yolo_x_cpu,1033
3413,yolo_x_cpu,1049
3414,yolo_x_cpu,1064
3415,yolo_x_cpu,1044
3416,yolo_x_cpu,1003
3417,yolo_x_cpu,980
3418,yolo_x_cpu,1058
3419,yolo_x_cpu,1071
3420,yolo_x_cpu,1046
3421,yolo_x_cpu,1081
3422,yolo_x_cpu,1063
3423,yolo_x_cpu,1141
3424,yolo_x_cpu,1088
3425,yolo_x_cpu,1100
3426,yolo_x_cpu,1101
3427,yolo_x_cpu,1109
3428,yolo_x_cpu,1094
3429,yolo_x_cpu,1111
3430,yolo_x_cpu,1102
3431,yolo_x_cpu,1087
3432,yolo_x_cpu,1153
3433,yolo_x_cpu,1136
3434,yolo_x_cpu,1086
3435,yolo_x_cpu,1115
3436,yolo_x_cpu,1081
3437,yolo_x_cpu,1022
3438,yolo_x_cpu,1115
3439,yolo_x_cpu,1092
3440,yolo_x_cpu,1060
3441,yolo_x_cpu,1080
3442,yolo_x_cpu,1087
3443,yolo_x_cpu,1038
3444,yolo_x_cpu,1078
3445,yolo_x_cpu,1039
3446,yolo_x_cpu,1073
3447,yolo_x_cpu,1033
3448,yolo_x_cpu,1004
3449,yolo_x_cpu,971
3450,yolo_x_cpu,987
3451,yolo_x_cpu,966
3452,yolo_x_cpu,1002
3453,yolo_x_cpu,1021
3454,yolo_x_cpu,1051
3455,yolo_x_cpu,1039
3456,yolo_x_cpu,1039
3457,yolo_x_cpu,1026
3458,yolo_x_cpu,978
3459,yolo_x_cpu,956
3460,yolo_x_cpu,951
3461,yolo_x_cpu,932
3462,yolo_x_cpu,905
3463,yolo_x_cpu,928
3464,yolo_x_cpu,986
3465,yolo_x_cpu,970
3466,yolo_x_cpu,916
3467,yolo_x_cpu,877
3468,yolo_x_cpu,872
3469,yolo_x_cpu,932
3470,yolo_x_cpu,918
3471,yolo_x_cpu,913
3472,yolo_x_cpu,870
3473,yolo_x_cpu,849
3474,yolo_x_cpu,819
3475,yolo_x_cpu,855
3476,yolo_x_cpu,854
3477,yolo_x_cpu,932
3478,yolo_x_cpu,838
3479,yolo_x_cpu,830
3480,yolo_x_cpu,856
3481,yolo_x_cpu,817
3482,yolo_x_cpu,856
3483,yolo_x_cpu,919
3484,yolo_x_cpu,918
3485,yolo_x_cpu,888
3486,yolo_x_cpu,906
3487,yolo_x_cpu,871
3488,yolo_x_cpu,944
3489,yolo_x_cpu,963
3490,yolo_x_cpu,980
3491,yolo_x_cpu,938
3492,yolo_x_cpu,936
3493,yolo_x_cpu,840
3494,yolo_x_cpu,834
3495,yolo_x_cpu,873
3496,yolo_x_cpu,887
3497,yolo_x_cpu,806
3498,yolo_x_cpu,783
3499,yolo_x_cpu,830
3500,yolo_x_cpu,900
3501,yolo_x_cpu,880
3502,yolo_x_cpu,867
3503,yolo_x_cpu,803
3504,yolo_x_cpu,822
3505,yolo_x_cpu,849
3506,yolo_x_cpu,822
3507,yolo_x_cpu,851
3508,yolo_x_cpu,856
3509,yolo_x_cpu,864
3510,yolo_x_cpu,828
3511,yolo_x_cpu,865
3512,yolo_x_cpu,845
3513,yolo_x_cpu,840
3514,yolo_x_cpu,787
3515,yolo_x_cpu,836
3516,yolo_x_cpu,800
3517,yolo_x_cpu,785
3518,yolo_x_cpu,800
3519,yolo_x_cpu,813
3520,yolo_x_cpu,778
3521,yolo_x_cpu,812
3522,yolo_x_cpu,802
3523,yolo_x_cpu,851
3524,yolo_x_cpu,829
3525,yolo_x_cpu,827
3526,yolo_x_cpu,736
3527,yolo_x_cpu,831
3528,yolo_x_cpu,899
3529,yolo_x_cpu,871
3530,yolo_x_cpu,806
3531,yolo_x_cpu,820
3532,yolo_x_cpu,838
3533,yolo_x_cpu,854
3534,yolo_x_cpu,911
3535,yolo_x_cpu,845
3536,yolo_x_cpu,853
3537,yolo_x_cpu,900
3538,yolo_x_cpu,755
3539,yolo_x_cpu,823
3540,yolo_x_cpu,807
3541,yolo_x_cpu,801
3542,yolo_x_cpu,784
3543,yolo_x_cpu,823
3544,yolo_x_cpu,825
3545,yolo_x_cpu,852
3546,yolo_x_cpu,822
3547,yolo_x_cpu,776
3548,yolo_x_cpu,825
3549,yolo_x_cpu,772
3550,yolo_x_cpu,756
3551,yolo_x_cpu,772
3552,yolo_x_cpu,783
3553,yolo_x_cpu,737
3554,yolo_x_cpu,757
3555,yolo_x_cpu,766
3556,yolo_x_cpu,698
3557,yolo_x_cpu,729
3558,yolo_x_cpu,713
3559,yolo_x_cpu,731
3560,yolo_x_cpu,720
3561,yolo_x_cpu,645
3562,yolo_x_cpu,673
3563,yolo_x_cpu,686
3564,yolo_x_cpu,742
3565,yolo_x_cpu,695
3566,yolo_x_cpu,727
3567,yolo_x_cpu,742
3568,yolo_x_cpu,764
3569,yolo_x_cpu,718
3570,yolo_x_cpu,695
3571,yolo_x_cpu,747
3572,yolo_x_cpu,747
3573,yolo_x_cpu,736
3574,yolo_x_cpu,735
3575,yolo_x_cpu,722
3576,yolo_x_cpu,698
3577,yolo_x_cpu,729
3578,yolo_x_cpu,738
3579,yolo_x_cpu,770
3580,yolo_x_cpu,718
3581,yolo_x_cpu,690
3582,yolo_x_cpu,673
3583,yolo_x_cpu,644
3584,yolo_x_cpu,622
3585,yolo_x_cpu,662
3586,yolo_x_cpu,668
3587,yolo_x_cpu,679
3588,yolo_x_cpu,685
3589,yolo_x_cpu,684
3590,yolo_x_cpu,665
3591,yolo_x_cpu,678
3592,yolo_x_cpu,668
3593,yolo_x_cpu,673
3594,yolo_x_cpu,694
3595,yolo_x_cpu,722
3596,yolo_x_cpu,769
3597,yolo_x_cpu,741
3598,yolo_x_cpu,724
3599,yolo_x_cpu,710
3600,yolo_x_cpu,723
3601,yolo_x_cpu,761
3602,yolo_x_cpu,726
3603,yolo_x_cpu,767
3604,yolo_x_cpu,773
3605,yolo_x_cpu,766
3606,yolo_x_cpu,714
3607,yolo_x_cpu,723
3608,yolo_x_cpu,723
3609,yolo_x_cpu,769
3610,yolo_x_cpu,727
3611,yolo_x_cpu,792
3612,yolo_x_cpu,705
3613,yolo_x_cpu,767
3614,yolo_x_cpu,737
3615,yolo_x_cpu,727
3616,yolo_x_cpu,750
3617,yolo_x_cpu,712
3618,yolo_x_cpu,739
3619,yolo_x_cpu,731
3620,yolo_x_cpu,734
3621,yolo_x_cpu,701
3622,yolo_x_cpu,728
3623,yolo_x_cpu,728
3624,yolo_x_cpu,715
3625,yolo_x_cpu,699
3626,yolo_x_cpu,666
3627,yolo_x_cpu,652
3628,yolo_x_cpu,670
3629,yolo_x_cpu,650
3630,yolo_x_cpu,683
3631,yolo_x_cpu,701
3632,yolo_x_cpu,690
3633,yolo_x_cpu,691
3634,yolo_x_cpu,685
3635,yolo_x_cpu,683
3636,yolo_x_cpu,643
3637,yolo_x_cpu,574
3638,yolo_x_cpu,597
3639,yolo_x_cpu,622
3640,yolo_x_cpu,693
3641,yolo_x_cpu,665
3642,yolo_x_cpu,662
3643,yolo_x_cpu,702
3644,yolo_x_cpu,713
3645,yolo_x_cpu,682
3646,yolo_x_cpu,693
3647,yolo_x_cpu,657
3648,yolo_x_cpu,632
3649,yolo_x_cpu,644
3650,yolo_x_cpu,677
3651,yolo_x_cpu,702
3652,yolo_x_cpu,693
3653,yolo_x_cpu,717
3654,yolo_x_cpu,679
3655,yolo_x_cpu,685
3656,yolo_x_cpu,657
3657,yolo_x_cpu,712
3658,yolo_x_cpu,653
3659,yolo_x_cpu,737
3660,yolo_x_cpu,672
3661,yolo_x_cpu,671
3662,yolo_x_cpu,719
3663,yolo_x_cpu,652
3664,yolo_x_cpu,630
3665,yolo_x_cpu,686
3666,yolo_x_cpu,643
3667,yolo_x_cpu,650
3668,yolo_x_cpu,606
3669,yolo_x_cpu,652
3670,yolo_x_cpu,617
3671,yolo_x_cpu,547
3672,yolo_x_cpu,567
3673,yolo_x_cpu,546
3674,yolo_x_cpu,616
3675,yolo_x_cpu,598
3676,yolo_x_cpu,571
3677,yolo_x_cpu,546
3678,yolo_x_cpu,551
3679,yolo_x_cpu,622
3680,yolo_x_cpu,570
3681,yolo_x_cpu,568
3682,yolo_x_cpu,540
3683,yolo_x_cpu,561
3684,yolo_x_cpu,507
3685,yolo_x_cpu,515
3686,yolo_x_cpu,501
3687,yolo_x_cpu,528
3688,yolo_x_cpu,506
3689,yolo_x_cpu,543
3690,yolo_x_cpu,495
3691,yolo_x_cpu,552
3692,yolo_x_cpu,552
3693,yolo_x_cpu,553
3694,yolo_x_cpu,540
3695,yolo_x_cpu,534
3696,yolo_x_cpu,537
3697,yolo_x_cpu,505
3698,yolo_x_cpu,523
3699,yolo_x_cpu,481
3700,yolo_x_cpu,523
3701,yolo_x_cpu,453
3702,yolo_x_cpu,514
3703,yolo_x_cpu,472
3704,yolo_x_cpu,449
3705,yolo_x_cpu,485
3706,yolo_x_cpu,487
3707,yolo_x_cpu,534
3708,yolo_x_cpu,505
3709,yolo_x_cpu,519
3710,yolo_x_cpu,474
3711,yolo_x_cpu,459
3712,yolo_x_cpu,481
3713,yolo_x_cpu,444
3714,yolo_x_cpu,442
3715,yolo_x_cpu,500
3716,yolo_x_cpu,479
3717,yolo_x_cpu,504
3718,yolo_x_cpu,416
3719,yolo_x_cpu,438
3720,yolo_x_cpu,492
3721,yolo_x_cpu,445
3722,yolo_x_cpu,480
3723,yolo_x_cpu,521
3724,yolo_x_cpu,473
3725,yolo_x_cpu,419
3726,yolo_x_cpu,530
3727,yolo_x_cpu,472
3728,yolo_x_cpu,474
3729,yolo_x_cpu,457
3730,yolo_x_cpu,440
3731,yolo_x_cpu,414
3732,yolo_x_cpu,379
3733,yolo_x_cpu,328
3734,yolo_x_cpu,322
3735,yolo_x_cpu,313
3736,yolo_x_cpu,339
3737,yolo_x_cpu,373
3738,yolo_x_cpu,354
3739,yolo_x_cpu,319
3740,yolo_x_cpu,336
3741,yolo_x_cpu,292
3742,yolo_x_cpu,266
3743,yolo_x_cpu,310
3744,yolo_x_cpu,305
3745,yolo_x_cpu,273
3746,yolo_x_cpu,286
3747,yolo_x_cpu,295
3748,yolo_x_cpu,269
3749,yolo_x_cpu,288
3750,yolo_x_cpu,299
3751,yolo_x_cpu,308
3752,yolo_x_cpu,288
3753,yolo_x_cpu,328
3754,yolo_x_cpu,311
3755,yolo_x_cpu,263
3756,yolo_x_cpu,297
3757,yolo_x_cpu,256
3758,yolo_x_cpu,270
3759,yolo_x_cpu,280
3760,yolo_x_cpu,282
3761,yolo_x_cpu,250
3762,yolo_x_cpu,241
3763,yolo_x_cpu,257
3764,yolo_x_cpu,268
3765,yolo_x_cpu,269
3766,yolo_x_cpu,254
3767,yolo_x_cpu,242
3768,yolo_x_cpu,239
3769,yolo_x_cpu,228
3770,yolo_x_cpu,272
3771,yolo_x_cpu,234
3772,yolo_x_cpu,277
3773,yolo_x_cpu,242
3774,yolo_x_cpu,265
3775,yolo_x_cpu,247
3776,yolo_x_cpu,206
3777,yolo_x_cpu,234
3778,yolo_x_cpu,217
3779,yolo_x_cpu,228
3780,yolo_x_cpu,190
3781,yolo_x_cpu,207
3782,yolo_x_cpu,221
3783,yolo_x_cpu,210
3784,yolo_x_cpu,226
3785,yolo_x_cpu,239
3786,yolo_x_cpu,249
3787,yolo_x_cpu,245
3788,yolo_x_cpu,238
3789,yolo_x_cpu,246
3790,yolo_x_cpu,227
3791,yolo_x_cpu,257
3792,yolo_x_cpu,205
3793,yolo_x_cpu,185
3794,yolo_x_cpu,181
3795,yolo_x_cpu,203
3796,yolo_x_cpu,164
3797,yolo_x_cpu,217
3798,yolo_x_cpu,192
3799,yolo_x_cpu,157
3800,yolo_x_cpu,159
3801,yolo_x_cpu,172
3802,yolo_x_cpu,185
3803,yolo_x_cpu,185
3804,yolo_x_cpu,175
3805,yolo_x_cpu,169
3806,yolo_x_cpu,188
3807,yolo_x_cpu,202
3808,yolo_x_cpu,201
3809,yolo_x_cpu,169
3810,yolo_x_cpu,187
3811,yolo_x_cpu,161
3812,yolo_x_cpu,156
3813,yolo_x_cpu,140
3814,yolo_x_cpu,139
3815,yolo_x_cpu,140
3816,yolo_x_cpu,146
3817,yolo_x_cpu,136
3818,yolo_x_cpu,156
3819,yolo_x_cpu,154
3820,yolo_x_cpu,167
3821,yolo_x_cpu,135
3822,yolo_x_cpu,144
3823,yolo_x_cpu,142
3824,yolo_x_cpu,157
3825,yolo_x_cpu,157
3826,yolo_x_cpu,143
3827,yolo_x_cpu,119
3828,yolo_x_cpu,117
3829,yolo_x_cpu,123
3830,yolo_x_cpu,139
3831,yolo_x_cpu,154
3832,yolo_x_cpu,102
3833,yolo_x_cpu,110
3834,yolo_x_cpu,119
3835,yolo_x_cpu,133
3836,yolo_x_cpu,108
3837,yolo_x_cpu,127
3838,yolo_x_cpu,145
3839,yolo_x_cpu,155
3840,yolo_x_cpu,166
3841,yolo_x_cpu,135
3842,yolo_x_cpu,146
3843,yolo_x_cpu,148
3844,yolo_x_cpu,132
3845,yolo_x_cpu,162
3846,yolo_x_cpu,165
3847,yolo_x_cpu,158
3848,yolo_x_cpu,169
3849,yolo_x_cpu,146
3850,yolo_x_cpu,142
3851,yolo_x_cpu,138
3852,yolo_x_cpu,161
3853,yolo_x_cpu,157
3854,yolo_x_cpu,143
3855,yolo_x_cpu,155
3856,yolo_x_cpu,162
3857,yolo_x_cpu,176
3858,yolo_x_cpu,158
3859,yolo_x_cpu,155
3860,yolo_x_cpu,150
3861,yolo_x_cpu,143
3862,yolo_x_cpu,148
3863,yolo_x_cpu,163
3864,yolo_x_cpu,147
3865,yolo_x_cpu,125
3866,yolo_x_cpu,138
3867,yolo_x_cpu,126
3868,yolo_x_cpu,131
3869,yolo_x_cpu,149
3870,yolo_x_cpu,149
3871,yolo_x_cpu,155
3872,yolo_x_cpu,139
3873,yolo_x_cpu,124
3874,yolo_x_cpu,134
3875,yolo_x_cpu,121
3876,yolo_x_cpu,126
3877,yolo_x_cpu,129
3878,yolo_x_cpu,135
3879,yolo_x_cpu,121
3880,yolo_x_cpu,126
3881,yolo_x_cpu,128
3882,yolo_x_cpu,92
3883,yolo_x_cpu,105
3884,yolo_x_cpu,109
3885,yolo_x_cpu,103
3886,yolo_x_cpu,93
3887,yolo_x_cpu,77
3888,yolo_x_cpu,79
3889,yolo_x_cpu,87
3890,yolo_x_cpu,88
3891,yolo_x_cpu,108
3892,yolo_x_cpu,107
3893,yolo_x_cpu,101
3894,yolo_x_cpu,105
3895,yolo_x_cpu,102
3896,yolo_x_cpu,102
3897,yolo_x_cpu,112
3898,yolo_x_cpu,93
3899,yolo_x_cpu,85
3900,yolo_x_cpu,97
3901,yolo_x_cpu,99
3902,yolo_x_cpu,97
3903,yolo_x_cpu,96
3904,yolo_x_cpu,94
3905,yolo_x_cpu,78
3906,yolo_x_cpu,66
3907,yolo_x_cpu,60
3908,yolo_x_cpu,79
3909,yolo_x_cpu,77
3910,yolo_x_cpu,79
3911,yolo_x_cpu,81
3912,yolo_x_cpu,64
3913,yolo_x_cpu,66
3914,yolo_x_cpu,66
3915,yolo_x_cpu,65
3916,yolo_x_cpu,72
3917,yolo_x_cpu,62
3918,yolo_x_cpu,83
3919,yolo_x_cpu,68
3920,yolo_x_cpu,73
3921,yolo_x_cpu,84
3922,yolo_x_cpu,78
3923,yolo_x_cpu,72
3924,yolo_x_cpu,64
3925,yolo_x_cpu,70
3926,yolo_x_cpu,74
3927,yolo_x_cpu,71
3928,yolo_x_cpu,88
3929,yolo_x_cpu,78
3930,yolo_x_cpu,68
3931,yolo_x_cpu,77
3932,yolo_x_cpu,84
3933,yolo_x_cpu,74
3934,yolo_x_cpu,70
3935,yolo_x_cpu,81
3936,yolo_x_cpu,79
3937,yolo_x_cpu,78
3938,yolo_x_cpu,82
3939,yolo_x_cpu,71
3940,yolo_x_cpu,56
3941,yolo_x_cpu,60
3942,yolo_x_cpu,75
3943,yolo_x_cpu,88
3944,yolo_x_cpu,68
3945,yolo_x_cpu,71
3946,yolo_x_cpu,63
3947,yolo_x_cpu,51
3948,yolo_x_cpu,50
3949,yolo_x_cpu,44
3950,yolo_x_cpu,56
3951,yolo_x_cpu,58
3952,yolo_x_cpu,59
3953,yolo_x_cpu,46
3954,yolo_x_cpu,52
3955,yolo_x_cpu,61
3956,yolo_x_cpu,66
3957,yolo_x_cpu,49
3958,yolo_x_cpu,33
3959,yolo_x_cpu,28
3960,yolo_x_cpu,28
3961,yolo_x_cpu,25
3962,yolo_x_cpu,23
3963,yolo_x_cpu,28
3964,yolo_x_cpu,39
3965,yolo_x_cpu,31
3966,yolo_x_cpu,28
3967,yolo_x_cpu,24
3968,yolo_x_cpu,51
3969,yolo_x_cpu,59
3970,yolo_x_cpu,54
3971,yolo_x_cpu,65
3972,yolo_x_cpu,53
3973,yolo_x_cpu,70
3974,yolo_x_cpu,65
3975,yolo_x_cpu,78
3976,yolo_x_cpu,81
3977,yolo_x_cpu,83
3978,yolo_x_cpu,78
3979,yolo_x_cpu,63
3980,yolo_x_cpu,61
3981,yolo_x_cpu,66
3982,yolo_x_cpu,65
3983,yolo_x_cpu,75
3984,yolo_x_cpu,77
3985,yolo_x_cpu,56
3986,yolo_x_cpu,58
3987,yolo_x_cpu,53
3988,yolo_x_cpu,56
3989,yolo_x_cpu,79
3990,yolo_x_cpu,84
3991,yolo_x_cpu,107
3992,yolo_x_cpu,79
3993,yolo_x_cpu,83
3994,yolo_x_cpu,66
3995,yolo_x_cpu,72
3996,yolo_x_cpu,80
3997,yolo_x_cpu,69
3998,yolo_x_cpu,77
3999,yolo_x_cpu,84
4000,yolo_x_cpu,56
4001,yolo_x_cpu,40
4002,yolo_x_cpu,46
4003,yolo_x_cpu,37
4004,yolo_x_cpu,38
4005,yolo_x_cpu,34
4006,yolo_x_cpu,40
4007,yolo_x_cpu,39
4008,yolo_x_cpu,45
4009,yolo_x_cpu,52
4010,yolo_x_cpu,46
4011,yolo_x_cpu,39
4012,yolo_x_cpu,34
4013,yolo_x_cpu,23
4014,yolo_x_cpu,21
4015,yolo_x_cpu,18
4016,yolo_x_cpu,27
4017,yolo_x_cpu,38
4018,yolo_x_cpu,34
4019,yolo_x_cpu,29
4020,yolo_x_cpu,39
4021,yolo_x_cpu,2939
4022,yolo_x_cpu,3069
4023,yolo_x_cpu,2180
4024,yolo_x_cpu,577
4025,yolo_x_cpu,475
4026,yolo_x_cpu,378
4027,yolo_x_cpu,344
4028,yolo_x_cpu,251
4029,yolo_x_cpu,210
4030,yolo_x_cpu,203
4031,yolo_x_cpu,210
4032,yolo_x_cpu,216
4033,yolo_x_cpu,271
4034,yolo_x_cpu,296
4035,yolo_x_cpu,267
4036,yolo_x_cpu,269
4037,yolo_x_cpu,252
4038,yolo_x_cpu,202
4039,yolo_x_cpu,167
4040,yolo_x_cpu,198
4041,yolo_x_cpu,163
4042,yolo_x_cpu,163
4043,yolo_x_cpu,168
4044,yolo_x_cpu,206
4045,yolo_x_cpu,200
4046,yolo_x_cpu,131
4047,yolo_x_cpu,131
4048,yolo_x_cpu,96
4049,yolo_x_cpu,89
4050,yolo_x_cpu,100
4051,yolo_x_cpu,86
4052,yolo_x_cpu,74
4053,yolo_x_cpu,84
4054,yolo_x_cpu,126
4055,yolo_x_cpu,89
4056,yolo_x_cpu,93
4057,yolo_x_cpu,114
4058,yolo_x_cpu,71
4059,yolo_x_cpu,80
4060,yolo_x_cpu,79
4061,yolo_x_cpu,67
4062,yolo_x_cpu,63
4063,yolo_x_cpu,43
4064,yolo_x_cpu,55
4065,yolo_x_cpu,65
4066,yolo_x_cpu,78
4067,yolo_x_cpu,67
4068,yolo_x_cpu,87
4069,yolo_x_cpu,102
4070,yolo_x_cpu,103
4071,yolo_x_cpu,111
4072,yolo_x_cpu,120
4073,yolo_x_cpu,93
4074,yolo_x_cpu,60
4075,yolo_x_cpu,51
4076,yolo_x_cpu,62
4077,yolo_x_cpu,83
4078,yolo_x_cpu,51
4079,yolo_x_cpu,50
4080,yolo_x_cpu,64
4081,yolo_x_cpu,51
4082,yolo_x_cpu,41
4083,yolo_x_cpu,57
4084,yolo_x_cpu,43
4085,yolo_x_cpu,22
4086,yolo_x_cpu,60
4087,yolo_x_cpu,68
4088,yolo_x_cpu,30
4089,yolo_x_cpu,49
4090,yolo_x_cpu,29
4091,yolo_x_cpu,30
4092,yolo_x_cpu,58
4093,yolo_x_cpu,65
4094,yolo_x_cpu,32
4095,yolo_x_cpu,21
4096,yolo_x_cpu,24
4097,yolo_x_cpu,40
4098,yolo_x_cpu,34
4099,yolo_x_cpu,52
4100,yolo_x_cpu,34
4101,yolo_x_cpu,54
4102,yolo_x_cpu,54
4103,yolo_x_cpu,76
4104,yolo_x_cpu,73
4105,yolo_x_cpu,86
4106,yolo_x_cpu,63
4107,yolo_x_cpu,34
4108,yolo_x_cpu,44
4109,yolo_x_cpu,31
4110,yolo_x_cpu,30
4111,yolo_x_cpu,46
4112,yolo_x_cpu,38
4113,yolo_x_cpu,34
4114,yolo_x_cpu,35
4115,yolo_x_cpu,20
4116,yolo_x_cpu,14
4117,yolo_x_cpu,37
4118,yolo_x_cpu,22
4119,yolo_x_cpu,36
4120,yolo_x_cpu,24
4121,yolo_x_cpu,28
4122,yolo_x_cpu,29
4123,yolo_x_cpu,43
4124,yolo_x_cpu,37
4125,yolo_x_cpu,27
4126,yolo_x_cpu,40
4127,yolo_x_cpu,30
4128,yolo_x_cpu,25
4129,yolo_x_cpu,40
4130,yolo_x_cpu,27
4131,yolo_x_cpu,24
4132,yolo_x_cpu,46
4133,yolo_x_cpu,43
4134,yolo_x_cpu,52
4135,yolo_x_cpu,43
4136,yolo_x_cpu,59
4137,yolo_x_cpu,37
4138,yolo_x_cpu,39
4139,yolo_x_cpu,48
4140,yolo_x_cpu,30
4141,yolo_x_cpu,54
4142,yolo_x_cpu,36
4143,yolo_x_cpu,40
4144,yolo_x_cpu,22
4145,yolo_x_cpu,23
4146,yolo_x_cpu,25
4147,yolo_x_cpu,15
4148,yolo_x_cpu,25
4149,yolo_x_cpu,24
4150,yolo_x_cpu,15
4151,yolo_x_cpu,28
4152,yolo_x_cpu,21
4153,yolo_x_cpu,14
4154,yolo_x_cpu,15
4155,yolo_x_cpu,12
4156,yolo_x_cpu,12
4157,yolo_x_cpu,17
4158,yolo_x_cpu,21
4159,yolo_x_cpu,17
4160,yolo_x_cpu,10
4161,yolo_x_cpu,23
4162,yolo_x_cpu,15
4163,yolo_x_cpu,26
4164,yolo_x_cpu,31
4165,yolo_x_cpu,27
4166,yolo_x_cpu,24
4167,yolo_x_cpu,27
4168,yolo_x_cpu,23
4169,yolo_x_cpu,24
4170,yolo_x_cpu,43
4171,yolo_x_cpu,29
4172,yolo_x_cpu,26
4173,yolo_x_cpu,35
4174,yolo_x_cpu,42
4175,yolo_x_cpu,43
4176,yolo_x_cpu,50
4177,yolo_x_cpu,50
4178,yolo_x_cpu,48
4179,yolo_x_cpu,35
4180,yolo_x_cpu,33
4181,yolo_x_cpu,29
4182,yolo_x_cpu,25
4183,yolo_x_cpu,26
4184,yolo_x_cpu,20
4185,yolo_x_cpu,23
4186,yolo_x_cpu,28
4187,yolo_x_cpu,33
4188,yolo_x_cpu,23
4189,yolo_x_cpu,21
4190,yolo_x_cpu,14
4191,yolo_x_cpu,24
4192,yolo_x_cpu,16
4193,yolo_x_cpu,30
4194,yolo_x_cpu,29
4195,yolo_x_cpu,24
4196,yolo_x_cpu,28
4197,yolo_x_cpu,29
4198,yolo_x_cpu,23
4199,yolo_x_cpu,27
4200,yolo_x_cpu,30
4201,yolo_x_cpu,29
4202,yolo_x_cpu,41
4203,yolo_x_cpu,38
4204,yolo_x_cpu,64
4205,yolo_x_cpu,59
4206,yolo_x_cpu,76
4207,yolo_x_cpu,59
4208,yolo_x_cpu,49
4209,yolo_x_cpu,61
4210,yolo_x_cpu,60
4211,yolo_x_cpu,77
4212,yolo_x_cpu,61
4213,yolo_x_cpu,64
4214,yolo_x_cpu,54
4215,yolo_x_cpu,56
4216,yolo_x_cpu,64
4217,yolo_x_cpu,63
4218,yolo_x_cpu,70
4219,yolo_x_cpu,69
4220,yolo_x_cpu,79
4221,yolo_x_cpu,66
4222,yolo_x_cpu,58
4223,yolo_x_cpu,71
4224,yolo_x_cpu,81
4225,yolo_x_cpu,101
4226,yolo_x_cpu,107
4227,yolo_x_cpu,108
4228,yolo_x_cpu,111
4229,yolo_x_cpu,121
4230,yolo_x_cpu,114
4231,yolo_x_cpu,118
4232,yolo_x_cpu,140
4233,yolo_x_cpu,168
4234,yolo_x_cpu,159
4235,yolo_x_cpu,174
4236,yolo_x_cpu,184
4237,yolo_x_cpu,166
4238,yolo_x_cpu,189
4239,yolo_x_cpu,187
4240,yolo_x_cpu,205
4241,yolo_x_cpu,196
4242,yolo_x_cpu,175
4243,yolo_x_cpu,179
4244,yolo_x_cpu,194
4245,yolo_x_cpu,241
4246,yolo_x_cpu,260
4247,yolo_x_cpu,292
4248,yolo_x_cpu,290
4249,yolo_x_cpu,289
4250,yolo_x_cpu,278
4251,yolo_x_cpu,287
4252,yolo_x_cpu,264
4253,yolo_x_cpu,289
4254,yolo_x_cpu,250
4255,yolo_x_cpu,279
4256,yolo_x_cpu,300
4257,yolo_x_cpu,308
4258,yolo_x_cpu,315
4259,yolo_x_cpu,324
4260,yolo_x_cpu,315
4261,yolo_x_cpu,334
4262,yolo_x_cpu,338
4263,yolo_x_cpu,365
4264,yolo_x_cpu,343
4265,yolo_x_cpu,392
4266,yolo_x_cpu,375
4267,yolo_x_cpu,368
4268,yolo_x_cpu,395
4269,yolo_x_cpu,393
4270,yolo_x_cpu,415
4271,yolo_x_cpu,385
4272,yolo_x_cpu,464
4273,yolo_x_cpu,451
4274,yolo_x_cpu,434
4275,yolo_x_cpu,495
4276,yolo_x_cpu,504
4277,yolo_x_cpu,483
4278,yolo_x_cpu,490
4279,yolo_x_cpu,476
4280,yolo_x_cpu,473
4281,yolo_x_cpu,457
4282,yolo_x_cpu,533
4283,yolo_x_cpu,515
4284,yolo_x_cpu,555
4285,yolo_x_cpu,549
4286,yolo_x_cpu,552
4287,yolo_x_cpu,522
4288,yolo_x_cpu,527
4289,yolo_x_cpu,560
4290,yolo_x_cpu,582
4291,yolo_x_cpu,581
4292,yolo_x_cpu,632
4293,yolo_x_cpu,611
4294,yolo_x_cpu,579
4295,yolo_x_cpu,587
4296,yolo_x_cpu,608
4297,yolo_x_cpu,595
4298,yolo_x_cpu,655
4299,yolo_x_cpu,676
4300,yolo_x_cpu,615
4301,yolo_x_cpu,597
4302,yolo_x_cpu,639
4303,yolo_x_cpu,672
4304,yolo_x_cpu,701
4305,yolo_x_cpu,694
4306,yolo_x_cpu,793
4307,yolo_x_cpu,773
4308,yolo_x_cpu,769
4309,yolo_x_cpu,777
4310,yolo_x_cpu,758
4311,yolo_x_cpu,788
4312,yolo_x_cpu,819
4313,yolo_x_cpu,793
4314,yolo_x_cpu,773
4315,yolo_x_cpu,800
4316,yolo_x_cpu,872
4317,yolo_x_cpu,883
4318,yolo_x_cpu,908
4319,yolo_x_cpu,802
4320,yolo_x_cpu,896
4321,yolo_x_cpu,953
4322,yolo_x_cpu,913
4323,yolo_x_cpu,898
4324,yolo_x_cpu,907
4325,yolo_x_cpu,840
4326,yolo_x_cpu,919
4327,yolo_x_cpu,908
4328,yolo_x_cpu,878
4329,yolo_x_cpu,950
4330,yolo_x_cpu,909
4331,yolo_x_cpu,877
4332,yolo_x_cpu,909
4333,yolo_x_cpu,916
4334,yolo_x_cpu,887
4335,yolo_x_cpu,886
4336,yolo_x_cpu,812
4337,yolo_x_cpu,861
4338,yolo_x_cpu,837
4339,yolo_x_cpu,797
4340,yolo_x_cpu,821
4341,yolo_x_cpu,841
4342,yolo_x_cpu,817
4343,yolo_x_cpu,831
4344,yolo_x_cpu,829
4345,yolo_x_cpu,859
4346,yolo_x_cpu,871
4347,yolo_x_cpu,826
4348,yolo_x_cpu,755
4349,yolo_x_cpu,764
4350,yolo_x_cpu,746
4351,yolo_x_cpu,741
4352,yolo_x_cpu,745
4353,yolo_x_cpu,771
4354,yolo_x_cpu,779
4355,yolo_x_cpu,739
4356,yolo_x_cpu,770
4357,yolo_x_cpu,774
4358,yolo_x_cpu,785
4359,yolo_x_cpu,783
4360,yolo_x_cpu,837
4361,yolo_x_cpu,837
4362,yolo_x_cpu,882
4363,yolo_x_cpu,876
4364,yolo_x_cpu,951
4365,yolo_x_cpu,851
4366,yolo_x_cpu,900
4367,yolo_x_cpu,868
4368,yolo_x_cpu,840
4369,yolo_x_cpu,856
4370,yolo_x_cpu,849
4371,yolo_x_cpu,891
4372,yolo_x_cpu,913
4373,yolo_x_cpu,877
4374,yolo_x_cpu,811
4375,yolo_x_cpu,835
4376,yolo_x_cpu,917
4377,yolo_x_cpu,885
4378,yolo_x_cpu,901
4379,yolo_x_cpu,880
4380,yolo_x_cpu,869
4381,yolo_x_cpu,843
4382,yolo_x_cpu,777
4383,yolo_x_cpu,823
4384,yolo_x_cpu,826
4385,yolo_x_cpu,780
4386,yolo_x_cpu,853
4387,yolo_x_cpu,840
4388,yolo_x_cpu,826
4389,yolo_x_cpu,902
4390,yolo_x_cpu,863
4391,yolo_x_cpu,860
4392,yolo_x_cpu,829
4393,yolo_x_cpu,794
4394,yolo_x_cpu,863
4395,yolo_x_cpu,834
4396,yolo_x_cpu,850
4397,yolo_x_cpu,883
4398,yolo_x_cpu,875
4399,yolo_x_cpu,909
4400,yolo_x_cpu,773
4401,yolo_x_cpu,830
4402,yolo_x_cpu,816
4403,yolo_x_cpu,865
4404,yolo_x_cpu,939
4405,yolo_x_cpu,905
4406,yolo_x_cpu,887
4407,yolo_x_cpu,902
4408,yolo_x_cpu,786
4409,yolo_x_cpu,784
4410,yolo_x_cpu,844
4411,yolo_x_cpu,811
4412,yolo_x_cpu,840
4413,yolo_x_cpu,851
4414,yolo_x_cpu,840
4415,yolo_x_cpu,830
4416,yolo_x_cpu,939
4417,yolo_x_cpu,930
4418,yolo_x_cpu,940
4419,yolo_x_cpu,953
4420,yolo_x_cpu,935
4421,yolo_x_cpu,894
4422,yolo_x_cpu,940
4423,yolo_x_cpu,855
4424,yolo_x_cpu,924
4425,yolo_x_cpu,914
4426,yolo_x_cpu,952
4427,yolo_x_cpu,951
4428,yolo_x_cpu,966
4429,yolo_x_cpu,928
4430,yolo_x_cpu,944
4431,yolo_x_cpu,909
4432,yolo_x_cpu,893
4433,yolo_x_cpu,932
4434,yolo_x_cpu,925
4435,yolo_x_cpu,833
4436,yolo_x_cpu,968
4437,yolo_x_cpu,933
4438,yolo_x_cpu,931
4439,yolo_x_cpu,929
4440,yolo_x_cpu,896
4441,yolo_x_cpu,922
4442,yolo_x_cpu,933
4443,yolo_x_cpu,975
4444,yolo_x_cpu,858
4445,yolo_x_cpu,925
4446,yolo_x_cpu,955
4447,yolo_x_cpu,951
4448,yolo_x_cpu,1008
4449,yolo_x_cpu,968
4450,yolo_x_cpu,993
4451,yolo_x_cpu,1009
4452,yolo_x_cpu,1043
4453,yolo_x_cpu,1056
4454,yolo_x_cpu,1068
4455,yolo_x_cpu,1029
4456,yolo_x_cpu,1112
4457,yolo_x_cpu,997
4458,yolo_x_cpu,973
4459,yolo_x_cpu,956
4460,yolo_x_cpu,927
4461,yolo_x_cpu,935
4462,yolo_x_cpu,971
4463,yolo_x_cpu,986
4464,yolo_x_cpu,991
4465,yolo_x_cpu,965
4466,yolo_x_cpu,959
4467,yolo_x_cpu,868
4468,yolo_x_cpu,877
4469,yolo_x_cpu,938
4470,yolo_x_cpu,929
4471,yolo_x_cpu,948
4472,yolo_x_cpu,908
4473,yolo_x_cpu,998
4474,yolo_x_cpu,938
4475,yolo_x_cpu,891
4476,yolo_x_cpu,897
4477,yolo_x_cpu,846
4478,yolo_x_cpu,860
4479,yolo_x_cpu,873
4480,yolo_x_cpu,848
4481,yolo_x_cpu,881
4482,yolo_x_cpu,912
4483,yolo_x_cpu,899
4484,yolo_x_cpu,895
4485,yolo_x_cpu,924
4486,yolo_x_cpu,843
4487,yolo_x_cpu,867
4488,yolo_x_cpu,842
4489,yolo_x_cpu,867
4490,yolo_x_cpu,856
4491,yolo_x_cpu,885
4492,yolo_x_cpu,899
4493,yolo_x_cpu,894
4494,yolo_x_cpu,832
4495,yolo_x_cpu,833
4496,yolo_x_cpu,828
4497,yolo_x_cpu,768
4498,yolo_x_cpu,777
4499,yolo_x_cpu,829
4500,yolo_x_cpu,776
4501,yolo_x_cpu,810
4502,yolo_x_cpu,837
4503,yolo_x_cpu,801
4504,yolo_x_cpu,780
4505,yolo_x_cpu,782
4506,yolo_x_cpu,822
4507,yolo_x_cpu,827
4508,yolo_x_cpu,821
4509,yolo_x_cpu,791
4510,yolo_x_cpu,883
4511,yolo_x_cpu,846
4512,yolo_x_cpu,815
4513,yolo_x_cpu,780
4514,yolo_x_cpu,802
4515,yolo_x_cpu,762
4516,yolo_x_cpu,806
4517,yolo_x_cpu,782
4518,yolo_x_cpu,797
4519,yolo_x_cpu,841
4520,yolo_x_cpu,805
4521,yolo_x_cpu,876
4522,yolo_x_cpu,935
4523,yolo_x_cpu,978
4524,yolo_x_cpu,994
4525,yolo_x_cpu,967
4526,yolo_x_cpu,966
4527,yolo_x_cpu,982
4528,yolo_x_cpu,950
4529,yolo_x_cpu,910
4530,yolo_x_cpu,898
4531,yolo_x_cpu,883
4532,yolo_x_cpu,939
4533,yolo_x_cpu,932
4534,yolo_x_cpu,971
4535,yolo_x_cpu,905
4536,yolo_x_cpu,934
4537,yolo_x_cpu,933
4538,yolo_x_cpu,900
4539,yolo_x_cpu,996
4540,yolo_x_cpu,928
4541,yolo_x_cpu,965
4542,yolo_x_cpu,903
4543,yolo_x_cpu,948
4544,yolo_x_cpu,955
4545,yolo_x_cpu,912
4546,yolo_x_cpu,925
4547,yolo_x_cpu,875
4548,yolo_x_cpu,876
4549,yolo_x_cpu,891
4550,yolo_x_cpu,851
4551,yolo_x_cpu,823
4552,yolo_x_cpu,883
4553,yolo_x_cpu,866
4554,yolo_x_cpu,797
4555,yolo_x_cpu,782
4556,yolo_x_cpu,784
4557,yolo_x_cpu,752
4558,yolo_x_cpu,720
4559,yolo_x_cpu,723
4560,yolo_x_cpu,687
4561,yolo_x_cpu,704
4562,yolo_x_cpu,762
4563,yolo_x_cpu,794
4564,yolo_x_cpu,827
4565,yolo_x_cpu,823
4566,yolo_x_cpu,867
4567,yolo_x_cpu,817
4568,yolo_x_cpu,788
4569,yolo_x_cpu,813
4570,yolo_x_cpu,810
4571,yolo_x_cpu,846
4572,yolo_x_cpu,850
4573,yolo_x_cpu,813
4574,yolo_x_cpu,832
4575,yolo_x_cpu,796
4576,yolo_x_cpu,802
4577,yolo_x_cpu,797
4578,yolo_x_cpu,763
4579,yolo_x_cpu,704
4580,yolo_x_cpu,699
4581,yolo_x_cpu,723
4582,yolo_x_cpu,741
4583,yolo_x_cpu,763
4584,yolo_x_cpu,777
4585,yolo_x_cpu,816
4586,yolo_x_cpu,800
4587,yolo_x_cpu,765
4588,yolo_x_cpu,834
4589,yolo_x_cpu,782
4590,yolo_x_cpu,801
4591,yolo_x_cpu,785
4592,yolo_x_cpu,838
4593,yolo_x_cpu,882
4594,yolo_x_cpu,896
4595,yolo_x_cpu,803
4596,yolo_x_cpu,880
4597,yolo_x_cpu,878
4598,yolo_x_cpu,906
4599,yolo_x_cpu,863
4600,yolo_x_cpu,806
4601,yolo_x_cpu,871
4602,yolo_x_cpu,867
4603,yolo_x_cpu,861
4604,yolo_x_cpu,888
4605,yolo_x_cpu,970
4606,yolo_x_cpu,876
4607,yolo_x_cpu,856
4608,yolo_x_cpu,807
4609,yolo_x_cpu,957
4610,yolo_x_cpu,869
4611,yolo_x_cpu,889
4612,yolo_x_cpu,918
4613,yolo_x_cpu,864
4614,yolo_x_cpu,855
4615,yolo_x_cpu,816
4616,yolo_x_cpu,832
4617,yolo_x_cpu,962
4618,yolo_x_cpu,874
4619,yolo_x_cpu,875
4620,yolo_x_cpu,807
4621,yolo_x_cpu,825
4622,yolo_x_cpu,849
4623,yolo_x_cpu,925
4624,yolo_x_cpu,920
4625,yolo_x_cpu,848
4626,yolo_x_cpu,784
4627,yolo_x_cpu,887
4628,yolo_x_cpu,770
4629,yolo_x_cpu,865
4630,yolo_x_cpu,786
4631,yolo_x_cpu,847
4632,yolo_x_cpu,782
4633,yolo_x_cpu,834
4634,yolo_x_cpu,807
4635,yolo_x_cpu,874
4636,yolo_x_cpu,885
4637,yolo_x_cpu,855
4638,yolo_x_cpu,891
4639,yolo_x_cpu,955
4640,yolo_x_cpu,947
4641,yolo_x_cpu,967
4642,yolo_x_cpu,913
4643,yolo_x_cpu,919
4644,yolo_x_cpu,971
4645,yolo_x_cpu,933
4646,yolo_x_cpu,956
4647,yolo_x_cpu,942
4648,yolo_x_cpu,1015
4649,yolo_x_cpu,1067
4650,yolo_x_cpu,1094
4651,yolo_x_cpu,1051
4652,yolo_x_cpu,1106
4653,yolo_x_cpu,1173
4654,yolo_x_cpu,1112
4655,yolo_x_cpu,1178
4656,yolo_x_cpu,1123
4657,yolo_x_cpu,1050
4658,yolo_x_cpu,1070
4659,yolo_x_cpu,1038
4660,yolo_x_cpu,979
4661,yolo_x_cpu,1045
4662,yolo_x_cpu,993
4663,yolo_x_cpu,993
4664,yolo_x_cpu,1027
4665,yolo_x_cpu,953
4666,yolo_x_cpu,1085
4667,yolo_x_cpu,1136
4668,yolo_x_cpu,1034
4669,yolo_x_cpu,1090
4670,yolo_x_cpu,995
4671,yolo_x_cpu,987
4672,yolo_x_cpu,958
4673,yolo_x_cpu,976
4674,yolo_x_cpu,910
4675,yolo_x_cpu,976
4676,yolo_x_cpu,953
4677,yolo_x_cpu,862
4678,yolo_x_cpu,863
4679,yolo_x_cpu,899
4680,yolo_x_cpu,901
4681,yolo_x_cpu,946
4682,yolo_x_cpu,977
4683,yolo_x_cpu,1015
4684,yolo_x_cpu,1022
4685,yolo_x_cpu,1041
4686,yolo_x_cpu,987
4687,yolo_x_cpu,972
4688,yolo_x_cpu,1065
4689,yolo_x_cpu,1026
4690,yolo_x_cpu,964
4691,yolo_x_cpu,969
4692,yolo_x_cpu,978
4693,yolo_x_cpu,977
4694,yolo_x_cpu,982
4695,yolo_x_cpu,984
4696,yolo_x_cpu,974
4697,yolo_x_cpu,1008
4698,yolo_x_cpu,1020
4699,yolo_x_cpu,1000
4700,yolo_x_cpu,963
4701,yolo_x_cpu,953
4702,yolo_x_cpu,899
4703,yolo_x_cpu,977
4704,yolo_x_cpu,972
4705,yolo_x_cpu,1019
4706,yolo_x_cpu,1006
4707,yolo_x_cpu,983
4708,yolo_x_cpu,1024
4709,yolo_x_cpu,990
4710,yolo_x_cpu,974
4711,yolo_x_cpu,943
4712,yolo_x_cpu,932
4713,yolo_x_cpu,848
4714,yolo_x_cpu,907
4715,yolo_x_cpu,1013
4716,yolo_x_cpu,978
4717,yolo_x_cpu,1018
4718,yolo_x_cpu,992
4719,yolo_x_cpu,956
4720,yolo_x_cpu,956
4721,yolo_x_cpu,897
4722,yolo_x_cpu,981
4723,yolo_x_cpu,1046
4724,yolo_x_cpu,991
4725,yolo_x_cpu,973
4726,yolo_x_cpu,985
4727,yolo_x_cpu,1070
4728,yolo_x_cpu,1058
4729,yolo_x_cpu,1044
4730,yolo_x_cpu,1020
4731,yolo_x_cpu,1060
4732,yolo_x_cpu,1010
4733,yolo_x_cpu,986
4734,yolo_x_cpu,975
4735,yolo_x_cpu,1000
4736,yolo_x_cpu,926
4737,yolo_x_cpu,990
4738,yolo_x_cpu,963
4739,yolo_x_cpu,956
4740,yolo_x_cpu,1031
4741,yolo_x_cpu,933
4742,yolo_x_cpu,1010
4743,yolo_x_cpu,990
4744,yolo_x_cpu,1020
4745,yolo_x_cpu,994
4746,yolo_x_cpu,1001
4747,yolo_x_cpu,1004
4748,yolo_x_cpu,1029
4749,yolo_x_cpu,948
4750,yolo_x_cpu,1006
4751,yolo_x_cpu,1022
4752,yolo_x_cpu,1022
4753,yolo_x_cpu,1022
4754,yolo_x_cpu,1006
4755,yolo_x_cpu,959
4756,yolo_x_cpu,954
4757,yolo_x_cpu,971
4758,yolo_x_cpu,1006
4759,yolo_x_cpu,1021
4760,yolo_x_cpu,1032
4761,yolo_x_cpu,1057
4762,yolo_x_cpu,1052
4763,yolo_x_cpu,994
4764,yolo_x_cpu,977
4765,yolo_x_cpu,920
4766,yolo_x_cpu,857
4767,yolo_x_cpu,1013
4768,yolo_x_cpu,992
4769,yolo_x_cpu,969
4770,yolo_x_cpu,953
4771,yolo_x_cpu,991
4772,yolo_x_cpu,1043
4773,yolo_x_cpu,1033
4774,yolo_x_cpu,1009
4775,yolo_x_cpu,992
4776,yolo_x_cpu,1035
4777,yolo_x_cpu,1079
4778,yolo_x_cpu,1079
4779,yolo_x_cpu,1008
4780,yolo_x_cpu,967
4781,yolo_x_cpu,1027
4782,yolo_x_cpu,951
4783,yolo_x_cpu,967
4784,yolo_x_cpu,944
4785,yolo_x_cpu,1016
4786,yolo_x_cpu,1030
4787,yolo_x_cpu,1004
4788,yolo_x_cpu,1058
4789,yolo_x_cpu,1043
4790,yolo_x_cpu,1062
4791,yolo_x_cpu,1014
4792,yolo_x_cpu,1040
4793,yolo_x_cpu,1021
4794,yolo_x_cpu,1020
4795,yolo_x_cpu,1072
4796,yolo_x_cpu,1104
4797,yolo_x_cpu,1073
4798,yolo_x_cpu,1048
4799,yolo_x_cpu,1113
4800,yolo_x_cpu,1112
4801,yolo_x_cpu,1137
4802,yolo_x_cpu,1103
4803,yolo_x_cpu,1156
4804,yolo_x_cpu,1103
4805,yolo_x_cpu,1084
4806,yolo_x_cpu,1117
4807,yolo_x_cpu,1141
4808,yolo_x_cpu,1177
4809,yolo_x_cpu,1238
4810,yolo_x_cpu,1183
4811,yolo_x_cpu,1190
4812,yolo_x_cpu,1149
4813,yolo_x_cpu,1140
4814,yolo_x_cpu,1053
4815,yolo_x_cpu,1175
4816,yolo_x_cpu,1067
4817,yolo_x_cpu,1117
4818,yolo_x_cpu,1061
4819,yolo_x_cpu,1061
4820,yolo_x_cpu,1086
4821,yolo_x_cpu,1068
4822,yolo_x_cpu,1065
4823,yolo_x_cpu,1096
4824,yolo_x_cpu,1110
4825,yolo_x_cpu,1104
4826,yolo_x_cpu,999
4827,yolo_x_cpu,1048
4828,yolo_x_cpu,1065
4829,yolo_x_cpu,1102
4830,yolo_x_cpu,1065
4831,yolo_x_cpu,1115
4832,yolo_x_cpu,1088
4833,yolo_x_cpu,1028
4834,yolo_x_cpu,1045
4835,yolo_x_cpu,1036
4836,yolo_x_cpu,1081
4837,yolo_x_cpu,1045
4838,yolo_x_cpu,1008
4839,yolo_x_cpu,1060
4840,yolo_x_cpu,1090
4841,yolo_x_cpu,1084
4842,yolo_x_cpu,1094
4843,yolo_x_cpu,1098
4844,yolo_x_cpu,1040
4845,yolo_x_cpu,1050
4846,yolo_x_cpu,1030
4847,yolo_x_cpu,1000
4848,yolo_x_cpu,1032
4849,yolo_x_cpu,1018
4850,yolo_x_cpu,1073
4851,yolo_x_cpu,979
4852,yolo_x_cpu,977
4853,yolo_x_cpu,1001
4854,yolo_x_cpu,1021
4855,yolo_x_cpu,1043
4856,yolo_x_cpu,1041
4857,yolo_x_cpu,1109
4858,yolo_x_cpu,1152
4859,yolo_x_cpu,1156
4860,yolo_x_cpu,1194
4861,yolo_x_cpu,1120
4862,yolo_x_cpu,1053
4863,yolo_x_cpu,1086
4864,yolo_x_cpu,1066
4865,yolo_x_cpu,1081
4866,yolo_x_cpu,1017
4867,yolo_x_cpu,1013
4868,yolo_x_cpu,1027
4869,yolo_x_cpu,1004
4870,yolo_x_cpu,1020
4871,yolo_x_cpu,1093
4872,yolo_x_cpu,1080
4873,yolo_x_cpu,1085
4874,yolo_x_cpu,1136
4875,yolo_x_cpu,1058
4876,yolo_x_cpu,1121
4877,yolo_x_cpu,1123
4878,yolo_x_cpu,1160
4879,yolo_x_cpu,1027
4880,yolo_x_cpu,1045
4881,yolo_x_cpu,1061
4882,yolo_x_cpu,1108
4883,yolo_x_cpu,1135
4884,yolo_x_cpu,1100
4885,yolo_x_cpu,1110
4886,yolo_x_cpu,1110
4887,yolo_x_cpu,1090
4888,yolo_x_cpu,1061
4889,yolo_x_cpu,1058
4890,yolo_x_cpu,1028
4891,yolo_x_cpu,1050
4892,yolo_x_cpu,1025
4893,yolo_x_cpu,988
4894,yolo_x_cpu,992
4895,yolo_x_cpu,1098
4896,yolo_x_cpu,1127
4897,yolo_x_cpu,1202
4898,yolo_x_cpu,1134
4899,yolo_x_cpu,1117
4900,yolo_x_cpu,1106
4901,yolo_x_cpu,1123
4902,yolo_x_cpu,1120
4903,yolo_x_cpu,1143
4904,yolo_x_cpu,1142
4905,yolo_x_cpu,1085
4906,yolo_x_cpu,1067
4907,yolo_x_cpu,1127
4908,yolo_x_cpu,1114
4909,yolo_x_cpu,1102
4910,yolo_x_cpu,1090
4911,yolo_x_cpu,1146
4912,yolo_x_cpu,1179
4913,yolo_x_cpu,1158
4914,yolo_x_cpu,1147
4915,yolo_x_cpu,1200
4916,yolo_x_cpu,1161
4917,yolo_x_cpu,1143
4918,yolo_x_cpu,1108
4919,yolo_x_cpu,1109
4920,yolo_x_cpu,1104
4921,yolo_x_cpu,1109
4922,yolo_x_cpu,1118
4923,yolo_x_cpu,1055
4924,yolo_x_cpu,1026
4925,yolo_x_cpu,1051
4926,yolo_x_cpu,1064
4927,yolo_x_cpu,1105
4928,yolo_x_cpu,1174
4929,yolo_x_cpu,1096
4930,yolo_x_cpu,1062
4931,yolo_x_cpu,1011
4932,yolo_x_cpu,999
4933,yolo_x_cpu,954
4934,yolo_x_cpu,983
4935,yolo_x_cpu,933
4936,yolo_x_cpu,899
4937,yolo_x_cpu,956
4938,yolo_x_cpu,904
4939,yolo_x_cpu,1036
4940,yolo_x_cpu,1028
4941,yolo_x_cpu,970
4942,yolo_x_cpu,937
4943,yolo_x_cpu,878
4944,yolo_x_cpu,880
4945,yolo_x_cpu,931
4946,yolo_x_cpu,913
4947,yolo_x_cpu,862
4948,yolo_x_cpu,855
4949,yolo_x_cpu,877
4950,yolo_x_cpu,926
4951,yolo_x_cpu,926
4952,yolo_x_cpu,914
4953,yolo_x_cpu,894
4954,yolo_x_cpu,935
4955,yolo_x_cpu,970
4956,yolo_x_cpu,896
4957,yolo_x_cpu,882
4958,yolo_x_cpu,919
4959,yolo_x_cpu,899
4960,yolo_x_cpu,965
4961,yolo_x_cpu,977
4962,yolo_x_cpu,945
4963,yolo_x_cpu,936
4964,yolo_x_cpu,983
4965,yolo_x_cpu,953
4966,yolo_x_cpu,924
4967,yolo_x_cpu,956
4968,yolo_x_cpu,972
4969,yolo_x_cpu,952
4970,yolo_x_cpu,885
4971,yolo_x_cpu,899
4972,yolo_x_cpu,955
4973,yolo_x_cpu,841
4974,yolo_x_cpu,892
4975,yolo_x_cpu,904
4976,yolo_x_cpu,872
4977,yolo_x_cpu,826
4978,yolo_x_cpu,817
4979,yolo_x_cpu,843
4980,yolo_x_cpu,812
4981,yolo_x_cpu,767
4982,yolo_x_cpu,812
4983,yolo_x_cpu,797
4984,yolo_x_cpu,808
4985,yolo_x_cpu,798
4986,yolo_x_cpu,839
4987,yolo_x_cpu,818
4988,yolo_x_cpu,842
4989,yolo_x_cpu,839
4990,yolo_x_cpu,767
4991,yolo_x_cpu,739
4992,yolo_x_cpu,709
4993,yolo_x_cpu,757
4994,yolo_x_cpu,740
4995,yolo_x_cpu,784
4996,yolo_x_cpu,811
4997,yolo_x_cpu,738
4998,yolo_x_cpu,724
4999,yolo_x_cpu,753
5000,yolo_x_cpu,703
5001,yolo_x_cpu,644
5002,yolo_x_cpu,678
5003,yolo_x_cpu,672
5004,yolo_x_cpu,659
5005,yolo_x_cpu,715
5006,yolo_x_cpu,781
5007,yolo_x_cpu,767
5008,yolo_x_cpu,737
5009,yolo_x_cpu,804
5010,yolo_x_cpu,857
5011,yolo_x_cpu,784
5012,yolo_x_cpu,817
5013,yolo_x_cpu,819
5014,yolo_x_cpu,817
5015,yolo_x_cpu,731
5016,yolo_x_cpu,705
5017,yolo_x_cpu,695
5018,yolo_x_cpu,727
5019,yolo_x_cpu,742
5020,yolo_x_cpu,714
5021,yolo_x_cpu,763
5022,yolo_x_cpu,710
5023,yolo_x_cpu,743
5024,yolo_x_cpu,662
5025,yolo_x_cpu,625
5026,yolo_x_cpu,644
5027,yolo_x_cpu,666
5028,yolo_x_cpu,668
5029,yolo_x_cpu,678
5030,yolo_x_cpu,699
5031,yolo_x_cpu,665
5032,yolo_x_cpu,645
5033,yolo_x_cpu,593
5034,yolo_x_cpu,654
5035,yolo_x_cpu,661
5036,yolo_x_cpu,582
5037,yolo_x_cpu,580
5038,yolo_x_cpu,567
5039,yolo_x_cpu,570
5040,yolo_x_cpu,625
5041,yolo_x_cpu,620
5042,yolo_x_cpu,625
5043,yolo_x_cpu,595
5044,yolo_x_cpu,605
5045,yolo_x_cpu,571
5046,yolo_x_cpu,678
5047,yolo_x_cpu,693
5048,yolo_x_cpu,748
5049,yolo_x_cpu,695
5050,yolo_x_cpu,702
5051,yolo_x_cpu,676
5052,yolo_x_cpu,686
5053,yolo_x_cpu,599
5054,yolo_x_cpu,639
5055,yolo_x_cpu,602
5056,yolo_x_cpu,531
5057,yolo_x_cpu,678
5058,yolo_x_cpu,651
5059,yolo_x_cpu,660
5060,yolo_x_cpu,642
5061,yolo_x_cpu,667
5062,yolo_x_cpu,662
5063,yolo_x_cpu,581
5064,yolo_x_cpu,605
5065,yolo_x_cpu,558
5066,yolo_x_cpu,592
5067,yolo_x_cpu,622
5068,yolo_x_cpu,620
5069,yolo_x_cpu,614
5070,yolo_x_cpu,619
5071,yolo_x_cpu,567
5072,yolo_x_cpu,602
5073,yolo_x_cpu,612
5074,yolo_x_cpu,610
5075,yolo_x_cpu,612
5076,yolo_x_cpu,634
5077,yolo_x_cpu,678
5078,yolo_x_cpu,702
5079,yolo_x_cpu,673
5080,yolo_x_cpu,656
5081,yolo_x_cpu,678
5082,yolo_x_cpu,632
5083,yolo_x_cpu,609
5084,yolo_x_cpu,586
5085,yolo_x_cpu,517
5086,yolo_x_cpu,573
5087,yolo_x_cpu,659
5088,yolo_x_cpu,678
5089,yolo_x_cpu,722
5090,yolo_x_cpu,702
5091,yolo_x_cpu,714
5092,yolo_x_cpu,725
5093,yolo_x_cpu,689
5094,yolo_x_cpu,701
5095,yolo_x_cpu,720
5096,yolo_x_cpu,652
5097,yolo_x_cpu,617
5098,yolo_x_cpu,624
5099,yolo_x_cpu,652
5100,yolo_x_cpu,649
5101,yolo_x_cpu,657
5102,yolo_x_cpu,626
5103,yolo_x_cpu,639
5104,yolo_x_cpu,639
5105,yolo_x_cpu,563
5106,yolo_x_cpu,579
5107,yolo_x_cpu,586
5108,yolo_x_cpu,611
5109,yolo_x_cpu,539
5110,yolo_x_cpu,574
5111,yolo_x_cpu,569
5112,yolo_x_cpu,599
5113,yolo_x_cpu,685
5114,yolo_x_cpu,634
5115,yolo_x_cpu,581
5116,yolo_x_cpu,635
5117,yolo_x_cpu,564
5118,yolo_x_cpu,492
5119,yolo_x_cpu,588
5120,yolo_x_cpu,507
5121,yolo_x_cpu,518
5122,yolo_x_cpu,507
5123,yolo_x_cpu,585
5124,yolo_x_cpu,572
5125,yolo_x_cpu,572
5126,yolo_x_cpu,518
5127,yolo_x_cpu,493
5128,yolo_x_cpu,517
5129,yolo_x_cpu,552
5130,yolo_x_cpu,526
5131,yolo_x_cpu,507
5132,yolo_x_cpu,526
5133,yolo_x_cpu,495
5134,yolo_x_cpu,512
5135,yolo_x_cpu,537
5136,yolo_x_cpu,545
5137,yolo_x_cpu,541
5138,yolo_x_cpu,565
5139,yolo_x_cpu,492
5140,yolo_x_cpu,555
5141,yolo_x_cpu,465
5142,yolo_x_cpu,525
5143,yolo_x_cpu,508
5144,yolo_x_cpu,537
5145,yolo_x_cpu,453
5146,yolo_x_cpu,517
5147,yolo_x_cpu,562
5148,yolo_x_cpu,502
5149,yolo_x_cpu,507
5150,yolo_x_cpu,511
5151,yolo_x_cpu,516
5152,yolo_x_cpu,538
5153,yolo_x_cpu,591
5154,yolo_x_cpu,515
5155,yolo_x_cpu,547
5156,yolo_x_cpu,500
5157,yolo_x_cpu,526
5158,yolo_x_cpu,503
5159,yolo_x_cpu,514
5160,yolo_x_cpu,484
5161,yolo_x_cpu,478
5162,yolo_x_cpu,407
5163,yolo_x_cpu,428
5164,yolo_x_cpu,412
5165,yolo_x_cpu,373
5166,yolo_x_cpu,370
5167,yolo_x_cpu,368
5168,yolo_x_cpu,403
5169,yolo_x_cpu,417
5170,yolo_x_cpu,419
5171,yolo_x_cpu,438
5172,yolo_x_cpu,409
5173,yolo_x_cpu,456
5174,yolo_x_cpu,425
5175,yolo_x_cpu,403
5176,yolo_x_cpu,377
5177,yolo_x_cpu,361
5178,yolo_x_cpu,381
5179,yolo_x_cpu,407
5180,yolo_x_cpu,398
5181,yolo_x_cpu,381
5182,yolo_x_cpu,400
5183,yolo_x_cpu,347
5184,yolo_x_cpu,338
5185,yolo_x_cpu,291
5186,yolo_x_cpu,353
5187,yolo_x_cpu,305
5188,yolo_x_cpu,315
5189,yolo_x_cpu,309
5190,yolo_x_cpu,294
5191,yolo_x_cpu,322
5192,yolo_x_cpu,308
5193,yolo_x_cpu,322
5194,yolo_x_cpu,343
5195,yolo_x_cpu,325
5196,yolo_x_cpu,325
5197,yolo_x_cpu,338
5198,yolo_x_cpu,330
5199,yolo_x_cpu,316
5200,yolo_x_cpu,317
5201,yolo_x_cpu,280
5202,yolo_x_cpu,274
5203,yolo_x_cpu,314
5204,yolo_x_cpu,297
5205,yolo_x_cpu,285
5206,yolo_x_cpu,300
5207,yolo_x_cpu,298
5208,yolo_x_cpu,262
5209,yolo_x_cpu,296
5210,yolo_x_cpu,304
5211,yolo_x_cpu,299
5212,yolo_x_cpu,277
5213,yolo_x_cpu,279
5214,yolo_x_cpu,297
5215,yolo_x_cpu,218
5216,yolo_x_cpu,245
5217,yolo_x_cpu,230
5218,yolo_x_cpu,189
5219,yolo_x_cpu,217
5220,yolo_x_cpu,258
5221,yolo_x_cpu,219
5222,yolo_x_cpu,232
5223,yolo_x_cpu,233
5224,yolo_x_cpu,227
5225,yolo_x_cpu,211
5226,yolo_x_cpu,217
5227,yolo_x_cpu,232
5228,yolo_x_cpu,258
5229,yolo_x_cpu,267
5230,yolo_x_cpu,254
5231,yolo_x_cpu,195
5232,yolo_x_cpu,210
5233,yolo_x_cpu,227
5234,yolo_x_cpu,238
5235,yolo_x_cpu,273
5236,yolo_x_cpu,223
5237,yolo_x_cpu,226
5238,yolo_x_cpu,227
5239,yolo_x_cpu,262
5240,yolo_x_cpu,236
5241,yolo_x_cpu,236
5242,yolo_x_cpu,247
5243,yolo_x_cpu,236
5244,yolo_x_cpu,243
5245,yolo_x_cpu,258
5246,yolo_x_cpu,226
5247,yolo_x_cpu,229
5248,yolo_x_cpu,246
5249,yolo_x_cpu,227
5250,yolo_x_cpu,249
5251,yolo_x_cpu,222
5252,yolo_x_cpu,211
5253,yolo_x_cpu,224
5254,yolo_x_cpu,167
5255,yolo_x_cpu,188
5256,yolo_x_cpu,191
5257,yolo_x_cpu,209
5258,yolo_x_cpu,215
5259,yolo_x_cpu,213
5260,yolo_x_cpu,179
5261,yolo_x_cpu,157
5262,yolo_x_cpu,147
5263,yolo_x_cpu,193
5264,yolo_x_cpu,190
5265,yolo_x_cpu,170
5266,yolo_x_cpu,176
5267,yolo_x_cpu,207
5268,yolo_x_cpu,183
5269,yolo_x_cpu,174
5270,yolo_x_cpu,180
5271,yolo_x_cpu,163
5272,yolo_x_cpu,179
5273,yolo_x_cpu,171
5274,yolo_x_cpu,168
5275,yolo_x_cpu,132
5276,yolo_x_cpu,151
5277,yolo_x_cpu,149
5278,yolo_x_cpu,134
5279,yolo_x_cpu,141
5280,yolo_x_cpu,116
5281,yolo_x_cpu,110
5282,yolo_x_cpu,152
5283,yolo_x_cpu,120
5284,yolo_x_cpu,126
5285,yolo_x_cpu,132
5286,yolo_x_cpu,169
5287,yolo_x_cpu,166
5288,yolo_x_cpu,158
5289,yolo_x_cpu,136
5290,yolo_x_cpu,130
5291,yolo_x_cpu,173
5292,yolo_x_cpu,162
5293,yolo_x_cpu,171
5294,yolo_x_cpu,138
5295,yolo_x_cpu,127
5296,yolo_x_cpu,165
5297,yolo_x_cpu,123
5298,yolo_x_cpu,148
5299,yolo_x_cpu,124
5300,yolo_x_cpu,109
5301,yolo_x_cpu,108
5302,yolo_x_cpu,101
5303,yolo_x_cpu,108
5304,yolo_x_cpu,84
5305,yolo_x_cpu,105
5306,yolo_x_cpu,105
5307,yolo_x_cpu,124
5308,yolo_x_cpu,171
5309,yolo_x_cpu,145
5310,yolo_x_cpu,123
5311,yolo_x_cpu,109
5312,yolo_x_cpu,100
5313,yolo_x_cpu,103
5314,yolo_x_cpu,92
5315,yolo_x_cpu,108
5316,yolo_x_cpu,89
5317,yolo_x_cpu,85
5318,yolo_x_cpu,83
5319,yolo_x_cpu,121
5320,yolo_x_cpu,106
5321,yolo_x_cpu,103
5322,yolo_x_cpu,95
5323,yolo_x_cpu,95
5324,yolo_x_cpu,109
5325,yolo_x_cpu,81
5326,yolo_x_cpu,86
5327,yolo_x_cpu,85
5328,yolo_x_cpu,91
5329,yolo_x_cpu,92
5330,yolo_x_cpu,90
5331,yolo_x_cpu,75
5332,yolo_x_cpu,76
5333,yolo_x_cpu,67
5334,yolo_x_cpu,57
5335,yolo_x_cpu,65
5336,yolo_x_cpu,63
5337,yolo_x_cpu,67
5338,yolo_x_cpu,75
5339,yolo_x_cpu,101
5340,yolo_x_cpu,91
5341,yolo_x_cpu,87
5342,yolo_x_cpu,73
5343,yolo_x_cpu,89
5344,yolo_x_cpu,92
5345,yolo_x_cpu,82
5346,yolo_x_cpu,84
5347,yolo_x_cpu,65
5348,yolo_x_cpu,71
5349,yolo_x_cpu,77
5350,yolo_x_cpu,61
5351,yolo_x_cpu,55
5352,yolo_x_cpu,79
5353,yolo_x_cpu,65
5354,yolo_x_cpu,68
5355,yolo_x_cpu,60
5356,yolo_x_cpu,64
5357,yolo_x_cpu,61
5358,yolo_x_cpu,67
5359,yolo_x_cpu,70
5360,yolo_x_cpu,68
5361,yolo_x_cpu,59
5362,yolo_x_cpu,55
5363,yolo_x_cpu,56
5364,yolo_x_cpu,42
5365,yolo_x_cpu,50
5366,yolo_x_cpu,60
5367,yolo_x_cpu,66
5368,yolo_x_cpu,77
5369,yolo_x_cpu,88
5370,yolo_x_cpu,87
5371,yolo_x_cpu,77
5372,yolo_x_cpu,71
5373,yolo_x_cpu,46
5374,yolo_x_cpu,65
5375,yolo_x_cpu,77
5376,yolo_x_cpu,79
5377,yolo_x_cpu,53
5378,yolo_x_cpu,73
5379,yolo_x_cpu,53
5380,yolo_x_cpu,71
5381,yolo_x_cpu,70
5382,yolo_x_cpu,57
5383,yolo_x_cpu,61
5384,yolo_x_cpu,59
5385,yolo_x_cpu,62
5386,yolo_x_cpu,51
5387,yolo_x_cpu,49
5388,yolo_x_cpu,52
5389,yolo_x_cpu,55
5390,yolo_x_cpu,68
5391,yolo_x_cpu,64
5392,yolo_x_cpu,61
5393,yolo_x_cpu,47
5394,yolo_x_cpu,46
5395,yolo_x_cpu,51
5396,yolo_x_cpu,49
5397,yolo_x_cpu,41
5398,yolo_x_cpu,64
5399,yolo_x_cpu,68
5400,yolo_x_cpu,49
5401,yolo_x_cpu,53
5402,yolo_x_cpu,53
5403,yolo_x_cpu,58
5404,yolo_x_cpu,44
5405,yolo_x_cpu,41
5406,yolo_x_cpu,45
5407,yolo_x_cpu,71
5408,yolo_x_cpu,70
5409,yolo_x_cpu,70
5410,yolo_x_cpu,60
5411,yolo_x_cpu,65
5412,yolo_x_cpu,57
5413,yolo_x_cpu,45
5414,yolo_x_cpu,29
5415,yolo_x_cpu,33
5416,yolo_x_cpu,32
5417,yolo_x_cpu,30
5418,yolo_x_cpu,28
5419,yolo_x_cpu,20
5420,yolo_x_cpu,26
5421,yolo_x_cpu,35
5422,yolo_x_cpu,35
5423,yolo_x_cpu,31
5424,yolo_x_cpu,34
5425,yolo_x_cpu,34
5426,yolo_x_cpu,46
5427,yolo_x_cpu,44
5428,yolo_x_cpu,35
5429,yolo_x_cpu,31
5430,yolo_x_cpu,21
5431,yolo_x_cpu,27
5432,yolo_x_cpu,24
5433,yolo_x_cpu,22
5434,yolo_x_cpu,28
5435,yolo_x_cpu,27
5436,yolo_x_cpu,20
5437,yolo_x_cpu,19
5438,yolo_x_cpu,21
5439,yolo_x_cpu,19
5440,yolo_x_cpu,13
5441,yolo_x_cpu,13
5442,yolo_x_cpu,14
5443,yolo_x_cpu,12
5444,yolo_x_cpu,22
5445,yolo_x_cpu,22
5446,yolo_x_cpu,9
5447,yolo_x_cpu,9
5448,yolo_x_cpu,17
5449,yolo_x_cpu,19
5450,yolo_x_cpu,24
5451,yolo_x_cpu,17
5452,yolo_x_cpu,26
5453,yolo_x_cpu,20
5454,yolo_x_cpu,21
5455,yolo_x_cpu,11
5456,yolo_x_cpu,13
5457,yolo_x_cpu,32
5458,yolo_x_cpu,24
5459,yolo_x_cpu,23
5460,yolo_x_cpu,54
5461,yolo_x_cpu,2839
5462,yolo_x_cpu,3150
5463,yolo_x_cpu,2170
5464,yolo_x_cpu,633
5465,yolo_x_cpu,540
5466,yolo_x_cpu,435
5467,yolo_x_cpu,377
5468,yolo_x_cpu,287
5469,yolo_x_cpu,233
5470,yolo_x_cpu,241
5471,yolo_x_cpu,269
5472,yolo_x_cpu,265
5473,yolo_x_cpu,324
5474,yolo_x_cpu,319
5475,yolo_x_cpu,339
5476,yolo_x_cpu,335
5477,yolo_x_cpu,294
5478,yolo_x_cpu,274
5479,yolo_x_cpu,257
5480,yolo_x_cpu,263
5481,yolo_x_cpu,236
5482,yolo_x_cpu,189
5483,yolo_x_cpu,169
5484,yolo_x_cpu,219
5485,yolo_x_cpu,218
5486,yolo_x_cpu,222
5487,yolo_x_cpu,191
5488,yolo_x_cpu,124
5489,yolo_x_cpu,124
5490,yolo_x_cpu,126
5491,yolo_x_cpu,103
5492,yolo_x_cpu,136
5493,yolo_x_cpu,132
5494,yolo_x_cpu,125
5495,yolo_x_cpu,108
5496,yolo_x_cpu,118
5497,yolo_x_cpu,109
5498,yolo_x_cpu,111
5499,yolo_x_cpu,100
5500,yolo_x_cpu,101
5501,yolo_x_cpu,95
5502,yolo_x_cpu,111
5503,yolo_x_cpu,102
5504,yolo_x_cpu,89
5505,yolo_x_cpu,89
5506,yolo_x_cpu,106
5507,yolo_x_cpu,82
5508,yolo_x_cpu,108
5509,yolo_x_cpu,96
5510,yolo_x_cpu,96
5511,yolo_x_cpu,117
5512,yolo_x_cpu,111
5513,yolo_x_cpu,99
5514,yolo_x_cpu,85
5515,yolo_x_cpu,78
5516,yolo_x_cpu,95
5517,yolo_x_cpu,93
5518,yolo_x_cpu,82
5519,yolo_x_cpu,65
5520,yolo_x_cpu,59
5521,yolo_x_cpu,40
5522,yolo_x_cpu,45
5523,yolo_x_cpu,54
5524,yolo_x_cpu,40
5525,yolo_x_cpu,50
5526,yolo_x_cpu,63
5527,yolo_x_cpu,70
5528,yolo_x_cpu,65
5529,yolo_x_cpu,54
5530,yolo_x_cpu,61
5531,yolo_x_cpu,55
5532,yolo_x_cpu,47
5533,yolo_x_cpu,52
5534,yolo_x_cpu,37
5535,yolo_x_cpu,36
5536,yolo_x_cpu,46
5537,yolo_x_cpu,49
5538,yolo_x_cpu,45
5539,yolo_x_cpu,51
5540,yolo_x_cpu,64
5541,yolo_x_cpu,68
5542,yolo_x_cpu,57
5543,yolo_x_cpu,86
5544,yolo_x_cpu,85
5545,yolo_x_cpu,99
5546,yolo_x_cpu,112
5547,yolo_x_cpu,70
5548,yolo_x_cpu,57
5549,yolo_x_cpu,43
5550,yolo_x_cpu,43
5551,yolo_x_cpu,50
5552,yolo_x_cpu,53
5553,yolo_x_cpu,36
5554,yolo_x_cpu,47
5555,yolo_x_cpu,42
5556,yolo_x_cpu,37
5557,yolo_x_cpu,18
5558,yolo_x_cpu,32
5559,yolo_x_cpu,29
5560,yolo_x_cpu,25
5561,yolo_x_cpu,18
5562,yolo_x_cpu,27
5563,yolo_x_cpu,19
5564,yolo_x_cpu,24
5565,yolo_x_cpu,17
5566,yolo_x_cpu,25
5567,yolo_x_cpu,29
5568,yolo_x_cpu,35
5569,yolo_x_cpu,32
5570,yolo_x_cpu,31
5571,yolo_x_cpu,29
5572,yolo_x_cpu,45
5573,yolo_x_cpu,63
5574,yolo_x_cpu,45
5575,yolo_x_cpu,49
5576,yolo_x_cpu,40
5577,yolo_x_cpu,46
5578,yolo_x_cpu,48
5579,yolo_x_cpu,31
5580,yolo_x_cpu,39
5581,yolo_x_cpu,50
5582,yolo_x_cpu,43
5583,yolo_x_cpu,31
5584,yolo_x_cpu,20
5585,yolo_x_cpu,17
5586,yolo_x_cpu,20
5587,yolo_x_cpu,33
5588,yolo_x_cpu,14
5589,yolo_x_cpu,26
5590,yolo_x_cpu,21
5591,yolo_x_cpu,17
5592,yolo_x_cpu,11
5593,yolo_x_cpu,17
5594,yolo_x_cpu,13
5595,yolo_x_cpu,8
5596,yolo_x_cpu,5
5597,yolo_x_cpu,14
5598,yolo_x_cpu,10
5599,yolo_x_cpu,6
5600,yolo_x_cpu,11
5601,yolo_x_cpu,25
5602,yolo_x_cpu,17
5603,yolo_x_cpu,24
5604,yolo_x_cpu,17
5605,yolo_x_cpu,10
5606,yolo_x_cpu,19
5607,yolo_x_cpu,17
5608,yolo_x_cpu,24
5609,yolo_x_cpu,21
5610,yolo_x_cpu,14
5611,yolo_x_cpu,21
5612,yolo_x_cpu,22
5613,yolo_x_cpu,11
5614,yolo_x_cpu,10
5615,yolo_x_cpu,17
5616,yolo_x_cpu,13
5617,yolo_x_cpu,22
5618,yolo_x_cpu,22
5619,yolo_x_cpu,14
5620,yolo_x_cpu,14
5621,yolo_x_cpu,12
5622,yolo_x_cpu,17
5623,yolo_x_cpu,5
5624,yolo_x_cpu,3
5625,yolo_x_cpu,7
5626,yolo_x_cpu,12
5627,yolo_x_cpu,34
5628,yolo_x_cpu,27
5629,yolo_x_cpu,25
5630,yolo_x_cpu,19
5631,yolo_x_cpu,30
5632,yolo_x_cpu,25
5633,yolo_x_cpu,15
5634,yolo_x_cpu,21
5635,yolo_x_cpu,30
5636,yolo_x_cpu,29
5637,yolo_x_cpu,34
5638,yolo_x_cpu,34
5639,yolo_x_cpu,20
5640,yolo_x_cpu,33
5641,yolo_x_cpu,37
5642,yolo_x_cpu,46
5643,yolo_x_cpu,62
5644,yolo_x_cpu,56
5645,yolo_x_cpu,59
5646,yolo_x_cpu,50
5647,yolo_x_cpu,37
5648,yolo_x_cpu,38
5649,yolo_x_cpu,42
5650,yolo_x_cpu,48
5651,yolo_x_cpu,47
5652,yolo_x_cpu,60
5653,yolo_x_cpu,56
5654,yolo_x_cpu,49
5655,yolo_x_cpu,60
5656,yolo_x_cpu,69
5657,yolo_x_cpu,75
5658,yolo_x_cpu,78
5659,yolo_x_cpu,83
5660,yolo_x_cpu,77
5661,yolo_x_cpu,69
5662,yolo_x_cpu,93
5663,yolo_x_cpu,89
5664,yolo_x_cpu,107
5665,yolo_x_cpu,107
5666,yolo_x_cpu,122
5667,yolo_x_cpu,117
5668,yolo_x_cpu,109
5669,yolo_x_cpu,114
5670,yolo_x_cpu,117
5671,yolo_x_cpu,125
5672,yolo_x_cpu,154
5673,yolo_x_cpu,152
5674,yolo_x_cpu,160
5675,yolo_x_cpu,147
5676,yolo_x_cpu,158
5677,yolo_x_cpu,170
5678,yolo_x_cpu,176
5679,yolo_x_cpu,174
5680,yolo_x_cpu,164
5681,yolo_x_cpu,165
5682,yolo_x_cpu,166
5683,yolo_x_cpu,205
5684,yolo_x_cpu,234
5685,yolo_x_cpu,274
5686,yolo_x_cpu,267
5687,yolo_x_cpu,234
5688,yolo_x_cpu,261
5689,yolo_x_cpu,255
5690,yolo_x_cpu,277
5691,yolo_x_cpu,256
5692,yolo_x_cpu,255
5693,yolo_x_cpu,246
5694,yolo_x_cpu,280
5695,yolo_x_cpu,305
5696,yolo_x_cpu,298
5697,yolo_x_cpu,289
5698,yolo_x_cpu,317
5699,yolo_x_cpu,308
5700,yolo_x_cpu,317
5701,yolo_x_cpu,344
5702,yolo_x_cpu,361
5703,yolo_x_cpu,386
5704,yolo_x_cpu,381
5705,yolo_x_cpu,413
5706,yolo_x_cpu,398
5707,yolo_x_cpu,417
5708,yolo_x_cpu,466
5709,yolo_x_cpu,387
5710,yolo_x_cpu,408
5711,yolo_x_cpu,405
5712,yolo_x_cpu,442
5713,yolo_x_cpu,480
5714,yolo_x_cpu,448
5715,yolo_x_cpu,461
5716,yolo_x_cpu,487
5717,yolo_x_cpu,485
5718,yolo_x_cpu,477
5719,yolo_x_cpu,491
5720,yolo_x_cpu,528
5721,yolo_x_cpu,527
5722,yolo_x_cpu,517
5723,yolo_x_cpu,543
5724,yolo_x_cpu,552
5725,yolo_x_cpu,555
5726,yolo_x_cpu,574
5727,yolo_x_cpu,586
5728,yolo_x_cpu,565
5729,yolo_x_cpu,658
5730,yolo_x_cpu,612
5731,yolo_x_cpu,619
5732,yolo_x_cpu,669
5733,yolo_x_cpu,681
5734,yolo_x_cpu,642
5735,yolo_x_cpu,665
5736,yolo_x_cpu,724
5737,yolo_x_cpu,668
5738,yolo_x_cpu,737
5739,yolo_x_cpu,717
5740,yolo_x_cpu,697
5741,yolo_x_cpu,710
5742,yolo_x_cpu,733
5743,yolo_x_cpu,750
5744,yolo_x_cpu,745
5745,yolo_x_cpu,732
5746,yolo_x_cpu,752
5747,yolo_x_cpu,750
5748,yolo_x_cpu,810
5749,yolo_x_cpu,807
5750,yolo_x_cpu,868
5751,yolo_x_cpu,931
5752,yolo_x_cpu,908
5753,yolo_x_cpu,910
5754,yolo_x_cpu,900
5755,yolo_x_cpu,815
5756,yolo_x_cpu,818
5757,yolo_x_cpu,758
5758,yolo_x_cpu,789
5759,yolo_x_cpu,748
5760,yolo_x_cpu,832
5761,yolo_x_cpu,816
5762,yolo_x_cpu,788
5763,yolo_x_cpu,812
5764,yolo_x_cpu,737
5765,yolo_x_cpu,760
5766,yolo_x_cpu,818
5767,yolo_x_cpu,780
5768,yolo_x_cpu,803
5769,yolo_x_cpu,839
5770,yolo_x_cpu,854
5771,yolo_x_cpu,918
5772,yolo_x_cpu,889
5773,yolo_x_cpu,870
5774,yolo_x_cpu,834
5775,yolo_x_cpu,847
5776,yolo_x_cpu,799
5777,yolo_x_cpu,855
5778,yolo_x_cpu,892
5779,yolo_x_cpu,901
5780,yolo_x_cpu,927
5781,yolo_x_cpu,823
5782,yolo_x_cpu,849
5783,yolo_x_cpu,838
5784,yolo_x_cpu,881
5785,yolo_x_cpu,873
5786,yolo_x_cpu,842
5787,yolo_x_cpu,844
5788,yolo_x_cpu,831
5789,yolo_x_cpu,799
5790,yolo_x_cpu,812
5791,yolo_x_cpu,855
5792,yolo_x_cpu,800
5793,yolo_x_cpu,833
5794,yolo_x_cpu,791
5795,yolo_x_cpu,781
5796,yolo_x_cpu,751
5797,yolo_x_cpu,766
5798,yolo_x_cpu,766
5799,yolo_x_cpu,820
5800,yolo_x_cpu,859
5801,yolo_x_cpu,829
5802,yolo_x_cpu,803
5803,yolo_x_cpu,772
5804,yolo_x_cpu,818
5805,yolo_x_cpu,810
5806,yolo_x_cpu,802
5807,yolo_x_cpu,820
5808,yolo_x_cpu,877
5809,yolo_x_cpu,874
5810,yolo_x_cpu,857
5811,yolo_x_cpu,877
5812,yolo_x_cpu,870
5813,yolo_x_cpu,917
5814,yolo_x_cpu,916
5815,yolo_x_cpu,924
5816,yolo_x_cpu,888
5817,yolo_x_cpu,824
5818,yolo_x_cpu,850
5819,yolo_x_cpu,762
5820,yolo_x_cpu,774
5821,yolo_x_cpu,811
5822,yolo_x_cpu,794
5823,yolo_x_cpu,806
5824,yolo_x_cpu,797
5825,yolo_x_cpu,862
5826,yolo_x_cpu,830
5827,yolo_x_cpu,891
5828,yolo_x_cpu,832
5829,yolo_x_cpu,833
5830,yolo_x_cpu,812
5831,yolo_x_cpu,812
5832,yolo_x_cpu,829
5833,yolo_x_cpu,806
5834,yolo_x_cpu,844
5835,yolo_x_cpu,784
5836,yolo_x_cpu,828
5837,yolo_x_cpu,793
5838,yolo_x_cpu,792
5839,yolo_x_cpu,899
5840,yolo_x_cpu,945
5841,yolo_x_cpu,937
5842,yolo_x_cpu,1003
5843,yolo_x_cpu,1008
5844,yolo_x_cpu,1041
5845,yolo_x_cpu,948
5846,yolo_x_cpu,933
5847,yolo_x_cpu,921
5848,yolo_x_cpu,937
5849,yolo_x_cpu,956
5850,yolo_x_cpu,936
5851,yolo_x_cpu,936
5852,yolo_x_cpu,916
5853,yolo_x_cpu,921
5854,yolo_x_cpu,951
5855,yolo_x_cpu,993
5856,yolo_x_cpu,969
5857,yolo_x_cpu,963
5858,yolo_x_cpu,993
5859,yolo_x_cpu,1015
5860,yolo_x_cpu,1058
5861,yolo_x_cpu,1019
5862,yolo_x_cpu,1016
5863,yolo_x_cpu,959
5864,yolo_x_cpu,961
5865,yolo_x_cpu,943
5866,yolo_x_cpu,925
5867,yolo_x_cpu,1040
5868,yolo_x_cpu,1095
5869,yolo_x_cpu,1100
5870,yolo_x_cpu,1020
5871,yolo_x_cpu,1061
5872,yolo_x_cpu,1052
5873,yolo_x_cpu,1076
5874,yolo_x_cpu,1040
5875,yolo_x_cpu,1061
5876,yolo_x_cpu,1014
5877,yolo_x_cpu,1007
5878,yolo_x_cpu,1049
5879,yolo_x_cpu,1058
5880,yolo_x_cpu,1050
5881,yolo_x_cpu,1034
5882,yolo_x_cpu,1062
5883,yolo_x_cpu,1008
5884,yolo_x_cpu,1091
5885,yolo_x_cpu,1031
5886,yolo_x_cpu,998
5887,yolo_x_cpu,1043
5888,yolo_x_cpu,1017
5889,yolo_x_cpu,1015
5890,yolo_x_cpu,1160
5891,yolo_x_cpu,1116
5892,yolo_x_cpu,1073
5893,yolo_x_cpu,1075
5894,yolo_x_cpu,1073
5895,yolo_x_cpu,1016
5896,yolo_x_cpu,1043
5897,yolo_x_cpu,1022
5898,yolo_x_cpu,1100
5899,yolo_x_cpu,999
5900,yolo_x_cpu,1007
5901,yolo_x_cpu,946
5902,yolo_x_cpu,981
5903,yolo_x_cpu,1034
5904,yolo_x_cpu,980
5905,yolo_x_cpu,968
5906,yolo_x_cpu,955
5907,yolo_x_cpu,932
5908,yolo_x_cpu,991
5909,yolo_x_cpu,989
5910,yolo_x_cpu,1033
5911,yolo_x_cpu,915
5912,yolo_x_cpu,1020
5913,yolo_x_cpu,967
5914,yolo_x_cpu,975
5915,yolo_x_cpu,1004
5916,yolo_x_cpu,982
5917,yolo_x_cpu,907
5918,yolo_x_cpu,955
5919,yolo_x_cpu,917
5920,yolo_x_cpu,892
5921,yolo_x_cpu,864
5922,yolo_x_cpu,859
5923,yolo_x_cpu,832
5924,yolo_x_cpu,1013
5925,yolo_x_cpu,919
5926,yolo_x_cpu,941
5927,yolo_x_cpu,940
5928,yolo_x_cpu,866
5929,yolo_x_cpu,922
5930,yolo_x_cpu,882
5931,yolo_x_cpu,1028
5932,yolo_x_cpu,912
5933,yolo_x_cpu,880
5934,yolo_x_cpu,980
5935,yolo_x_cpu,975
5936,yolo_x_cpu,979
5937,yolo_x_cpu,945
5938,yolo_x_cpu,1032
5939,yolo_x_cpu,1071
5940,yolo_x_cpu,1121
5941,yolo_x_cpu,1024
5942,yolo_x_cpu,1071
5943,yolo_x_cpu,1061
5944,yolo_x_cpu,1058
5945,yolo_x_cpu,1091
5946,yolo_x_cpu,1057
5947,yolo_x_cpu,980
5948,yolo_x_cpu,937
5949,yolo_x_cpu,974
5950,yolo_x_cpu,936
5951,yolo_x_cpu,945
5952,yolo_x_cpu,978
5953,yolo_x_cpu,984
5954,yolo_x_cpu,966
5955,yolo_x_cpu,979
5956,yolo_x_cpu,982
5957,yolo_x_cpu,933
5958,yolo_x_cpu,972
5959,yolo_x_cpu,981
5960,yolo_x_cpu,961
5961,yolo_x_cpu,902
5962,yolo_x_cpu,931
5963,yolo_x_cpu,890
5964,yolo_x_cpu,953
5965,yolo_x_cpu,976
5966,yolo_x_cpu,950
5967,yolo_x_cpu,982
5968,yolo_x_cpu,1023
5969,yolo_x_cpu,961
5970,yolo_x_cpu,980
5971,yolo_x_cpu,944
5972,yolo_x_cpu,990
5973,yolo_x_cpu,923
5974,yolo_x_cpu,923
5975,yolo_x_cpu,1062
5976,yolo_x_cpu,980
5977,yolo_x_cpu,936
5978,yolo_x_cpu,912
5979,yolo_x_cpu,935
5980,yolo_x_cpu,957
5981,yolo_x_cpu,941
5982,yolo_x_cpu,905
5983,yolo_x_cpu,904
5984,yolo_x_cpu,920
5985,yolo_x_cpu,957
5986,yolo_x_cpu,1008
5987,yolo_x_cpu,916
5988,yolo_x_cpu,912
5989,yolo_x_cpu,870
5990,yolo_x_cpu,813
5991,yolo_x_cpu,805
5992,yolo_x_cpu,854
5993,yolo_x_cpu,891
5994,yolo_x_cpu,908
5995,yolo_x_cpu,906
5996,yolo_x_cpu,1025
5997,yolo_x_cpu,982
5998,yolo_x_cpu,932
5999,yolo_x_cpu,897
6000,yolo_x_cpu,918
6001,yolo_x_cpu,852
6002,yolo_x_cpu,997
6003,yolo_x_cpu,890
6004,yolo_x_cpu,850
6005,yolo_x_cpu,913
6006,yolo_x_cpu,886
6007,yolo_x_cpu,873
6008,yolo_x_cpu,854
6009,yolo_x_cpu,802
6010,yolo_x_cpu,780
6011,yolo_x_cpu,799
6012,yolo_x_cpu,871
6013,yolo_x_cpu,824
6014,yolo_x_cpu,906
6015,yolo_x_cpu,978
6016,yolo_x_cpu,882
6017,yolo_x_cpu,877
6018,yolo_x_cpu,909
6019,yolo_x_cpu,895
6020,yolo_x_cpu,800
6021,yolo_x_cpu,741
6022,yolo_x_cpu,756
6023,yolo_x_cpu,872
6024,yolo_x_cpu,785
6025,yolo_x_cpu,758
6026,yolo_x_cpu,721
6027,yolo_x_cpu,743
6028,yolo_x_cpu,745
6029,yolo_x_cpu,740
6030,yolo_x_cpu,688
6031,yolo_x_cpu,744
6032,yolo_x_cpu,741
6033,yolo_x_cpu,764
6034,yolo_x_cpu,759
6035,yolo_x_cpu,777
6036,yolo_x_cpu,788
6037,yolo_x_cpu,755
6038,yolo_x_cpu,822
6039,yolo_x_cpu,748
6040,yolo_x_cpu,751
6041,yolo_x_cpu,810
6042,yolo_x_cpu,775
6043,yolo_x_cpu,790
6044,yolo_x_cpu,726
6045,yolo_x_cpu,742
6046,yolo_x_cpu,778
6047,yolo_x_cpu,799
6048,yolo_x_cpu,788
6049,yolo_x_cpu,818
6050,yolo_x_cpu,863
6051,yolo_x_cpu,879
6052,yolo_x_cpu,928
6053,yolo_x_cpu,930
6054,yolo_x_cpu,882
6055,yolo_x_cpu,908
6056,yolo_x_cpu,850
6057,yolo_x_cpu,890
6058,yolo_x_cpu,828
6059,yolo_x_cpu,833
6060,yolo_x_cpu,810
6061,yolo_x_cpu,814
6062,yolo_x_cpu,835
6063,yolo_x_cpu,859
6064,yolo_x_cpu,825
6065,yolo_x_cpu,857
6066,yolo_x_cpu,920
6067,yolo_x_cpu,944
6068,yolo_x_cpu,977
6069,yolo_x_cpu,997
6070,yolo_x_cpu,1036
6071,yolo_x_cpu,1030
6072,yolo_x_cpu,1001
6073,yolo_x_cpu,988
6074,yolo_x_cpu,1075
6075,yolo_x_cpu,1039
6076,yolo_x_cpu,1057
6077,yolo_x_cpu,1103
6078,yolo_x_cpu,1127
6079,yolo_x_cpu,1006
6080,yolo_x_cpu,973
6081,yolo_x_cpu,902
6082,yolo_x_cpu,951
6083,yolo_x_cpu,997
6084,yolo_x_cpu,1047
6085,yolo_x_cpu,1022
6086,yolo_x_cpu,1077
6087,yolo_x_cpu,1134
6088,yolo_x_cpu,1063
6089,yolo_x_cpu,1154
6090,yolo_x_cpu,1127
6091,yolo_x_cpu,1081
6092,yolo_x_cpu,1124
6093,yolo_x_cpu,1125
6094,yolo_x_cpu,1019
6095,yolo_x_cpu,1059
6096,yolo_x_cpu,1116
6097,yolo_x_cpu,1114
6098,yolo_x_cpu,1140
6099,yolo_x_cpu,1145
6100,yolo_x_cpu,1101
6101,yolo_x_cpu,1067
6102,yolo_x_cpu,1033
6103,yolo_x_cpu,1010
6104,yolo_x_cpu,976
6105,yolo_x_cpu,1011
6106,yolo_x_cpu,1010
6107,yolo_x_cpu,1082
6108,yolo_x_cpu,993
6109,yolo_x_cpu,1026
6110,yolo_x_cpu,1002
6111,yolo_x_cpu,1033
6112,yolo_x_cpu,1005
6113,yolo_x_cpu,1020
6114,yolo_x_cpu,1013
6115,yolo_x_cpu,976
6116,yolo_x_cpu,1002
6117,yolo_x_cpu,1008
6118,yolo_x_cpu,1034
6119,yolo_x_cpu,1013
6120,yolo_x_cpu,1059
6121,yolo_x_cpu,1098
6122,yolo_x_cpu,1000
6123,yolo_x_cpu,1033
6124,yolo_x_cpu,995
6125,yolo_x_cpu,960
6126,yolo_x_cpu,949
6127,yolo_x_cpu,1028
6128,yolo_x_cpu,1040
6129,yolo_x_cpu,1036
6130,yolo_x_cpu,994
6131,yolo_x_cpu,1003
6132,yolo_x_cpu,943
6133,yolo_x_cpu,999
6134,yolo_x_cpu,1034
6135,yolo_x_cpu,1036
6136,yolo_x_cpu,1033
6137,yolo_x_cpu,1048
6138,yolo_x_cpu,982
6139,yolo_x_cpu,1050
6140,yolo_x_cpu,975
6141,yolo_x_cpu,1037
6142,yolo_x_cpu,1047
6143,yolo_x_cpu,1038
6144,yolo_x_cpu,1072
6145,yolo_x_cpu,1038
6146,yolo_x_cpu,998
6147,yolo_x_cpu,992
6148,yolo_x_cpu,1077
6149,yolo_x_cpu,1037
6150,yolo_x_cpu,1031
6151,yolo_x_cpu,946
6152,yolo_x_cpu,992
6153,yolo_x_cpu,953
6154,yolo_x_cpu,977
6155,yolo_x_cpu,961
6156,yolo_x_cpu,935
6157,yolo_x_cpu,949
6158,yolo_x_cpu,934
6159,yolo_x_cpu,949
6160,yolo_x_cpu,991
6161,yolo_x_cpu,954
6162,yolo_x_cpu,940
6163,yolo_x_cpu,954
6164,yolo_x_cpu,933
6165,yolo_x_cpu,936
6166,yolo_x_cpu,941
6167,yolo_x_cpu,946
6168,yolo_x_cpu,929
6169,yolo_x_cpu,891
6170,yolo_x_cpu,926
6171,yolo_x_cpu,1005
6172,yolo_x_cpu,944
6173,yolo_x_cpu,939
6174,yolo_x_cpu,896
6175,yolo_x_cpu,962
6176,yolo_x_cpu,967
6177,yolo_x_cpu,991
6178,yolo_x_cpu,974
6179,yolo_x_cpu,937
6180,yolo_x_cpu,989
6181,yolo_x_cpu,965
6182,yolo_x_cpu,978
6183,yolo_x_cpu,1047
6184,yolo_x_cpu,946
6185,yolo_x_cpu,1045
6186,yolo_x_cpu,992
6187,yolo_x_cpu,1019
6188,yolo_x_cpu,1003
6189,yolo_x_cpu,996
6190,yolo_x_cpu,1041
6191,yolo_x_cpu,1024
6192,yolo_x_cpu,1091
6193,yolo_x_cpu,1077
6194,yolo_x_cpu,1063
6195,yolo_x_cpu,1034
6196,yolo_x_cpu,1070
6197,yolo_x_cpu,1060
6198,yolo_x_cpu,1051
6199,yolo_x_cpu,1050
6200,yolo_x_cpu,1058
6201,yolo_x_cpu,1073
6202,yolo_x_cpu,1079
6203,yolo_x_cpu,1053
6204,yolo_x_cpu,1024
6205,yolo_x_cpu,1051
6206,yolo_x_cpu,1020
6207,yolo_x_cpu,993
6208,yolo_x_cpu,1041
6209,yolo_x_cpu,1056
6210,yolo_x_cpu,1087
6211,yolo_x_cpu,1090
6212,yolo_x_cpu,1066
6213,yolo_x_cpu,1140
6214,yolo_x_cpu,1116
6215,yolo_x_cpu,1140
6216,yolo_x_cpu,1089
6217,yolo_x_cpu,1067
6218,yolo_x_cpu,1121
6219,yolo_x_cpu,1155
6220,yolo_x_cpu,1105
6221,yolo_x_cpu,1159
6222,yolo_x_cpu,1069
6223,yolo_x_cpu,1082
6224,yolo_x_cpu,1034
6225,yolo_x_cpu,1036
6226,yolo_x_cpu,981
6227,yolo_x_cpu,915
6228,yolo_x_cpu,979
6229,yolo_x_cpu,1058
6230,yolo_x_cpu,1043
6231,yolo_x_cpu,1046
6232,yolo_x_cpu,965
6233,yolo_x_cpu,1006
6234,yolo_x_cpu,1030
6235,yolo_x_cpu,984
6236,yolo_x_cpu,1018
6237,yolo_x_cpu,1069
6238,yolo_x_cpu,1041
6239,yolo_x_cpu,968
6240,yolo_x_cpu,1023
6241,yolo_x_cpu,1087
6242,yolo_x_cpu,1085
6243,yolo_x_cpu,1124
6244,yolo_x_cpu,1128
6245,yolo_x_cpu,1154
6246,yolo_x_cpu,1157
6247,yolo_x_cpu,1134
6248,yolo_x_cpu,1067
6249,yolo_x_cpu,1094
6250,yolo_x_cpu,1069
6251,yolo_x_cpu,1072
6252,yolo_x_cpu,1134
6253,yolo_x_cpu,1132
6254,yolo_x_cpu,1059
6255,yolo_x_cpu,1125
6256,yolo_x_cpu,1073
6257,yolo_x_cpu,1152
6258,yolo_x_cpu,1133
6259,yolo_x_cpu,1081
6260,yolo_x_cpu,1178
6261,yolo_x_cpu,1205
6262,yolo_x_cpu,1191
6263,yolo_x_cpu,1206
6264,yolo_x_cpu,1219
6265,yolo_x_cpu,1217
6266,yolo_x_cpu,1194
6267,yolo_x_cpu,1174
6268,yolo_x_cpu,1198
6269,yolo_x_cpu,1170
6270,yolo_x_cpu,1166
6271,yolo_x_cpu,1190
6272,yolo_x_cpu,1138
6273,yolo_x_cpu,1167
6274,yolo_x_cpu,1170
6275,yolo_x_cpu,1255
6276,yolo_x_cpu,1205
6277,yolo_x_cpu,1169
6278,yolo_x_cpu,1170
6279,yolo_x_cpu,1132
6280,yolo_x_cpu,1171
6281,yolo_x_cpu,1201
6282,yolo_x_cpu,1118
6283,yolo_x_cpu,1086
6284,yolo_x_cpu,1138
6285,yolo_x_cpu,1042
6286,yolo_x_cpu,1040
6287,yolo_x_cpu,1096
6288,yolo_x_cpu,1103
6289,yolo_x_cpu,1088
6290,yolo_x_cpu,1071
6291,yolo_x_cpu,1136
6292,yolo_x_cpu,1150
6293,yolo_x_cpu,1093
6294,yolo_x_cpu,1110
6295,yolo_x_cpu,1079
6296,yolo_x_cpu,1108
6297,yolo_x_cpu,1106
6298,yolo_x_cpu,1098
6299,yolo_x_cpu,1073
6300,yolo_x_cpu,1078
6301,yolo_x_cpu,1125
6302,yolo_x_cpu,1132
6303,yolo_x_cpu,1181
6304,yolo_x_cpu,1146
6305,yolo_x_cpu,1149
6306,yolo_x_cpu,1152
6307,yolo_x_cpu,1182
6308,yolo_x_cpu,1163
6309,yolo_x_cpu,1248
6310,yolo_x_cpu,1260
6311,yolo_x_cpu,1231
6312,yolo_x_cpu,1227
6313,yolo_x_cpu,1235
6314,yolo_x_cpu,1283
6315,yolo_x_cpu,1270
6316,yolo_x_cpu,1202
6317,yolo_x_cpu,1307
6318,yolo_x_cpu,1221
6319,yolo_x_cpu,1277
6320,yolo_x_cpu,1242
6321,yolo_x_cpu,1225
6322,yolo_x_cpu,1190
6323,yolo_x_cpu,1148
6324,yolo_x_cpu,1184
6325,yolo_x_cpu,1234
6326,yolo_x_cpu,1176
6327,yolo_x_cpu,1248
6328,yolo_x_cpu,1201
6329,yolo_x_cpu,1151
6330,yolo_x_cpu,1102
6331,yolo_x_cpu,1122
6332,yolo_x_cpu,1110
6333,yolo_x_cpu,1229
6334,yolo_x_cpu,1197
6335,yolo_x_cpu,1215
6336,yolo_x_cpu,1226
6337,yolo_x_cpu,1163
6338,yolo_x_cpu,1198
6339,yolo_x_cpu,1182
6340,yolo_x_cpu,1193
6341,yolo_x_cpu,1149
6342,yolo_x_cpu,1221
6343,yolo_x_cpu,1157
6344,yolo_x_cpu,1181
6345,yolo_x_cpu,1153
6346,yolo_x_cpu,1231
6347,yolo_x_cpu,1162
6348,yolo_x_cpu,1190
6349,yolo_x_cpu,1158
6350,yolo_x_cpu,1146
6351,yolo_x_cpu,1188
6352,yolo_x_cpu,1179
6353,yolo_x_cpu,1159
6354,yolo_x_cpu,1170
6355,yolo_x_cpu,1049
6356,yolo_x_cpu,1126
6357,yolo_x_cpu,1114
6358,yolo_x_cpu,1195
6359,yolo_x_cpu,1123
6360,yolo_x_cpu,1082
6361,yolo_x_cpu,1051
6362,yolo_x_cpu,1045
6363,yolo_x_cpu,1131
6364,yolo_x_cpu,1158
6365,yolo_x_cpu,1178
6366,yolo_x_cpu,1175
6367,yolo_x_cpu,1104
6368,yolo_x_cpu,1033
6369,yolo_x_cpu,1008
6370,yolo_x_cpu,1034
6371,yolo_x_cpu,1047
6372,yolo_x_cpu,1058
6373,yolo_x_cpu,1042
6374,yolo_x_cpu,1068
6375,yolo_x_cpu,1045
6376,yolo_x_cpu,1021
6377,yolo_x_cpu,981
6378,yolo_x_cpu,1032
6379,yolo_x_cpu,1043
6380,yolo_x_cpu,959
6381,yolo_x_cpu,990
6382,yolo_x_cpu,973
6383,yolo_x_cpu,951
6384,yolo_x_cpu,927
6385,yolo_x_cpu,1016
6386,yolo_x_cpu,1013
6387,yolo_x_cpu,1018
6388,yolo_x_cpu,957
6389,yolo_x_cpu,943
6390,yolo_x_cpu,905
6391,yolo_x_cpu,860
6392,yolo_x_cpu,865
6393,yolo_x_cpu,908
6394,yolo_x_cpu,921
6395,yolo_x_cpu,958
6396,yolo_x_cpu,938
6397,yolo_x_cpu,975
6398,yolo_x_cpu,979
6399,yolo_x_cpu,997
6400,yolo_x_cpu,1022
6401,yolo_x_cpu,1066
6402,yolo_x_cpu,1075
6403,yolo_x_cpu,1051
6404,yolo_x_cpu,1018
6405,yolo_x_cpu,1027
6406,yolo_x_cpu,1026
6407,yolo_x_cpu,977
6408,yolo_x_cpu,938
6409,yolo_x_cpu,993
6410,yolo_x_cpu,968
6411,yolo_x_cpu,972
6412,yolo_x_cpu,883
6413,yolo_x_cpu,927
6414,yolo_x_cpu,962
6415,yolo_x_cpu,926
6416,yolo_x_cpu,946
6417,yolo_x_cpu,907
6418,yolo_x_cpu,899
6419,yolo_x_cpu,928
6420,yolo_x_cpu,919
6421,yolo_x_cpu,940
6422,yolo_x_cpu,944
6423,yolo_x_cpu,924
6424,yolo_x_cpu,872
6425,yolo_x_cpu,855
6426,yolo_x_cpu,845
6427,yolo_x_cpu,870
6428,yolo_x_cpu,823
6429,yolo_x_cpu,779
6430,yolo_x_cpu,773
6431,yolo_x_cpu,751
6432,yolo_x_cpu,756
6433,yolo_x_cpu,798
6434,yolo_x_cpu,816
6435,yolo_x_cpu,787
6436,yolo_x_cpu,812
6437,yolo_x_cpu,811
6438,yolo_x_cpu,810
6439,yolo_x_cpu,773
6440,yolo_x_cpu,834
6441,yolo_x_cpu,868
6442,yolo_x_cpu,891
6443,yolo_x_cpu,859
6444,yolo_x_cpu,826
6445,yolo_x_cpu,855
6446,yolo_x_cpu,820
6447,yolo_x_cpu,858
6448,yolo_x_cpu,818
6449,yolo_x_cpu,820
6450,yolo_x_cpu,808
6451,yolo_x_cpu,761
6452,yolo_x_cpu,791
6453,yolo_x_cpu,806
6454,yolo_x_cpu,790
6455,yolo_x_cpu,829
6456,yolo_x_cpu,800
6457,yolo_x_cpu,834
6458,yolo_x_cpu,748
6459,yolo_x_cpu,799
6460,yolo_x_cpu,830
6461,yolo_x_cpu,824
6462,yolo_x_cpu,745
6463,yolo_x_cpu,728
6464,yolo_x_cpu,750
6465,yolo_x_cpu,717
6466,yolo_x_cpu,743
6467,yolo_x_cpu,643
6468,yolo_x_cpu,679
6469,yolo_x_cpu,680
6470,yolo_x_cpu,698
6471,yolo_x_cpu,703
6472,yolo_x_cpu,644
6473,yolo_x_cpu,650
6474,yolo_x_cpu,685
6475,yolo_x_cpu,724
6476,yolo_x_cpu,666
6477,yolo_x_cpu,709
6478,yolo_x_cpu,696
6479,yolo_x_cpu,724
6480,yolo_x_cpu,689
6481,yolo_x_cpu,685
6482,yolo_x_cpu,652
6483,yolo_x_cpu,668
6484,yolo_x_cpu,735
6485,yolo_x_cpu,682
6486,yolo_x_cpu,669
6487,yolo_x_cpu,638
6488,yolo_x_cpu,626
6489,yolo_x_cpu,637
6490,yolo_x_cpu,631
6491,yolo_x_cpu,601
6492,yolo_x_cpu,646
6493,yolo_x_cpu,620
6494,yolo_x_cpu,646
6495,yolo_x_cpu,624
6496,yolo_x_cpu,600
6497,yolo_x_cpu,628
6498,yolo_x_cpu,621
6499,yolo_x_cpu,622
6500,yolo_x_cpu,670
6501,yolo_x_cpu,625
6502,yolo_x_cpu,628
6503,yolo_x_cpu,670
6504,yolo_x_cpu,650
6505,yolo_x_cpu,660
6506,yolo_x_cpu,701
6507,yolo_x_cpu,726
6508,yolo_x_cpu,620
6509,yolo_x_cpu,682
6510,yolo_x_cpu,629
6511,yolo_x_cpu,657
6512,yolo_x_cpu,648
6513,yolo_x_cpu,666
6514,yolo_x_cpu,607
6515,yolo_x_cpu,678
6516,yolo_x_cpu,672
6517,yolo_x_cpu,649
6518,yolo_x_cpu,644
6519,yolo_x_cpu,674
6520,yolo_x_cpu,652
6521,yolo_x_cpu,632
6522,yolo_x_cpu,619
6523,yolo_x_cpu,649
6524,yolo_x_cpu,665
6525,yolo_x_cpu,587
6526,yolo_x_cpu,599
6527,yolo_x_cpu,624
6528,yolo_x_cpu,611
6529,yolo_x_cpu,638
6530,yolo_x_cpu,593
6531,yolo_x_cpu,646
6532,yolo_x_cpu,644
6533,yolo_x_cpu,614
6534,yolo_x_cpu,661
6535,yolo_x_cpu,623
6536,yolo_x_cpu,642
6537,yolo_x_cpu,622
6538,yolo_x_cpu,566
6539,yolo_x_cpu,622
6540,yolo_x_cpu,527
6541,yolo_x_cpu,535
6542,yolo_x_cpu,525
6543,yolo_x_cpu,490
6544,yolo_x_cpu,530
6545,yolo_x_cpu,561
6546,yolo_x_cpu,592
6547,yolo_x_cpu,615
6548,yolo_x_cpu,539
6549,yolo_x_cpu,539
6550,yolo_x_cpu,531
6551,yolo_x_cpu,610
6552,yolo_x_cpu,578
6553,yolo_x_cpu,610
6554,yolo_x_cpu,506
6555,yolo_x_cpu,591
6556,yolo_x_cpu,551
6557,yolo_x_cpu,564
6558,yolo_x_cpu,549
6559,yolo_x_cpu,551
6560,yolo_x_cpu,657
6561,yolo_x_cpu,585
6562,yolo_x_cpu,621
6563,yolo_x_cpu,599
6564,yolo_x_cpu,560
6565,yolo_x_cpu,584
6566,yolo_x_cpu,585
6567,yolo_x_cpu,555
6568,yolo_x_cpu,592
6569,yolo_x_cpu,660
6570,yolo_x_cpu,674
6571,yolo_x_cpu,688
6572,yolo_x_cpu,665
6573,yolo_x_cpu,613
6574,yolo_x_cpu,597
6575,yolo_x_cpu,557
6576,yolo_x_cpu,509
6577,yolo_x_cpu,570
6578,yolo_x_cpu,606
6579,yolo_x_cpu,601
6580,yolo_x_cpu,581
6581,yolo_x_cpu,582
6582,yolo_x_cpu,585
6583,yolo_x_cpu,464
6584,yolo_x_cpu,544
6585,yolo_x_cpu,491
6586,yolo_x_cpu,510
6587,yolo_x_cpu,501
6588,yolo_x_cpu,515
6589,yolo_x_cpu,558
6590,yolo_x_cpu,524
6591,yolo_x_cpu,517
6592,yolo_x_cpu,504
6593,yolo_x_cpu,538
6594,yolo_x_cpu,543
6595,yolo_x_cpu,597
6596,yolo_x_cpu,591
6597,yolo_x_cpu,587
6598,yolo_x_cpu,610
6599,yolo_x_cpu,604
6600,yolo_x_cpu,501
6601,yolo_x_cpu,539
6602,yolo_x_cpu,517
6603,yolo_x_cpu,538
6604,yolo_x_cpu,541
6605,yolo_x_cpu,568
6606,yolo_x_cpu,559
6607,yolo_x_cpu,578
6608,yolo_x_cpu,484
6609,yolo_x_cpu,509
6610,yolo_x_cpu,460
6611,yolo_x_cpu,270
6612,yolo_x_cpu,333
6613,yolo_x_cpu,315
6614,yolo_x_cpu,432
6615,yolo_x_cpu,458
6616,yolo_x_cpu,435
6617,yolo_x_cpu,403
6618,yolo_x_cpu,376
6619,yolo_x_cpu,376
6620,yolo_x_cpu,398
6621,yolo_x_cpu,368
6622,yolo_x_cpu,415
6623,yolo_x_cpu,344
6624,yolo_x_cpu,419
6625,yolo_x_cpu,378
6626,yolo_x_cpu,367
6627,yolo_x_cpu,357
6628,yolo_x_cpu,330
6629,yolo_x_cpu,329
6630,yolo_x_cpu,343
6631,yolo_x_cpu,339
6632,yolo_x_cpu,307
6633,yolo_x_cpu,309
6634,yolo_x_cpu,287
6635,yolo_x_cpu,271
6636,yolo_x_cpu,314
6637,yolo_x_cpu,267
6638,yolo_x_cpu,272
6639,yolo_x_cpu,289
6640,yolo_x_cpu,305
6641,yolo_x_cpu,312
6642,yolo_x_cpu,302
6643,yolo_x_cpu,276
6644,yolo_x_cpu,240
6645,yolo_x_cpu,240
6646,yolo_x_cpu,260
6647,yolo_x_cpu,288
6648,yolo_x_cpu,310
6649,yolo_x_cpu,317
6650,yolo_x_cpu,267
6651,yolo_x_cpu,258
6652,yolo_x_cpu,250
6653,yolo_x_cpu,245
6654,yolo_x_cpu,260
6655,yolo_x_cpu,237
6656,yolo_x_cpu,256
6657,yolo_x_cpu,253
6658,yolo_x_cpu,280
6659,yolo_x_cpu,279
6660,yolo_x_cpu,283
6661,yolo_x_cpu,291
6662,yolo_x_cpu,285
6663,yolo_x_cpu,242
6664,yolo_x_cpu,239
6665,yolo_x_cpu,283
6666,yolo_x_cpu,229
6667,yolo_x_cpu,223
6668,yolo_x_cpu,253
6669,yolo_x_cpu,228
6670,yolo_x_cpu,195
6671,yolo_x_cpu,175
6672,yolo_x_cpu,180
6673,yolo_x_cpu,184
6674,yolo_x_cpu,172
6675,yolo_x_cpu,178
6676,yolo_x_cpu,197
6677,yolo_x_cpu,221
6678,yolo_x_cpu,198
6679,yolo_x_cpu,184
6680,yolo_x_cpu,140
6681,yolo_x_cpu,148
6682,yolo_x_cpu,193
6683,yolo_x_cpu,177
6684,yolo_x_cpu,165
6685,yolo_x_cpu,172
6686,yolo_x_cpu,162
6687,yolo_x_cpu,153
6688,yolo_x_cpu,174
6689,yolo_x_cpu,153
6690,yolo_x_cpu,153
6691,yolo_x_cpu,150
6692,yolo_x_cpu,172
6693,yolo_x_cpu,192
6694,yolo_x_cpu,164
6695,yolo_x_cpu,173
6696,yolo_x_cpu,169
6697,yolo_x_cpu,189
6698,yolo_x_cpu,146
6699,yolo_x_cpu,149
6700,yolo_x_cpu,178
6701,yolo_x_cpu,163
6702,yolo_x_cpu,139
6703,yolo_x_cpu,144
6704,yolo_x_cpu,140
6705,yolo_x_cpu,180
6706,yolo_x_cpu,161
6707,yolo_x_cpu,156
6708,yolo_x_cpu,144
6709,yolo_x_cpu,166
6710,yolo_x_cpu,141
6711,yolo_x_cpu,107
6712,yolo_x_cpu,104
6713,yolo_x_cpu,124
6714,yolo_x_cpu,103
6715,yolo_x_cpu,127
6716,yolo_x_cpu,137
6717,yolo_x_cpu,134
6718,yolo_x_cpu,130
6719,yolo_x_cpu,120
6720,yolo_x_cpu,111
6721,yolo_x_cpu,139
6722,yolo_x_cpu,114
6723,yolo_x_cpu,138
6724,yolo_x_cpu,139
6725,yolo_x_cpu,125
6726,yolo_x_cpu,134
6727,yolo_x_cpu,125
6728,yolo_x_cpu,154
6729,yolo_x_cpu,144
6730,yolo_x_cpu,143
6731,yolo_x_cpu,159
6732,yolo_x_cpu,168
6733,yolo_x_cpu,151
6734,yolo_x_cpu,133
6735,yolo_x_cpu,160
6736,yolo_x_cpu,148
6737,yolo_x_cpu,128
6738,yolo_x_cpu,130
6739,yolo_x_cpu,133
6740,yolo_x_cpu,144
6741,yolo_x_cpu,133
6742,yolo_x_cpu,136
6743,yolo_x_cpu,120
6744,yolo_x_cpu,132
6745,yolo_x_cpu,108
6746,yolo_x_cpu,100
6747,yolo_x_cpu,85
6748,yolo_x_cpu,111
6749,yolo_x_cpu,106
6750,yolo_x_cpu,80
6751,yolo_x_cpu,102
6752,yolo_x_cpu,97
6753,yolo_x_cpu,100
6754,yolo_x_cpu,128
6755,yolo_x_cpu,97
6756,yolo_x_cpu,80
6757,yolo_x_cpu,95
6758,yolo_x_cpu,96
6759,yolo_x_cpu,109
6760,yolo_x_cpu,98
6761,yolo_x_cpu,88
6762,yolo_x_cpu,77
6763,yolo_x_cpu,71
6764,yolo_x_cpu,78
6765,yolo_x_cpu,71
6766,yolo_x_cpu,59
6767,yolo_x_cpu,97
6768,yolo_x_cpu,64
6769,yolo_x_cpu,67
6770,yolo_x_cpu,67
6771,yolo_x_cpu,75
6772,yolo_x_cpu,89
6773,yolo_x_cpu,96
6774,yolo_x_cpu,104
6775,yolo_x_cpu,110
6776,yolo_x_cpu,104
6777,yolo_x_cpu,106
6778,yolo_x_cpu,95
6779,yolo_x_cpu,107
6780,yolo_x_cpu,116
6781,yolo_x_cpu,101
6782,yolo_x_cpu,89
6783,yolo_x_cpu,83
6784,yolo_x_cpu,85
6785,yolo_x_cpu,95
6786,yolo_x_cpu,87
6787,yolo_x_cpu,109
6788,yolo_x_cpu,104
6789,yolo_x_cpu,92
6790,yolo_x_cpu,82
6791,yolo_x_cpu,88
6792,yolo_x_cpu,88
6793,yolo_x_cpu,105
6794,yolo_x_cpu,96
6795,yolo_x_cpu,89
6796,yolo_x_cpu,83
6797,yolo_x_cpu,94
6798,yolo_x_cpu,103
6799,yolo_x_cpu,100
6800,yolo_x_cpu,82
6801,yolo_x_cpu,75
6802,yolo_x_cpu,71
6803,yolo_x_cpu,63
6804,yolo_x_cpu,72
6805,yolo_x_cpu,78
6806,yolo_x_cpu,69
6807,yolo_x_cpu,70
6808,yolo_x_cpu,77
6809,yolo_x_cpu,90
6810,yolo_x_cpu,91
6811,yolo_x_cpu,64
6812,yolo_x_cpu,63
6813,yolo_x_cpu,85
6814,yolo_x_cpu,91
6815,yolo_x_cpu,89
6816,yolo_x_cpu,66
6817,yolo_x_cpu,79
6818,yolo_x_cpu,63
6819,yolo_x_cpu,50
6820,yolo_x_cpu,58
6821,yolo_x_cpu,68
6822,yolo_x_cpu,46
6823,yolo_x_cpu,53
6824,yolo_x_cpu,57
6825,yolo_x_cpu,53
6826,yolo_x_cpu,55
6827,yolo_x_cpu,55
6828,yolo_x_cpu,51
6829,yolo_x_cpu,39
6830,yolo_x_cpu,49
6831,yolo_x_cpu,47
6832,yolo_x_cpu,35
6833,yolo_x_cpu,36
6834,yolo_x_cpu,35
6835,yolo_x_cpu,30
6836,yolo_x_cpu,31
6837,yolo_x_cpu,57
6838,yolo_x_cpu,43
6839,yolo_x_cpu,38
6840,yolo_x_cpu,46
6841,yolo_x_cpu,57
6842,yolo_x_cpu,55
6843,yolo_x_cpu,48
6844,yolo_x_cpu,35
6845,yolo_x_cpu,41
6846,yolo_x_cpu,48
6847,yolo_x_cpu,41
6848,yolo_x_cpu,39
6849,yolo_x_cpu,39
6850,yolo_x_cpu,60
6851,yolo_x_cpu,61
6852,yolo_x_cpu,51
6853,yolo_x_cpu,50
6854,yolo_x_cpu,44
6855,yolo_x_cpu,51
6856,yolo_x_cpu,48
6857,yolo_x_cpu,55
6858,yolo_x_cpu,61
6859,yolo_x_cpu,60
6860,yolo_x_cpu,58
6861,yolo_x_cpu,57
6862,yolo_x_cpu,68
6863,yolo_x_cpu,73
6864,yolo_x_cpu,78
6865,yolo_x_cpu,75
6866,yolo_x_cpu,52
6867,yolo_x_cpu,52
6868,yolo_x_cpu,61
6869,yolo_x_cpu,53
6870,yolo_x_cpu,50
6871,yolo_x_cpu,44
6872,yolo_x_cpu,51
6873,yolo_x_cpu,41
6874,yolo_x_cpu,44
6875,yolo_x_cpu,46
6876,yolo_x_cpu,31
6877,yolo_x_cpu,33
6878,yolo_x_cpu,40
6879,yolo_x_cpu,53
6880,yolo_x_cpu,30
6881,yolo_x_cpu,44
6882,yolo_x_cpu,48
6883,yolo_x_cpu,37
6884,yolo_x_cpu,37
6885,yolo_x_cpu,33
6886,yolo_x_cpu,28
6887,yolo_x_cpu,36
6888,yolo_x_cpu,38
6889,yolo_x_cpu,36
6890,yolo_x_cpu,43
6891,yolo_x_cpu,54
6892,yolo_x_cpu,48
6893,yolo_x_cpu,53
6894,yolo_x_cpu,40
6895,yolo_x_cpu,33
6896,yolo_x_cpu,46
6897,yolo_x_cpu,40
6898,yolo_x_cpu,39
6899,yolo_x_cpu,38
6900,yolo_x_cpu,78
6901,yolo_x_cpu,3087
6902,yolo_x_cpu,3321
6903,yolo_x_cpu,2224
6904,yolo_x_cpu,721
6905,yolo_x_cpu,637
6906,yolo_x_cpu,492
6907,yolo_x_cpu,400
6908,yolo_x_cpu,240
6909,yolo_x_cpu,242
6910,yolo_x_cpu,234
6911,yolo_x_cpu,281
6912,yolo_x_cpu,283
6913,yolo_x_cpu,408
6914,yolo_x_cpu,437
6915,yolo_x_cpu,382
6916,yolo_x_cpu,418
6917,yolo_x_cpu,372
6918,yolo_x_cpu,275
6919,yolo_x_cpu,262
6920,yolo_x_cpu,272
6921,yolo_x_cpu,235
6922,yolo_x_cpu,209
6923,yolo_x_cpu,190
6924,yolo_x_cpu,277
6925,yolo_x_cpu,221
6926,yolo_x_cpu,175
6927,yolo_x_cpu,183
6928,yolo_x_cpu,154
6929,yolo_x_cpu,137
6930,yolo_x_cpu,142
6931,yolo_x_cpu,120
6932,yolo_x_cpu,146
6933,yolo_x_cpu,157
6934,yolo_x_cpu,135
6935,yolo_x_cpu,127
6936,yolo_x_cpu,107
6937,yolo_x_cpu,142
6938,yolo_x_cpu,86
6939,yolo_x_cpu,87
6940,yolo_x_cpu,115
6941,yolo_x_cpu,114
6942,yolo_x_cpu,99
6943,yolo_x_cpu,96
6944,yolo_x_cpu,84
6945,yolo_x_cpu,100
6946,yolo_x_cpu,106
6947,yolo_x_cpu,120
6948,yolo_x_cpu,104
6949,yolo_x_cpu,144
6950,yolo_x_cpu,136
6951,yolo_x_cpu,133
6952,yolo_x_cpu,150
6953,yolo_x_cpu,121
6954,yolo_x_cpu,81
6955,yolo_x_cpu,56
6956,yolo_x_cpu,93
6957,yolo_x_cpu,112
6958,yolo_x_cpu,106
6959,yolo_x_cpu,86
6960,yolo_x_cpu,68
6961,yolo_x_cpu,46
6962,yolo_x_cpu,42
6963,yolo_x_cpu,72
6964,yolo_x_cpu,69
6965,yolo_x_cpu,65
6966,yolo_x_cpu,90
6967,yolo_x_cpu,87
6968,yolo_x_cpu,83
6969,yolo_x_cpu,66
6970,yolo_x_cpu,60
6971,yolo_x_cpu,69
6972,yolo_x_cpu,86
6973,yolo_x_cpu,100
6974,yolo_x_cpu,70
6975,yolo_x_cpu,59
6976,yolo_x_cpu,67
6977,yolo_x_cpu,62
6978,yolo_x_cpu,84
6979,yolo_x_cpu,113
6980,yolo_x_cpu,108
6981,yolo_x_cpu,98
6982,yolo_x_cpu,86
6983,yolo_x_cpu,98
6984,yolo_x_cpu,117
6985,yolo_x_cpu,151
6986,yolo_x_cpu,135
6987,yolo_x_cpu,57
6988,yolo_x_cpu,41
6989,yolo_x_cpu,35
6990,yolo_x_cpu,19
6991,yolo_x_cpu,29
6992,yolo_x_cpu,24
6993,yolo_x_cpu,32
6994,yolo_x_cpu,37
6995,yolo_x_cpu,28
6996,yolo_x_cpu,28
6997,yolo_x_cpu,25
6998,yolo_x_cpu,23
6999,yolo_x_cpu,44
7000,yolo_x_cpu,35
7001,yolo_x_cpu,28
7002,yolo_x_cpu,19
7003,yolo_x_cpu,16
7004,yolo_x_cpu,8
7005,yolo_x_cpu,26
7006,yolo_x_cpu,35
7007,yolo_x_cpu,20
7008,yolo_x_cpu,42
7009,yolo_x_cpu,39
7010,yolo_x_cpu,31
7011,yolo_x_cpu,41
7012,yolo_x_cpu,40
7013,yolo_x_cpu,52
7014,yolo_x_cpu,103
7015,yolo_x_cpu,77
7016,yolo_x_cpu,50
7017,yolo_x_cpu,44
7018,yolo_x_cpu,66
7019,yolo_x_cpu,91
7020,yolo_x_cpu,72
7021,yolo_x_cpu,72
7022,yolo_x_cpu,42
7023,yolo_x_cpu,51
7024,yolo_x_cpu,36
7025,yolo_x_cpu,34
7026,yolo_x_cpu,17
7027,yolo_x_cpu,25
7028,yolo_x_cpu,12
7029,yolo_x_cpu,21
7030,yolo_x_cpu,13
7031,yolo_x_cpu,7
7032,yolo_x_cpu,5
7033,yolo_x_cpu,7
7034,yolo_x_cpu,15
7035,yolo_x_cpu,23
7036,yolo_x_cpu,18
7037,yolo_x_cpu,23
7038,yolo_x_cpu,20
7039,yolo_x_cpu,37
7040,yolo_x_cpu,28
7041,yolo_x_cpu,25
7042,yolo_x_cpu,19
7043,yolo_x_cpu,17
7044,yolo_x_cpu,22
7045,yolo_x_cpu,27
7046,yolo_x_cpu,26
7047,yolo_x_cpu,22
7048,yolo_x_cpu,14
7049,yolo_x_cpu,23
7050,yolo_x_cpu,26
7051,yolo_x_cpu,23
7052,yolo_x_cpu,16
7053,yolo_x_cpu,32
7054,yolo_x_cpu,36
7055,yolo_x_cpu,28
7056,yolo_x_cpu,23
7057,yolo_x_cpu,38
7058,yolo_x_cpu,47
7059,yolo_x_cpu,33
7060,yolo_x_cpu,26
7061,yolo_x_cpu,39
7062,yolo_x_cpu,40
7063,yolo_x_cpu,33
7064,yolo_x_cpu,34
7065,yolo_x_cpu,39
7066,yolo_x_cpu,39
7067,yolo_x_cpu,38
7068,yolo_x_cpu,33
7069,yolo_x_cpu,39
7070,yolo_x_cpu,37
7071,yolo_x_cpu,39
7072,yolo_x_cpu,37
7073,yolo_x_cpu,32
7074,yolo_x_cpu,36
7075,yolo_x_cpu,35
7076,yolo_x_cpu,30
7077,yolo_x_cpu,33
7078,yolo_x_cpu,37
7079,yolo_x_cpu,33
7080,yolo_x_cpu,28
7081,yolo_x_cpu,51
7082,yolo_x_cpu,53
7083,yolo_x_cpu,74
7084,yolo_x_cpu,68
7085,yolo_x_cpu,54
7086,yolo_x_cpu,49
7087,yolo_x_cpu,44
7088,yolo_x_cpu,41
7089,yolo_x_cpu,50
7090,yolo_x_cpu,62
7091,yolo_x_cpu,56
7092,yolo_x_cpu,62
7093,yolo_x_cpu,64
7094,yolo_x_cpu,63
7095,yolo_x_cpu,64
7096,yolo_x_cpu,46
7097,yolo_x_cpu,52
7098,yolo_x_cpu,59
7099,yolo_x_cpu,51
7100,yolo_x_cpu,68
7101,yolo_x_cpu,54
7102,yolo_x_cpu,54
7103,yolo_x_cpu,67
7104,yolo_x_cpu,67
7105,yolo_x_cpu,70
7106,yolo_x_cpu,88
7107,yolo_x_cpu,98
7108,yolo_x_cpu,84
7109,yolo_x_cpu,87
7110,yolo_x_cpu,90
7111,yolo_x_cpu,112
7112,yolo_x_cpu,116
7113,yolo_x_cpu,102
7114,yolo_x_cpu,97
7115,yolo_x_cpu,98
7116,yolo_x_cpu,103
7117,yolo_x_cpu,116
7118,yolo_x_cpu,138
7119,yolo_x_cpu,171
7120,yolo_x_cpu,190
7121,yolo_x_cpu,176
7122,yolo_x_cpu,157
7123,yolo_x_cpu,178
7124,yolo_x_cpu,172
7125,yolo_x_cpu,180
7126,yolo_x_cpu,169
7127,yolo_x_cpu,170
7128,yolo_x_cpu,165
7129,yolo_x_cpu,166
7130,yolo_x_cpu,206
7131,yolo_x_cpu,225
7132,yolo_x_cpu,250
7133,yolo_x_cpu,234
7134,yolo_x_cpu,230
7135,yolo_x_cpu,261
7136,yolo_x_cpu,227
7137,yolo_x_cpu,261
7138,yolo_x_cpu,265
7139,yolo_x_cpu,309
7140,yolo_x_cpu,316
7141,yolo_x_cpu,290
7142,yolo_x_cpu,287
7143,yolo_x_cpu,345
7144,yolo_x_cpu,328
7145,yolo_x_cpu,378
7146,yolo_x_cpu,329
7147,yolo_x_cpu,313
7148,yolo_x_cpu,380
7149,yolo_x_cpu,360
7150,yolo_x_cpu,406
7151,yolo_x_cpu,450
7152,yolo_x_cpu,452
7153,yolo_x_cpu,469
7154,yolo_x_cpu,467
7155,yolo_x_cpu,466
7156,yolo_x_cpu,455
7157,yolo_x_cpu,520
7158,yolo_x_cpu,489
7159,yolo_x_cpu,467
7160,yolo_x_cpu,504
7161,yolo_x_cpu,483
7162,yolo_x_cpu,478
7163,yolo_x_cpu,516
7164,yolo_x_cpu,538
7165,yolo_x_cpu,569
7166,yolo_x_cpu,575
7167,yolo_x_cpu,534
7168,yolo_x_cpu,562
7169,yolo_x_cpu,560
7170,yolo_x_cpu,646
7171,yolo_x_cpu,661
7172,yolo_x_cpu,629
7173,yolo_x_cpu,723
7174,yolo_x_cpu,726
7175,yolo_x_cpu,702
7176,yolo_x_cpu,727
7177,yolo_x_cpu,625
7178,yolo_x_cpu,663
7179,yolo_x_cpu,714
7180,yolo_x_cpu,684
7181,yolo_x_cpu,780
7182,yolo_x_cpu,753
7183,yolo_x_cpu,770
7184,yolo_x_cpu,790
7185,yolo_x_cpu,751
7186,yolo_x_cpu,788
7187,yolo_x_cpu,803
7188,yolo_x_cpu,786
7189,yolo_x_cpu,805
7190,yolo_x_cpu,833
7191,yolo_x_cpu,883
7192,yolo_x_cpu,863
7193,yolo_x_cpu,853
7194,yolo_x_cpu,861
7195,yolo_x_cpu,819
7196,yolo_x_cpu,857
7197,yolo_x_cpu,839
7198,yolo_x_cpu,831
7199,yolo_x_cpu,805
7200,yolo_x_cpu,840
7201,yolo_x_cpu,877
7202,yolo_x_cpu,882
7203,yolo_x_cpu,855
7204,yolo_x_cpu,906
7205,yolo_x_cpu,865
7206,yolo_x_cpu,858
7207,yolo_x_cpu,842
7208,yolo_x_cpu,849
7209,yolo_x_cpu,834
7210,yolo_x_cpu,829
7211,yolo_x_cpu,866
7212,yolo_x_cpu,830
7213,yolo_x_cpu,846
7214,yolo_x_cpu,866
7215,yolo_x_cpu,801
7216,yolo_x_cpu,844
7217,yolo_x_cpu,830
7218,yolo_x_cpu,832
7219,yolo_x_cpu,860
7220,yolo_x_cpu,831
7221,yolo_x_cpu,885
7222,yolo_x_cpu,814
7223,yolo_x_cpu,848
7224,yolo_x_cpu,845
7225,yolo_x_cpu,860
7226,yolo_x_cpu,849
7227,yolo_x_cpu,841
7228,yolo_x_cpu,789
7229,yolo_x_cpu,829
7230,yolo_x_cpu,823
7231,yolo_x_cpu,878
7232,yolo_x_cpu,854
7233,yolo_x_cpu,908
7234,yolo_x_cpu,879
7235,yolo_x_cpu,882
7236,yolo_x_cpu,881
7237,yolo_x_cpu,934
7238,yolo_x_cpu,945
7239,yolo_x_cpu,956
7240,yolo_x_cpu,926
7241,yolo_x_cpu,929
7242,yolo_x_cpu,991
7243,yolo_x_cpu,944
7244,yolo_x_cpu,897
7245,yolo_x_cpu,882
7246,yolo_x_cpu,929
7247,yolo_x_cpu,923
7248,yolo_x_cpu,1014
7249,yolo_x_cpu,993
7250,yolo_x_cpu,988
7251,yolo_x_cpu,897
7252,yolo_x_cpu,895
7253,yolo_x_cpu,905
7254,yolo_x_cpu,919
7255,yolo_x_cpu,899
7256,yolo_x_cpu,910
7257,yolo_x_cpu,975
7258,yolo_x_cpu,953
7259,yolo_x_cpu,935
7260,yolo_x_cpu,924
7261,yolo_x_cpu,912
7262,yolo_x_cpu,904
7263,yolo_x_cpu,966
7264,yolo_x_cpu,1013
7265,yolo_x_cpu,971
7266,yolo_x_cpu,997
7267,yolo_x_cpu,989
7268,yolo_x_cpu,952
7269,yolo_x_cpu,895
7270,yolo_x_cpu,902
7271,yolo_x_cpu,939
7272,yolo_x_cpu,936
7273,yolo_x_cpu,937
7274,yolo_x_cpu,919
7275,yolo_x_cpu,926
7276,yolo_x_cpu,930
7277,yolo_x_cpu,885
7278,yolo_x_cpu,980
7279,yolo_x_cpu,976
7280,yolo_x_cpu,986
7281,yolo_x_cpu,981
7282,yolo_x_cpu,931
7283,yolo_x_cpu,912
7284,yolo_x_cpu,961
7285,yolo_x_cpu,949
7286,yolo_x_cpu,1011
7287,yolo_x_cpu,990
7288,yolo_x_cpu,1032
7289,yolo_x_cpu,1045
7290,yolo_x_cpu,976
7291,yolo_x_cpu,978
7292,yolo_x_cpu,998
7293,yolo_x_cpu,989
7294,yolo_x_cpu,981
7295,yolo_x_cpu,917
7296,yolo_x_cpu,983
7297,yolo_x_cpu,989
7298,yolo_x_cpu,940
7299,yolo_x_cpu,960
7300,yolo_x_cpu,958
7301,yolo_x_cpu,934
7302,yolo_x_cpu,919
7303,yolo_x_cpu,937
7304,yolo_x_cpu,977
7305,yolo_x_cpu,902
7306,yolo_x_cpu,914
7307,yolo_x_cpu,1068
7308,yolo_x_cpu,970
7309,yolo_x_cpu,963
7310,yolo_x_cpu,989
7311,yolo_x_cpu,1032
7312,yolo_x_cpu,946
7313,yolo_x_cpu,942
7314,yolo_x_cpu,1010
7315,yolo_x_cpu,929
7316,yolo_x_cpu,944
7317,yolo_x_cpu,1006
7318,yolo_x_cpu,1009
7319,yolo_x_cpu,944
7320,yolo_x_cpu,1004
7321,yolo_x_cpu,1018
7322,yolo_x_cpu,961
7323,yolo_x_cpu,1011
7324,yolo_x_cpu,998
7325,yolo_x_cpu,1010
7326,yolo_x_cpu,968
7327,yolo_x_cpu,949
7328,yolo_x_cpu,953
7329,yolo_x_cpu,1041
7330,yolo_x_cpu,1001
7331,yolo_x_cpu,972
7332,yolo_x_cpu,924
7333,yolo_x_cpu,1002
7334,yolo_x_cpu,994
7335,yolo_x_cpu,1016
7336,yolo_x_cpu,1039
7337,yolo_x_cpu,904
7338,yolo_x_cpu,893
7339,yolo_x_cpu,936
7340,yolo_x_cpu,1002
7341,yolo_x_cpu,954
7342,yolo_x_cpu,928
7343,yolo_x_cpu,929
7344,yolo_x_cpu,975
7345,yolo_x_cpu,901
7346,yolo_x_cpu,879
7347,yolo_x_cpu,915
7348,yolo_x_cpu,1029
7349,yolo_x_cpu,995
7350,yolo_x_cpu,1065
7351,yolo_x_cpu,1129
7352,yolo_x_cpu,1086
7353,yolo_x_cpu,1007
7354,yolo_x_cpu,983
7355,yolo_x_cpu,924
7356,yolo_x_cpu,961
7357,yolo_x_cpu,1011
7358,yolo_x_cpu,952
7359,yolo_x_cpu,1009
7360,yolo_x_cpu,974
7361,yolo_x_cpu,976
7362,yolo_x_cpu,998
7363,yolo_x_cpu,939
7364,yolo_x_cpu,1070
7365,yolo_x_cpu,1018
7366,yolo_x_cpu,1035
7367,yolo_x_cpu,1002
7368,yolo_x_cpu,912
7369,yolo_x_cpu,970
7370,yolo_x_cpu,967
7371,yolo_x_cpu,1017
7372,yolo_x_cpu,1021
7373,yolo_x_cpu,971
7374,yolo_x_cpu,1078
7375,yolo_x_cpu,1047
7376,yolo_x_cpu,1012
7377,yolo_x_cpu,991
7378,yolo_x_cpu,1039
7379,yolo_x_cpu,1087
7380,yolo_x_cpu,1031
7381,yolo_x_cpu,1104
7382,yolo_x_cpu,1100
7383,yolo_x_cpu,1043
7384,yolo_x_cpu,984
7385,yolo_x_cpu,1000
7386,yolo_x_cpu,1042
7387,yolo_x_cpu,1033
7388,yolo_x_cpu,994
7389,yolo_x_cpu,1004
7390,yolo_x_cpu,929
7391,yolo_x_cpu,843
7392,yolo_x_cpu,934
7393,yolo_x_cpu,996
7394,yolo_x_cpu,1041
7395,yolo_x_cpu,1000
7396,yolo_x_cpu,1098
7397,yolo_x_cpu,1025
7398,yolo_x_cpu,1111
7399,yolo_x_cpu,1049
7400,yolo_x_cpu,1029
7401,yolo_x_cpu,1000
7402,yolo_x_cpu,1076
7403,yolo_x_cpu,1006
7404,yolo_x_cpu,1004
7405,yolo_x_cpu,989
7406,yolo_x_cpu,947
7407,yolo_x_cpu,978
7408,yolo_x_cpu,1042
7409,yolo_x_cpu,1055
7410,yolo_x_cpu,1057
7411,yolo_x_cpu,1040
7412,yolo_x_cpu,1050
7413,yolo_x_cpu,1033
7414,yolo_x_cpu,1043
7415,yolo_x_cpu,1103
7416,yolo_x_cpu,1076
7417,yolo_x_cpu,1064
7418,yolo_x_cpu,1114
7419,yolo_x_cpu,1096
7420,yolo_x_cpu,1036
7421,yolo_x_cpu,1097
7422,yolo_x_cpu,1065
7423,yolo_x_cpu,1038
7424,yolo_x_cpu,1015
7425,yolo_x_cpu,1012
7426,yolo_x_cpu,1081
7427,yolo_x_cpu,1046
7428,yolo_x_cpu,969
7429,yolo_x_cpu,976
7430,yolo_x_cpu,983
7431,yolo_x_cpu,1011
7432,yolo_x_cpu,1010
7433,yolo_x_cpu,964
7434,yolo_x_cpu,943
7435,yolo_x_cpu,917
7436,yolo_x_cpu,928
7437,yolo_x_cpu,936
7438,yolo_x_cpu,885
7439,yolo_x_cpu,888
7440,yolo_x_cpu,862
7441,yolo_x_cpu,863
7442,yolo_x_cpu,870
7443,yolo_x_cpu,915
7444,yolo_x_cpu,1005
7445,yolo_x_cpu,998
7446,yolo_x_cpu,983
7447,yolo_x_cpu,931
7448,yolo_x_cpu,957
7449,yolo_x_cpu,955
7450,yolo_x_cpu,928
7451,yolo_x_cpu,971
7452,yolo_x_cpu,961
7453,yolo_x_cpu,946
7454,yolo_x_cpu,932
7455,yolo_x_cpu,984
7456,yolo_x_cpu,926
7457,yolo_x_cpu,959
7458,yolo_x_cpu,966
7459,yolo_x_cpu,875
7460,yolo_x_cpu,826
7461,yolo_x_cpu,799
7462,yolo_x_cpu,878
7463,yolo_x_cpu,888
7464,yolo_x_cpu,879
7465,yolo_x_cpu,865
7466,yolo_x_cpu,864
7467,yolo_x_cpu,840
7468,yolo_x_cpu,873
7469,yolo_x_cpu,814
7470,yolo_x_cpu,777
7471,yolo_x_cpu,798
7472,yolo_x_cpu,781
7473,yolo_x_cpu,830
7474,yolo_x_cpu,846
7475,yolo_x_cpu,872
7476,yolo_x_cpu,868
7477,yolo_x_cpu,845
7478,yolo_x_cpu,855
7479,yolo_x_cpu,841
7480,yolo_x_cpu,834
7481,yolo_x_cpu,822
7482,yolo_x_cpu,803
7483,yolo_x_cpu,747
7484,yolo_x_cpu,699
7485,yolo_x_cpu,684
7486,yolo_x_cpu,808
7487,yolo_x_cpu,814
7488,yolo_x_cpu,836
7489,yolo_x_cpu,881
7490,yolo_x_cpu,863
7491,yolo_x_cpu,950
7492,yolo_x_cpu,926
7493,yolo_x_cpu,925
7494,yolo_x_cpu,922
7495,yolo_x_cpu,857
7496,yolo_x_cpu,813
7497,yolo_x_cpu,824
7498,yolo_x_cpu,821
7499,yolo_x_cpu,829
7500,yolo_x_cpu,844
7501,yolo_x_cpu,897
7502,yolo_x_cpu,906
7503,yolo_x_cpu,858
7504,yolo_x_cpu,906
7505,yolo_x_cpu,847
7506,yolo_x_cpu,928
7507,yolo_x_cpu,927
7508,yolo_x_cpu,880
7509,yolo_x_cpu,872
7510,yolo_x_cpu,936
7511,yolo_x_cpu,863
7512,yolo_x_cpu,932
7513,yolo_x_cpu,920
7514,yolo_x_cpu,933
7515,yolo_x_cpu,942
7516,yolo_x_cpu,966
7517,yolo_x_cpu,1007
7518,yolo_x_cpu,1062
7519,yolo_x_cpu,1011
7520,yolo_x_cpu,962
7521,yolo_x_cpu,995
7522,yolo_x_cpu,1063
7523,yolo_x_cpu,1101
7524,yolo_x_cpu,1038
7525,yolo_x_cpu,1004
7526,yolo_x_cpu,975
7527,yolo_x_cpu,1016
7528,yolo_x_cpu,988
7529,yolo_x_cpu,1011
7530,yolo_x_cpu,928
7531,yolo_x_cpu,966
7532,yolo_x_cpu,964
7533,yolo_x_cpu,969
7534,yolo_x_cpu,978
7535,yolo_x_cpu,945
7536,yolo_x_cpu,990
7537,yolo_x_cpu,958
7538,yolo_x_cpu,1006
7539,yolo_x_cpu,968
7540,yolo_x_cpu,1015
7541,yolo_x_cpu,990
7542,yolo_x_cpu,987
7543,yolo_x_cpu,978
7544,yolo_x_cpu,1018
7545,yolo_x_cpu,1009
7546,yolo_x_cpu,1056
7547,yolo_x_cpu,1061
7548,yolo_x_cpu,1038
7549,yolo_x_cpu,980
7550,yolo_x_cpu,1000
7551,yolo_x_cpu,1000
7552,yolo_x_cpu,988
7553,yolo_x_cpu,1028
7554,yolo_x_cpu,1071
7555,yolo_x_cpu,1011
7556,yolo_x_cpu,961
7557,yolo_x_cpu,1015
7558,yolo_x_cpu,1007
7559,yolo_x_cpu,1064
7560,yolo_x_cpu,1049
7561,yolo_x_cpu,1045
7562,yolo_x_cpu,1047
7563,yolo_x_cpu,1059
7564,yolo_x_cpu,982
7565,yolo_x_cpu,987
7566,yolo_x_cpu,985
7567,yolo_x_cpu,999
7568,yolo_x_cpu,1061
7569,yolo_x_cpu,1104
7570,yolo_x_cpu,1044
7571,yolo_x_cpu,1088
7572,yolo_x_cpu,1032
7573,yolo_x_cpu,950
7574,yolo_x_cpu,969
7575,yolo_x_cpu,1073
7576,yolo_x_cpu,1057
7577,yolo_x_cpu,1073
7578,yolo_x_cpu,1101
7579,yolo_x_cpu,1041
7580,yolo_x_cpu,977
7581,yolo_x_cpu,1008
7582,yolo_x_cpu,1023
7583,yolo_x_cpu,982
7584,yolo_x_cpu,1006
7585,yolo_x_cpu,991
7586,yolo_x_cpu,1153
7587,yolo_x_cpu,1052
7588,yolo_x_cpu,1035
7589,yolo_x_cpu,985
7590,yolo_x_cpu,984
7591,yolo_x_cpu,955
7592,yolo_x_cpu,948
7593,yolo_x_cpu,927
7594,yolo_x_cpu,893
7595,yolo_x_cpu,867
7596,yolo_x_cpu,920
7597,yolo_x_cpu,874
7598,yolo_x_cpu,990
7599,yolo_x_cpu,1002
7600,yolo_x_cpu,1011
7601,yolo_x_cpu,984
7602,yolo_x_cpu,1040
7603,yolo_x_cpu,1004
7604,yolo_x_cpu,968
7605,yolo_x_cpu,983
7606,yolo_x_cpu,964
7607,yolo_x_cpu,997
7608,yolo_x_cpu,1055
7609,yolo_x_cpu,1040
7610,yolo_x_cpu,1028
7611,yolo_x_cpu,987
7612,yolo_x_cpu,1038
7613,yolo_x_cpu,1003
7614,yolo_x_cpu,1047
7615,yolo_x_cpu,984
7616,yolo_x_cpu,1051
7617,yolo_x_cpu,1003
7618,yolo_x_cpu,1075
7619,yolo_x_cpu,1087
7620,yolo_x_cpu,1037
7621,yolo_x_cpu,1023
7622,yolo_x_cpu,1007
7623,yolo_x_cpu,1002
7624,yolo_x_cpu,1006
7625,yolo_x_cpu,1006
7626,yolo_x_cpu,1005
7627,yolo_x_cpu,967
7628,yolo_x_cpu,996
7629,yolo_x_cpu,989
7630,yolo_x_cpu,1008
7631,yolo_x_cpu,1024
7632,yolo_x_cpu,1079
7633,yolo_x_cpu,1035
7634,yolo_x_cpu,1015
7635,yolo_x_cpu,1030
7636,yolo_x_cpu,1039
7637,yolo_x_cpu,1139
7638,yolo_x_cpu,1012
7639,yolo_x_cpu,1042
7640,yolo_x_cpu,1095
7641,yolo_x_cpu,1044
7642,yolo_x_cpu,1073
7643,yolo_x_cpu,1041
7644,yolo_x_cpu,1016
7645,yolo_x_cpu,993
7646,yolo_x_cpu,982
7647,yolo_x_cpu,989
7648,yolo_x_cpu,932
7649,yolo_x_cpu,968
7650,yolo_x_cpu,922
7651,yolo_x_cpu,951
7652,yolo_x_cpu,962
7653,yolo_x_cpu,987
7654,yolo_x_cpu,951
7655,yolo_x_cpu,904
7656,yolo_x_cpu,979
7657,yolo_x_cpu,963
7658,yolo_x_cpu,898
7659,yolo_x_cpu,946
7660,yolo_x_cpu,934
7661,yolo_x_cpu,925
7662,yolo_x_cpu,901
7663,yolo_x_cpu,960
7664,yolo_x_cpu,882
7665,yolo_x_cpu,943
7666,yolo_x_cpu,982
7667,yolo_x_cpu,1020
7668,yolo_x_cpu,1029
7669,yolo_x_cpu,970
7670,yolo_x_cpu,1064
7671,yolo_x_cpu,965
7672,yolo_x_cpu,1035
7673,yolo_x_cpu,988
7674,yolo_x_cpu,1010
7675,yolo_x_cpu,1007
7676,yolo_x_cpu,1013
7677,yolo_x_cpu,1033
7678,yolo_x_cpu,1112
7679,yolo_x_cpu,1144
7680,yolo_x_cpu,1115
7681,yolo_x_cpu,1164
7682,yolo_x_cpu,1178
7683,yolo_x_cpu,1096
7684,yolo_x_cpu,1054
7685,yolo_x_cpu,1044
7686,yolo_x_cpu,1022
7687,yolo_x_cpu,1038
7688,yolo_x_cpu,1067
7689,yolo_x_cpu,1094
7690,yolo_x_cpu,1035
7691,yolo_x_cpu,995
7692,yolo_x_cpu,995
7693,yolo_x_cpu,1034
7694,yolo_x_cpu,1178
7695,yolo_x_cpu,1173
7696,yolo_x_cpu,1093
7697,yolo_x_cpu,1053
7698,yolo_x_cpu,1080
7699,yolo_x_cpu,1045
7700,yolo_x_cpu,1071
7701,yolo_x_cpu,1066
7702,yolo_x_cpu,1067
7703,yolo_x_cpu,1063
7704,yolo_x_cpu,1050
7705,yolo_x_cpu,1058
7706,yolo_x_cpu,1046
7707,yolo_x_cpu,1058
7708,yolo_x_cpu,1109
7709,yolo_x_cpu,1174
7710,yolo_x_cpu,1199
7711,yolo_x_cpu,1089
7712,yolo_x_cpu,1117
7713,yolo_x_cpu,1098
7714,yolo_x_cpu,1047
7715,yolo_x_cpu,1072
7716,yolo_x_cpu,1078
7717,yolo_x_cpu,1061
7718,yolo_x_cpu,1073
7719,yolo_x_cpu,1031
7720,yolo_x_cpu,1033
7721,yolo_x_cpu,1019
7722,yolo_x_cpu,1016
7723,yolo_x_cpu,984
7724,yolo_x_cpu,992
7725,yolo_x_cpu,1028
7726,yolo_x_cpu,1105
7727,yolo_x_cpu,1141
7728,yolo_x_cpu,1163
7729,yolo_x_cpu,1169
7730,yolo_x_cpu,1129
7731,yolo_x_cpu,1115
7732,yolo_x_cpu,1105
7733,yolo_x_cpu,1192
7734,yolo_x_cpu,1115
7735,yolo_x_cpu,1088
7736,yolo_x_cpu,1124
7737,yolo_x_cpu,1127
7738,yolo_x_cpu,1105
7739,yolo_x_cpu,1081
7740,yolo_x_cpu,1123
7741,yolo_x_cpu,1199
7742,yolo_x_cpu,1192
7743,yolo_x_cpu,1198
7744,yolo_x_cpu,1134
7745,yolo_x_cpu,1157
7746,yolo_x_cpu,1222
7747,yolo_x_cpu,1231
7748,yolo_x_cpu,1216
7749,yolo_x_cpu,1270
7750,yolo_x_cpu,1204
7751,yolo_x_cpu,1139
7752,yolo_x_cpu,1224
7753,yolo_x_cpu,1249
7754,yolo_x_cpu,1186
7755,yolo_x_cpu,1158
7756,yolo_x_cpu,1228
7757,yolo_x_cpu,1249
7758,yolo_x_cpu,1281
7759,yolo_x_cpu,1254
7760,yolo_x_cpu,1265
7761,yolo_x_cpu,1253
7762,yolo_x_cpu,1198
7763,yolo_x_cpu,1142
7764,yolo_x_cpu,1124
7765,yolo_x_cpu,1153
7766,yolo_x_cpu,1152
7767,yolo_x_cpu,1090
7768,yolo_x_cpu,1091
7769,yolo_x_cpu,1079
7770,yolo_x_cpu,1111
7771,yolo_x_cpu,1077
7772,yolo_x_cpu,1154
7773,yolo_x_cpu,1150
7774,yolo_x_cpu,1208
7775,yolo_x_cpu,1217
7776,yolo_x_cpu,1152
7777,yolo_x_cpu,1198
7778,yolo_x_cpu,1189
7779,yolo_x_cpu,1206
7780,yolo_x_cpu,1133
7781,yolo_x_cpu,1126
7782,yolo_x_cpu,1214
7783,yolo_x_cpu,1181
7784,yolo_x_cpu,1157
7785,yolo_x_cpu,1237
7786,yolo_x_cpu,1215
7787,yolo_x_cpu,1208
7788,yolo_x_cpu,1193
7789,yolo_x_cpu,1140
7790,yolo_x_cpu,1081
7791,yolo_x_cpu,1122
7792,yolo_x_cpu,1105
7793,yolo_x_cpu,1098
7794,yolo_x_cpu,1054
7795,yolo_x_cpu,1102
7796,yolo_x_cpu,1125
7797,yolo_x_cpu,1067
7798,yolo_x_cpu,1023
7799,yolo_x_cpu,955
7800,yolo_x_cpu,944
7801,yolo_x_cpu,920
7802,yolo_x_cpu,941
7803,yolo_x_cpu,1005
7804,yolo_x_cpu,1001
7805,yolo_x_cpu,1013
7806,yolo_x_cpu,985
7807,yolo_x_cpu,962
7808,yolo_x_cpu,962
7809,yolo_x_cpu,949
7810,yolo_x_cpu,1028
7811,yolo_x_cpu,1002
7812,yolo_x_cpu,993
7813,yolo_x_cpu,1005
7814,yolo_x_cpu,1019
7815,yolo_x_cpu,1048
7816,yolo_x_cpu,1039
7817,yolo_x_cpu,1008
7818,yolo_x_cpu,994
7819,yolo_x_cpu,1006
7820,yolo_x_cpu,935
7821,yolo_x_cpu,1010
7822,yolo_x_cpu,1000
7823,yolo_x_cpu,1019
7824,yolo_x_cpu,1012
7825,yolo_x_cpu,956
7826,yolo_x_cpu,966
7827,yolo_x_cpu,987
7828,yolo_x_cpu,989
7829,yolo_x_cpu,999
7830,yolo_x_cpu,982
7831,yolo_x_cpu,922
7832,yolo_x_cpu,905
7833,yolo_x_cpu,941
7834,yolo_x_cpu,893
7835,yolo_x_cpu,906
7836,yolo_x_cpu,965
7837,yolo_x_cpu,1006
7838,yolo_x_cpu,1000
7839,yolo_x_cpu,1024
7840,yolo_x_cpu,1019
7841,yolo_x_cpu,1022
7842,yolo_x_cpu,998
7843,yolo_x_cpu,1038
7844,yolo_x_cpu,968
7845,yolo_x_cpu,947
7846,yolo_x_cpu,960
7847,yolo_x_cpu,960
7848,yolo_x_cpu,965
7849,yolo_x_cpu,931
7850,yolo_x_cpu,933
7851,yolo_x_cpu,1017
7852,yolo_x_cpu,942
7853,yolo_x_cpu,935
7854,yolo_x_cpu,965
7855,yolo_x_cpu,1001
7856,yolo_x_cpu,1011
7857,yolo_x_cpu,929
7858,yolo_x_cpu,973
7859,yolo_x_cpu,973
7860,yolo_x_cpu,854
7861,yolo_x_cpu,867
7862,yolo_x_cpu,934
7863,yolo_x_cpu,915
7864,yolo_x_cpu,956
7865,yolo_x_cpu,901
7866,yolo_x_cpu,881
7867,yolo_x_cpu,850
7868,yolo_x_cpu,916
7869,yolo_x_cpu,902
7870,yolo_x_cpu,872
7871,yolo_x_cpu,858
7872,yolo_x_cpu,884
7873,yolo_x_cpu,913
7874,yolo_x_cpu,851
7875,yolo_x_cpu,876
7876,yolo_x_cpu,813
7877,yolo_x_cpu,805
7878,yolo_x_cpu,768
7879,yolo_x_cpu,728
7880,yolo_x_cpu,749
7881,yolo_x_cpu,760
7882,yolo_x_cpu,730
7883,yolo_x_cpu,714
7884,yolo_x_cpu,726
7885,yolo_x_cpu,678
7886,yolo_x_cpu,713
7887,yolo_x_cpu,700
7888,yolo_x_cpu,771
7889,yolo_x_cpu,762
7890,yolo_x_cpu,803
7891,yolo_x_cpu,768
7892,yolo_x_cpu,728
7893,yolo_x_cpu,791
7894,yolo_x_cpu,775
7895,yolo_x_cpu,751
7896,yolo_x_cpu,808
7897,yolo_x_cpu,753
7898,yolo_x_cpu,795
7899,yolo_x_cpu,743
7900,yolo_x_cpu,764
7901,yolo_x_cpu,830
7902,yolo_x_cpu,849
7903,yolo_x_cpu,888
7904,yolo_x_cpu,841
7905,yolo_x_cpu,890
7906,yolo_x_cpu,847
7907,yolo_x_cpu,782
7908,yolo_x_cpu,748
7909,yolo_x_cpu,780
7910,yolo_x_cpu,815
7911,yolo_x_cpu,804
7912,yolo_x_cpu,788
7913,yolo_x_cpu,735
7914,yolo_x_cpu,723
7915,yolo_x_cpu,672
7916,yolo_x_cpu,726
7917,yolo_x_cpu,768
7918,yolo_x_cpu,757
7919,yolo_x_cpu,742
7920,yolo_x_cpu,784
7921,yolo_x_cpu,769
7922,yolo_x_cpu,772
7923,yolo_x_cpu,774
7924,yolo_x_cpu,754
7925,yolo_x_cpu,767
7926,yolo_x_cpu,746
7927,yolo_x_cpu,670
7928,yolo_x_cpu,676
7929,yolo_x_cpu,674
7930,yolo_x_cpu,680
7931,yolo_x_cpu,655
7932,yolo_x_cpu,598
7933,yolo_x_cpu,610
7934,yolo_x_cpu,613
7935,yolo_x_cpu,621
7936,yolo_x_cpu,646
7937,yolo_x_cpu,657
7938,yolo_x_cpu,698
7939,yolo_x_cpu,701
7940,yolo_x_cpu,734
7941,yolo_x_cpu,698
7942,yolo_x_cpu,682
7943,yolo_x_cpu,650
7944,yolo_x_cpu,660
7945,yolo_x_cpu,666
7946,yolo_x_cpu,670
7947,yolo_x_cpu,656
7948,yolo_x_cpu,657
7949,yolo_x_cpu,647
7950,yolo_x_cpu,627
7951,yolo_x_cpu,671
7952,yolo_x_cpu,700
7953,yolo_x_cpu,691
7954,yolo_x_cpu,640
7955,yolo_x_cpu,642
7956,yolo_x_cpu,680
7957,yolo_x_cpu,649
7958,yolo_x_cpu,675
7959,yolo_x_cpu,668
7960,yolo_x_cpu,655
7961,yolo_x_cpu,625
7962,yolo_x_cpu,650
7963,yolo_x_cpu,650
7964,yolo_x_cpu,705
7965,yolo_x_cpu,723
7966,yolo_x_cpu,720
7967,yolo_x_cpu,660
7968,yolo_x_cpu,681
7969,yolo_x_cpu,691
7970,yolo_x_cpu,669
7971,yolo_x_cpu,701
7972,yolo_x_cpu,680
7973,yolo_x_cpu,668
7974,yolo_x_cpu,706
7975,yolo_x_cpu,633
7976,yolo_x_cpu,713
7977,yolo_x_cpu,644
7978,yolo_x_cpu,590
7979,yolo_x_cpu,614
7980,yolo_x_cpu,616
7981,yolo_x_cpu,633
7982,yolo_x_cpu,645
7983,yolo_x_cpu,678
7984,yolo_x_cpu,705
7985,yolo_x_cpu,706
7986,yolo_x_cpu,668
7987,yolo_x_cpu,731
7988,yolo_x_cpu,625
7989,yolo_x_cpu,649
7990,yolo_x_cpu,643
7991,yolo_x_cpu,613
7992,yolo_x_cpu,663
7993,yolo_x_cpu,618
7994,yolo_x_cpu,603
7995,yolo_x_cpu,603
7996,yolo_x_cpu,618
7997,yolo_x_cpu,632
7998,yolo_x_cpu,727
7999,yolo_x_cpu,675
8000,yolo_x_cpu,644
8001,yolo_x_cpu,600
8002,yolo_x_cpu,627
8003,yolo_x_cpu,617
8004,yolo_x_cpu,564
8005,yolo_x_cpu,612
8006,yolo_x_cpu,638
8007,yolo_x_cpu,611
8008,yolo_x_cpu,630
8009,yolo_x_cpu,609
8010,yolo_x_cpu,595
8011,yolo_x_cpu,565
8012,yolo_x_cpu,564
8013,yolo_x_cpu,529
8014,yolo_x_cpu,540
8015,yolo_x_cpu,580
8016,yolo_x_cpu,582
8017,yolo_x_cpu,541
8018,yolo_x_cpu,567
8019,yolo_x_cpu,575
8020,yolo_x_cpu,538
8021,yolo_x_cpu,551
8022,yolo_x_cpu,524
8023,yolo_x_cpu,487
8024,yolo_x_cpu,466
8025,yolo_x_cpu,493
8026,yolo_x_cpu,434
8027,yolo_x_cpu,504
8028,yolo_x_cpu,573
8029,yolo_x_cpu,612
8030,yolo_x_cpu,537
8031,yolo_x_cpu,546
8032,yolo_x_cpu,572
8033,yolo_x_cpu,520
8034,yolo_x_cpu,562
8035,yolo_x_cpu,481
8036,yolo_x_cpu,472
8037,yolo_x_cpu,494
8038,yolo_x_cpu,548
8039,yolo_x_cpu,507
8040,yolo_x_cpu,538
8041,yolo_x_cpu,447
8042,yolo_x_cpu,493
8043,yolo_x_cpu,515
8044,yolo_x_cpu,505
8045,yolo_x_cpu,582
8046,yolo_x_cpu,517
8047,yolo_x_cpu,463
8048,yolo_x_cpu,516
8049,yolo_x_cpu,484
8050,yolo_x_cpu,465
8051,yolo_x_cpu,475
8052,yolo_x_cpu,441
8053,yolo_x_cpu,463
8054,yolo_x_cpu,492
8055,yolo_x_cpu,398
8056,yolo_x_cpu,413
8057,yolo_x_cpu,389
8058,yolo_x_cpu,451
8059,yolo_x_cpu,403
8060,yolo_x_cpu,388
8061,yolo_x_cpu,378
8062,yolo_x_cpu,401
8063,yolo_x_cpu,445
8064,yolo_x_cpu,399
8065,yolo_x_cpu,413
8066,yolo_x_cpu,379
8067,yolo_x_cpu,364
8068,yolo_x_cpu,371
8069,yolo_x_cpu,371
8070,yolo_x_cpu,389
8071,yolo_x_cpu,352
8072,yolo_x_cpu,355
8073,yolo_x_cpu,358
8074,yolo_x_cpu,418
8075,yolo_x_cpu,389
8076,yolo_x_cpu,390
8077,yolo_x_cpu,375
8078,yolo_x_cpu,330
8079,yolo_x_cpu,328
8080,yolo_x_cpu,310
8081,yolo_x_cpu,280
8082,yolo_x_cpu,288
8083,yolo_x_cpu,295
8084,yolo_x_cpu,283
8085,yolo_x_cpu,238
8086,yolo_x_cpu,288
8087,yolo_x_cpu,251
8088,yolo_x_cpu,258
8089,yolo_x_cpu,247
8090,yolo_x_cpu,264
8091,yolo_x_cpu,258
8092,yolo_x_cpu,289
8093,yolo_x_cpu,259
8094,yolo_x_cpu,262
8095,yolo_x_cpu,313
8096,yolo_x_cpu,261
8097,yolo_x_cpu,264
8098,yolo_x_cpu,255
8099,yolo_x_cpu,260
8100,yolo_x_cpu,240
8101,yolo_x_cpu,193
8102,yolo_x_cpu,210
8103,yolo_x_cpu,192
8104,yolo_x_cpu,174
8105,yolo_x_cpu,222
8106,yolo_x_cpu,229
8107,yolo_x_cpu,242
8108,yolo_x_cpu,226
8109,yolo_x_cpu,202
8110,yolo_x_cpu,216
8111,yolo_x_cpu,218
8112,yolo_x_cpu,210
8113,yolo_x_cpu,240
8114,yolo_x_cpu,257
8115,yolo_x_cpu,222
8116,yolo_x_cpu,225
8117,yolo_x_cpu,204
8118,yolo_x_cpu,211
8119,yolo_x_cpu,235
8120,yolo_x_cpu,209
8121,yolo_x_cpu,227
8122,yolo_x_cpu,203
8123,yolo_x_cpu,195
8124,yolo_x_cpu,222
8125,yolo_x_cpu,226
8126,yolo_x_cpu,195
8127,yolo_x_cpu,188
8128,yolo_x_cpu,159
8129,yolo_x_cpu,190
8130,yolo_x_cpu,202
8131,yolo_x_cpu,235
8132,yolo_x_cpu,206
8133,yolo_x_cpu,186
8134,yolo_x_cpu,187
8135,yolo_x_cpu,248
8136,yolo_x_cpu,230
8137,yolo_x_cpu,222
8138,yolo_x_cpu,216
8139,yolo_x_cpu,227
8140,yolo_x_cpu,210
8141,yolo_x_cpu,213
8142,yolo_x_cpu,200
8143,yolo_x_cpu,204
8144,yolo_x_cpu,213
8145,yolo_x_cpu,251
8146,yolo_x_cpu,209
8147,yolo_x_cpu,207
8148,yolo_x_cpu,192
8149,yolo_x_cpu,208
8150,yolo_x_cpu,202
8151,yolo_x_cpu,180
8152,yolo_x_cpu,162
8153,yolo_x_cpu,185
8154,yolo_x_cpu,191
8155,yolo_x_cpu,198
8156,yolo_x_cpu,167
8157,yolo_x_cpu,196
8158,yolo_x_cpu,175
8159,yolo_x_cpu,167
8160,yolo_x_cpu,175
8161,yolo_x_cpu,171
8162,yolo_x_cpu,170
8163,yolo_x_cpu,185
8164,yolo_x_cpu,195
8165,yolo_x_cpu,154
8166,yolo_x_cpu,176
8167,yolo_x_cpu,189
8168,yolo_x_cpu,192
8169,yolo_x_cpu,198
8170,yolo_x_cpu,174
8171,yolo_x_cpu,158
8172,yolo_x_cpu,177
8173,yolo_x_cpu,157
8174,yolo_x_cpu,158
8175,yolo_x_cpu,152
8176,yolo_x_cpu,128
8177,yolo_x_cpu,145
8178,yolo_x_cpu,156
8179,yolo_x_cpu,130
8180,yolo_x_cpu,157
8181,yolo_x_cpu,177
8182,yolo_x_cpu,191
8183,yolo_x_cpu,186
8184,yolo_x_cpu,152
8185,yolo_x_cpu,150
8186,yolo_x_cpu,160
8187,yolo_x_cpu,146
8188,yolo_x_cpu,154
8189,yolo_x_cpu,151
8190,yolo_x_cpu,142
8191,yolo_x_cpu,136
8192,yolo_x_cpu,159
8193,yolo_x_cpu,172
8194,yolo_x_cpu,144
8195,yolo_x_cpu,140
8196,yolo_x_cpu,122
8197,yolo_x_cpu,133
8198,yolo_x_cpu,131
8199,yolo_x_cpu,110
8200,yolo_x_cpu,117
8201,yolo_x_cpu,123
8202,yolo_x_cpu,160
8203,yolo_x_cpu,129
8204,yolo_x_cpu,135
8205,yolo_x_cpu,125
8206,yolo_x_cpu,115
8207,yolo_x_cpu,91
8208,yolo_x_cpu,93
8209,yolo_x_cpu,114
8210,yolo_x_cpu,110
8211,yolo_x_cpu,115
8212,yolo_x_cpu,107
8213,yolo_x_cpu,103
8214,yolo_x_cpu,101
8215,yolo_x_cpu,103
8216,yolo_x_cpu,125
8217,yolo_x_cpu,100
8218,yolo_x_cpu,94
8219,yolo_x_cpu,96
8220,yolo_x_cpu,98
8221,yolo_x_cpu,103
8222,yolo_x_cpu,101
8223,yolo_x_cpu,80
8224,yolo_x_cpu,97
8225,yolo_x_cpu,101
8226,yolo_x_cpu,95
8227,yolo_x_cpu,111
8228,yolo_x_cpu,85
8229,yolo_x_cpu,79
8230,yolo_x_cpu,99
8231,yolo_x_cpu,110
8232,yolo_x_cpu,85
8233,yolo_x_cpu,89
8234,yolo_x_cpu,85
8235,yolo_x_cpu,84
8236,yolo_x_cpu,78
8237,yolo_x_cpu,80
8238,yolo_x_cpu,79
8239,yolo_x_cpu,82
8240,yolo_x_cpu,78
8241,yolo_x_cpu,71
8242,yolo_x_cpu,73
8243,yolo_x_cpu,86
8244,yolo_x_cpu,84
8245,yolo_x_cpu,94
8246,yolo_x_cpu,74
8247,yolo_x_cpu,73
8248,yolo_x_cpu,76
8249,yolo_x_cpu,69
8250,yolo_x_cpu,93
8251,yolo_x_cpu,78
8252,yolo_x_cpu,79
8253,yolo_x_cpu,89
8254,yolo_x_cpu,77
8255,yolo_x_cpu,100
8256,yolo_x_cpu,78
8257,yolo_x_cpu,79
8258,yolo_x_cpu,89
8259,yolo_x_cpu,73
8260,yolo_x_cpu,68
8261,yolo_x_cpu,62
8262,yolo_x_cpu,65
8263,yolo_x_cpu,86
8264,yolo_x_cpu,69
8265,yolo_x_cpu,67
8266,yolo_x_cpu,66
8267,yolo_x_cpu,65
8268,yolo_x_cpu,61
8269,yolo_x_cpu,68
8270,yolo_x_cpu,60
8271,yolo_x_cpu,58
8272,yolo_x_cpu,56
8273,yolo_x_cpu,54
8274,yolo_x_cpu,43
8275,yolo_x_cpu,43
8276,yolo_x_cpu,49
8277,yolo_x_cpu,64
8278,yolo_x_cpu,64
8279,yolo_x_cpu,67
8280,yolo_x_cpu,58
8281,yolo_x_cpu,50
8282,yolo_x_cpu,51
8283,yolo_x_cpu,79
8284,yolo_x_cpu,78
8285,yolo_x_cpu,89
8286,yolo_x_cpu,91
8287,yolo_x_cpu,93
8288,yolo_x_cpu,100
8289,yolo_x_cpu,89
8290,yolo_x_cpu,82
8291,yolo_x_cpu,74
8292,yolo_x_cpu,65
8293,yolo_x_cpu,63
8294,yolo_x_cpu,88
8295,yolo_x_cpu,81
8296,yolo_x_cpu,80
8297,yolo_x_cpu,92
8298,yolo_x_cpu,85
8299,yolo_x_cpu,64
8300,yolo_x_cpu,82
8301,yolo_x_cpu,61
8302,yolo_x_cpu,72
8303,yolo_x_cpu,64
8304,yolo_x_cpu,52
8305,yolo_x_cpu,48
8306,yolo_x_cpu,37
8307,yolo_x_cpu,54
8308,yolo_x_cpu,52
8309,yolo_x_cpu,55
8310,yolo_x_cpu,50
8311,yolo_x_cpu,44
8312,yolo_x_cpu,56
8313,yolo_x_cpu,52
8314,yolo_x_cpu,59
8315,yolo_x_cpu,69
8316,yolo_x_cpu,48
8317,yolo_x_cpu,57
8318,yolo_x_cpu,60
8319,yolo_x_cpu,65
8320,yolo_x_cpu,70
8321,yolo_x_cpu,63
8322,yolo_x_cpu,65
8323,yolo_x_cpu,67
8324,yolo_x_cpu,65
8325,yolo_x_cpu,61
8326,yolo_x_cpu,64
8327,yolo_x_cpu,43
8328,yolo_x_cpu,54
8329,yolo_x_cpu,44
8330,yolo_x_cpu,50
8331,yolo_x_cpu,72
8332,yolo_x_cpu,56
8333,yolo_x_cpu,53
8334,yolo_x_cpu,65
8335,yolo_x_cpu,62
8336,yolo_x_cpu,69
8337,yolo_x_cpu,67
8338,yolo_x_cpu,77
8339,yolo_x_cpu,65
8340,yolo_x_cpu,96
8341,yolo_x_cpu,3123
8342,yolo_x_cpu,3471
8343,yolo_x_cpu,2336
8344,yolo_x_cpu,647
8345,yolo_x_cpu,520
8346,yolo_x_cpu,408
8347,yolo_x_cpu,323
8348,yolo_x_cpu,215
8349,yolo_x_cpu,220
8350,yolo_x_cpu,216
8351,yolo_x_cpu,258
8352,yolo_x_cpu,281
8353,yolo_x_cpu,385
8354,yolo_x_cpu,376
8355,yolo_x_cpu,308
8356,yolo_x_cpu,312
8357,yolo_x_cpu,286
8358,yolo_x_cpu,248
8359,yolo_x_cpu,246
8360,yolo_x_cpu,269
8361,yolo_x_cpu,236
8362,yolo_x_cpu,189
8363,yolo_x_cpu,177
8364,yolo_x_cpu,246
8365,yolo_x_cpu,190
8366,yolo_x_cpu,189
8367,yolo_x_cpu,170
8368,yolo_x_cpu,153
8369,yolo_x_cpu,144
8370,yolo_x_cpu,139
8371,yolo_x_cpu,144
8372,yolo_x_cpu,151
8373,yolo_x_cpu,144
8374,yolo_x_cpu,136
8375,yolo_x_cpu,102
8376,yolo_x_cpu,138
8377,yolo_x_cpu,100
8378,yolo_x_cpu,97
8379,yolo_x_cpu,93
8380,yolo_x_cpu,93
8381,yolo_x_cpu,68
8382,yolo_x_cpu,68
8383,yolo_x_cpu,76
8384,yolo_x_cpu,65
8385,yolo_x_cpu,92
8386,yolo_x_cpu,106
8387,yolo_x_cpu,93
8388,yolo_x_cpu,91
8389,yolo_x_cpu,90
8390,yolo_x_cpu,92
8391,yolo_x_cpu,91
8392,yolo_x_cpu,121
8393,yolo_x_cpu,91
8394,yolo_x_cpu,60
8395,yolo_x_cpu,61
8396,yolo_x_cpu,77
8397,yolo_x_cpu,102
8398,yolo_x_cpu,120
8399,yolo_x_cpu,95
8400,yolo_x_cpu,73
8401,yolo_x_cpu,64
8402,yolo_x_cpu,54
8403,yolo_x_cpu,57
8404,yolo_x_cpu,40
8405,yolo_x_cpu,52
8406,yolo_x_cpu,79
8407,yolo_x_cpu,73
8408,yolo_x_cpu,49
8409,yolo_x_cpu,60
8410,yolo_x_cpu,47
8411,yolo_x_cpu,60
8412,yolo_x_cpu,64
8413,yolo_x_cpu,62
8414,yolo_x_cpu,48
8415,yolo_x_cpu,42
8416,yolo_x_cpu,36
8417,yolo_x_cpu,38
8418,yolo_x_cpu,55
8419,yolo_x_cpu,62
8420,yolo_x_cpu,59
8421,yolo_x_cpu,65
8422,yolo_x_cpu,78
8423,yolo_x_cpu,80
8424,yolo_x_cpu,80
8425,yolo_x_cpu,103
8426,yolo_x_cpu,78
8427,yolo_x_cpu,50
8428,yolo_x_cpu,66
8429,yolo_x_cpu,47
8430,yolo_x_cpu,46
8431,yolo_x_cpu,37
8432,yolo_x_cpu,36
8433,yolo_x_cpu,50
8434,yolo_x_cpu,46
8435,yolo_x_cpu,52
8436,yolo_x_cpu,48
8437,yolo_x_cpu,28
8438,yolo_x_cpu,33
8439,yolo_x_cpu,50
8440,yolo_x_cpu,46
8441,yolo_x_cpu,34
8442,yolo_x_cpu,26
8443,yolo_x_cpu,36
8444,yolo_x_cpu,28
8445,yolo_x_cpu,31
8446,yolo_x_cpu,40
8447,yolo_x_cpu,27
8448,yolo_x_cpu,10
8449,yolo_x_cpu,10
8450,yolo_x_cpu,15
8451,yolo_x_cpu,14
8452,yolo_x_cpu,12
8453,yolo_x_cpu,30
8454,yolo_x_cpu,35
8455,yolo_x_cpu,35
8456,yolo_x_cpu,41
8457,yolo_x_cpu,26
8458,yolo_x_cpu,28
8459,yolo_x_cpu,32
8460,yolo_x_cpu,43
8461,yolo_x_cpu,40
8462,yolo_x_cpu,31
8463,yolo_x_cpu,33
8464,yolo_x_cpu,28
8465,yolo_x_cpu,37
8466,yolo_x_cpu,17
8467,yolo_x_cpu,19
8468,yolo_x_cpu,17
8469,yolo_x_cpu,33
8470,yolo_x_cpu,42
8471,yolo_x_cpu,30
8472,yolo_x_cpu,23
8473,yolo_x_cpu,19
8474,yolo_x_cpu,30
8475,yolo_x_cpu,26
8476,yolo_x_cpu,32
8477,yolo_x_cpu,37
8478,yolo_x_cpu,44
8479,yolo_x_cpu,31
8480,yolo_x_cpu,35
8481,yolo_x_cpu,42
8482,yolo_x_cpu,31
8483,yolo_x_cpu,37
8484,yolo_x_cpu,43
8485,yolo_x_cpu,34
8486,yolo_x_cpu,43
8487,yolo_x_cpu,26
8488,yolo_x_cpu,24
8489,yolo_x_cpu,25
8490,yolo_x_cpu,28
8491,yolo_x_cpu,29
8492,yolo_x_cpu,33
8493,yolo_x_cpu,34
8494,yolo_x_cpu,31
8495,yolo_x_cpu,21
8496,yolo_x_cpu,55
8497,yolo_x_cpu,35
8498,yolo_x_cpu,17
8499,yolo_x_cpu,40
8500,yolo_x_cpu,31
8501,yolo_x_cpu,33
8502,yolo_x_cpu,30
8503,yolo_x_cpu,32
8504,yolo_x_cpu,30
8505,yolo_x_cpu,43
8506,yolo_x_cpu,54
8507,yolo_x_cpu,47
8508,yolo_x_cpu,67
8509,yolo_x_cpu,45
8510,yolo_x_cpu,45
8511,yolo_x_cpu,37
8512,yolo_x_cpu,51
8513,yolo_x_cpu,52
8514,yolo_x_cpu,38
8515,yolo_x_cpu,49
8516,yolo_x_cpu,37
8517,yolo_x_cpu,41
8518,yolo_x_cpu,47
8519,yolo_x_cpu,59
8520,yolo_x_cpu,47
8521,yolo_x_cpu,65
8522,yolo_x_cpu,54
8523,yolo_x_cpu,52
8524,yolo_x_cpu,37
8525,yolo_x_cpu,46
8526,yolo_x_cpu,60
8527,yolo_x_cpu,61
8528,yolo_x_cpu,75
8529,yolo_x_cpu,52
8530,yolo_x_cpu,43
8531,yolo_x_cpu,45
8532,yolo_x_cpu,64
8533,yolo_x_cpu,57
8534,yolo_x_cpu,58
8535,yolo_x_cpu,52
8536,yolo_x_cpu,66
8537,yolo_x_cpu,60
8538,yolo_x_cpu,74
8539,yolo_x_cpu,75
8540,yolo_x_cpu,59
8541,yolo_x_cpu,52
8542,yolo_x_cpu,68
8543,yolo_x_cpu,76
8544,yolo_x_cpu,89
8545,yolo_x_cpu,97
8546,yolo_x_cpu,86
8547,yolo_x_cpu,105
8548,yolo_x_cpu,112
8549,yolo_x_cpu,104
8550,yolo_x_cpu,103
8551,yolo_x_cpu,88
8552,yolo_x_cpu,101
8553,yolo_x_cpu,135
8554,yolo_x_cpu,109
8555,yolo_x_cpu,128
8556,yolo_x_cpu,137
8557,yolo_x_cpu,142
8558,yolo_x_cpu,141
8559,yolo_x_cpu,139
8560,yolo_x_cpu,150
8561,yolo_x_cpu,150
8562,yolo_x_cpu,178
8563,yolo_x_cpu,187
8564,yolo_x_cpu,173
8565,yolo_x_cpu,173
8566,yolo_x_cpu,191
8567,yolo_x_cpu,188
8568,yolo_x_cpu,187
8569,yolo_x_cpu,200
8570,yolo_x_cpu,181
8571,yolo_x_cpu,202
8572,yolo_x_cpu,235
8573,yolo_x_cpu,230
8574,yolo_x_cpu,229
8575,yolo_x_cpu,252
8576,yolo_x_cpu,259
8577,yolo_x_cpu,269
8578,yolo_x_cpu,256
8579,yolo_x_cpu,283
8580,yolo_x_cpu,284
8581,yolo_x_cpu,286
8582,yolo_x_cpu,315
8583,yolo_x_cpu,341
8584,yolo_x_cpu,351
8585,yolo_x_cpu,326
8586,yolo_x_cpu,401
8587,yolo_x_cpu,419
8588,yolo_x_cpu,396
8589,yolo_x_cpu,375
8590,yolo_x_cpu,416
8591,yolo_x_cpu,403
8592,yolo_x_cpu,400
8593,yolo_x_cpu,401
8594,yolo_x_cpu,392
8595,yolo_x_cpu,376
8596,yolo_x_cpu,447
8597,yolo_x_cpu,442
8598,yolo_x_cpu,465
8599,yolo_x_cpu,481
8600,yolo_x_cpu,494
8601,yolo_x_cpu,507
8602,yolo_x_cpu,485
8603,yolo_x_cpu,488
8604,yolo_x_cpu,567
8605,yolo_x_cpu,581
8606,yolo_x_cpu,517
8607,yolo_x_cpu,656
8608,yolo_x_cpu,616
8609,yolo_x_cpu,619
8610,yolo_x_cpu,632
8611,yolo_x_cpu,601
8612,yolo_x_cpu,603
8613,yolo_x_cpu,587
8614,yolo_x_cpu,641
8615,yolo_x_cpu,651
8616,yolo_x_cpu,648
8617,yolo_x_cpu,684
8618,yolo_x_cpu,657
8619,yolo_x_cpu,668
8620,yolo_x_cpu,652
8621,yolo_x_cpu,680
8622,yolo_x_cpu,675
8623,yolo_x_cpu,716
8624,yolo_x_cpu,707
8625,yolo_x_cpu,695
8626,yolo_x_cpu,707
8627,yolo_x_cpu,659
8628,yolo_x_cpu,689
8629,yolo_x_cpu,701
8630,yolo_x_cpu,724
8631,yolo_x_cpu,788
8632,yolo_x_cpu,785
8633,yolo_x_cpu,813
8634,yolo_x_cpu,830
8635,yolo_x_cpu,757
8636,yolo_x_cpu,793
8637,yolo_x_cpu,812
8638,yolo_x_cpu,790
8639,yolo_x_cpu,773
8640,yolo_x_cpu,800
8641,yolo_x_cpu,827
8642,yolo_x_cpu,771
8643,yolo_x_cpu,739
8644,yolo_x_cpu,750
8645,yolo_x_cpu,781
8646,yolo_x_cpu,805
8647,yolo_x_cpu,819
8648,yolo_x_cpu,804
8649,yolo_x_cpu,850
8650,yolo_x_cpu,829
8651,yolo_x_cpu,783
8652,yolo_x_cpu,825
8653,yolo_x_cpu,792
8654,yolo_x_cpu,788
8655,yolo_x_cpu,839
8656,yolo_x_cpu,804
8657,yolo_x_cpu,854
8658,yolo_x_cpu,893
8659,yolo_x_cpu,816
8660,yolo_x_cpu,793
8661,yolo_x_cpu,839
8662,yolo_x_cpu,868
8663,yolo_x_cpu,890
8664,yolo_x_cpu,870
8665,yolo_x_cpu,819
8666,yolo_x_cpu,845
8667,yolo_x_cpu,831
8668,yolo_x_cpu,909
8669,yolo_x_cpu,811
8670,yolo_x_cpu,796
8671,yolo_x_cpu,815
8672,yolo_x_cpu,744
8673,yolo_x_cpu,776
8674,yolo_x_cpu,786
8675,yolo_x_cpu,799
8676,yolo_x_cpu,833
8677,yolo_x_cpu,773
8678,yolo_x_cpu,729
8679,yolo_x_cpu,814
8680,yolo_x_cpu,780
8681,yolo_x_cpu,848
8682,yolo_x_cpu,845
8683,yolo_x_cpu,891
8684,yolo_x_cpu,920
8685,yolo_x_cpu,842
8686,yolo_x_cpu,918
8687,yolo_x_cpu,881
8688,yolo_x_cpu,920
8689,yolo_x_cpu,942
8690,yolo_x_cpu,927
8691,yolo_x_cpu,843
8692,yolo_x_cpu,886
8693,yolo_x_cpu,908
8694,yolo_x_cpu,861
8695,yolo_x_cpu,874
8696,yolo_x_cpu,841
8697,yolo_x_cpu,858
8698,yolo_x_cpu,872
8699,yolo_x_cpu,904
8700,yolo_x_cpu,817
8701,yolo_x_cpu,988
8702,yolo_x_cpu,972
8703,yolo_x_cpu,990
8704,yolo_x_cpu,954
8705,yolo_x_cpu,969
8706,yolo_x_cpu,949
8707,yolo_x_cpu,1040
8708,yolo_x_cpu,1008
8709,yolo_x_cpu,1043
8710,yolo_x_cpu,1065
8711,yolo_x_cpu,1129
8712,yolo_x_cpu,1096
8713,yolo_x_cpu,1091
8714,yolo_x_cpu,1087
8715,yolo_x_cpu,1046
8716,yolo_x_cpu,1051
8717,yolo_x_cpu,1030
8718,yolo_x_cpu,1066
8719,yolo_x_cpu,1055
8720,yolo_x_cpu,1068
8721,yolo_x_cpu,1046
8722,yolo_x_cpu,1011
8723,yolo_x_cpu,1038
8724,yolo_x_cpu,1000
8725,yolo_x_cpu,1014
8726,yolo_x_cpu,1032
8727,yolo_x_cpu,1075
8728,yolo_x_cpu,1052
8729,yolo_x_cpu,936
8730,yolo_x_cpu,1000
8731,yolo_x_cpu,1076
8732,yolo_x_cpu,1071
8733,yolo_x_cpu,1102
8734,yolo_x_cpu,1078
8735,yolo_x_cpu,1098
8736,yolo_x_cpu,1112
8737,yolo_x_cpu,1040
8738,yolo_x_cpu,1024
8739,yolo_x_cpu,958
8740,yolo_x_cpu,992
8741,yolo_x_cpu,1054
8742,yolo_x_cpu,1037
8743,yolo_x_cpu,1115
8744,yolo_x_cpu,1115
8745,yolo_x_cpu,1090
8746,yolo_x_cpu,1094
8747,yolo_x_cpu,1150
8748,yolo_x_cpu,1104
8749,yolo_x_cpu,1130
8750,yolo_x_cpu,1143
8751,yolo_x_cpu,1093
8752,yolo_x_cpu,1128
8753,yolo_x_cpu,1101
8754,yolo_x_cpu,1036
8755,yolo_x_cpu,1067
8756,yolo_x_cpu,1088
8757,yolo_x_cpu,1057
8758,yolo_x_cpu,990
8759,yolo_x_cpu,1006
8760,yolo_x_cpu,1014
8761,yolo_x_cpu,1067
8762,yolo_x_cpu,1071
8763,yolo_x_cpu,1066
8764,yolo_x_cpu,1132
8765,yolo_x_cpu,1131
8766,yolo_x_cpu,1001
8767,yolo_x_cpu,1122
8768,yolo_x_cpu,1120
8769,yolo_x_cpu,1194
8770,yolo_x_cpu,1139
8771,yolo_x_cpu,1065
8772,yolo_x_cpu,1083
8773,yolo_x_cpu,1071
8774,yolo_x_cpu,1015
8775,yolo_x_cpu,978
8776,yolo_x_cpu,1002
8777,yolo_x_cpu,1010
8778,yolo_x_cpu,1076
8779,yolo_x_cpu,954
8780,yolo_x_cpu,1018
8781,yolo_x_cpu,1052
8782,yolo_x_cpu,1066
8783,yolo_x_cpu,1022
8784,yolo_x_cpu,1142
8785,yolo_x_cpu,1080
8786,yolo_x_cpu,1132
8787,yolo_x_cpu,1070
8788,yolo_x_cpu,1047
8789,yolo_x_cpu,1009
8790,yolo_x_cpu,1038
8791,yolo_x_cpu,943
8792,yolo_x_cpu,966
8793,yolo_x_cpu,977
8794,yolo_x_cpu,961
8795,yolo_x_cpu,1002
8796,yolo_x_cpu,1010
8797,yolo_x_cpu,991
8798,yolo_x_cpu,1004
8799,yolo_x_cpu,994
8800,yolo_x_cpu,984
8801,yolo_x_cpu,1065
8802,yolo_x_cpu,1004
8803,yolo_x_cpu,997
8804,yolo_x_cpu,1043
8805,yolo_x_cpu,1021
8806,yolo_x_cpu,1034
8807,yolo_x_cpu,1051
8808,yolo_x_cpu,1037
8809,yolo_x_cpu,935
8810,yolo_x_cpu,979
8811,yolo_x_cpu,983
8812,yolo_x_cpu,1067
8813,yolo_x_cpu,1035
8814,yolo_x_cpu,990
8815,yolo_x_cpu,1039
8816,yolo_x_cpu,1016
8817,yolo_x_cpu,997
8818,yolo_x_cpu,974
8819,yolo_x_cpu,1011
8820,yolo_x_cpu,1044
8821,yolo_x_cpu,992
8822,yolo_x_cpu,1016
8823,yolo_x_cpu,1018
8824,yolo_x_cpu,1016
8825,yolo_x_cpu,1057
8826,yolo_x_cpu,979
8827,yolo_x_cpu,1003
8828,yolo_x_cpu,1035
8829,yolo_x_cpu,1007
8830,yolo_x_cpu,1011
8831,yolo_x_cpu,967
8832,yolo_x_cpu,1021
8833,yolo_x_cpu,1093
8834,yolo_x_cpu,1049
8835,yolo_x_cpu,935
8836,yolo_x_cpu,990
8837,yolo_x_cpu,964
8838,yolo_x_cpu,985
8839,yolo_x_cpu,949
8840,yolo_x_cpu,978
8841,yolo_x_cpu,914
8842,yolo_x_cpu,1016
8843,yolo_x_cpu,996
8844,yolo_x_cpu,982
8845,yolo_x_cpu,826
8846,yolo_x_cpu,762
8847,yolo_x_cpu,675
8848,yolo_x_cpu,604
8849,yolo_x_cpu,539
8850,yolo_x_cpu,614
8851,yolo_x_cpu,699
8852,yolo_x_cpu,797
8853,yolo_x_cpu,784
8854,yolo_x_cpu,846
8855,yolo_x_cpu,821
8856,yolo_x_cpu,892
8857,yolo_x_cpu,866
8858,yolo_x_cpu,914
8859,yolo_x_cpu,873
8860,yolo_x_cpu,890
8861,yolo_x_cpu,934
8862,yolo_x_cpu,956
8863,yolo_x_cpu,987
8864,yolo_x_cpu,977
8865,yolo_x_cpu,1021
8866,yolo_x_cpu,1017
8867,yolo_x_cpu,964
8868,yolo_x_cpu,965
8869,yolo_x_cpu,910
8870,yolo_x_cpu,943
8871,yolo_x_cpu,985
8872,yolo_x_cpu,984
8873,yolo_x_cpu,944
8874,yolo_x_cpu,921
8875,yolo_x_cpu,856
8876,yolo_x_cpu,872
8877,yolo_x_cpu,878
8878,yolo_x_cpu,873
8879,yolo_x_cpu,877
8880,yolo_x_cpu,881
8881,yolo_x_cpu,892
8882,yolo_x_cpu,864
8883,yolo_x_cpu,915
8884,yolo_x_cpu,932
8885,yolo_x_cpu,1062
8886,yolo_x_cpu,1071
8887,yolo_x_cpu,1054
8888,yolo_x_cpu,1115
8889,yolo_x_cpu,1079
8890,yolo_x_cpu,1052
8891,yolo_x_cpu,1017
8892,yolo_x_cpu,943
8893,yolo_x_cpu,910
8894,yolo_x_cpu,940
8895,yolo_x_cpu,1009
8896,yolo_x_cpu,1005
8897,yolo_x_cpu,1029
8898,yolo_x_cpu,975
8899,yolo_x_cpu,963
8900,yolo_x_cpu,923
8901,yolo_x_cpu,894
8902,yolo_x_cpu,833
8903,yolo_x_cpu,927
8904,yolo_x_cpu,888
8905,yolo_x_cpu,842
8906,yolo_x_cpu,879
8907,yolo_x_cpu,843
8908,yolo_x_cpu,829
8909,yolo_x_cpu,823
8910,yolo_x_cpu,819
8911,yolo_x_cpu,822
8912,yolo_x_cpu,782
8913,yolo_x_cpu,724
8914,yolo_x_cpu,823
8915,yolo_x_cpu,785
8916,yolo_x_cpu,816
8917,yolo_x_cpu,859
8918,yolo_x_cpu,882
8919,yolo_x_cpu,857
8920,yolo_x_cpu,884
8921,yolo_x_cpu,917
8922,yolo_x_cpu,911
8923,yolo_x_cpu,935
8924,yolo_x_cpu,965
8925,yolo_x_cpu,905
8926,yolo_x_cpu,891
8927,yolo_x_cpu,866
8928,yolo_x_cpu,862
8929,yolo_x_cpu,956
8930,yolo_x_cpu,873
8931,yolo_x_cpu,859
8932,yolo_x_cpu,893
8933,yolo_x_cpu,912
8934,yolo_x_cpu,912
8935,yolo_x_cpu,923
8936,yolo_x_cpu,891
8937,yolo_x_cpu,900
8938,yolo_x_cpu,903
8939,yolo_x_cpu,913
8940,yolo_x_cpu,927
8941,yolo_x_cpu,943
8942,yolo_x_cpu,926
8943,yolo_x_cpu,940
8944,yolo_x_cpu,883
8945,yolo_x_cpu,849
8946,yolo_x_cpu,969
8947,yolo_x_cpu,961
8948,yolo_x_cpu,982
8949,yolo_x_cpu,1009
8950,yolo_x_cpu,958
8951,yolo_x_cpu,1004
8952,yolo_x_cpu,1041
8953,yolo_x_cpu,996
8954,yolo_x_cpu,972
8955,yolo_x_cpu,949
8956,yolo_x_cpu,980
8957,yolo_x_cpu,965
8958,yolo_x_cpu,983
8959,yolo_x_cpu,957
8960,yolo_x_cpu,1024
8961,yolo_x_cpu,1035
8962,yolo_x_cpu,973
8963,yolo_x_cpu,947
8964,yolo_x_cpu,980
8965,yolo_x_cpu,1053
8966,yolo_x_cpu,1007
8967,yolo_x_cpu,938
8968,yolo_x_cpu,949
8969,yolo_x_cpu,977
8970,yolo_x_cpu,952
8971,yolo_x_cpu,951
8972,yolo_x_cpu,998
8973,yolo_x_cpu,984
8974,yolo_x_cpu,894
8975,yolo_x_cpu,975
8976,yolo_x_cpu,972
8977,yolo_x_cpu,1055
8978,yolo_x_cpu,1079
8979,yolo_x_cpu,1150
8980,yolo_x_cpu,1203
8981,yolo_x_cpu,1209
8982,yolo_x_cpu,1191
8983,yolo_x_cpu,1170
8984,yolo_x_cpu,1143
8985,yolo_x_cpu,1153
8986,yolo_x_cpu,1216
8987,yolo_x_cpu,1153
8988,yolo_x_cpu,1188
8989,yolo_x_cpu,1129
8990,yolo_x_cpu,1161
8991,yolo_x_cpu,1159
8992,yolo_x_cpu,1156
8993,yolo_x_cpu,1144
8994,yolo_x_cpu,1141
8995,yolo_x_cpu,1166
8996,yolo_x_cpu,1176
8997,yolo_x_cpu,1225
8998,yolo_x_cpu,1169
8999,yolo_x_cpu,1172
9000,yolo_x_cpu,1112
9001,yolo_x_cpu,1247
9002,yolo_x_cpu,1245
9003,yolo_x_cpu,1213
9004,yolo_x_cpu,1197
9005,yolo_x_cpu,1128
9006,yolo_x_cpu,1171
9007,yolo_x_cpu,1181
9008,yolo_x_cpu,1156
9009,yolo_x_cpu,1124
9010,yolo_x_cpu,1161
9011,yolo_x_cpu,1205
9012,yolo_x_cpu,1191
9013,yolo_x_cpu,1170
9014,yolo_x_cpu,1073
9015,yolo_x_cpu,1078
9016,yolo_x_cpu,1086
9017,yolo_x_cpu,1100
9018,yolo_x_cpu,1133
9019,yolo_x_cpu,1075
9020,yolo_x_cpu,1084
9021,yolo_x_cpu,1078
9022,yolo_x_cpu,1146
9023,yolo_x_cpu,1082
9024,yolo_x_cpu,1101
9025,yolo_x_cpu,1147
9026,yolo_x_cpu,1120
9027,yolo_x_cpu,1116
9028,yolo_x_cpu,1079
9029,yolo_x_cpu,1096
9030,yolo_x_cpu,1120
9031,yolo_x_cpu,1092
9032,yolo_x_cpu,1115
9033,yolo_x_cpu,1049
9034,yolo_x_cpu,1060
9035,yolo_x_cpu,1016
9036,yolo_x_cpu,1067
9037,yolo_x_cpu,1043
9038,yolo_x_cpu,1000
9039,yolo_x_cpu,1103
9040,yolo_x_cpu,1080
9041,yolo_x_cpu,1068
9042,yolo_x_cpu,1053
9043,yolo_x_cpu,1098
9044,yolo_x_cpu,1093
9045,yolo_x_cpu,1083
9046,yolo_x_cpu,1068
9047,yolo_x_cpu,1064
9048,yolo_x_cpu,1122
9049,yolo_x_cpu,1123
9050,yolo_x_cpu,1130
9051,yolo_x_cpu,1104
9052,yolo_x_cpu,1101
9053,yolo_x_cpu,1076
9054,yolo_x_cpu,1081
9055,yolo_x_cpu,1022
9056,yolo_x_cpu,1022
9057,yolo_x_cpu,1022
9058,yolo_x_cpu,1005
9059,yolo_x_cpu,1073
9060,yolo_x_cpu,1080
9061,yolo_x_cpu,1082
9062,yolo_x_cpu,1071
9063,yolo_x_cpu,1069
9064,yolo_x_cpu,1050
9065,yolo_x_cpu,1041
9066,yolo_x_cpu,1060
9067,yolo_x_cpu,1140
9068,yolo_x_cpu,1053
9069,yolo_x_cpu,1155
9070,yolo_x_cpu,1160
9071,yolo_x_cpu,1095
9072,yolo_x_cpu,1139
9073,yolo_x_cpu,1085
9074,yolo_x_cpu,1132
9075,yolo_x_cpu,1192
9076,yolo_x_cpu,1132
9077,yolo_x_cpu,1158
9078,yolo_x_cpu,1099
9079,yolo_x_cpu,1172
9080,yolo_x_cpu,1149
9081,yolo_x_cpu,1178
9082,yolo_x_cpu,1136
9083,yolo_x_cpu,1134
9084,yolo_x_cpu,1150
9085,yolo_x_cpu,1165
9086,yolo_x_cpu,1134
9087,yolo_x_cpu,1116
9088,yolo_x_cpu,1101
9089,yolo_x_cpu,1197
9090,yolo_x_cpu,1155
9091,yolo_x_cpu,1198
9092,yolo_x_cpu,1166
9093,yolo_x_cpu,1105
9094,yolo_x_cpu,1182
9095,yolo_x_cpu,1176
9096,yolo_x_cpu,1176
9097,yolo_x_cpu,1167
9098,yolo_x_cpu,1185
9099,yolo_x_cpu,1192
9100,yolo_x_cpu,1164
9101,yolo_x_cpu,1119
9102,yolo_x_cpu,1095
9103,yolo_x_cpu,1124
9104,yolo_x_cpu,1040
9105,yolo_x_cpu,1038
9106,yolo_x_cpu,1042
9107,yolo_x_cpu,1035
9108,yolo_x_cpu,1093
9109,yolo_x_cpu,1157
9110,yolo_x_cpu,1067
9111,yolo_x_cpu,1104
9112,yolo_x_cpu,1131
9113,yolo_x_cpu,1152
9114,yolo_x_cpu,1109
9115,yolo_x_cpu,1145
9116,yolo_x_cpu,1195
9117,yolo_x_cpu,1149
9118,yolo_x_cpu,1168
9119,yolo_x_cpu,1158
9120,yolo_x_cpu,1189
9121,yolo_x_cpu,1181
9122,yolo_x_cpu,1151
9123,yolo_x_cpu,1168
9124,yolo_x_cpu,1116
9125,yolo_x_cpu,1125
9126,yolo_x_cpu,1133
9127,yolo_x_cpu,1107
9128,yolo_x_cpu,1038
9129,yolo_x_cpu,1133
9130,yolo_x_cpu,1093
9131,yolo_x_cpu,1051
9132,yolo_x_cpu,1071
9133,yolo_x_cpu,1066
9134,yolo_x_cpu,1070
9135,yolo_x_cpu,1146
9136,yolo_x_cpu,1043
9137,yolo_x_cpu,1053
9138,yolo_x_cpu,1058
9139,yolo_x_cpu,1099
9140,yolo_x_cpu,1046
9141,yolo_x_cpu,1155
9142,yolo_x_cpu,1134
9143,yolo_x_cpu,1138
9144,yolo_x_cpu,1088
9145,yolo_x_cpu,1034
9146,yolo_x_cpu,1056
9147,yolo_x_cpu,1057
9148,yolo_x_cpu,1036
9149,yolo_x_cpu,970
9150,yolo_x_cpu,1047
9151,yolo_x_cpu,1083
9152,yolo_x_cpu,1085
9153,yolo_x_cpu,1063
9154,yolo_x_cpu,1168
9155,yolo_x_cpu,1106
9156,yolo_x_cpu,1142
9157,yolo_x_cpu,1188
9158,yolo_x_cpu,1227
9159,yolo_x_cpu,1124
9160,yolo_x_cpu,1123
9161,yolo_x_cpu,1081
9162,yolo_x_cpu,1046
9163,yolo_x_cpu,1106
9164,yolo_x_cpu,1113
9165,yolo_x_cpu,1078
9166,yolo_x_cpu,1104
9167,yolo_x_cpu,1070
9168,yolo_x_cpu,1114
9169,yolo_x_cpu,1083
9170,yolo_x_cpu,1127
9171,yolo_x_cpu,1150
9172,yolo_x_cpu,1203
9173,yolo_x_cpu,1184
9174,yolo_x_cpu,1215
9175,yolo_x_cpu,1184
9176,yolo_x_cpu,1124
9177,yolo_x_cpu,1122
9178,yolo_x_cpu,1043
9179,yolo_x_cpu,1104
9180,yolo_x_cpu,1101
9181,yolo_x_cpu,1086
9182,yolo_x_cpu,1145
9183,yolo_x_cpu,1198
9184,yolo_x_cpu,1142
9185,yolo_x_cpu,1142
9186,yolo_x_cpu,1158
9187,yolo_x_cpu,1207
9188,yolo_x_cpu,1192
9189,yolo_x_cpu,1208
9190,yolo_x_cpu,1212
9191,yolo_x_cpu,1194
9192,yolo_x_cpu,1228
9193,yolo_x_cpu,1138
9194,yolo_x_cpu,1175
9195,yolo_x_cpu,1198
9196,yolo_x_cpu,1215
9197,yolo_x_cpu,1203
9198,yolo_x_cpu,1223
9199,yolo_x_cpu,1150
9200,yolo_x_cpu,1123
9201,yolo_x_cpu,1180
9202,yolo_x_cpu,1212
9203,yolo_x_cpu,1217
9204,yolo_x_cpu,1246
9205,yolo_x_cpu,1230
9206,yolo_x_cpu,1163
9207,yolo_x_cpu,1126
9208,yolo_x_cpu,1073
9209,yolo_x_cpu,995
9210,yolo_x_cpu,1142
9211,yolo_x_cpu,1174
9212,yolo_x_cpu,1140
9213,yolo_x_cpu,1137
9214,yolo_x_cpu,1177
9215,yolo_x_cpu,1189
9216,yolo_x_cpu,1274
9217,yolo_x_cpu,1241
9218,yolo_x_cpu,1186
9219,yolo_x_cpu,1072
9220,yolo_x_cpu,1205
9221,yolo_x_cpu,1215
9222,yolo_x_cpu,1264
9223,yolo_x_cpu,1178
9224,yolo_x_cpu,1143
9225,yolo_x_cpu,1246
9226,yolo_x_cpu,1248
9227,yolo_x_cpu,1235
9228,yolo_x_cpu,1249
9229,yolo_x_cpu,1203
9230,yolo_x_cpu,1209
9231,yolo_x_cpu,1175
9232,yolo_x_cpu,1159
9233,yolo_x_cpu,1103
9234,yolo_x_cpu,1166
9235,yolo_x_cpu,1192
9236,yolo_x_cpu,1184
9237,yolo_x_cpu,1193
9238,yolo_x_cpu,1194
9239,yolo_x_cpu,1122
9240,yolo_x_cpu,1108
9241,yolo_x_cpu,1108
9242,yolo_x_cpu,1157
9243,yolo_x_cpu,1130
9244,yolo_x_cpu,1211
9245,yolo_x_cpu,1114
9246,yolo_x_cpu,1173
9247,yolo_x_cpu,1127
9248,yolo_x_cpu,1168
9249,yolo_x_cpu,1172
9250,yolo_x_cpu,1074
9251,yolo_x_cpu,1134
9252,yolo_x_cpu,1113
9253,yolo_x_cpu,1094
9254,yolo_x_cpu,1088
9255,yolo_x_cpu,1112
9256,yolo_x_cpu,1132
9257,yolo_x_cpu,1111
9258,yolo_x_cpu,1092
9259,yolo_x_cpu,1116
9260,yolo_x_cpu,1047
9261,yolo_x_cpu,1004
9262,yolo_x_cpu,960
9263,yolo_x_cpu,980
9264,yolo_x_cpu,947
9265,yolo_x_cpu,982
9266,yolo_x_cpu,921
9267,yolo_x_cpu,971
9268,yolo_x_cpu,936
9269,yolo_x_cpu,953
9270,yolo_x_cpu,970
9271,yolo_x_cpu,918
9272,yolo_x_cpu,932
9273,yolo_x_cpu,998
9274,yolo_x_cpu,941
9275,yolo_x_cpu,919
9276,yolo_x_cpu,930
9277,yolo_x_cpu,930
9278,yolo_x_cpu,897
9279,yolo_x_cpu,924
9280,yolo_x_cpu,911
9281,yolo_x_cpu,976
9282,yolo_x_cpu,910
9283,yolo_x_cpu,886
9284,yolo_x_cpu,887
9285,yolo_x_cpu,852
9286,yolo_x_cpu,911
9287,yolo_x_cpu,870
9288,yolo_x_cpu,866
9289,yolo_x_cpu,902
9290,yolo_x_cpu,922
9291,yolo_x_cpu,900
9292,yolo_x_cpu,829
9293,yolo_x_cpu,845
9294,yolo_x_cpu,859
9295,yolo_x_cpu,863
9296,yolo_x_cpu,867
9297,yolo_x_cpu,887
9298,yolo_x_cpu,827
9299,yolo_x_cpu,855
9300,yolo_x_cpu,841
9301,yolo_x_cpu,808
9302,yolo_x_cpu,797
9303,yolo_x_cpu,788
9304,yolo_x_cpu,741
9305,yolo_x_cpu,743
9306,yolo_x_cpu,798
9307,yolo_x_cpu,772
9308,yolo_x_cpu,703
9309,yolo_x_cpu,803
9310,yolo_x_cpu,807
9311,yolo_x_cpu,743
9312,yolo_x_cpu,724
9313,yolo_x_cpu,720
9314,yolo_x_cpu,738
9315,yolo_x_cpu,672
9316,yolo_x_cpu,694
9317,yolo_x_cpu,684
9318,yolo_x_cpu,722
9319,yolo_x_cpu,754
9320,yolo_x_cpu,730
9321,yolo_x_cpu,739
9322,yolo_x_cpu,700
9323,yolo_x_cpu,734
9324,yolo_x_cpu,713
9325,yolo_x_cpu,672
9326,yolo_x_cpu,677
9327,yolo_x_cpu,762
9328,yolo_x_cpu,693
9329,yolo_x_cpu,754
9330,yolo_x_cpu,711
9331,yolo_x_cpu,640
9332,yolo_x_cpu,669
9333,yolo_x_cpu,697
9334,yolo_x_cpu,685
9335,yolo_x_cpu,684
9336,yolo_x_cpu,658
9337,yolo_x_cpu,651
9338,yolo_x_cpu,669
9339,yolo_x_cpu,681
9340,yolo_x_cpu,674
9341,yolo_x_cpu,575
9342,yolo_x_cpu,590
9343,yolo_x_cpu,641
9344,yolo_x_cpu,619
9345,yolo_x_cpu,590
9346,yolo_x_cpu,651
9347,yolo_x_cpu,628
9348,yolo_x_cpu,632
9349,yolo_x_cpu,592
9350,yolo_x_cpu,678
9351,yolo_x_cpu,662
9352,yolo_x_cpu,631
9353,yolo_x_cpu,575
9354,yolo_x_cpu,573
9355,yolo_x_cpu,515
9356,yolo_x_cpu,562
9357,yolo_x_cpu,535
9358,yolo_x_cpu,492
9359,yolo_x_cpu,559
9360,yolo_x_cpu,586
9361,yolo_x_cpu,627
9362,yolo_x_cpu,627
9363,yolo_x_cpu,557
9364,yolo_x_cpu,621
9365,yolo_x_cpu,600
9366,yolo_x_cpu,585
9367,yolo_x_cpu,734
9368,yolo_x_cpu,632
9369,yolo_x_cpu,602
9370,yolo_x_cpu,600
9371,yolo_x_cpu,633
9372,yolo_x_cpu,583
9373,yolo_x_cpu,618
9374,yolo_x_cpu,650
9375,yolo_x_cpu,645
9376,yolo_x_cpu,641
9377,yolo_x_cpu,665
9378,yolo_x_cpu,710
9379,yolo_x_cpu,718
9380,yolo_x_cpu,673
9381,yolo_x_cpu,651
9382,yolo_x_cpu,683
9383,yolo_x_cpu,661
9384,yolo_x_cpu,694
9385,yolo_x_cpu,677
9386,yolo_x_cpu,703
9387,yolo_x_cpu,708
9388,yolo_x_cpu,643
9389,yolo_x_cpu,636
9390,yolo_x_cpu,681
9391,yolo_x_cpu,679
9392,yolo_x_cpu,668
9393,yolo_x_cpu,667
9394,yolo_x_cpu,636
9395,yolo_x_cpu,633
9396,yolo_x_cpu,627
9397,yolo_x_cpu,643
9398,yolo_x_cpu,645
9399,yolo_x_cpu,601
9400,yolo_x_cpu,621
9401,yolo_x_cpu,628
9402,yolo_x_cpu,641
9403,yolo_x_cpu,647
9404,yolo_x_cpu,642
9405,yolo_x_cpu,655
9406,yolo_x_cpu,617
9407,yolo_x_cpu,615
9408,yolo_x_cpu,595
9409,yolo_x_cpu,663
9410,yolo_x_cpu,647
9411,yolo_x_cpu,673
9412,yolo_x_cpu,648
9413,yolo_x_cpu,694
9414,yolo_x_cpu,674
9415,yolo_x_cpu,666
9416,yolo_x_cpu,747
9417,yolo_x_cpu,710
9418,yolo_x_cpu,666
9419,yolo_x_cpu,714
9420,yolo_x_cpu,696
9421,yolo_x_cpu,635
9422,yolo_x_cpu,634
9423,yolo_x_cpu,648
9424,yolo_x_cpu,648
9425,yolo_x_cpu,688
9426,yolo_x_cpu,690
9427,yolo_x_cpu,657
9428,yolo_x_cpu,610
9429,yolo_x_cpu,611
9430,yolo_x_cpu,663
9431,yolo_x_cpu,650
9432,yolo_x_cpu,576
9433,yolo_x_cpu,598
9434,yolo_x_cpu,605
9435,yolo_x_cpu,589
9436,yolo_x_cpu,641
9437,yolo_x_cpu,556
9438,yolo_x_cpu,500
9439,yolo_x_cpu,512
9440,yolo_x_cpu,469
9441,yolo_x_cpu,533
9442,yolo_x_cpu,498
9443,yolo_x_cpu,500
9444,yolo_x_cpu,513
9445,yolo_x_cpu,529
9446,yolo_x_cpu,505
9447,yolo_x_cpu,452
9448,yolo_x_cpu,475
9449,yolo_x_cpu,517
9450,yolo_x_cpu,505
9451,yolo_x_cpu,554
9452,yolo_x_cpu,464
9453,yolo_x_cpu,498
9454,yolo_x_cpu,509
9455,yolo_x_cpu,505
9456,yolo_x_cpu,546
9457,yolo_x_cpu,511
9458,yolo_x_cpu,544
9459,yolo_x_cpu,554
9460,yolo_x_cpu,461
9461,yolo_x_cpu,538
9462,yolo_x_cpu,537
9463,yolo_x_cpu,552
9464,yolo_x_cpu,526
9465,yolo_x_cpu,502
9466,yolo_x_cpu,538
9467,yolo_x_cpu,537
9468,yolo_x_cpu,519
9469,yolo_x_cpu,514
9470,yolo_x_cpu,485
9471,yolo_x_cpu,544
9472,yolo_x_cpu,584
9473,yolo_x_cpu,569
9474,yolo_x_cpu,478
9475,yolo_x_cpu,553
9476,yolo_x_cpu,468
9477,yolo_x_cpu,492
9478,yolo_x_cpu,476
9479,yolo_x_cpu,484
9480,yolo_x_cpu,444
9481,yolo_x_cpu,437
9482,yolo_x_cpu,420
9483,yolo_x_cpu,441
9484,yolo_x_cpu,410
9485,yolo_x_cpu,465
9486,yolo_x_cpu,473
9487,yolo_x_cpu,420
9488,yolo_x_cpu,364
9489,yolo_x_cpu,425
9490,yolo_x_cpu,443
9491,yolo_x_cpu,412
9492,yolo_x_cpu,420
9493,yolo_x_cpu,408
9494,yolo_x_cpu,378
9495,yolo_x_cpu,348
9496,yolo_x_cpu,399
9497,yolo_x_cpu,387
9498,yolo_x_cpu,400
9499,yolo_x_cpu,372
9500,yolo_x_cpu,389
9501,yolo_x_cpu,408
9502,yolo_x_cpu,367
9503,yolo_x_cpu,362
9504,yolo_x_cpu,360
9505,yolo_x_cpu,331
9506,yolo_x_cpu,390
9507,yolo_x_cpu,393
9508,yolo_x_cpu,387
9509,yolo_x_cpu,366
9510,yolo_x_cpu,345
9511,yolo_x_cpu,343
9512,yolo_x_cpu,321
9513,yolo_x_cpu,345
9514,yolo_x_cpu,345
9515,yolo_x_cpu,329
9516,yolo_x_cpu,356
9517,yolo_x_cpu,350
9518,yolo_x_cpu,292
9519,yolo_x_cpu,303
9520,yolo_x_cpu,304
9521,yolo_x_cpu,272
9522,yolo_x_cpu,252
9523,yolo_x_cpu,298
9524,yolo_x_cpu,266
9525,yolo_x_cpu,276
9526,yolo_x_cpu,271
9527,yolo_x_cpu,258
9528,yolo_x_cpu,215
9529,yolo_x_cpu,231
9530,yolo_x_cpu,251
9531,yolo_x_cpu,251
9532,yolo_x_cpu,231
9533,yolo_x_cpu,248
9534,yolo_x_cpu,262
9535,yolo_x_cpu,219
9536,yolo_x_cpu,246
9537,yolo_x_cpu,244
9538,yolo_x_cpu,217
9539,yolo_x_cpu,270
9540,yolo_x_cpu,220
9541,yolo_x_cpu,221
9542,yolo_x_cpu,205
9543,yolo_x_cpu,210
9544,yolo_x_cpu,181
9545,yolo_x_cpu,209
9546,yolo_x_cpu,204
9547,yolo_x_cpu,185
9548,yolo_x_cpu,189
9549,yolo_x_cpu,207
9550,yolo_x_cpu,219
9551,yolo_x_cpu,233
9552,yolo_x_cpu,206
9553,yolo_x_cpu,218
9554,yolo_x_cpu,234
9555,yolo_x_cpu,249
9556,yolo_x_cpu,226
9557,yolo_x_cpu,248
9558,yolo_x_cpu,188
9559,yolo_x_cpu,227
9560,yolo_x_cpu,209
9561,yolo_x_cpu,180
9562,yolo_x_cpu,147
9563,yolo_x_cpu,172
9564,yolo_x_cpu,177
9565,yolo_x_cpu,170
9566,yolo_x_cpu,160
9567,yolo_x_cpu,188
9568,yolo_x_cpu,209
9569,yolo_x_cpu,197
9570,yolo_x_cpu,195
9571,yolo_x_cpu,185
9572,yolo_x_cpu,200
9573,yolo_x_cpu,198
9574,yolo_x_cpu,199
9575,yolo_x_cpu,198
9576,yolo_x_cpu,193
9577,yolo_x_cpu,229
9578,yolo_x_cpu,198
9579,yolo_x_cpu,204
9580,yolo_x_cpu,157
9581,yolo_x_cpu,156
9582,yolo_x_cpu,181
9583,yolo_x_cpu,173
9584,yolo_x_cpu,180
9585,yolo_x_cpu,187
9586,yolo_x_cpu,183
9587,yolo_x_cpu,169
9588,yolo_x_cpu,155
9589,yolo_x_cpu,168
9590,yolo_x_cpu,224
9591,yolo_x_cpu,203
9592,yolo_x_cpu,190
9593,yolo_x_cpu,187
9594,yolo_x_cpu,211
9595,yolo_x_cpu,197
9596,yolo_x_cpu,178
9597,yolo_x_cpu,197
9598,yolo_x_cpu,192
9599,yolo_x_cpu,214
9600,yolo_x_cpu,222
9601,yolo_x_cpu,204
9602,yolo_x_cpu,216
9603,yolo_x_cpu,209
9604,yolo_x_cpu,199
9605,yolo_x_cpu,214
9606,yolo_x_cpu,227
9607,yolo_x_cpu,207
9608,yolo_x_cpu,201
9609,yolo_x_cpu,171
9610,yolo_x_cpu,159
9611,yolo_x_cpu,179
9612,yolo_x_cpu,162
9613,yolo_x_cpu,156
9614,yolo_x_cpu,159
9615,yolo_x_cpu,163
9616,yolo_x_cpu,149
9617,yolo_x_cpu,175
9618,yolo_x_cpu,138
9619,yolo_x_cpu,166
9620,yolo_x_cpu,126
9621,yolo_x_cpu,163
9622,yolo_x_cpu,162
9623,yolo_x_cpu,190
9624,yolo_x_cpu,173
9625,yolo_x_cpu,157
9626,yolo_x_cpu,163
9627,yolo_x_cpu,159
9628,yolo_x_cpu,170
9629,yolo_x_cpu,133
9630,yolo_x_cpu,152
9631,yolo_x_cpu,144
9632,yolo_x_cpu,136
9633,yolo_x_cpu,126
9634,yolo_x_cpu,147
9635,yolo_x_cpu,141
9636,yolo_x_cpu,136
9637,yolo_x_cpu,119
9638,yolo_x_cpu,127
9639,yolo_x_cpu,104
9640,yolo_x_cpu,109
9641,yolo_x_cpu,117
9642,yolo_x_cpu,103
9643,yolo_x_cpu,115
9644,yolo_x_cpu,109
9645,yolo_x_cpu,86
9646,yolo_x_cpu,108
9647,yolo_x_cpu,125
9648,yolo_x_cpu,109
9649,yolo_x_cpu,117
9650,yolo_x_cpu,121
9651,yolo_x_cpu,111
9652,yolo_x_cpu,102
9653,yolo_x_cpu,110
9654,yolo_x_cpu,92
9655,yolo_x_cpu,79
9656,yolo_x_cpu,71
9657,yolo_x_cpu,83
9658,yolo_x_cpu,103
9659,yolo_x_cpu,95
9660,yolo_x_cpu,85
9661,yolo_x_cpu,73
9662,yolo_x_cpu,60
9663,yolo_x_cpu,74
9664,yolo_x_cpu,61
9665,yolo_x_cpu,84
9666,yolo_x_cpu,67
9667,yolo_x_cpu,64
9668,yolo_x_cpu,68
9669,yolo_x_cpu,67
9670,yolo_x_cpu,84
9671,yolo_x_cpu,95
9672,yolo_x_cpu,90
9673,yolo_x_cpu,66
9674,yolo_x_cpu,66
9675,yolo_x_cpu,80
9676,yolo_x_cpu,70
9677,yolo_x_cpu,54
9678,yolo_x_cpu,71
9679,yolo_x_cpu,72
9680,yolo_x_cpu,65
9681,yolo_x_cpu,53
9682,yolo_x_cpu,67
9683,yolo_x_cpu,63
9684,yolo_x_cpu,74
9685,yolo_x_cpu,64
9686,yolo_x_cpu,46
9687,yolo_x_cpu,64
9688,yolo_x_cpu,52
9689,yolo_x_cpu,46
9690,yolo_x_cpu,60
9691,yolo_x_cpu,58
9692,yolo_x_cpu,55
9693,yolo_x_cpu,57
9694,yolo_x_cpu,71
9695,yolo_x_cpu,58
9696,yolo_x_cpu,75
9697,yolo_x_cpu,68
9698,yolo_x_cpu,74
9699,yolo_x_cpu,80
9700,yolo_x_cpu,78
9701,yolo_x_cpu,83
9702,yolo_x_cpu,75
9703,yolo_x_cpu,68
9704,yolo_x_cpu,64
9705,yolo_x_cpu,66
9706,yolo_x_cpu,71
9707,yolo_x_cpu,87
9708,yolo_x_cpu,67
9709,yolo_x_cpu,57
9710,yolo_x_cpu,53
9711,yolo_x_cpu,46
9712,yolo_x_cpu,37
9713,yolo_x_cpu,31
9714,yolo_x_cpu,31
9715,yolo_x_cpu,32
9716,yolo_x_cpu,26
9717,yolo_x_cpu,34
9718,yolo_x_cpu,43
9719,yolo_x_cpu,45
9720,yolo_x_cpu,39
9721,yolo_x_cpu,49
9722,yolo_x_cpu,43
9723,yolo_x_cpu,65
9724,yolo_x_cpu,52
9725,yolo_x_cpu,50
9726,yolo_x_cpu,58
9727,yolo_x_cpu,61
9728,yolo_x_cpu,69
9729,yolo_x_cpu,65
9730,yolo_x_cpu,51
9731,yolo_x_cpu,52
9732,yolo_x_cpu,46
9733,yolo_x_cpu,39
9734,yolo_x_cpu,42
9735,yolo_x_cpu,59
9736,yolo_x_cpu,60
9737,yolo_x_cpu,77
9738,yolo_x_cpu,71
9739,yolo_x_cpu,53
9740,yolo_x_cpu,57
9741,yolo_x_cpu,51
9742,yolo_x_cpu,65
9743,yolo_x_cpu,62
9744,yolo_x_cpu,56
9745,yolo_x_cpu,50
9746,yolo_x_cpu,55
9747,yolo_x_cpu,63
9748,yolo_x_cpu,54
9749,yolo_x_cpu,57
9750,yolo_x_cpu,74
9751,yolo_x_cpu,61
9752,yolo_x_cpu,62
9753,yolo_x_cpu,77
9754,yolo_x_cpu,71
9755,yolo_x_cpu,72
9756,yolo_x_cpu,66
9757,yolo_x_cpu,83
9758,yolo_x_cpu,81
9759,yolo_x_cpu,65
9760,yolo_x_cpu,54
9761,yolo_x_cpu,59
9762,yolo_x_cpu,69
9763,yolo_x_cpu,47
9764,yolo_x_cpu,53
9765,yolo_x_cpu,53
9766,yolo_x_cpu,49
9767,yolo_x_cpu,48
9768,yolo_x_cpu,40
9769,yolo_x_cpu,46
9770,yolo_x_cpu,47
9771,yolo_x_cpu,53
9772,yolo_x_cpu,48
9773,yolo_x_cpu,54
9774,yolo_x_cpu,46
9775,yolo_x_cpu,44
9776,yolo_x_cpu,48
9777,yolo_x_cpu,52
9778,yolo_x_cpu,50
9779,yolo_x_cpu,52
9780,yolo_x_cpu,89
9781,yolo_x_cpu,2956
9782,yolo_x_cpu,3722
9783,yolo_x_cpu,2309
9784,yolo_x_cpu,567
9785,yolo_x_cpu,535
9786,yolo_x_cpu,408
9787,yolo_x_cpu,263
9788,yolo_x_cpu,202
9789,yolo_x_cpu,206
9790,yolo_x_cpu,223
9791,yolo_x_cpu,258
9792,yolo_x_cpu,273
9793,yolo_x_cpu,369
9794,yolo_x_cpu,381
9795,yolo_x_cpu,301
9796,yolo_x_cpu,306
9797,yolo_x_cpu,288
9798,yolo_x_cpu,232
9799,yolo_x_cpu,250
9800,yolo_x_cpu,265
9801,yolo_x_cpu,202
9802,yolo_x_cpu,212
9803,yolo_x_cpu,226
9804,yolo_x_cpu,291
9805,yolo_x_cpu,260
9806,yolo_x_cpu,186
9807,yolo_x_cpu,201
9808,yolo_x_cpu,128
9809,yolo_x_cpu,121
9810,yolo_x_cpu,108
9811,yolo_x_cpu,95
9812,yolo_x_cpu,90
9813,yolo_x_cpu,125
9814,yolo_x_cpu,119
9815,yolo_x_cpu,127
9816,yolo_x_cpu,158
9817,yolo_x_cpu,170
9818,yolo_x_cpu,142
9819,yolo_x_cpu,129
9820,yolo_x_cpu,145
9821,yolo_x_cpu,119
9822,yolo_x_cpu,122
9823,yolo_x_cpu,122
9824,yolo_x_cpu,118
9825,yolo_x_cpu,118
9826,yolo_x_cpu,162
9827,yolo_x_cpu,134
9828,yolo_x_cpu,172
9829,yolo_x_cpu,181
9830,yolo_x_cpu,179
9831,yolo_x_cpu,206
9832,yolo_x_cpu,198
9833,yolo_x_cpu,158
9834,yolo_x_cpu,106
9835,yolo_x_cpu,105
9836,yolo_x_cpu,145
9837,yolo_x_cpu,151
9838,yolo_x_cpu,124
9839,yolo_x_cpu,122
9840,yolo_x_cpu,132
9841,yolo_x_cpu,95
9842,yolo_x_cpu,75
9843,yolo_x_cpu,104
9844,yolo_x_cpu,78
9845,yolo_x_cpu,106
9846,yolo_x_cpu,109
9847,yolo_x_cpu,101
9848,yolo_x_cpu,78
9849,yolo_x_cpu,90
9850,yolo_x_cpu,76
9851,yolo_x_cpu,67
9852,yolo_x_cpu,67
9853,yolo_x_cpu,80
9854,yolo_x_cpu,64
9855,yolo_x_cpu,60
9856,yolo_x_cpu,57
9857,yolo_x_cpu,57
9858,yolo_x_cpu,79
9859,yolo_x_cpu,64
9860,yolo_x_cpu,49
9861,yolo_x_cpu,86
9862,yolo_x_cpu,77
9863,yolo_x_cpu,108
9864,yolo_x_cpu,87
9865,yolo_x_cpu,118
9866,yolo_x_cpu,121
9867,yolo_x_cpu,81
9868,yolo_x_cpu,82
9869,yolo_x_cpu,74
9870,yolo_x_cpu,64
9871,yolo_x_cpu,64
9872,yolo_x_cpu,53
9873,yolo_x_cpu,48
9874,yolo_x_cpu,54
9875,yolo_x_cpu,65
9876,yolo_x_cpu,52
9877,yolo_x_cpu,40
9878,yolo_x_cpu,35
9879,yolo_x_cpu,70
9880,yolo_x_cpu,72
9881,yolo_x_cpu,61
9882,yolo_x_cpu,48
9883,yolo_x_cpu,58
9884,yolo_x_cpu,44
9885,yolo_x_cpu,34
9886,yolo_x_cpu,35
9887,yolo_x_cpu,39
9888,yolo_x_cpu,28
9889,yolo_x_cpu,50
9890,yolo_x_cpu,30
9891,yolo_x_cpu,56
9892,yolo_x_cpu,54
9893,yolo_x_cpu,75
9894,yolo_x_cpu,61
9895,yolo_x_cpu,69
9896,yolo_x_cpu,72
9897,yolo_x_cpu,96
9898,yolo_x_cpu,96
9899,yolo_x_cpu,111
9900,yolo_x_cpu,95
9901,yolo_x_cpu,83
9902,yolo_x_cpu,68
9903,yolo_x_cpu,47
9904,yolo_x_cpu,50
9905,yolo_x_cpu,52
9906,yolo_x_cpu,63
9907,yolo_x_cpu,43
9908,yolo_x_cpu,57
9909,yolo_x_cpu,56
9910,yolo_x_cpu,44
9911,yolo_x_cpu,53
9912,yolo_x_cpu,36
9913,yolo_x_cpu,45
9914,yolo_x_cpu,43
9915,yolo_x_cpu,44
9916,yolo_x_cpu,48
9917,yolo_x_cpu,45
9918,yolo_x_cpu,39
9919,yolo_x_cpu,26
9920,yolo_x_cpu,60
9921,yolo_x_cpu,39
9922,yolo_x_cpu,27
9923,yolo_x_cpu,11
9924,yolo_x_cpu,19
9925,yolo_x_cpu,15
9926,yolo_x_cpu,22
9927,yolo_x_cpu,23
9928,yolo_x_cpu,18
9929,yolo_x_cpu,31
9930,yolo_x_cpu,35
9931,yolo_x_cpu,17
9932,yolo_x_cpu,22
9933,yolo_x_cpu,37
9934,yolo_x_cpu,40
9935,yolo_x_cpu,26
9936,yolo_x_cpu,14
9937,yolo_x_cpu,18
9938,yolo_x_cpu,45
9939,yolo_x_cpu,28
9940,yolo_x_cpu,30
9941,yolo_x_cpu,47
9942,yolo_x_cpu,30
9943,yolo_x_cpu,26
9944,yolo_x_cpu,28
9945,yolo_x_cpu,30
9946,yolo_x_cpu,32
9947,yolo_x_cpu,23
9948,yolo_x_cpu,22
9949,yolo_x_cpu,20
9950,yolo_x_cpu,19
9951,yolo_x_cpu,27
9952,yolo_x_cpu,43
9953,yolo_x_cpu,37
9954,yolo_x_cpu,40
9955,yolo_x_cpu,45
9956,yolo_x_cpu,45
9957,yolo_x_cpu,50
9958,yolo_x_cpu,59
9959,yolo_x_cpu,76
9960,yolo_x_cpu,70
9961,yolo_x_cpu,60
9962,yolo_x_cpu,64
9963,yolo_x_cpu,65
9964,yolo_x_cpu,58
9965,yolo_x_cpu,73
9966,yolo_x_cpu,74
9967,yolo_x_cpu,57
9968,yolo_x_cpu,67
9969,yolo_x_cpu,78
9970,yolo_x_cpu,70
9971,yolo_x_cpu,51
9972,yolo_x_cpu,61
9973,yolo_x_cpu,59
9974,yolo_x_cpu,67
9975,yolo_x_cpu,56
9976,yolo_x_cpu,52
9977,yolo_x_cpu,70
9978,yolo_x_cpu,57
9979,yolo_x_cpu,65
9980,yolo_x_cpu,79
9981,yolo_x_cpu,55
9982,yolo_x_cpu,68
9983,yolo_x_cpu,65
9984,yolo_x_cpu,89
9985,yolo_x_cpu,100
9986,yolo_x_cpu,108
9987,yolo_x_cpu,118
9988,yolo_x_cpu,128
9989,yolo_x_cpu,134
9990,yolo_x_cpu,141
9991,yolo_x_cpu,142
9992,yolo_x_cpu,158
9993,yolo_x_cpu,157
9994,yolo_x_cpu,153
9995,yolo_x_cpu,178
9996,yolo_x_cpu,163
9997,yolo_x_cpu,169
9998,yolo_x_cpu,161
9999,yolo_x_cpu,160
10000,yolo_x_cpu,177
10001,yolo_x_cpu,184
10002,yolo_x_cpu,198
10003,yolo_x_cpu,194
10004,yolo_x_cpu,202
10005,yolo_x_cpu,227
10006,yolo_x_cpu,233
10007,yolo_x_cpu,250
10008,yolo_x_cpu,275
10009,yolo_x_cpu,255
10010,yolo_x_cpu,237
10011,yolo_x_cpu,251
10012,yolo_x_cpu,235
10013,yolo_x_cpu,313
10014,yolo_x_cpu,259
10015,yolo_x_cpu,258
10016,yolo_x_cpu,270
10017,yolo_x_cpu,277
10018,yolo_x_cpu,312
10019,yolo_x_cpu,298
10020,yolo_x_cpu,262
10021,yolo_x_cpu,325
10022,yolo_x_cpu,364
10023,yolo_x_cpu,364
10024,yolo_x_cpu,373
10025,yolo_x_cpu,388
10026,yolo_x_cpu,394
10027,yolo_x_cpu,392
10028,yolo_x_cpu,364
10029,yolo_x_cpu,380
10030,yolo_x_cpu,415
10031,yolo_x_cpu,417
10032,yolo_x_cpu,464
10033,yolo_x_cpu,475
10034,yolo_x_cpu,447
10035,yolo_x_cpu,423
10036,yolo_x_cpu,481
10037,yolo_x_cpu,465
10038,yolo_x_cpu,505
10039,yolo_x_cpu,517
10040,yolo_x_cpu,533
10041,yolo_x_cpu,526
10042,yolo_x_cpu,550
10043,yolo_x_cpu,489
10044,yolo_x_cpu,499
10045,yolo_x_cpu,550
10046,yolo_x_cpu,557
10047,yolo_x_cpu,599
10048,yolo_x_cpu,551
10049,yolo_x_cpu,539
10050,yolo_x_cpu,596
10051,yolo_x_cpu,586
10052,yolo_x_cpu,616
10053,yolo_x_cpu,594
10054,yolo_x_cpu,629
10055,yolo_x_cpu,631
10056,yolo_x_cpu,675
10057,yolo_x_cpu,687
10058,yolo_x_cpu,698
10059,yolo_x_cpu,767
10060,yolo_x_cpu,786
10061,yolo_x_cpu,817
10062,yolo_x_cpu,732
10063,yolo_x_cpu,714
10064,yolo_x_cpu,713
10065,yolo_x_cpu,722
10066,yolo_x_cpu,764
10067,yolo_x_cpu,763
10068,yolo_x_cpu,802
10069,yolo_x_cpu,781
10070,yolo_x_cpu,810
10071,yolo_x_cpu,801
10072,yolo_x_cpu,821
10073,yolo_x_cpu,806
10074,yolo_x_cpu,780
10075,yolo_x_cpu,795
10076,yolo_x_cpu,773
10077,yolo_x_cpu,745
10078,yolo_x_cpu,834
10079,yolo_x_cpu,756
10080,yolo_x_cpu,815
10081,yolo_x_cpu,768
10082,yolo_x_cpu,795
10083,yolo_x_cpu,844
10084,yolo_x_cpu,880
10085,yolo_x_cpu,842
10086,yolo_x_cpu,840
10087,yolo_x_cpu,844
10088,yolo_x_cpu,815
10089,yolo_x_cpu,817
10090,yolo_x_cpu,814
10091,yolo_x_cpu,834
10092,yolo_x_cpu,834
10093,yolo_x_cpu,880
10094,yolo_x_cpu,841
10095,yolo_x_cpu,821
10096,yolo_x_cpu,802
10097,yolo_x_cpu,733
10098,yolo_x_cpu,750
10099,yolo_x_cpu,756
10100,yolo_x_cpu,758
10101,yolo_x_cpu,772
10102,yolo_x_cpu,819
10103,yolo_x_cpu,811
10104,yolo_x_cpu,838
10105,yolo_x_cpu,749
10106,yolo_x_cpu,834
10107,yolo_x_cpu,855
10108,yolo_x_cpu,847
10109,yolo_x_cpu,800
10110,yolo_x_cpu,816
10111,yolo_x_cpu,842
10112,yolo_x_cpu,846
10113,yolo_x_cpu,872
10114,yolo_x_cpu,884
10115,yolo_x_cpu,896
10116,yolo_x_cpu,884
10117,yolo_x_cpu,897
10118,yolo_x_cpu,923
10119,yolo_x_cpu,857
10120,yolo_x_cpu,887
10121,yolo_x_cpu,920
10122,yolo_x_cpu,955
10123,yolo_x_cpu,1017
10124,yolo_x_cpu,938
10125,yolo_x_cpu,916
10126,yolo_x_cpu,977
10127,yolo_x_cpu,946
10128,yolo_x_cpu,942
10129,yolo_x_cpu,943
10130,yolo_x_cpu,953
10131,yolo_x_cpu,957
10132,yolo_x_cpu,905
10133,yolo_x_cpu,917
10134,yolo_x_cpu,919
10135,yolo_x_cpu,921
10136,yolo_x_cpu,998
10137,yolo_x_cpu,1011
10138,yolo_x_cpu,973
10139,yolo_x_cpu,1030
10140,yolo_x_cpu,1036
10141,yolo_x_cpu,1000
10142,yolo_x_cpu,1074
10143,yolo_x_cpu,1094
10144,yolo_x_cpu,1131
10145,yolo_x_cpu,1092
10146,yolo_x_cpu,1102
10147,yolo_x_cpu,1062
10148,yolo_x_cpu,1068
10149,yolo_x_cpu,1066
10150,yolo_x_cpu,1126
10151,yolo_x_cpu,1109
10152,yolo_x_cpu,1080
10153,yolo_x_cpu,1050
10154,yolo_x_cpu,1043
10155,yolo_x_cpu,987
10156,yolo_x_cpu,1064
10157,yolo_x_cpu,1066
10158,yolo_x_cpu,1080
10159,yolo_x_cpu,1036
10160,yolo_x_cpu,1015
10161,yolo_x_cpu,957
10162,yolo_x_cpu,1017
10163,yolo_x_cpu,1064
10164,yolo_x_cpu,1028
10165,yolo_x_cpu,1063
10166,yolo_x_cpu,1078
10167,yolo_x_cpu,1125
10168,yolo_x_cpu,1142
10169,yolo_x_cpu,1177
10170,yolo_x_cpu,1142
10171,yolo_x_cpu,1130
10172,yolo_x_cpu,1168
10173,yolo_x_cpu,1116
10174,yolo_x_cpu,1101
10175,yolo_x_cpu,1089
10176,yolo_x_cpu,1177
10177,yolo_x_cpu,1167
10178,yolo_x_cpu,1156
10179,yolo_x_cpu,1142
10180,yolo_x_cpu,1117
10181,yolo_x_cpu,1077
10182,yolo_x_cpu,1107
10183,yolo_x_cpu,1083
10184,yolo_x_cpu,1093
10185,yolo_x_cpu,1116
10186,yolo_x_cpu,1125
10187,yolo_x_cpu,1153
10188,yolo_x_cpu,1240
10189,yolo_x_cpu,1201
10190,yolo_x_cpu,1244
10191,yolo_x_cpu,1164
10192,yolo_x_cpu,1088
10193,yolo_x_cpu,1177
10194,yolo_x_cpu,1056
10195,yolo_x_cpu,1110
10196,yolo_x_cpu,1278
10197,yolo_x_cpu,1169
10198,yolo_x_cpu,1177
10199,yolo_x_cpu,1147
10200,yolo_x_cpu,1118
10201,yolo_x_cpu,1148
10202,yolo_x_cpu,1114
10203,yolo_x_cpu,1151
10204,yolo_x_cpu,1126
10205,yolo_x_cpu,1123
10206,yolo_x_cpu,1160
10207,yolo_x_cpu,1150
10208,yolo_x_cpu,1132
10209,yolo_x_cpu,1173
10210,yolo_x_cpu,1093
10211,yolo_x_cpu,1071
10212,yolo_x_cpu,1096
10213,yolo_x_cpu,1122
10214,yolo_x_cpu,1077
10215,yolo_x_cpu,1027
10216,yolo_x_cpu,1064
10217,yolo_x_cpu,995
10218,yolo_x_cpu,1076
10219,yolo_x_cpu,1036
10220,yolo_x_cpu,1055
10221,yolo_x_cpu,1112
10222,yolo_x_cpu,1071
10223,yolo_x_cpu,1104
10224,yolo_x_cpu,997
10225,yolo_x_cpu,1020
10226,yolo_x_cpu,986
10227,yolo_x_cpu,931
10228,yolo_x_cpu,1016
10229,yolo_x_cpu,1058
10230,yolo_x_cpu,1023
10231,yolo_x_cpu,1056
10232,yolo_x_cpu,992
10233,yolo_x_cpu,1074
10234,yolo_x_cpu,1076
10235,yolo_x_cpu,1103
10236,yolo_x_cpu,1139
10237,yolo_x_cpu,1164
10238,yolo_x_cpu,1166
10239,yolo_x_cpu,1167
10240,yolo_x_cpu,1161
10241,yolo_x_cpu,1106
10242,yolo_x_cpu,1121
10243,yolo_x_cpu,1113
10244,yolo_x_cpu,1107
10245,yolo_x_cpu,1035
10246,yolo_x_cpu,1063
10247,yolo_x_cpu,1075
10248,yolo_x_cpu,1011
10249,yolo_x_cpu,1044
10250,yolo_x_cpu,1047
10251,yolo_x_cpu,1119
10252,yolo_x_cpu,1103
10253,yolo_x_cpu,1112
10254,yolo_x_cpu,1145
10255,yolo_x_cpu,1130
10256,yolo_x_cpu,1122
10257,yolo_x_cpu,1063
10258,yolo_x_cpu,1000
10259,yolo_x_cpu,1077
10260,yolo_x_cpu,942
10261,yolo_x_cpu,912
10262,yolo_x_cpu,848
10263,yolo_x_cpu,1001
10264,yolo_x_cpu,1017
10265,yolo_x_cpu,1097
10266,yolo_x_cpu,1045
10267,yolo_x_cpu,1083
10268,yolo_x_cpu,1050
10269,yolo_x_cpu,1005
10270,yolo_x_cpu,1070
10271,yolo_x_cpu,1153
10272,yolo_x_cpu,1073
10273,yolo_x_cpu,1050
10274,yolo_x_cpu,1033
10275,yolo_x_cpu,987
10276,yolo_x_cpu,1001
10277,yolo_x_cpu,991
10278,yolo_x_cpu,995
10279,yolo_x_cpu,984
10280,yolo_x_cpu,947
10281,yolo_x_cpu,1043
10282,yolo_x_cpu,989
10283,yolo_x_cpu,927
10284,yolo_x_cpu,993
10285,yolo_x_cpu,1001
10286,yolo_x_cpu,995
10287,yolo_x_cpu,1087
10288,yolo_x_cpu,1012
10289,yolo_x_cpu,1040
10290,yolo_x_cpu,995
10291,yolo_x_cpu,1047
10292,yolo_x_cpu,986
10293,yolo_x_cpu,1049
10294,yolo_x_cpu,1031
10295,yolo_x_cpu,1046
10296,yolo_x_cpu,1031
10297,yolo_x_cpu,968
10298,yolo_x_cpu,926
10299,yolo_x_cpu,909
10300,yolo_x_cpu,924
10301,yolo_x_cpu,981
10302,yolo_x_cpu,947
10303,yolo_x_cpu,977
10304,yolo_x_cpu,973
10305,yolo_x_cpu,993
10306,yolo_x_cpu,984
10307,yolo_x_cpu,1018
10308,yolo_x_cpu,1002
10309,yolo_x_cpu,1056
10310,yolo_x_cpu,1016
10311,yolo_x_cpu,951
10312,yolo_x_cpu,1037
10313,yolo_x_cpu,1055
10314,yolo_x_cpu,1013
10315,yolo_x_cpu,972
10316,yolo_x_cpu,1083
10317,yolo_x_cpu,1056
10318,yolo_x_cpu,1066
10319,yolo_x_cpu,1010
10320,yolo_x_cpu,997
10321,yolo_x_cpu,1026
10322,yolo_x_cpu,996
10323,yolo_x_cpu,941
10324,yolo_x_cpu,973
10325,yolo_x_cpu,1007
10326,yolo_x_cpu,957
10327,yolo_x_cpu,1035
10328,yolo_x_cpu,974
10329,yolo_x_cpu,942
10330,yolo_x_cpu,912
10331,yolo_x_cpu,915
10332,yolo_x_cpu,857
10333,yolo_x_cpu,863
10334,yolo_x_cpu,866
10335,yolo_x_cpu,946
10336,yolo_x_cpu,947
10337,yolo_x_cpu,965
10338,yolo_x_cpu,1007
10339,yolo_x_cpu,934
10340,yolo_x_cpu,961
10341,yolo_x_cpu,998
10342,yolo_x_cpu,977
10343,yolo_x_cpu,1011
10344,yolo_x_cpu,1046
10345,yolo_x_cpu,1013
10346,yolo_x_cpu,992
10347,yolo_x_cpu,945
10348,yolo_x_cpu,896
10349,yolo_x_cpu,904
10350,yolo_x_cpu,944
10351,yolo_x_cpu,909
10352,yolo_x_cpu,898
10353,yolo_x_cpu,821
10354,yolo_x_cpu,851
10355,yolo_x_cpu,1043
10356,yolo_x_cpu,901
10357,yolo_x_cpu,887
10358,yolo_x_cpu,979
10359,yolo_x_cpu,992
10360,yolo_x_cpu,974
10361,yolo_x_cpu,1037
10362,yolo_x_cpu,1053
10363,yolo_x_cpu,1033
10364,yolo_x_cpu,1027
10365,yolo_x_cpu,1131
10366,yolo_x_cpu,1064
10367,yolo_x_cpu,1028
10368,yolo_x_cpu,1044
10369,yolo_x_cpu,1001
10370,yolo_x_cpu,1006
10371,yolo_x_cpu,1031
10372,yolo_x_cpu,1019
10373,yolo_x_cpu,967
10374,yolo_x_cpu,960
10375,yolo_x_cpu,967
10376,yolo_x_cpu,963
10377,yolo_x_cpu,944
10378,yolo_x_cpu,1032
10379,yolo_x_cpu,982
10380,yolo_x_cpu,969
10381,yolo_x_cpu,983
10382,yolo_x_cpu,1001
10383,yolo_x_cpu,1031
10384,yolo_x_cpu,963
10385,yolo_x_cpu,997
10386,yolo_x_cpu,1044
10387,yolo_x_cpu,974
10388,yolo_x_cpu,1072
10389,yolo_x_cpu,1083
10390,yolo_x_cpu,1139
10391,yolo_x_cpu,1110
10392,yolo_x_cpu,1111
10393,yolo_x_cpu,1088
10394,yolo_x_cpu,1149
10395,yolo_x_cpu,1214
10396,yolo_x_cpu,1153
10397,yolo_x_cpu,1150
10398,yolo_x_cpu,1173
10399,yolo_x_cpu,1141
10400,yolo_x_cpu,1093
10401,yolo_x_cpu,1095
10402,yolo_x_cpu,1123
10403,yolo_x_cpu,1002
10404,yolo_x_cpu,987
10405,yolo_x_cpu,1055
10406,yolo_x_cpu,1115
10407,yolo_x_cpu,1092
10408,yolo_x_cpu,1123
10409,yolo_x_cpu,1067
10410,yolo_x_cpu,1081
10411,yolo_x_cpu,1105
10412,yolo_x_cpu,1066
10413,yolo_x_cpu,1103
10414,yolo_x_cpu,1076
10415,yolo_x_cpu,1136
10416,yolo_x_cpu,1105
10417,yolo_x_cpu,1142
10418,yolo_x_cpu,1168
10419,yolo_x_cpu,1145
10420,yolo_x_cpu,1137
10421,yolo_x_cpu,1149
10422,yolo_x_cpu,1166
10423,yolo_x_cpu,1129
10424,yolo_x_cpu,1132
10425,yolo_x_cpu,1134
10426,yolo_x_cpu,1081
10427,yolo_x_cpu,1102
10428,yolo_x_cpu,1053
10429,yolo_x_cpu,1079
10430,yolo_x_cpu,1096
10431,yolo_x_cpu,1139
10432,yolo_x_cpu,1127
10433,yolo_x_cpu,1168
10434,yolo_x_cpu,1086
10435,yolo_x_cpu,1064
10436,yolo_x_cpu,1063
10437,yolo_x_cpu,1035
10438,yolo_x_cpu,1021
10439,yolo_x_cpu,990
10440,yolo_x_cpu,1044
10441,yolo_x_cpu,1059
10442,yolo_x_cpu,1052
10443,yolo_x_cpu,1003
10444,yolo_x_cpu,1061
10445,yolo_x_cpu,1089
10446,yolo_x_cpu,1035
10447,yolo_x_cpu,1058
10448,yolo_x_cpu,1073
10449,yolo_x_cpu,1012
10450,yolo_x_cpu,1085
10451,yolo_x_cpu,1052
10452,yolo_x_cpu,1096
10453,yolo_x_cpu,1116
10454,yolo_x_cpu,1085
10455,yolo_x_cpu,1066
10456,yolo_x_cpu,1122
10457,yolo_x_cpu,1145
10458,yolo_x_cpu,1082
10459,yolo_x_cpu,1203
10460,yolo_x_cpu,1167
10461,yolo_x_cpu,1124
10462,yolo_x_cpu,1063
10463,yolo_x_cpu,1048
10464,yolo_x_cpu,1081
10465,yolo_x_cpu,1145
10466,yolo_x_cpu,1121
10467,yolo_x_cpu,1145
10468,yolo_x_cpu,1169
10469,yolo_x_cpu,1186
10470,yolo_x_cpu,1137
10471,yolo_x_cpu,1138
10472,yolo_x_cpu,1173
10473,yolo_x_cpu,1265
10474,yolo_x_cpu,1184
10475,yolo_x_cpu,1153
10476,yolo_x_cpu,1156
10477,yolo_x_cpu,1171
10478,yolo_x_cpu,1189
10479,yolo_x_cpu,1277
10480,yolo_x_cpu,1196
10481,yolo_x_cpu,1228
10482,yolo_x_cpu,1174
10483,yolo_x_cpu,1172
10484,yolo_x_cpu,1081
10485,yolo_x_cpu,1184
10486,yolo_x_cpu,1248
10487,yolo_x_cpu,1213
10488,yolo_x_cpu,1191
10489,yolo_x_cpu,1170
10490,yolo_x_cpu,1241
10491,yolo_x_cpu,1151
10492,yolo_x_cpu,1146
10493,yolo_x_cpu,1154
10494,yolo_x_cpu,1197
10495,yolo_x_cpu,1145
10496,yolo_x_cpu,1122
10497,yolo_x_cpu,1198
10498,yolo_x_cpu,1158
10499,yolo_x_cpu,1142
10500,yolo_x_cpu,1173
10501,yolo_x_cpu,1197
10502,yolo_x_cpu,1175
10503,yolo_x_cpu,1145
10504,yolo_x_cpu,1163
10505,yolo_x_cpu,1140
10506,yolo_x_cpu,1141
10507,yolo_x_cpu,1157
10508,yolo_x_cpu,1174
10509,yolo_x_cpu,1172
10510,yolo_x_cpu,1222
10511,yolo_x_cpu,1192
10512,yolo_x_cpu,1233
10513,yolo_x_cpu,1212
10514,yolo_x_cpu,1189
10515,yolo_x_cpu,1205
10516,yolo_x_cpu,1293
10517,yolo_x_cpu,1210
10518,yolo_x_cpu,1268
10519,yolo_x_cpu,1262
10520,yolo_x_cpu,1228
10521,yolo_x_cpu,1190
10522,yolo_x_cpu,1160
10523,yolo_x_cpu,1124
10524,yolo_x_cpu,1196
10525,yolo_x_cpu,1151
10526,yolo_x_cpu,1151
10527,yolo_x_cpu,1193
10528,yolo_x_cpu,1203
10529,yolo_x_cpu,1144
10530,yolo_x_cpu,1230
10531,yolo_x_cpu,1213
10532,yolo_x_cpu,1144
10533,yolo_x_cpu,1141
10534,yolo_x_cpu,1140
10535,yolo_x_cpu,1118
10536,yolo_x_cpu,1121
10537,yolo_x_cpu,1105
10538,yolo_x_cpu,1190
10539,yolo_x_cpu,1181
10540,yolo_x_cpu,1174
10541,yolo_x_cpu,1253
10542,yolo_x_cpu,1205
10543,yolo_x_cpu,1201
10544,yolo_x_cpu,1148
10545,yolo_x_cpu,1104
10546,yolo_x_cpu,1037
10547,yolo_x_cpu,1047
10548,yolo_x_cpu,1061
10549,yolo_x_cpu,1073
10550,yolo_x_cpu,1112
10551,yolo_x_cpu,1106
10552,yolo_x_cpu,1152
10553,yolo_x_cpu,1246
10554,yolo_x_cpu,1283
10555,yolo_x_cpu,1234
10556,yolo_x_cpu,1354
10557,yolo_x_cpu,1282
10558,yolo_x_cpu,1342
10559,yolo_x_cpu,1310
10560,yolo_x_cpu,1315
10561,yolo_x_cpu,1305
10562,yolo_x_cpu,1282
10563,yolo_x_cpu,1272
10564,yolo_x_cpu,1310
10565,yolo_x_cpu,1349
10566,yolo_x_cpu,1321
10567,yolo_x_cpu,1279
10568,yolo_x_cpu,1320
10569,yolo_x_cpu,1288
10570,yolo_x_cpu,1376
10571,yolo_x_cpu,1361
10572,yolo_x_cpu,1460
10573,yolo_x_cpu,1400
10574,yolo_x_cpu,1277
10575,yolo_x_cpu,1293
10576,yolo_x_cpu,1262
10577,yolo_x_cpu,1181
10578,yolo_x_cpu,1165
10579,yolo_x_cpu,1202
10580,yolo_x_cpu,1281
10581,yolo_x_cpu,1243
10582,yolo_x_cpu,1263
10583,yolo_x_cpu,1250
10584,yolo_x_cpu,1290
10585,yolo_x_cpu,1329
10586,yolo_x_cpu,1322
10587,yolo_x_cpu,1249
10588,yolo_x_cpu,1280
10589,yolo_x_cpu,1262
10590,yolo_x_cpu,1230
10591,yolo_x_cpu,1318
10592,yolo_x_cpu,1269
10593,yolo_x_cpu,1262
10594,yolo_x_cpu,1271
10595,yolo_x_cpu,1272
10596,yolo_x_cpu,1338
10597,yolo_x_cpu,1291
10598,yolo_x_cpu,1344
10599,yolo_x_cpu,1332
10600,yolo_x_cpu,1366
10601,yolo_x_cpu,1328
10602,yolo_x_cpu,1216
10603,yolo_x_cpu,1268
10604,yolo_x_cpu,1212
10605,yolo_x_cpu,1262
10606,yolo_x_cpu,1296
10607,yolo_x_cpu,1298
10608,yolo_x_cpu,1280
10609,yolo_x_cpu,1332
10610,yolo_x_cpu,1277
10611,yolo_x_cpu,1260
10612,yolo_x_cpu,1221
10613,yolo_x_cpu,1205
10614,yolo_x_cpu,1258
10615,yolo_x_cpu,1211
10616,yolo_x_cpu,1181
10617,yolo_x_cpu,1207
10618,yolo_x_cpu,1248
10619,yolo_x_cpu,1275
10620,yolo_x_cpu,1354
10621,yolo_x_cpu,1312
10622,yolo_x_cpu,1287
10623,yolo_x_cpu,1255
10624,yolo_x_cpu,1302
10625,yolo_x_cpu,1296
10626,yolo_x_cpu,1255
10627,yolo_x_cpu,1267
10628,yolo_x_cpu,1312
10629,yolo_x_cpu,1337
10630,yolo_x_cpu,1420
10631,yolo_x_cpu,1380
10632,yolo_x_cpu,1414
10633,yolo_x_cpu,1479
10634,yolo_x_cpu,1470
10635,yolo_x_cpu,1488
10636,yolo_x_cpu,1450
10637,yolo_x_cpu,1463
10638,yolo_x_cpu,1383
10639,yolo_x_cpu,1422
10640,yolo_x_cpu,1362
10641,yolo_x_cpu,1363
10642,yolo_x_cpu,1337
10643,yolo_x_cpu,1334
10644,yolo_x_cpu,1354
10645,yolo_x_cpu,1373
10646,yolo_x_cpu,1353
10647,yolo_x_cpu,1388
10648,yolo_x_cpu,1296
10649,yolo_x_cpu,1331
10650,yolo_x_cpu,1298
10651,yolo_x_cpu,1320
10652,yolo_x_cpu,1319
10653,yolo_x_cpu,1366
10654,yolo_x_cpu,1377
10655,yolo_x_cpu,1352
10656,yolo_x_cpu,1302
10657,yolo_x_cpu,1306
10658,yolo_x_cpu,1316
10659,yolo_x_cpu,1314
10660,yolo_x_cpu,1318
10661,yolo_x_cpu,1309
10662,yolo_x_cpu,1283
10663,yolo_x_cpu,1216
10664,yolo_x_cpu,1259
10665,yolo_x_cpu,1269
10666,yolo_x_cpu,1241
10667,yolo_x_cpu,1199
10668,yolo_x_cpu,1208
10669,yolo_x_cpu,1171
10670,yolo_x_cpu,1222
10671,yolo_x_cpu,1244
10672,yolo_x_cpu,1309
10673,yolo_x_cpu,1317
10674,yolo_x_cpu,1255
10675,yolo_x_cpu,1177
10676,yolo_x_cpu,1197
10677,yolo_x_cpu,1238
10678,yolo_x_cpu,1266
10679,yolo_x_cpu,1266
10680,yolo_x_cpu,1275
10681,yolo_x_cpu,1276
10682,yolo_x_cpu,1271
10683,yolo_x_cpu,1270
10684,yolo_x_cpu,1206
10685,yolo_x_cpu,1180
10686,yolo_x_cpu,1200
10687,yolo_x_cpu,1216
10688,yolo_x_cpu,1181
10689,yolo_x_cpu,1196
10690,yolo_x_cpu,1199
10691,yolo_x_cpu,1248
10692,yolo_x_cpu,1190
10693,yolo_x_cpu,1140
10694,yolo_x_cpu,1101
10695,yolo_x_cpu,1090
10696,yolo_x_cpu,1075
10697,yolo_x_cpu,1068
10698,yolo_x_cpu,1091
10699,yolo_x_cpu,1125
10700,yolo_x_cpu,1138
10701,yolo_x_cpu,1187
10702,yolo_x_cpu,1180
10703,yolo_x_cpu,1103
10704,yolo_x_cpu,1117
10705,yolo_x_cpu,1060
10706,yolo_x_cpu,1070
10707,yolo_x_cpu,1064
10708,yolo_x_cpu,1039
10709,yolo_x_cpu,1087
10710,yolo_x_cpu,1078
10711,yolo_x_cpu,1045
10712,yolo_x_cpu,1067
10713,yolo_x_cpu,1094
10714,yolo_x_cpu,1055
10715,yolo_x_cpu,1008
10716,yolo_x_cpu,1066
10717,yolo_x_cpu,1001
10718,yolo_x_cpu,1046
10719,yolo_x_cpu,1072
10720,yolo_x_cpu,1105
10721,yolo_x_cpu,1107
10722,yolo_x_cpu,1075
10723,yolo_x_cpu,1074
10724,yolo_x_cpu,1068
10725,yolo_x_cpu,1050
10726,yolo_x_cpu,1026
10727,yolo_x_cpu,1058
10728,yolo_x_cpu,1050
10729,yolo_x_cpu,1117
10730,yolo_x_cpu,1090
10731,yolo_x_cpu,1101
10732,yolo_x_cpu,1111
10733,yolo_x_cpu,1084
10734,yolo_x_cpu,952
10735,yolo_x_cpu,901
10736,yolo_x_cpu,858
10737,yolo_x_cpu,966
10738,yolo_x_cpu,969
10739,yolo_x_cpu,1000
10740,yolo_x_cpu,1010
10741,yolo_x_cpu,972
10742,yolo_x_cpu,950
10743,yolo_x_cpu,915
10744,yolo_x_cpu,903
10745,yolo_x_cpu,927
10746,yolo_x_cpu,914
10747,yolo_x_cpu,870
10748,yolo_x_cpu,926
10749,yolo_x_cpu,903
10750,yolo_x_cpu,864
10751,yolo_x_cpu,818
10752,yolo_x_cpu,821
10753,yolo_x_cpu,823
10754,yolo_x_cpu,838
10755,yolo_x_cpu,901
10756,yolo_x_cpu,811
10757,yolo_x_cpu,834
10758,yolo_x_cpu,863
10759,yolo_x_cpu,858
10760,yolo_x_cpu,821
10761,yolo_x_cpu,806
10762,yolo_x_cpu,902
10763,yolo_x_cpu,944
10764,yolo_x_cpu,896
10765,yolo_x_cpu,861
10766,yolo_x_cpu,806
10767,yolo_x_cpu,856
10768,yolo_x_cpu,872
10769,yolo_x_cpu,848
10770,yolo_x_cpu,826
10771,yolo_x_cpu,919
10772,yolo_x_cpu,835
10773,yolo_x_cpu,798
10774,yolo_x_cpu,784
10775,yolo_x_cpu,803
10776,yolo_x_cpu,784
10777,yolo_x_cpu,800
10778,yolo_x_cpu,881
10779,yolo_x_cpu,848
10780,yolo_x_cpu,858
10781,yolo_x_cpu,846
10782,yolo_x_cpu,886
10783,yolo_x_cpu,850
10784,yolo_x_cpu,828
10785,yolo_x_cpu,891
10786,yolo_x_cpu,874
10787,yolo_x_cpu,867
10788,yolo_x_cpu,874
10789,yolo_x_cpu,780
10790,yolo_x_cpu,847
10791,yolo_x_cpu,800
10792,yolo_x_cpu,819
10793,yolo_x_cpu,797
10794,yolo_x_cpu,733
10795,yolo_x_cpu,741
10796,yolo_x_cpu,707
10797,yolo_x_cpu,720
10798,yolo_x_cpu,788
10799,yolo_x_cpu,732
10800,yolo_x_cpu,748
10801,yolo_x_cpu,767
10802,yolo_x_cpu,734
10803,yolo_x_cpu,755
10804,yolo_x_cpu,765
10805,yolo_x_cpu,779
10806,yolo_x_cpu,803
10807,yolo_x_cpu,855
10808,yolo_x_cpu,825
10809,yolo_x_cpu,820
10810,yolo_x_cpu,793
10811,yolo_x_cpu,732
10812,yolo_x_cpu,716
10813,yolo_x_cpu,698
10814,yolo_x_cpu,731
10815,yolo_x_cpu,704
10816,yolo_x_cpu,752
10817,yolo_x_cpu,722
10818,yolo_x_cpu,652
10819,yolo_x_cpu,735
10820,yolo_x_cpu,698
10821,yolo_x_cpu,740
10822,yolo_x_cpu,712
10823,yolo_x_cpu,686
10824,yolo_x_cpu,745
10825,yolo_x_cpu,754
10826,yolo_x_cpu,722
10827,yolo_x_cpu,702
10828,yolo_x_cpu,699
10829,yolo_x_cpu,790
10830,yolo_x_cpu,799
10831,yolo_x_cpu,821
10832,yolo_x_cpu,843
10833,yolo_x_cpu,797
10834,yolo_x_cpu,890
10835,yolo_x_cpu,837
10836,yolo_x_cpu,805
10837,yolo_x_cpu,788
10838,yolo_x_cpu,813
10839,yolo_x_cpu,849
10840,yolo_x_cpu,834
10841,yolo_x_cpu,783
10842,yolo_x_cpu,810
10843,yolo_x_cpu,874
10844,yolo_x_cpu,904
10845,yolo_x_cpu,889
10846,yolo_x_cpu,871
10847,yolo_x_cpu,831
10848,yolo_x_cpu,681
10849,yolo_x_cpu,657
10850,yolo_x_cpu,727
10851,yolo_x_cpu,1124
10852,yolo_x_cpu,418
10853,yolo_x_cpu,371
10854,yolo_x_cpu,117
10855,yolo_x_cpu,840
10856,yolo_x_cpu,1430
10857,yolo_x_cpu,1594
10858,yolo_x_cpu,769
10859,yolo_x_cpu,761
10860,yolo_x_cpu,735
10861,yolo_x_cpu,785
10862,yolo_x_cpu,741
10863,yolo_x_cpu,727
10864,yolo_x_cpu,737
10865,yolo_x_cpu,676
10866,yolo_x_cpu,779
10867,yolo_x_cpu,708
10868,yolo_x_cpu,688
10869,yolo_x_cpu,719
10870,yolo_x_cpu,712
10871,yolo_x_cpu,674
10872,yolo_x_cpu,686
10873,yolo_x_cpu,681
10874,yolo_x_cpu,677
10875,yolo_x_cpu,715
10876,yolo_x_cpu,737
10877,yolo_x_cpu,770
10878,yolo_x_cpu,761
10879,yolo_x_cpu,699
10880,yolo_x_cpu,657
10881,yolo_x_cpu,642
10882,yolo_x_cpu,696
10883,yolo_x_cpu,715
10884,yolo_x_cpu,754
10885,yolo_x_cpu,677
10886,yolo_x_cpu,689
10887,yolo_x_cpu,636
10888,yolo_x_cpu,639
10889,yolo_x_cpu,651
10890,yolo_x_cpu,643
10891,yolo_x_cpu,616
10892,yolo_x_cpu,655
10893,yolo_x_cpu,665
10894,yolo_x_cpu,650
10895,yolo_x_cpu,654
10896,yolo_x_cpu,660
10897,yolo_x_cpu,669
10898,yolo_x_cpu,616
10899,yolo_x_cpu,585
10900,yolo_x_cpu,572
10901,yolo_x_cpu,589
10902,yolo_x_cpu,563
10903,yolo_x_cpu,582
10904,yolo_x_cpu,506
10905,yolo_x_cpu,528
10906,yolo_x_cpu,554
10907,yolo_x_cpu,489
10908,yolo_x_cpu,506
10909,yolo_x_cpu,555
10910,yolo_x_cpu,514
10911,yolo_x_cpu,589
10912,yolo_x_cpu,540
10913,yolo_x_cpu,579
10914,yolo_x_cpu,513
10915,yolo_x_cpu,479
10916,yolo_x_cpu,497
10917,yolo_x_cpu,524
10918,yolo_x_cpu,444
10919,yolo_x_cpu,442
10920,yolo_x_cpu,587
10921,yolo_x_cpu,558
10922,yolo_x_cpu,525
10923,yolo_x_cpu,576
10924,yolo_x_cpu,555
10925,yolo_x_cpu,525
10926,yolo_x_cpu,553
10927,yolo_x_cpu,530
10928,yolo_x_cpu,532
10929,yolo_x_cpu,526
10930,yolo_x_cpu,593
10931,yolo_x_cpu,538
10932,yolo_x_cpu,527
10933,yolo_x_cpu,542
10934,yolo_x_cpu,543
10935,yolo_x_cpu,610
10936,yolo_x_cpu,587
10937,yolo_x_cpu,543
10938,yolo_x_cpu,602
10939,yolo_x_cpu,524
10940,yolo_x_cpu,450
10941,yolo_x_cpu,460
10942,yolo_x_cpu,443
10943,yolo_x_cpu,432
10944,yolo_x_cpu,412
10945,yolo_x_cpu,374
10946,yolo_x_cpu,377
10947,yolo_x_cpu,434
10948,yolo_x_cpu,446
10949,yolo_x_cpu,488
10950,yolo_x_cpu,470
10951,yolo_x_cpu,517
10952,yolo_x_cpu,430
10953,yolo_x_cpu,407
10954,yolo_x_cpu,393
10955,yolo_x_cpu,391
10956,yolo_x_cpu,396
10957,yolo_x_cpu,354
10958,yolo_x_cpu,384
10959,yolo_x_cpu,374
10960,yolo_x_cpu,352
10961,yolo_x_cpu,356
10962,yolo_x_cpu,333
10963,yolo_x_cpu,360
10964,yolo_x_cpu,326
10965,yolo_x_cpu,323
10966,yolo_x_cpu,270
10967,yolo_x_cpu,288
10968,yolo_x_cpu,282
10969,yolo_x_cpu,298
10970,yolo_x_cpu,331
10971,yolo_x_cpu,318
10972,yolo_x_cpu,329
10973,yolo_x_cpu,328
10974,yolo_x_cpu,396
10975,yolo_x_cpu,389
10976,yolo_x_cpu,328
10977,yolo_x_cpu,332
10978,yolo_x_cpu,252
10979,yolo_x_cpu,304
10980,yolo_x_cpu,290
10981,yolo_x_cpu,284
10982,yolo_x_cpu,257
10983,yolo_x_cpu,270
10984,yolo_x_cpu,304
10985,yolo_x_cpu,290
10986,yolo_x_cpu,316
10987,yolo_x_cpu,332
10988,yolo_x_cpu,288
10989,yolo_x_cpu,284
10990,yolo_x_cpu,311
10991,yolo_x_cpu,335
10992,yolo_x_cpu,352
10993,yolo_x_cpu,299
10994,yolo_x_cpu,321
10995,yolo_x_cpu,300
10996,yolo_x_cpu,312
10997,yolo_x_cpu,289
10998,yolo_x_cpu,318
10999,yolo_x_cpu,275
11000,yolo_x_cpu,273
11001,yolo_x_cpu,252
11002,yolo_x_cpu,254
11003,yolo_x_cpu,282
11004,yolo_x_cpu,234
11005,yolo_x_cpu,232
11006,yolo_x_cpu,226
11007,yolo_x_cpu,215
11008,yolo_x_cpu,208
11009,yolo_x_cpu,226
11010,yolo_x_cpu,236
11011,yolo_x_cpu,243
11012,yolo_x_cpu,237
11013,yolo_x_cpu,220
11014,yolo_x_cpu,232
11015,yolo_x_cpu,215
11016,yolo_x_cpu,231
11017,yolo_x_cpu,247
11018,yolo_x_cpu,213
11019,yolo_x_cpu,237
11020,yolo_x_cpu,184
11021,yolo_x_cpu,310
11022,yolo_x_cpu,243
11023,yolo_x_cpu,230
11024,yolo_x_cpu,244
11025,yolo_x_cpu,217
11026,yolo_x_cpu,248
11027,yolo_x_cpu,236
11028,yolo_x_cpu,232
11029,yolo_x_cpu,276
11030,yolo_x_cpu,253
11031,yolo_x_cpu,207
11032,yolo_x_cpu,213
11033,yolo_x_cpu,223
11034,yolo_x_cpu,229
11035,yolo_x_cpu,207
11036,yolo_x_cpu,227
11037,yolo_x_cpu,219
11038,yolo_x_cpu,232
11039,yolo_x_cpu,202
11040,yolo_x_cpu,197
11041,yolo_x_cpu,240
11042,yolo_x_cpu,237
11043,yolo_x_cpu,218
11044,yolo_x_cpu,205
11045,yolo_x_cpu,193
11046,yolo_x_cpu,205
11047,yolo_x_cpu,193
11048,yolo_x_cpu,209
11049,yolo_x_cpu,214
11050,yolo_x_cpu,196
11051,yolo_x_cpu,210
11052,yolo_x_cpu,173
11053,yolo_x_cpu,162
11054,yolo_x_cpu,159
11055,yolo_x_cpu,172
11056,yolo_x_cpu,158
11057,yolo_x_cpu,180
11058,yolo_x_cpu,161
11059,yolo_x_cpu,164
11060,yolo_x_cpu,173
11061,yolo_x_cpu,174
11062,yolo_x_cpu,167
11063,yolo_x_cpu,149
11064,yolo_x_cpu,182
11065,yolo_x_cpu,163
11066,yolo_x_cpu,169
11067,yolo_x_cpu,150
11068,yolo_x_cpu,135
11069,yolo_x_cpu,131
11070,yolo_x_cpu,148
11071,yolo_x_cpu,143
11072,yolo_x_cpu,168
11073,yolo_x_cpu,140
11074,yolo_x_cpu,141
11075,yolo_x_cpu,140
11076,yolo_x_cpu,144
11077,yolo_x_cpu,161
11078,yolo_x_cpu,148
11079,yolo_x_cpu,163
11080,yolo_x_cpu,175
11081,yolo_x_cpu,147
11082,yolo_x_cpu,148
11083,yolo_x_cpu,172
11084,yolo_x_cpu,150
11085,yolo_x_cpu,147
11086,yolo_x_cpu,166
11087,yolo_x_cpu,136
11088,yolo_x_cpu,152
11089,yolo_x_cpu,137
11090,yolo_x_cpu,148
11091,yolo_x_cpu,148
11092,yolo_x_cpu,140
11093,yolo_x_cpu,127
11094,yolo_x_cpu,123
11095,yolo_x_cpu,141
11096,yolo_x_cpu,134
11097,yolo_x_cpu,157
11098,yolo_x_cpu,136
11099,yolo_x_cpu,137
11100,yolo_x_cpu,106
11101,yolo_x_cpu,137
11102,yolo_x_cpu,120
11103,yolo_x_cpu,116
11104,yolo_x_cpu,119
11105,yolo_x_cpu,124
11106,yolo_x_cpu,128
11107,yolo_x_cpu,116
11108,yolo_x_cpu,104
11109,yolo_x_cpu,97
11110,yolo_x_cpu,139
11111,yolo_x_cpu,128
11112,yolo_x_cpu,131
11113,yolo_x_cpu,134
11114,yolo_x_cpu,150
11115,yolo_x_cpu,123
11116,yolo_x_cpu,129
11117,yolo_x_cpu,123
11118,yolo_x_cpu,138
11119,yolo_x_cpu,148
11120,yolo_x_cpu,134
11121,yolo_x_cpu,120
11122,yolo_x_cpu,106
11123,yolo_x_cpu,98
11124,yolo_x_cpu,96
11125,yolo_x_cpu,113
11126,yolo_x_cpu,103
11127,yolo_x_cpu,105
11128,yolo_x_cpu,106
11129,yolo_x_cpu,104
11130,yolo_x_cpu,106
11131,yolo_x_cpu,84
11132,yolo_x_cpu,76
11133,yolo_x_cpu,87
11134,yolo_x_cpu,82
11135,yolo_x_cpu,82
11136,yolo_x_cpu,71
11137,yolo_x_cpu,81
11138,yolo_x_cpu,88
11139,yolo_x_cpu,87
11140,yolo_x_cpu,97
11141,yolo_x_cpu,88
11142,yolo_x_cpu,76
11143,yolo_x_cpu,90
11144,yolo_x_cpu,84
11145,yolo_x_cpu,86
11146,yolo_x_cpu,88
11147,yolo_x_cpu,90
11148,yolo_x_cpu,82
11149,yolo_x_cpu,73
11150,yolo_x_cpu,76
11151,yolo_x_cpu,72
11152,yolo_x_cpu,65
11153,yolo_x_cpu,83
11154,yolo_x_cpu,80
11155,yolo_x_cpu,81
11156,yolo_x_cpu,87
11157,yolo_x_cpu,93
11158,yolo_x_cpu,106
11159,yolo_x_cpu,91
11160,yolo_x_cpu,70
11161,yolo_x_cpu,103
11162,yolo_x_cpu,95
11163,yolo_x_cpu,113
11164,yolo_x_cpu,105
11165,yolo_x_cpu,83
11166,yolo_x_cpu,81
11167,yolo_x_cpu,69
11168,yolo_x_cpu,91
11169,yolo_x_cpu,92
11170,yolo_x_cpu,99
11171,yolo_x_cpu,120
11172,yolo_x_cpu,96
11173,yolo_x_cpu,92
11174,yolo_x_cpu,83
11175,yolo_x_cpu,90
11176,yolo_x_cpu,97
11177,yolo_x_cpu,104
11178,yolo_x_cpu,92
11179,yolo_x_cpu,83
11180,yolo_x_cpu,109
11181,yolo_x_cpu,92
11182,yolo_x_cpu,76
11183,yolo_x_cpu,92
11184,yolo_x_cpu,93
11185,yolo_x_cpu,103
11186,yolo_x_cpu,103
11187,yolo_x_cpu,72
11188,yolo_x_cpu,65
11189,yolo_x_cpu,72
11190,yolo_x_cpu,69
11191,yolo_x_cpu,68
11192,yolo_x_cpu,72
11193,yolo_x_cpu,76
11194,yolo_x_cpu,61
11195,yolo_x_cpu,62
11196,yolo_x_cpu,70
11197,yolo_x_cpu,63
11198,yolo_x_cpu,54
11199,yolo_x_cpu,64
11200,yolo_x_cpu,58
11201,yolo_x_cpu,52
11202,yolo_x_cpu,62
11203,yolo_x_cpu,51
11204,yolo_x_cpu,62
11205,yolo_x_cpu,47
11206,yolo_x_cpu,66
11207,yolo_x_cpu,53
11208,yolo_x_cpu,64
11209,yolo_x_cpu,30
11210,yolo_x_cpu,45
11211,yolo_x_cpu,56
11212,yolo_x_cpu,57
11213,yolo_x_cpu,75
11214,yolo_x_cpu,70
11215,yolo_x_cpu,52
11216,yolo_x_cpu,53
11217,yolo_x_cpu,45
11218,yolo_x_cpu,56
11219,yolo_x_cpu,36
11220,yolo_x_cpu,103
11221,yolo_x_cpu,3222
11222,yolo_x_cpu,3432
11223,yolo_x_cpu,2352
11224,yolo_x_cpu,613
11225,yolo_x_cpu,548
11226,yolo_x_cpu,429
11227,yolo_x_cpu,358
11228,yolo_x_cpu,246
11229,yolo_x_cpu,191
11230,yolo_x_cpu,226
11231,yolo_x_cpu,266
11232,yolo_x_cpu,293
11233,yolo_x_cpu,381
11234,yolo_x_cpu,378
11235,yolo_x_cpu,325
11236,yolo_x_cpu,341
11237,yolo_x_cpu,303
11238,yolo_x_cpu,258
11239,yolo_x_cpu,220
11240,yolo_x_cpu,245
11241,yolo_x_cpu,211
11242,yolo_x_cpu,170
11243,yolo_x_cpu,197
11244,yolo_x_cpu,310
11245,yolo_x_cpu,183
11246,yolo_x_cpu,132
11247,yolo_x_cpu,122
11248,yolo_x_cpu,93
11249,yolo_x_cpu,101
11250,yolo_x_cpu,96
11251,yolo_x_cpu,105
11252,yolo_x_cpu,127
11253,yolo_x_cpu,95
11254,yolo_x_cpu,110
11255,yolo_x_cpu,112
11256,yolo_x_cpu,90
11257,yolo_x_cpu,89
11258,yolo_x_cpu,79
11259,yolo_x_cpu,103
11260,yolo_x_cpu,79
11261,yolo_x_cpu,83
11262,yolo_x_cpu,61
11263,yolo_x_cpu,78
11264,yolo_x_cpu,67
11265,yolo_x_cpu,75
11266,yolo_x_cpu,80
11267,yolo_x_cpu,71
11268,yolo_x_cpu,94
11269,yolo_x_cpu,80
11270,yolo_x_cpu,75
11271,yolo_x_cpu,80
11272,yolo_x_cpu,162
11273,yolo_x_cpu,92
11274,yolo_x_cpu,81
11275,yolo_x_cpu,80
11276,yolo_x_cpu,113
11277,yolo_x_cpu,145
11278,yolo_x_cpu,135
11279,yolo_x_cpu,133
11280,yolo_x_cpu,91
11281,yolo_x_cpu,53
11282,yolo_x_cpu,54
11283,yolo_x_cpu,58
11284,yolo_x_cpu,59
11285,yolo_x_cpu,61
11286,yolo_x_cpu,57
11287,yolo_x_cpu,38
11288,yolo_x_cpu,54
11289,yolo_x_cpu,41
11290,yolo_x_cpu,29
11291,yolo_x_cpu,20
11292,yolo_x_cpu,27
11293,yolo_x_cpu,25
11294,yolo_x_cpu,26
11295,yolo_x_cpu,16
11296,yolo_x_cpu,42
11297,yolo_x_cpu,34
11298,yolo_x_cpu,48
11299,yolo_x_cpu,56
11300,yolo_x_cpu,55
11301,yolo_x_cpu,35
11302,yolo_x_cpu,55
11303,yolo_x_cpu,83
11304,yolo_x_cpu,85
11305,yolo_x_cpu,108
11306,yolo_x_cpu,94
11307,yolo_x_cpu,68
11308,yolo_x_cpu,46
11309,yolo_x_cpu,44
11310,yolo_x_cpu,40
11311,yolo_x_cpu,40
11312,yolo_x_cpu,55
11313,yolo_x_cpu,47
11314,yolo_x_cpu,41
11315,yolo_x_cpu,42
11316,yolo_x_cpu,33
11317,yolo_x_cpu,30
11318,yolo_x_cpu,34
11319,yolo_x_cpu,41
11320,yolo_x_cpu,42
11321,yolo_x_cpu,38
11322,yolo_x_cpu,59
11323,yolo_x_cpu,60
11324,yolo_x_cpu,50
11325,yolo_x_cpu,37
11326,yolo_x_cpu,30
11327,yolo_x_cpu,19
11328,yolo_x_cpu,24
11329,yolo_x_cpu,21
11330,yolo_x_cpu,29
11331,yolo_x_cpu,21
11332,yolo_x_cpu,13
11333,yolo_x_cpu,24
11334,yolo_x_cpu,29
11335,yolo_x_cpu,33
11336,yolo_x_cpu,18
11337,yolo_x_cpu,22
11338,yolo_x_cpu,32
11339,yolo_x_cpu,33
11340,yolo_x_cpu,29
11341,yolo_x_cpu,25
11342,yolo_x_cpu,26
11343,yolo_x_cpu,39
11344,yolo_x_cpu,17
11345,yolo_x_cpu,21
11346,yolo_x_cpu,6
11347,yolo_x_cpu,22
11348,yolo_x_cpu,20
11349,yolo_x_cpu,20
11350,yolo_x_cpu,19
11351,yolo_x_cpu,24
11352,yolo_x_cpu,28
11353,yolo_x_cpu,30
11354,yolo_x_cpu,17
11355,yolo_x_cpu,17
11356,yolo_x_cpu,14
11357,yolo_x_cpu,13
11358,yolo_x_cpu,28
11359,yolo_x_cpu,27
11360,yolo_x_cpu,22
11361,yolo_x_cpu,12
11362,yolo_x_cpu,17
11363,yolo_x_cpu,20
11364,yolo_x_cpu,33
11365,yolo_x_cpu,33
11366,yolo_x_cpu,32
11367,yolo_x_cpu,24
11368,yolo_x_cpu,20
11369,yolo_x_cpu,26
11370,yolo_x_cpu,32
11371,yolo_x_cpu,34
11372,yolo_x_cpu,30
11373,yolo_x_cpu,18
11374,yolo_x_cpu,21
11375,yolo_x_cpu,13
11376,yolo_x_cpu,13
11377,yolo_x_cpu,26
11378,yolo_x_cpu,22
11379,yolo_x_cpu,25
11380,yolo_x_cpu,22
11381,yolo_x_cpu,21
11382,yolo_x_cpu,24
11383,yolo_x_cpu,36
11384,yolo_x_cpu,26
11385,yolo_x_cpu,38
11386,yolo_x_cpu,22
11387,yolo_x_cpu,25
11388,yolo_x_cpu,30
11389,yolo_x_cpu,26
11390,yolo_x_cpu,36
11391,yolo_x_cpu,26
11392,yolo_x_cpu,30
11393,yolo_x_cpu,29
11394,yolo_x_cpu,26
11395,yolo_x_cpu,33
11396,yolo_x_cpu,31
11397,yolo_x_cpu,35
11398,yolo_x_cpu,26
11399,yolo_x_cpu,34
11400,yolo_x_cpu,34
11401,yolo_x_cpu,25
11402,yolo_x_cpu,29
11403,yolo_x_cpu,36
11404,yolo_x_cpu,50
11405,yolo_x_cpu,45
11406,yolo_x_cpu,46
11407,yolo_x_cpu,60
11408,yolo_x_cpu,52
11409,yolo_x_cpu,57
11410,yolo_x_cpu,43
11411,yolo_x_cpu,38
11412,yolo_x_cpu,29
11413,yolo_x_cpu,21
11414,yolo_x_cpu,32
11415,yolo_x_cpu,24
11416,yolo_x_cpu,33
11417,yolo_x_cpu,47
11418,yolo_x_cpu,59
11419,yolo_x_cpu,39
11420,yolo_x_cpu,48
11421,yolo_x_cpu,48
11422,yolo_x_cpu,49
11423,yolo_x_cpu,48
11424,yolo_x_cpu,50
11425,yolo_x_cpu,48
11426,yolo_x_cpu,65
11427,yolo_x_cpu,61
11428,yolo_x_cpu,56
11429,yolo_x_cpu,68
11430,yolo_x_cpu,73
11431,yolo_x_cpu,84
11432,yolo_x_cpu,76
11433,yolo_x_cpu,71
11434,yolo_x_cpu,64
11435,yolo_x_cpu,68
11436,yolo_x_cpu,78
11437,yolo_x_cpu,60
11438,yolo_x_cpu,71
11439,yolo_x_cpu,57
11440,yolo_x_cpu,53
11441,yolo_x_cpu,52
11442,yolo_x_cpu,49
11443,yolo_x_cpu,48
11444,yolo_x_cpu,65
11445,yolo_x_cpu,79
11446,yolo_x_cpu,70
11447,yolo_x_cpu,78
11448,yolo_x_cpu,66
11449,yolo_x_cpu,51
11450,yolo_x_cpu,64
11451,yolo_x_cpu,85
11452,yolo_x_cpu,86
11453,yolo_x_cpu,92
11454,yolo_x_cpu,107
11455,yolo_x_cpu,113
11456,yolo_x_cpu,128
11457,yolo_x_cpu,120
11458,yolo_x_cpu,143
11459,yolo_x_cpu,141
11460,yolo_x_cpu,143
11461,yolo_x_cpu,119
11462,yolo_x_cpu,120
11463,yolo_x_cpu,107
11464,yolo_x_cpu,116
11465,yolo_x_cpu,127
11466,yolo_x_cpu,134
11467,yolo_x_cpu,144
11468,yolo_x_cpu,137
11469,yolo_x_cpu,144
11470,yolo_x_cpu,156
11471,yolo_x_cpu,172
11472,yolo_x_cpu,169
11473,yolo_x_cpu,188
11474,yolo_x_cpu,182
11475,yolo_x_cpu,168
11476,yolo_x_cpu,163
11477,yolo_x_cpu,158
11478,yolo_x_cpu,168
11479,yolo_x_cpu,152
11480,yolo_x_cpu,173
11481,yolo_x_cpu,188
11482,yolo_x_cpu,191
11483,yolo_x_cpu,187
11484,yolo_x_cpu,173
11485,yolo_x_cpu,168
11486,yolo_x_cpu,209
11487,yolo_x_cpu,224
11488,yolo_x_cpu,203
11489,yolo_x_cpu,184
11490,yolo_x_cpu,221
11491,yolo_x_cpu,203
11492,yolo_x_cpu,203
11493,yolo_x_cpu,206
11494,yolo_x_cpu,221
11495,yolo_x_cpu,259
11496,yolo_x_cpu,251
11497,yolo_x_cpu,240
11498,yolo_x_cpu,250
11499,yolo_x_cpu,255
11500,yolo_x_cpu,256
11501,yolo_x_cpu,261
11502,yolo_x_cpu,262
11503,yolo_x_cpu,278
11504,yolo_x_cpu,291
11505,yolo_x_cpu,324
11506,yolo_x_cpu,303
11507,yolo_x_cpu,326
11508,yolo_x_cpu,317
11509,yolo_x_cpu,311
11510,yolo_x_cpu,322
11511,yolo_x_cpu,341
11512,yolo_x_cpu,332
11513,yolo_x_cpu,369
11514,yolo_x_cpu,345
11515,yolo_x_cpu,386
11516,yolo_x_cpu,384
11517,yolo_x_cpu,370
11518,yolo_x_cpu,338
11519,yolo_x_cpu,336
11520,yolo_x_cpu,389
11521,yolo_x_cpu,380
11522,yolo_x_cpu,350
11523,yolo_x_cpu,335
11524,yolo_x_cpu,350
11525,yolo_x_cpu,341
11526,yolo_x_cpu,305
11527,yolo_x_cpu,294
11528,yolo_x_cpu,362
11529,yolo_x_cpu,374
11530,yolo_x_cpu,404
11531,yolo_x_cpu,403
11532,yolo_x_cpu,390
11533,yolo_x_cpu,406
11534,yolo_x_cpu,387
11535,yolo_x_cpu,453
11536,yolo_x_cpu,420
11537,yolo_x_cpu,466
11538,yolo_x_cpu,462
11539,yolo_x_cpu,525
11540,yolo_x_cpu,517
11541,yolo_x_cpu,485
11542,yolo_x_cpu,498
11543,yolo_x_cpu,451
11544,yolo_x_cpu,520
11545,yolo_x_cpu,581
11546,yolo_x_cpu,541
11547,yolo_x_cpu,508
11548,yolo_x_cpu,552
11549,yolo_x_cpu,578
11550,yolo_x_cpu,606
11551,yolo_x_cpu,657
11552,yolo_x_cpu,656
11553,yolo_x_cpu,676
11554,yolo_x_cpu,669
11555,yolo_x_cpu,687
11556,yolo_x_cpu,693
11557,yolo_x_cpu,696
11558,yolo_x_cpu,693
11559,yolo_x_cpu,709
11560,yolo_x_cpu,684
11561,yolo_x_cpu,703
11562,yolo_x_cpu,701
11563,yolo_x_cpu,700
11564,yolo_x_cpu,751
11565,yolo_x_cpu,707
11566,yolo_x_cpu,751
11567,yolo_x_cpu,738
11568,yolo_x_cpu,763
11569,yolo_x_cpu,782
11570,yolo_x_cpu,816
11571,yolo_x_cpu,811
11572,yolo_x_cpu,789
11573,yolo_x_cpu,868
11574,yolo_x_cpu,850
11575,yolo_x_cpu,879
11576,yolo_x_cpu,799
11577,yolo_x_cpu,791
11578,yolo_x_cpu,802
11579,yolo_x_cpu,773
11580,yolo_x_cpu,753
11581,yolo_x_cpu,783
11582,yolo_x_cpu,824
11583,yolo_x_cpu,893
11584,yolo_x_cpu,923
11585,yolo_x_cpu,955
11586,yolo_x_cpu,963
11587,yolo_x_cpu,867
11588,yolo_x_cpu,862
11589,yolo_x_cpu,912
11590,yolo_x_cpu,955
11591,yolo_x_cpu,931
11592,yolo_x_cpu,979
11593,yolo_x_cpu,984
11594,yolo_x_cpu,928
11595,yolo_x_cpu,973
11596,yolo_x_cpu,988
11597,yolo_x_cpu,935
11598,yolo_x_cpu,948
11599,yolo_x_cpu,1002
11600,yolo_x_cpu,943
11601,yolo_x_cpu,928
11602,yolo_x_cpu,922
11603,yolo_x_cpu,823
11604,yolo_x_cpu,859
11605,yolo_x_cpu,841
11606,yolo_x_cpu,830
11607,yolo_x_cpu,850
11608,yolo_x_cpu,915
11609,yolo_x_cpu,973
11610,yolo_x_cpu,991
11611,yolo_x_cpu,987
11612,yolo_x_cpu,966
11613,yolo_x_cpu,938
11614,yolo_x_cpu,990
11615,yolo_x_cpu,955
11616,yolo_x_cpu,893
11617,yolo_x_cpu,916
11618,yolo_x_cpu,932
11619,yolo_x_cpu,926
11620,yolo_x_cpu,945
11621,yolo_x_cpu,994
11622,yolo_x_cpu,962
11623,yolo_x_cpu,973
11624,yolo_x_cpu,1011
11625,yolo_x_cpu,991
11626,yolo_x_cpu,962
11627,yolo_x_cpu,1017
11628,yolo_x_cpu,1044
11629,yolo_x_cpu,1037
11630,yolo_x_cpu,972
11631,yolo_x_cpu,993
11632,yolo_x_cpu,973
11633,yolo_x_cpu,1008
11634,yolo_x_cpu,977
11635,yolo_x_cpu,1024
11636,yolo_x_cpu,1053
11637,yolo_x_cpu,1015
11638,yolo_x_cpu,1027
11639,yolo_x_cpu,1030
11640,yolo_x_cpu,1045
11641,yolo_x_cpu,1114
11642,yolo_x_cpu,1106
11643,yolo_x_cpu,1170
11644,yolo_x_cpu,1203
11645,yolo_x_cpu,1177
11646,yolo_x_cpu,1197
11647,yolo_x_cpu,1197
11648,yolo_x_cpu,1220
11649,yolo_x_cpu,1204
11650,yolo_x_cpu,1166
11651,yolo_x_cpu,1200
11652,yolo_x_cpu,1217
11653,yolo_x_cpu,1192
11654,yolo_x_cpu,1189
11655,yolo_x_cpu,1195
11656,yolo_x_cpu,1145
11657,yolo_x_cpu,1119
11658,yolo_x_cpu,1108
11659,yolo_x_cpu,1106
11660,yolo_x_cpu,1148
11661,yolo_x_cpu,1180
11662,yolo_x_cpu,1104
11663,yolo_x_cpu,1084
11664,yolo_x_cpu,1149
11665,yolo_x_cpu,1104
11666,yolo_x_cpu,1077
11667,yolo_x_cpu,1003
11668,yolo_x_cpu,1025
11669,yolo_x_cpu,1103
11670,yolo_x_cpu,1011
11671,yolo_x_cpu,1048
11672,yolo_x_cpu,1045
11673,yolo_x_cpu,1127
11674,yolo_x_cpu,1153
11675,yolo_x_cpu,1105
11676,yolo_x_cpu,1176
11677,yolo_x_cpu,1150
11678,yolo_x_cpu,1148
11679,yolo_x_cpu,1164
11680,yolo_x_cpu,1214
11681,yolo_x_cpu,1222
11682,yolo_x_cpu,1228
11683,yolo_x_cpu,1179
11684,yolo_x_cpu,1186
11685,yolo_x_cpu,1154
11686,yolo_x_cpu,1137
11687,yolo_x_cpu,1069
11688,yolo_x_cpu,1083
11689,yolo_x_cpu,1013
11690,yolo_x_cpu,1116
11691,yolo_x_cpu,1118
11692,yolo_x_cpu,1120
11693,yolo_x_cpu,1144
11694,yolo_x_cpu,1144
11695,yolo_x_cpu,1091
11696,yolo_x_cpu,1059
11697,yolo_x_cpu,1069
11698,yolo_x_cpu,1101
11699,yolo_x_cpu,1110
11700,yolo_x_cpu,1161
11701,yolo_x_cpu,1177
11702,yolo_x_cpu,1155
11703,yolo_x_cpu,1074
11704,yolo_x_cpu,1038
11705,yolo_x_cpu,1108
11706,yolo_x_cpu,1115
11707,yolo_x_cpu,1092
11708,yolo_x_cpu,1124
11709,yolo_x_cpu,1146
11710,yolo_x_cpu,1169
11711,yolo_x_cpu,1164
11712,yolo_x_cpu,1171
11713,yolo_x_cpu,1155
11714,yolo_x_cpu,1122
11715,yolo_x_cpu,1123
11716,yolo_x_cpu,1124
11717,yolo_x_cpu,1170
11718,yolo_x_cpu,1127
11719,yolo_x_cpu,1120
11720,yolo_x_cpu,1098
11721,yolo_x_cpu,1091
11722,yolo_x_cpu,1128
11723,yolo_x_cpu,1083
11724,yolo_x_cpu,1058
11725,yolo_x_cpu,1006
11726,yolo_x_cpu,1102
11727,yolo_x_cpu,1042
11728,yolo_x_cpu,1088
11729,yolo_x_cpu,1099
11730,yolo_x_cpu,1065
11731,yolo_x_cpu,1107
11732,yolo_x_cpu,1039
11733,yolo_x_cpu,1009
11734,yolo_x_cpu,1065
11735,yolo_x_cpu,1063
11736,yolo_x_cpu,1052
11737,yolo_x_cpu,1090
11738,yolo_x_cpu,1037
11739,yolo_x_cpu,998
11740,yolo_x_cpu,1014
11741,yolo_x_cpu,1035
11742,yolo_x_cpu,991
11743,yolo_x_cpu,972
11744,yolo_x_cpu,1039
11745,yolo_x_cpu,1009
11746,yolo_x_cpu,996
11747,yolo_x_cpu,1020
11748,yolo_x_cpu,1045
11749,yolo_x_cpu,1070
11750,yolo_x_cpu,1035
11751,yolo_x_cpu,1061
11752,yolo_x_cpu,1038
11753,yolo_x_cpu,1040
11754,yolo_x_cpu,1010
11755,yolo_x_cpu,1031
11756,yolo_x_cpu,989
11757,yolo_x_cpu,989
11758,yolo_x_cpu,993
11759,yolo_x_cpu,999
11760,yolo_x_cpu,1056
11761,yolo_x_cpu,1004
11762,yolo_x_cpu,1015
11763,yolo_x_cpu,923
11764,yolo_x_cpu,989
11765,yolo_x_cpu,904
11766,yolo_x_cpu,926
11767,yolo_x_cpu,934
11768,yolo_x_cpu,925
11769,yolo_x_cpu,972
11770,yolo_x_cpu,931
11771,yolo_x_cpu,1015
11772,yolo_x_cpu,983
11773,yolo_x_cpu,964
11774,yolo_x_cpu,942
11775,yolo_x_cpu,934
11776,yolo_x_cpu,958
11777,yolo_x_cpu,959
11778,yolo_x_cpu,946
11779,yolo_x_cpu,935
11780,yolo_x_cpu,853
11781,yolo_x_cpu,893
11782,yolo_x_cpu,907
11783,yolo_x_cpu,859
11784,yolo_x_cpu,861
11785,yolo_x_cpu,852
11786,yolo_x_cpu,807
11787,yolo_x_cpu,848
11788,yolo_x_cpu,850
11789,yolo_x_cpu,946
11790,yolo_x_cpu,923
11791,yolo_x_cpu,908
11792,yolo_x_cpu,917
11793,yolo_x_cpu,971
11794,yolo_x_cpu,876
11795,yolo_x_cpu,873
11796,yolo_x_cpu,887
11797,yolo_x_cpu,912
11798,yolo_x_cpu,881
11799,yolo_x_cpu,928
11800,yolo_x_cpu,914
11801,yolo_x_cpu,964
11802,yolo_x_cpu,998
11803,yolo_x_cpu,964
11804,yolo_x_cpu,945
11805,yolo_x_cpu,916
11806,yolo_x_cpu,948
11807,yolo_x_cpu,970
11808,yolo_x_cpu,948
11809,yolo_x_cpu,921
11810,yolo_x_cpu,989
11811,yolo_x_cpu,1051
11812,yolo_x_cpu,1041
11813,yolo_x_cpu,1079
11814,yolo_x_cpu,1087
11815,yolo_x_cpu,1028
11816,yolo_x_cpu,996
11817,yolo_x_cpu,1039
11818,yolo_x_cpu,1002
11819,yolo_x_cpu,1011
11820,yolo_x_cpu,981
11821,yolo_x_cpu,962
11822,yolo_x_cpu,941
11823,yolo_x_cpu,1023
11824,yolo_x_cpu,1058
11825,yolo_x_cpu,1056
11826,yolo_x_cpu,1094
11827,yolo_x_cpu,1152
11828,yolo_x_cpu,1077
11829,yolo_x_cpu,1041
11830,yolo_x_cpu,1017
11831,yolo_x_cpu,1056
11832,yolo_x_cpu,1097
11833,yolo_x_cpu,1075
11834,yolo_x_cpu,1091
11835,yolo_x_cpu,1041
11836,yolo_x_cpu,1054
11837,yolo_x_cpu,1133
11838,yolo_x_cpu,1095
11839,yolo_x_cpu,1166
11840,yolo_x_cpu,1083
11841,yolo_x_cpu,1024
11842,yolo_x_cpu,1116
11843,yolo_x_cpu,1157
11844,yolo_x_cpu,1111
11845,yolo_x_cpu,1138
11846,yolo_x_cpu,1202
11847,yolo_x_cpu,1142
11848,yolo_x_cpu,1171
11849,yolo_x_cpu,1089
11850,yolo_x_cpu,1068
11851,yolo_x_cpu,1052
11852,yolo_x_cpu,1044
11853,yolo_x_cpu,1054
11854,yolo_x_cpu,1082
11855,yolo_x_cpu,1158
11856,yolo_x_cpu,1128
11857,yolo_x_cpu,1121
11858,yolo_x_cpu,1102
11859,yolo_x_cpu,1077
11860,yolo_x_cpu,1111
11861,yolo_x_cpu,1190
11862,yolo_x_cpu,1187
11863,yolo_x_cpu,1133
11864,yolo_x_cpu,1202
11865,yolo_x_cpu,1155
11866,yolo_x_cpu,1167
11867,yolo_x_cpu,1182
11868,yolo_x_cpu,1145
11869,yolo_x_cpu,1174
11870,yolo_x_cpu,1196
11871,yolo_x_cpu,1329
11872,yolo_x_cpu,1301
11873,yolo_x_cpu,1244
11874,yolo_x_cpu,1249
11875,yolo_x_cpu,1231
11876,yolo_x_cpu,1191
11877,yolo_x_cpu,1196
11878,yolo_x_cpu,1218
11879,yolo_x_cpu,1279
11880,yolo_x_cpu,1184
11881,yolo_x_cpu,1215
11882,yolo_x_cpu,1244
11883,yolo_x_cpu,1246
11884,yolo_x_cpu,1215
11885,yolo_x_cpu,1209
11886,yolo_x_cpu,1213
11887,yolo_x_cpu,1183
11888,yolo_x_cpu,1197
11889,yolo_x_cpu,1165
11890,yolo_x_cpu,1139
11891,yolo_x_cpu,1150
11892,yolo_x_cpu,1136
11893,yolo_x_cpu,1117
11894,yolo_x_cpu,1117
11895,yolo_x_cpu,1085
11896,yolo_x_cpu,1116
11897,yolo_x_cpu,1141
11898,yolo_x_cpu,1105
11899,yolo_x_cpu,1121
11900,yolo_x_cpu,1107
11901,yolo_x_cpu,1140
11902,yolo_x_cpu,1071
11903,yolo_x_cpu,1113
11904,yolo_x_cpu,1208
11905,yolo_x_cpu,1209
11906,yolo_x_cpu,1221
11907,yolo_x_cpu,1275
11908,yolo_x_cpu,1215
11909,yolo_x_cpu,1209
11910,yolo_x_cpu,1177
11911,yolo_x_cpu,1149
11912,yolo_x_cpu,1113
11913,yolo_x_cpu,1130
11914,yolo_x_cpu,1135
11915,yolo_x_cpu,1150
11916,yolo_x_cpu,1162
11917,yolo_x_cpu,1174
11918,yolo_x_cpu,1153
11919,yolo_x_cpu,1197
11920,yolo_x_cpu,1081
11921,yolo_x_cpu,1227
11922,yolo_x_cpu,1147
11923,yolo_x_cpu,1210
11924,yolo_x_cpu,1236
11925,yolo_x_cpu,1201
11926,yolo_x_cpu,1183
11927,yolo_x_cpu,1181
11928,yolo_x_cpu,1184
11929,yolo_x_cpu,1120
11930,yolo_x_cpu,1170
11931,yolo_x_cpu,1148
11932,yolo_x_cpu,1132
11933,yolo_x_cpu,1114
11934,yolo_x_cpu,1180
11935,yolo_x_cpu,1099
11936,yolo_x_cpu,1164
11937,yolo_x_cpu,1117
11938,yolo_x_cpu,1103
11939,yolo_x_cpu,1087
11940,yolo_x_cpu,1143
11941,yolo_x_cpu,1210
11942,yolo_x_cpu,1223
11943,yolo_x_cpu,1094
11944,yolo_x_cpu,1149
11945,yolo_x_cpu,1141
11946,yolo_x_cpu,1052
11947,yolo_x_cpu,1158
11948,yolo_x_cpu,1172
11949,yolo_x_cpu,1231
11950,yolo_x_cpu,1199
11951,yolo_x_cpu,1260
11952,yolo_x_cpu,1193
11953,yolo_x_cpu,1120
11954,yolo_x_cpu,1090
11955,yolo_x_cpu,1123
11956,yolo_x_cpu,1194
11957,yolo_x_cpu,1232
11958,yolo_x_cpu,1161
11959,yolo_x_cpu,1223
11960,yolo_x_cpu,1271
11961,yolo_x_cpu,1306
11962,yolo_x_cpu,1286
11963,yolo_x_cpu,1288
11964,yolo_x_cpu,1263
11965,yolo_x_cpu,1290
11966,yolo_x_cpu,1297
11967,yolo_x_cpu,1344
11968,yolo_x_cpu,1390
11969,yolo_x_cpu,1334
11970,yolo_x_cpu,1420
11971,yolo_x_cpu,1411
11972,yolo_x_cpu,1387
11973,yolo_x_cpu,1343
11974,yolo_x_cpu,1288
11975,yolo_x_cpu,1260
11976,yolo_x_cpu,1380
11977,yolo_x_cpu,1352
11978,yolo_x_cpu,1352
11979,yolo_x_cpu,1394
11980,yolo_x_cpu,1298
11981,yolo_x_cpu,1263
11982,yolo_x_cpu,1225
11983,yolo_x_cpu,1266
11984,yolo_x_cpu,1223
11985,yolo_x_cpu,1202
11986,yolo_x_cpu,1217
11987,yolo_x_cpu,1258
11988,yolo_x_cpu,1226
11989,yolo_x_cpu,1293
11990,yolo_x_cpu,1267
11991,yolo_x_cpu,1246
11992,yolo_x_cpu,1176
11993,yolo_x_cpu,1243
11994,yolo_x_cpu,1194
11995,yolo_x_cpu,1306
11996,yolo_x_cpu,1264
11997,yolo_x_cpu,1250
11998,yolo_x_cpu,1213
11999,yolo_x_cpu,1231
12000,yolo_x_cpu,1161
12001,yolo_x_cpu,1179
12002,yolo_x_cpu,1265
12003,yolo_x_cpu,1237
12004,yolo_x_cpu,1230
12005,yolo_x_cpu,1229
12006,yolo_x_cpu,1206
12007,yolo_x_cpu,1185
12008,yolo_x_cpu,1143
12009,yolo_x_cpu,1132
12010,yolo_x_cpu,1141
12011,yolo_x_cpu,1219
12012,yolo_x_cpu,1265
12013,yolo_x_cpu,1298
12014,yolo_x_cpu,1256
12015,yolo_x_cpu,1209
12016,yolo_x_cpu,1272
12017,yolo_x_cpu,1229
12018,yolo_x_cpu,1191
12019,yolo_x_cpu,1194
12020,yolo_x_cpu,1226
12021,yolo_x_cpu,1238
12022,yolo_x_cpu,1216
12023,yolo_x_cpu,1206
12024,yolo_x_cpu,1200
12025,yolo_x_cpu,1300
12026,yolo_x_cpu,1296
12027,yolo_x_cpu,1277
12028,yolo_x_cpu,1260
12029,yolo_x_cpu,1271
12030,yolo_x_cpu,1240
12031,yolo_x_cpu,1182
12032,yolo_x_cpu,1159
12033,yolo_x_cpu,1156
12034,yolo_x_cpu,1211
12035,yolo_x_cpu,1245
12036,yolo_x_cpu,1229
12037,yolo_x_cpu,1195
12038,yolo_x_cpu,1207
12039,yolo_x_cpu,1254
12040,yolo_x_cpu,1275
12041,yolo_x_cpu,1319
12042,yolo_x_cpu,1248
12043,yolo_x_cpu,1271
12044,yolo_x_cpu,1244
12045,yolo_x_cpu,1288
12046,yolo_x_cpu,1345
12047,yolo_x_cpu,1220
12048,yolo_x_cpu,1189
12049,yolo_x_cpu,1209
12050,yolo_x_cpu,1156
12051,yolo_x_cpu,1126
12052,yolo_x_cpu,1144
12053,yolo_x_cpu,1092
12054,yolo_x_cpu,1085
12055,yolo_x_cpu,1082
12056,yolo_x_cpu,1079
12057,yolo_x_cpu,1126
12058,yolo_x_cpu,1070
12059,yolo_x_cpu,1098
12060,yolo_x_cpu,1055
12061,yolo_x_cpu,1169
12062,yolo_x_cpu,1118
12063,yolo_x_cpu,1176
12064,yolo_x_cpu,1172
12065,yolo_x_cpu,1197
12066,yolo_x_cpu,1067
12067,yolo_x_cpu,1080
12068,yolo_x_cpu,1187
12069,yolo_x_cpu,1152
12070,yolo_x_cpu,1152
12071,yolo_x_cpu,1209
12072,yolo_x_cpu,1150
12073,yolo_x_cpu,1106
12074,yolo_x_cpu,1121
12075,yolo_x_cpu,1125
12076,yolo_x_cpu,1180
12077,yolo_x_cpu,1149
12078,yolo_x_cpu,1123
12079,yolo_x_cpu,1111
12080,yolo_x_cpu,1105
12081,yolo_x_cpu,1082
12082,yolo_x_cpu,1132
12083,yolo_x_cpu,1148
12084,yolo_x_cpu,1112
12085,yolo_x_cpu,1110
12086,yolo_x_cpu,1094
12087,yolo_x_cpu,1114
12088,yolo_x_cpu,1082
12089,yolo_x_cpu,1090
12090,yolo_x_cpu,1169
12091,yolo_x_cpu,1118
12092,yolo_x_cpu,1177
12093,yolo_x_cpu,1172
12094,yolo_x_cpu,1232
12095,yolo_x_cpu,1180
12096,yolo_x_cpu,1200
12097,yolo_x_cpu,1157
12098,yolo_x_cpu,1151
12099,yolo_x_cpu,1125
12100,yolo_x_cpu,1191
12101,yolo_x_cpu,1076
12102,yolo_x_cpu,1089
12103,yolo_x_cpu,1118
12104,yolo_x_cpu,1089
12105,yolo_x_cpu,1065
12106,yolo_x_cpu,1070
12107,yolo_x_cpu,1095
12108,yolo_x_cpu,1120
12109,yolo_x_cpu,1077
12110,yolo_x_cpu,1069
12111,yolo_x_cpu,1073
12112,yolo_x_cpu,1069
12113,yolo_x_cpu,1061
12114,yolo_x_cpu,1134
12115,yolo_x_cpu,1165
12116,yolo_x_cpu,1163
12117,yolo_x_cpu,1136
12118,yolo_x_cpu,1129
12119,yolo_x_cpu,1116
12120,yolo_x_cpu,1070
12121,yolo_x_cpu,1007
12122,yolo_x_cpu,946
12123,yolo_x_cpu,946
12124,yolo_x_cpu,939
12125,yolo_x_cpu,878
12126,yolo_x_cpu,890
12127,yolo_x_cpu,900
12128,yolo_x_cpu,911
12129,yolo_x_cpu,870
12130,yolo_x_cpu,908
12131,yolo_x_cpu,938
12132,yolo_x_cpu,944
12133,yolo_x_cpu,987
12134,yolo_x_cpu,1044
12135,yolo_x_cpu,989
12136,yolo_x_cpu,967
12137,yolo_x_cpu,919
12138,yolo_x_cpu,972
12139,yolo_x_cpu,932
12140,yolo_x_cpu,995
12141,yolo_x_cpu,972
12142,yolo_x_cpu,921
12143,yolo_x_cpu,903
12144,yolo_x_cpu,952
12145,yolo_x_cpu,888
12146,yolo_x_cpu,943
12147,yolo_x_cpu,949
12148,yolo_x_cpu,913
12149,yolo_x_cpu,881
12150,yolo_x_cpu,922
12151,yolo_x_cpu,930
12152,yolo_x_cpu,920
12153,yolo_x_cpu,936
12154,yolo_x_cpu,940
12155,yolo_x_cpu,960
12156,yolo_x_cpu,933
12157,yolo_x_cpu,937
12158,yolo_x_cpu,966
12159,yolo_x_cpu,883
12160,yolo_x_cpu,876
12161,yolo_x_cpu,911
12162,yolo_x_cpu,916
12163,yolo_x_cpu,885
12164,yolo_x_cpu,849
12165,yolo_x_cpu,872
12166,yolo_x_cpu,866
12167,yolo_x_cpu,888
12168,yolo_x_cpu,883
12169,yolo_x_cpu,923
12170,yolo_x_cpu,881
12171,yolo_x_cpu,858
12172,yolo_x_cpu,846
12173,yolo_x_cpu,884
12174,yolo_x_cpu,838
12175,yolo_x_cpu,794
12176,yolo_x_cpu,806
12177,yolo_x_cpu,699
12178,yolo_x_cpu,758
12179,yolo_x_cpu,790
12180,yolo_x_cpu,782
12181,yolo_x_cpu,758
12182,yolo_x_cpu,721
12183,yolo_x_cpu,757
12184,yolo_x_cpu,731
12185,yolo_x_cpu,734
12186,yolo_x_cpu,794
12187,yolo_x_cpu,776
12188,yolo_x_cpu,785
12189,yolo_x_cpu,751
12190,yolo_x_cpu,748
12191,yolo_x_cpu,760
12192,yolo_x_cpu,722
12193,yolo_x_cpu,757
12194,yolo_x_cpu,741
12195,yolo_x_cpu,790
12196,yolo_x_cpu,715
12197,yolo_x_cpu,676
12198,yolo_x_cpu,682
12199,yolo_x_cpu,743
12200,yolo_x_cpu,745
12201,yolo_x_cpu,721
12202,yolo_x_cpu,772
12203,yolo_x_cpu,756
12204,yolo_x_cpu,776
12205,yolo_x_cpu,704
12206,yolo_x_cpu,730
12207,yolo_x_cpu,698
12208,yolo_x_cpu,681
12209,yolo_x_cpu,741
12210,yolo_x_cpu,748
12211,yolo_x_cpu,702
12212,yolo_x_cpu,755
12213,yolo_x_cpu,725
12214,yolo_x_cpu,705
12215,yolo_x_cpu,739
12216,yolo_x_cpu,686
12217,yolo_x_cpu,804
12218,yolo_x_cpu,753
12219,yolo_x_cpu,692
12220,yolo_x_cpu,707
12221,yolo_x_cpu,691
12222,yolo_x_cpu,715
12223,yolo_x_cpu,673
12224,yolo_x_cpu,638
12225,yolo_x_cpu,621
12226,yolo_x_cpu,594
12227,yolo_x_cpu,675
12228,yolo_x_cpu,702
12229,yolo_x_cpu,679
12230,yolo_x_cpu,718
12231,yolo_x_cpu,726
12232,yolo_x_cpu,729
12233,yolo_x_cpu,755
12234,yolo_x_cpu,717
12235,yolo_x_cpu,653
12236,yolo_x_cpu,587
12237,yolo_x_cpu,616
12238,yolo_x_cpu,654
12239,yolo_x_cpu,631
12240,yolo_x_cpu,650
12241,yolo_x_cpu,616
12242,yolo_x_cpu,620
12243,yolo_x_cpu,636
12244,yolo_x_cpu,660
12245,yolo_x_cpu,595
12246,yolo_x_cpu,690
12247,yolo_x_cpu,776
12248,yolo_x_cpu,718
12249,yolo_x_cpu,742
12250,yolo_x_cpu,644
12251,yolo_x_cpu,718
12252,yolo_x_cpu,694
12253,yolo_x_cpu,672
12254,yolo_x_cpu,654
12255,yolo_x_cpu,651
12256,yolo_x_cpu,724
12257,yolo_x_cpu,746
12258,yolo_x_cpu,747
12259,yolo_x_cpu,691
12260,yolo_x_cpu,670
12261,yolo_x_cpu,659
12262,yolo_x_cpu,632
12263,yolo_x_cpu,665
12264,yolo_x_cpu,628
12265,yolo_x_cpu,656
12266,yolo_x_cpu,676
12267,yolo_x_cpu,679
12268,yolo_x_cpu,676
12269,yolo_x_cpu,696
12270,yolo_x_cpu,679
12271,yolo_x_cpu,719
12272,yolo_x_cpu,644
12273,yolo_x_cpu,628
12274,yolo_x_cpu,631
12275,yolo_x_cpu,645
12276,yolo_x_cpu,675
12277,yolo_x_cpu,615
12278,yolo_x_cpu,624
12279,yolo_x_cpu,644
12280,yolo_x_cpu,753
12281,yolo_x_cpu,658
12282,yolo_x_cpu,649
12283,yolo_x_cpu,665
12284,yolo_x_cpu,652
12285,yolo_x_cpu,606
12286,yolo_x_cpu,636
12287,yolo_x_cpu,652
12288,yolo_x_cpu,696
12289,yolo_x_cpu,687
12290,yolo_x_cpu,665
12291,yolo_x_cpu,670
12292,yolo_x_cpu,626
12293,yolo_x_cpu,616
12294,yolo_x_cpu,599
12295,yolo_x_cpu,614
12296,yolo_x_cpu,637
12297,yolo_x_cpu,616
12298,yolo_x_cpu,600
12299,yolo_x_cpu,627
12300,yolo_x_cpu,616
12301,yolo_x_cpu,616
12302,yolo_x_cpu,610
12303,yolo_x_cpu,619
12304,yolo_x_cpu,596
12305,yolo_x_cpu,662
12306,yolo_x_cpu,619
12307,yolo_x_cpu,672
12308,yolo_x_cpu,631
12309,yolo_x_cpu,657
12310,yolo_x_cpu,697
12311,yolo_x_cpu,621
12312,yolo_x_cpu,593
12313,yolo_x_cpu,617
12314,yolo_x_cpu,642
12315,yolo_x_cpu,625
12316,yolo_x_cpu,615
12317,yolo_x_cpu,592
12318,yolo_x_cpu,614
12319,yolo_x_cpu,637
12320,yolo_x_cpu,667
12321,yolo_x_cpu,655
12322,yolo_x_cpu,707
12323,yolo_x_cpu,701
12324,yolo_x_cpu,673
12325,yolo_x_cpu,667
12326,yolo_x_cpu,645
12327,yolo_x_cpu,645
12328,yolo_x_cpu,685
12329,yolo_x_cpu,716
12330,yolo_x_cpu,677
12331,yolo_x_cpu,670
12332,yolo_x_cpu,627
12333,yolo_x_cpu,606
12334,yolo_x_cpu,620
12335,yolo_x_cpu,610
12336,yolo_x_cpu,635
12337,yolo_x_cpu,634
12338,yolo_x_cpu,629
12339,yolo_x_cpu,690
12340,yolo_x_cpu,668
12341,yolo_x_cpu,702
12342,yolo_x_cpu,645
12343,yolo_x_cpu,650
12344,yolo_x_cpu,625
12345,yolo_x_cpu,628
12346,yolo_x_cpu,681
12347,yolo_x_cpu,658
12348,yolo_x_cpu,651
12349,yolo_x_cpu,678
12350,yolo_x_cpu,597
12351,yolo_x_cpu,538
12352,yolo_x_cpu,629
12353,yolo_x_cpu,613
12354,yolo_x_cpu,511
12355,yolo_x_cpu,574
12356,yolo_x_cpu,605
12357,yolo_x_cpu,592
12358,yolo_x_cpu,566
12359,yolo_x_cpu,593
12360,yolo_x_cpu,516
12361,yolo_x_cpu,543
12362,yolo_x_cpu,577
12363,yolo_x_cpu,561
12364,yolo_x_cpu,574
12365,yolo_x_cpu,517
12366,yolo_x_cpu,524
12367,yolo_x_cpu,466
12368,yolo_x_cpu,406
12369,yolo_x_cpu,377
12370,yolo_x_cpu,399
12371,yolo_x_cpu,407
12372,yolo_x_cpu,400
12373,yolo_x_cpu,437
12374,yolo_x_cpu,481
12375,yolo_x_cpu,436
12376,yolo_x_cpu,440
12377,yolo_x_cpu,507
12378,yolo_x_cpu,477
12379,yolo_x_cpu,431
12380,yolo_x_cpu,413
12381,yolo_x_cpu,408
12382,yolo_x_cpu,398
12383,yolo_x_cpu,338
12384,yolo_x_cpu,387
12385,yolo_x_cpu,420
12386,yolo_x_cpu,354
12387,yolo_x_cpu,374
12388,yolo_x_cpu,383
12389,yolo_x_cpu,350
12390,yolo_x_cpu,381
12391,yolo_x_cpu,381
12392,yolo_x_cpu,392
12393,yolo_x_cpu,423
12394,yolo_x_cpu,387
12395,yolo_x_cpu,355
12396,yolo_x_cpu,409
12397,yolo_x_cpu,354
12398,yolo_x_cpu,435
12399,yolo_x_cpu,425
12400,yolo_x_cpu,412
12401,yolo_x_cpu,377
12402,yolo_x_cpu,353
12403,yolo_x_cpu,316
12404,yolo_x_cpu,356
12405,yolo_x_cpu,409
12406,yolo_x_cpu,338
12407,yolo_x_cpu,357
12408,yolo_x_cpu,356
12409,yolo_x_cpu,300
12410,yolo_x_cpu,312
12411,yolo_x_cpu,343
12412,yolo_x_cpu,318
12413,yolo_x_cpu,318
12414,yolo_x_cpu,278
12415,yolo_x_cpu,301
12416,yolo_x_cpu,296
12417,yolo_x_cpu,257
12418,yolo_x_cpu,297
12419,yolo_x_cpu,299
12420,yolo_x_cpu,299
12421,yolo_x_cpu,324
12422,yolo_x_cpu,307
12423,yolo_x_cpu,273
12424,yolo_x_cpu,296
12425,yolo_x_cpu,273
12426,yolo_x_cpu,281
12427,yolo_x_cpu,228
12428,yolo_x_cpu,317
12429,yolo_x_cpu,289
12430,yolo_x_cpu,220
12431,yolo_x_cpu,276
12432,yolo_x_cpu,230
12433,yolo_x_cpu,268
12434,yolo_x_cpu,260
12435,yolo_x_cpu,306
12436,yolo_x_cpu,314
12437,yolo_x_cpu,321
12438,yolo_x_cpu,266
12439,yolo_x_cpu,338
12440,yolo_x_cpu,302
12441,yolo_x_cpu,270
12442,yolo_x_cpu,282
12443,yolo_x_cpu,294
12444,yolo_x_cpu,315
12445,yolo_x_cpu,294
12446,yolo_x_cpu,286
12447,yolo_x_cpu,340
12448,yolo_x_cpu,302
12449,yolo_x_cpu,302
12450,yolo_x_cpu,270
12451,yolo_x_cpu,308
12452,yolo_x_cpu,290
12453,yolo_x_cpu,242
12454,yolo_x_cpu,296
12455,yolo_x_cpu,281
12456,yolo_x_cpu,216
12457,yolo_x_cpu,251
12458,yolo_x_cpu,263
12459,yolo_x_cpu,244
12460,yolo_x_cpu,239
12461,yolo_x_cpu,285
12462,yolo_x_cpu,257
12463,yolo_x_cpu,254
12464,yolo_x_cpu,246
12465,yolo_x_cpu,281
12466,yolo_x_cpu,282
12467,yolo_x_cpu,253
12468,yolo_x_cpu,242
12469,yolo_x_cpu,263
12470,yolo_x_cpu,218
12471,yolo_x_cpu,187
12472,yolo_x_cpu,196
12473,yolo_x_cpu,203
12474,yolo_x_cpu,214
12475,yolo_x_cpu,194
12476,yolo_x_cpu,206
12477,yolo_x_cpu,170
12478,yolo_x_cpu,216
12479,yolo_x_cpu,182
12480,yolo_x_cpu,161
12481,yolo_x_cpu,173
12482,yolo_x_cpu,162
12483,yolo_x_cpu,184
12484,yolo_x_cpu,195
12485,yolo_x_cpu,181
12486,yolo_x_cpu,178
12487,yolo_x_cpu,166
12488,yolo_x_cpu,174
12489,yolo_x_cpu,205
12490,yolo_x_cpu,200
12491,yolo_x_cpu,209
12492,yolo_x_cpu,229
12493,yolo_x_cpu,225
12494,yolo_x_cpu,246
12495,yolo_x_cpu,210
12496,yolo_x_cpu,199
12497,yolo_x_cpu,174
12498,yolo_x_cpu,176
12499,yolo_x_cpu,177
12500,yolo_x_cpu,171
12501,yolo_x_cpu,181
12502,yolo_x_cpu,177
12503,yolo_x_cpu,165
12504,yolo_x_cpu,162
12505,yolo_x_cpu,150
12506,yolo_x_cpu,151
12507,yolo_x_cpu,120
12508,yolo_x_cpu,131
12509,yolo_x_cpu,137
12510,yolo_x_cpu,166
12511,yolo_x_cpu,184
12512,yolo_x_cpu,181
12513,yolo_x_cpu,169
12514,yolo_x_cpu,177
12515,yolo_x_cpu,166
12516,yolo_x_cpu,169
12517,yolo_x_cpu,152
12518,yolo_x_cpu,134
12519,yolo_x_cpu,162
12520,yolo_x_cpu,140
12521,yolo_x_cpu,122
12522,yolo_x_cpu,126
12523,yolo_x_cpu,141
12524,yolo_x_cpu,132
12525,yolo_x_cpu,158
12526,yolo_x_cpu,164
12527,yolo_x_cpu,149
12528,yolo_x_cpu,145
12529,yolo_x_cpu,137
12530,yolo_x_cpu,129
12531,yolo_x_cpu,135
12532,yolo_x_cpu,145
12533,yolo_x_cpu,152
12534,yolo_x_cpu,142
12535,yolo_x_cpu,136
12536,yolo_x_cpu,121
12537,yolo_x_cpu,113
12538,yolo_x_cpu,101
12539,yolo_x_cpu,121
12540,yolo_x_cpu,117
12541,yolo_x_cpu,95
12542,yolo_x_cpu,96
12543,yolo_x_cpu,87
12544,yolo_x_cpu,105
12545,yolo_x_cpu,88
12546,yolo_x_cpu,77
12547,yolo_x_cpu,92
12548,yolo_x_cpu,76
12549,yolo_x_cpu,77
12550,yolo_x_cpu,82
12551,yolo_x_cpu,99
12552,yolo_x_cpu,91
12553,yolo_x_cpu,100
12554,yolo_x_cpu,119
12555,yolo_x_cpu,112
12556,yolo_x_cpu,138
12557,yolo_x_cpu,98
12558,yolo_x_cpu,94
12559,yolo_x_cpu,89
12560,yolo_x_cpu,95
12561,yolo_x_cpu,88
12562,yolo_x_cpu,95
12563,yolo_x_cpu,103
12564,yolo_x_cpu,113
12565,yolo_x_cpu,116
12566,yolo_x_cpu,124
12567,yolo_x_cpu,107
12568,yolo_x_cpu,128
12569,yolo_x_cpu,131
12570,yolo_x_cpu,126
12571,yolo_x_cpu,121
12572,yolo_x_cpu,122
12573,yolo_x_cpu,109
12574,yolo_x_cpu,112
12575,yolo_x_cpu,119
12576,yolo_x_cpu,99
12577,yolo_x_cpu,103
12578,yolo_x_cpu,105
12579,yolo_x_cpu,129
12580,yolo_x_cpu,113
12581,yolo_x_cpu,112
12582,yolo_x_cpu,109
12583,yolo_x_cpu,98
12584,yolo_x_cpu,106
12585,yolo_x_cpu,87
12586,yolo_x_cpu,96
12587,yolo_x_cpu,83
12588,yolo_x_cpu,70
12589,yolo_x_cpu,61
12590,yolo_x_cpu,81
12591,yolo_x_cpu,91
12592,yolo_x_cpu,84
12593,yolo_x_cpu,93
12594,yolo_x_cpu,89
12595,yolo_x_cpu,86
12596,yolo_x_cpu,84
12597,yolo_x_cpu,92
12598,yolo_x_cpu,88
12599,yolo_x_cpu,83
12600,yolo_x_cpu,83
12601,yolo_x_cpu,72
12602,yolo_x_cpu,62
12603,yolo_x_cpu,57
12604,yolo_x_cpu,76
12605,yolo_x_cpu,89
12606,yolo_x_cpu,94
12607,yolo_x_cpu,84
12608,yolo_x_cpu,84
12609,yolo_x_cpu,93
12610,yolo_x_cpu,88
12611,yolo_x_cpu,91
12612,yolo_x_cpu,78
12613,yolo_x_cpu,66
12614,yolo_x_cpu,82
12615,yolo_x_cpu,82
12616,yolo_x_cpu,87
12617,yolo_x_cpu,70
12618,yolo_x_cpu,64
12619,yolo_x_cpu,50
12620,yolo_x_cpu,56
12621,yolo_x_cpu,65
12622,yolo_x_cpu,69
12623,yolo_x_cpu,66
12624,yolo_x_cpu,60
12625,yolo_x_cpu,53
12626,yolo_x_cpu,75
12627,yolo_x_cpu,60
12628,yolo_x_cpu,57
12629,yolo_x_cpu,64
12630,yolo_x_cpu,53
12631,yolo_x_cpu,46
12632,yolo_x_cpu,50
12633,yolo_x_cpu,44
12634,yolo_x_cpu,38
12635,yolo_x_cpu,41
12636,yolo_x_cpu,53
12637,yolo_x_cpu,60
12638,yolo_x_cpu,62
12639,yolo_x_cpu,57
12640,yolo_x_cpu,54
12641,yolo_x_cpu,51
12642,yolo_x_cpu,48
12643,yolo_x_cpu,49
12644,yolo_x_cpu,55
12645,yolo_x_cpu,49
12646,yolo_x_cpu,35
12647,yolo_x_cpu,38
12648,yolo_x_cpu,37
12649,yolo_x_cpu,34
12650,yolo_x_cpu,33
12651,yolo_x_cpu,27
12652,yolo_x_cpu,28
12653,yolo_x_cpu,32
12654,yolo_x_cpu,21
12655,yolo_x_cpu,18
12656,yolo_x_cpu,25
12657,yolo_x_cpu,25
12658,yolo_x_cpu,25
12659,yolo_x_cpu,23
12660,yolo_x_cpu,60
12661,yolo_x_cpu,3128
12662,yolo_x_cpu,3265
12663,yolo_x_cpu,2104
12664,yolo_x_cpu,490
12665,yolo_x_cpu,406
12666,yolo_x_cpu,347
12667,yolo_x_cpu,309
12668,yolo_x_cpu,282
12669,yolo_x_cpu,229
12670,yolo_x_cpu,204
12671,yolo_x_cpu,210
12672,yolo_x_cpu,188
12673,yolo_x_cpu,217
12674,yolo_x_cpu,223
12675,yolo_x_cpu,230
12676,yolo_x_cpu,220
12677,yolo_x_cpu,190
12678,yolo_x_cpu,184
12679,yolo_x_cpu,175
12680,yolo_x_cpu,172
12681,yolo_x_cpu,138
12682,yolo_x_cpu,118
12683,yolo_x_cpu,98
12684,yolo_x_cpu,118
12685,yolo_x_cpu,112
12686,yolo_x_cpu,97
12687,yolo_x_cpu,94
12688,yolo_x_cpu,93
12689,yolo_x_cpu,80
12690,yolo_x_cpu,63
12691,yolo_x_cpu,68
12692,yolo_x_cpu,61
12693,yolo_x_cpu,49
12694,yolo_x_cpu,63
12695,yolo_x_cpu,78
12696,yolo_x_cpu,68
12697,yolo_x_cpu,79
12698,yolo_x_cpu,55
12699,yolo_x_cpu,48
12700,yolo_x_cpu,44
12701,yolo_x_cpu,31
12702,yolo_x_cpu,45
12703,yolo_x_cpu,31
12704,yolo_x_cpu,29
12705,yolo_x_cpu,43
12706,yolo_x_cpu,57
12707,yolo_x_cpu,47
12708,yolo_x_cpu,57
12709,yolo_x_cpu,79
12710,yolo_x_cpu,89
12711,yolo_x_cpu,101
12712,yolo_x_cpu,96
12713,yolo_x_cpu,83
12714,yolo_x_cpu,69
12715,yolo_x_cpu,59
12716,yolo_x_cpu,85
12717,yolo_x_cpu,70
12718,yolo_x_cpu,51
12719,yolo_x_cpu,59
12720,yolo_x_cpu,67
12721,yolo_x_cpu,48
12722,yolo_x_cpu,51
12723,yolo_x_cpu,72
12724,yolo_x_cpu,60
12725,yolo_x_cpu,62
12726,yolo_x_cpu,62
12727,yolo_x_cpu,66
12728,yolo_x_cpu,60
12729,yolo_x_cpu,56
12730,yolo_x_cpu,43
12731,yolo_x_cpu,48
12732,yolo_x_cpu,38
12733,yolo_x_cpu,47
12734,yolo_x_cpu,32
12735,yolo_x_cpu,22
12736,yolo_x_cpu,37
12737,yolo_x_cpu,33
12738,yolo_x_cpu,54
12739,yolo_x_cpu,48
12740,yolo_x_cpu,45
12741,yolo_x_cpu,29
12742,yolo_x_cpu,56
12743,yolo_x_cpu,68
12744,yolo_x_cpu,66
12745,yolo_x_cpu,86
12746,yolo_x_cpu,76
12747,yolo_x_cpu,55
12748,yolo_x_cpu,48
12749,yolo_x_cpu,32
12750,yolo_x_cpu,47
12751,yolo_x_cpu,39
12752,yolo_x_cpu,47
12753,yolo_x_cpu,45
12754,yolo_x_cpu,59
12755,yolo_x_cpu,46
12756,yolo_x_cpu,35
12757,yolo_x_cpu,26
12758,yolo_x_cpu,29
12759,yolo_x_cpu,26
12760,yolo_x_cpu,33
12761,yolo_x_cpu,45
12762,yolo_x_cpu,26
12763,yolo_x_cpu,22
12764,yolo_x_cpu,47
12765,yolo_x_cpu,31
12766,yolo_x_cpu,27
12767,yolo_x_cpu,29
12768,yolo_x_cpu,25
12769,yolo_x_cpu,31
12770,yolo_x_cpu,37
12771,yolo_x_cpu,22
12772,yolo_x_cpu,24
12773,yolo_x_cpu,45
12774,yolo_x_cpu,36
12775,yolo_x_cpu,44
12776,yolo_x_cpu,39
12777,yolo_x_cpu,40
12778,yolo_x_cpu,46
12779,yolo_x_cpu,81
12780,yolo_x_cpu,61
12781,yolo_x_cpu,72
12782,yolo_x_cpu,48
12783,yolo_x_cpu,51
12784,yolo_x_cpu,47
12785,yolo_x_cpu,49
12786,yolo_x_cpu,41
12787,yolo_x_cpu,55
12788,yolo_x_cpu,50
12789,yolo_x_cpu,37
12790,yolo_x_cpu,21
12791,yolo_x_cpu,23
12792,yolo_x_cpu,13
12793,yolo_x_cpu,16
12794,yolo_x_cpu,17
12795,yolo_x_cpu,26
12796,yolo_x_cpu,27
12797,yolo_x_cpu,27
12798,yolo_x_cpu,24
12799,yolo_x_cpu,12
12800,yolo_x_cpu,7
12801,yolo_x_cpu,7
12802,yolo_x_cpu,8
12803,yolo_x_cpu,13
12804,yolo_x_cpu,7
12805,yolo_x_cpu,9
12806,yolo_x_cpu,9
12807,yolo_x_cpu,20
12808,yolo_x_cpu,19
12809,yolo_x_cpu,9
12810,yolo_x_cpu,14
12811,yolo_x_cpu,16
12812,yolo_x_cpu,22
12813,yolo_x_cpu,20
12814,yolo_x_cpu,11
12815,yolo_x_cpu,34
12816,yolo_x_cpu,29
12817,yolo_x_cpu,29
12818,yolo_x_cpu,17
12819,yolo_x_cpu,12
12820,yolo_x_cpu,11
12821,yolo_x_cpu,11
12822,yolo_x_cpu,23
12823,yolo_x_cpu,15
12824,yolo_x_cpu,17
12825,yolo_x_cpu,16
12826,yolo_x_cpu,17
12827,yolo_x_cpu,11
12828,yolo_x_cpu,23
12829,yolo_x_cpu,20
12830,yolo_x_cpu,15
12831,yolo_x_cpu,21
12832,yolo_x_cpu,17
12833,yolo_x_cpu,17
12834,yolo_x_cpu,14
12835,yolo_x_cpu,26
12836,yolo_x_cpu,24
12837,yolo_x_cpu,35
12838,yolo_x_cpu,46
12839,yolo_x_cpu,53
12840,yolo_x_cpu,55
12841,yolo_x_cpu,52
12842,yolo_x_cpu,54
12843,yolo_x_cpu,43
12844,yolo_x_cpu,34
12845,yolo_x_cpu,46
12846,yolo_x_cpu,48
12847,yolo_x_cpu,57
12848,yolo_x_cpu,65
12849,yolo_x_cpu,33
12850,yolo_x_cpu,30
12851,yolo_x_cpu,35
12852,yolo_x_cpu,43
12853,yolo_x_cpu,47
12854,yolo_x_cpu,58
12855,yolo_x_cpu,56
12856,yolo_x_cpu,61
12857,yolo_x_cpu,58
12858,yolo_x_cpu,50
12859,yolo_x_cpu,47
12860,yolo_x_cpu,53
12861,yolo_x_cpu,38
12862,yolo_x_cpu,38
12863,yolo_x_cpu,44
12864,yolo_x_cpu,53
12865,yolo_x_cpu,52
12866,yolo_x_cpu,48
12867,yolo_x_cpu,44
12868,yolo_x_cpu,47
12869,yolo_x_cpu,60
12870,yolo_x_cpu,55
12871,yolo_x_cpu,49
12872,yolo_x_cpu,47
12873,yolo_x_cpu,55
12874,yolo_x_cpu,62
12875,yolo_x_cpu,54
12876,yolo_x_cpu,65
12877,yolo_x_cpu,75
12878,yolo_x_cpu,91
12879,yolo_x_cpu,75
12880,yolo_x_cpu,64
12881,yolo_x_cpu,52
12882,yolo_x_cpu,78
12883,yolo_x_cpu,88
12884,yolo_x_cpu,94
12885,yolo_x_cpu,68
12886,yolo_x_cpu,59
12887,yolo_x_cpu,72
12888,yolo_x_cpu,63
12889,yolo_x_cpu,65
12890,yolo_x_cpu,67
12891,yolo_x_cpu,62
12892,yolo_x_cpu,68
12893,yolo_x_cpu,69
12894,yolo_x_cpu,74
12895,yolo_x_cpu,69
12896,yolo_x_cpu,70
12897,yolo_x_cpu,72
12898,yolo_x_cpu,89
12899,yolo_x_cpu,113
12900,yolo_x_cpu,90
12901,yolo_x_cpu,81
12902,yolo_x_cpu,83
12903,yolo_x_cpu,94
12904,yolo_x_cpu,88
12905,yolo_x_cpu,109
12906,yolo_x_cpu,91
12907,yolo_x_cpu,122
12908,yolo_x_cpu,130
12909,yolo_x_cpu,136
12910,yolo_x_cpu,152
12911,yolo_x_cpu,134
12912,yolo_x_cpu,120
12913,yolo_x_cpu,119
12914,yolo_x_cpu,126
12915,yolo_x_cpu,113
12916,yolo_x_cpu,126
12917,yolo_x_cpu,123
12918,yolo_x_cpu,107
12919,yolo_x_cpu,113
12920,yolo_x_cpu,120
12921,yolo_x_cpu,108
12922,yolo_x_cpu,121
12923,yolo_x_cpu,142
12924,yolo_x_cpu,141
12925,yolo_x_cpu,142
12926,yolo_x_cpu,154
12927,yolo_x_cpu,141
12928,yolo_x_cpu,143
12929,yolo_x_cpu,197
12930,yolo_x_cpu,231
12931,yolo_x_cpu,247
12932,yolo_x_cpu,244
12933,yolo_x_cpu,243
12934,yolo_x_cpu,202
12935,yolo_x_cpu,213
12936,yolo_x_cpu,186
12937,yolo_x_cpu,203
12938,yolo_x_cpu,175
12939,yolo_x_cpu,177
12940,yolo_x_cpu,181
12941,yolo_x_cpu,172
12942,yolo_x_cpu,175
12943,yolo_x_cpu,169
12944,yolo_x_cpu,196
12945,yolo_x_cpu,214
12946,yolo_x_cpu,239
12947,yolo_x_cpu,220
12948,yolo_x_cpu,223
12949,yolo_x_cpu,241
12950,yolo_x_cpu,282
12951,yolo_x_cpu,265
12952,yolo_x_cpu,265
12953,yolo_x_cpu,271
12954,yolo_x_cpu,250
12955,yolo_x_cpu,257
12956,yolo_x_cpu,258
12957,yolo_x_cpu,305
12958,yolo_x_cpu,310
12959,yolo_x_cpu,271
12960,yolo_x_cpu,324
12961,yolo_x_cpu,321
12962,yolo_x_cpu,311
12963,yolo_x_cpu,338
12964,yolo_x_cpu,333
12965,yolo_x_cpu,300
12966,yolo_x_cpu,298
12967,yolo_x_cpu,318
12968,yolo_x_cpu,329
12969,yolo_x_cpu,334
12970,yolo_x_cpu,344
12971,yolo_x_cpu,375
12972,yolo_x_cpu,325
12973,yolo_x_cpu,366
12974,yolo_x_cpu,345
12975,yolo_x_cpu,370
12976,yolo_x_cpu,348
12977,yolo_x_cpu,368
12978,yolo_x_cpu,400
12979,yolo_x_cpu,380
12980,yolo_x_cpu,380
12981,yolo_x_cpu,370
12982,yolo_x_cpu,346
12983,yolo_x_cpu,374
12984,yolo_x_cpu,365
12985,yolo_x_cpu,356
12986,yolo_x_cpu,418
12987,yolo_x_cpu,475
12988,yolo_x_cpu,422
12989,yolo_x_cpu,496
12990,yolo_x_cpu,477
12991,yolo_x_cpu,414
12992,yolo_x_cpu,500
12993,yolo_x_cpu,446
12994,yolo_x_cpu,465
12995,yolo_x_cpu,434
12996,yolo_x_cpu,460
12997,yolo_x_cpu,478
12998,yolo_x_cpu,527
12999,yolo_x_cpu,519
13000,yolo_x_cpu,448
13001,yolo_x_cpu,495
13002,yolo_x_cpu,538
13003,yolo_x_cpu,559
13004,yolo_x_cpu,519
13005,yolo_x_cpu,558
13006,yolo_x_cpu,538
13007,yolo_x_cpu,579
13008,yolo_x_cpu,545
13009,yolo_x_cpu,567
13010,yolo_x_cpu,696
13011,yolo_x_cpu,695
13012,yolo_x_cpu,680
13013,yolo_x_cpu,664
13014,yolo_x_cpu,705
13015,yolo_x_cpu,670
13016,yolo_x_cpu,682
13017,yolo_x_cpu,695
13018,yolo_x_cpu,663
13019,yolo_x_cpu,665
13020,yolo_x_cpu,698
13021,yolo_x_cpu,677
13022,yolo_x_cpu,667
13023,yolo_x_cpu,694
13024,yolo_x_cpu,691
13025,yolo_x_cpu,690
13026,yolo_x_cpu,723
13027,yolo_x_cpu,693
13028,yolo_x_cpu,717
13029,yolo_x_cpu,676
13030,yolo_x_cpu,687
13031,yolo_x_cpu,715
13032,yolo_x_cpu,745
13033,yolo_x_cpu,728
13034,yolo_x_cpu,714
13035,yolo_x_cpu,799
13036,yolo_x_cpu,786
13037,yolo_x_cpu,828
13038,yolo_x_cpu,857
13039,yolo_x_cpu,886
13040,yolo_x_cpu,843
13041,yolo_x_cpu,839
13042,yolo_x_cpu,836
13043,yolo_x_cpu,824
13044,yolo_x_cpu,841
13045,yolo_x_cpu,839
13046,yolo_x_cpu,830
13047,yolo_x_cpu,802
13048,yolo_x_cpu,892
13049,yolo_x_cpu,826
13050,yolo_x_cpu,910
13051,yolo_x_cpu,935
13052,yolo_x_cpu,907
13053,yolo_x_cpu,902
13054,yolo_x_cpu,900
13055,yolo_x_cpu,927
13056,yolo_x_cpu,936
13057,yolo_x_cpu,952
13058,yolo_x_cpu,926
13059,yolo_x_cpu,926
13060,yolo_x_cpu,1029
13061,yolo_x_cpu,1037
13062,yolo_x_cpu,1011
13063,yolo_x_cpu,1020
13064,yolo_x_cpu,1037
13065,yolo_x_cpu,995
13066,yolo_x_cpu,898
13067,yolo_x_cpu,962
13068,yolo_x_cpu,1002
13069,yolo_x_cpu,931
13070,yolo_x_cpu,936
13071,yolo_x_cpu,943
13072,yolo_x_cpu,965
13073,yolo_x_cpu,940
13074,yolo_x_cpu,943
13075,yolo_x_cpu,968
13076,yolo_x_cpu,948
13077,yolo_x_cpu,1016
13078,yolo_x_cpu,1004
13079,yolo_x_cpu,999
13080,yolo_x_cpu,1023
13081,yolo_x_cpu,1029
13082,yolo_x_cpu,993
13083,yolo_x_cpu,1048
13084,yolo_x_cpu,1034
13085,yolo_x_cpu,1017
13086,yolo_x_cpu,1050
13087,yolo_x_cpu,1072
13088,yolo_x_cpu,1118
13089,yolo_x_cpu,1030
13090,yolo_x_cpu,1059
13091,yolo_x_cpu,1053
13092,yolo_x_cpu,1079
13093,yolo_x_cpu,1060
13094,yolo_x_cpu,1128
13095,yolo_x_cpu,1074
13096,yolo_x_cpu,1088
13097,yolo_x_cpu,1059
13098,yolo_x_cpu,1045
13099,yolo_x_cpu,1002
13100,yolo_x_cpu,993
13101,yolo_x_cpu,977
13102,yolo_x_cpu,1006
13103,yolo_x_cpu,1087
13104,yolo_x_cpu,1067
13105,yolo_x_cpu,1080
13106,yolo_x_cpu,1085
13107,yolo_x_cpu,1069
13108,yolo_x_cpu,1149
13109,yolo_x_cpu,1111
13110,yolo_x_cpu,1079
13111,yolo_x_cpu,1144
13112,yolo_x_cpu,1097
13113,yolo_x_cpu,1137
13114,yolo_x_cpu,1060
13115,yolo_x_cpu,1014
13116,yolo_x_cpu,1012
13117,yolo_x_cpu,959
13118,yolo_x_cpu,974
13119,yolo_x_cpu,965
13120,yolo_x_cpu,970
13121,yolo_x_cpu,979
13122,yolo_x_cpu,956
13123,yolo_x_cpu,1015
13124,yolo_x_cpu,1056
13125,yolo_x_cpu,1050
13126,yolo_x_cpu,1049
13127,yolo_x_cpu,1057
13128,yolo_x_cpu,1033
13129,yolo_x_cpu,1013
13130,yolo_x_cpu,947
13131,yolo_x_cpu,958
13132,yolo_x_cpu,941
13133,yolo_x_cpu,940
13134,yolo_x_cpu,989
13135,yolo_x_cpu,946
13136,yolo_x_cpu,959
13137,yolo_x_cpu,1007
13138,yolo_x_cpu,1050
13139,yolo_x_cpu,1056
13140,yolo_x_cpu,1053
13141,yolo_x_cpu,1031
13142,yolo_x_cpu,1018
13143,yolo_x_cpu,995
13144,yolo_x_cpu,962
13145,yolo_x_cpu,883
13146,yolo_x_cpu,862
13147,yolo_x_cpu,890
13148,yolo_x_cpu,872
13149,yolo_x_cpu,842
13150,yolo_x_cpu,881
13151,yolo_x_cpu,854
13152,yolo_x_cpu,852
13153,yolo_x_cpu,885
13154,yolo_x_cpu,922
13155,yolo_x_cpu,883
13156,yolo_x_cpu,929
13157,yolo_x_cpu,892
13158,yolo_x_cpu,876
13159,yolo_x_cpu,884
13160,yolo_x_cpu,918
13161,yolo_x_cpu,870
13162,yolo_x_cpu,861
13163,yolo_x_cpu,876
13164,yolo_x_cpu,824
13165,yolo_x_cpu,880
13166,yolo_x_cpu,913
13167,yolo_x_cpu,922
13168,yolo_x_cpu,864
13169,yolo_x_cpu,875
13170,yolo_x_cpu,877
13171,yolo_x_cpu,826
13172,yolo_x_cpu,909
13173,yolo_x_cpu,834
13174,yolo_x_cpu,893
13175,yolo_x_cpu,959
13176,yolo_x_cpu,985
13177,yolo_x_cpu,951
13178,yolo_x_cpu,951
13179,yolo_x_cpu,882
13180,yolo_x_cpu,854
13181,yolo_x_cpu,897
13182,yolo_x_cpu,914
13183,yolo_x_cpu,933
13184,yolo_x_cpu,934
13185,yolo_x_cpu,971
13186,yolo_x_cpu,856
13187,yolo_x_cpu,857
13188,yolo_x_cpu,891
13189,yolo_x_cpu,937
13190,yolo_x_cpu,960
13191,yolo_x_cpu,994
13192,yolo_x_cpu,997
13193,yolo_x_cpu,996
13194,yolo_x_cpu,962
13195,yolo_x_cpu,993
13196,yolo_x_cpu,971
13197,yolo_x_cpu,946
13198,yolo_x_cpu,910
13199,yolo_x_cpu,923
13200,yolo_x_cpu,890
13201,yolo_x_cpu,899
13202,yolo_x_cpu,974
13203,yolo_x_cpu,961
13204,yolo_x_cpu,899
13205,yolo_x_cpu,909
13206,yolo_x_cpu,958
13207,yolo_x_cpu,887
13208,yolo_x_cpu,896
13209,yolo_x_cpu,949
13210,yolo_x_cpu,911
13211,yolo_x_cpu,890
13212,yolo_x_cpu,922
13213,yolo_x_cpu,887
13214,yolo_x_cpu,926
13215,yolo_x_cpu,939
13216,yolo_x_cpu,850
13217,yolo_x_cpu,883
13218,yolo_x_cpu,837
13219,yolo_x_cpu,808
13220,yolo_x_cpu,868
13221,yolo_x_cpu,843
13222,yolo_x_cpu,924
13223,yolo_x_cpu,901
13224,yolo_x_cpu,881
13225,yolo_x_cpu,841
13226,yolo_x_cpu,919
13227,yolo_x_cpu,900
13228,yolo_x_cpu,829
13229,yolo_x_cpu,834
13230,yolo_x_cpu,869
13231,yolo_x_cpu,922
13232,yolo_x_cpu,932
13233,yolo_x_cpu,962
13234,yolo_x_cpu,961
13235,yolo_x_cpu,995
13236,yolo_x_cpu,965
13237,yolo_x_cpu,975
13238,yolo_x_cpu,970
13239,yolo_x_cpu,927
13240,yolo_x_cpu,891
13241,yolo_x_cpu,888
13242,yolo_x_cpu,901
13243,yolo_x_cpu,876
13244,yolo_x_cpu,877
13245,yolo_x_cpu,839
13246,yolo_x_cpu,865
13247,yolo_x_cpu,887
13248,yolo_x_cpu,822
13249,yolo_x_cpu,864
13250,yolo_x_cpu,883
13251,yolo_x_cpu,871
13252,yolo_x_cpu,884
13253,yolo_x_cpu,929
13254,yolo_x_cpu,917
13255,yolo_x_cpu,902
13256,yolo_x_cpu,876
13257,yolo_x_cpu,905
13258,yolo_x_cpu,917
13259,yolo_x_cpu,949
13260,yolo_x_cpu,939
13261,yolo_x_cpu,920
13262,yolo_x_cpu,941
13263,yolo_x_cpu,918
13264,yolo_x_cpu,892
13265,yolo_x_cpu,897
13266,yolo_x_cpu,891
13267,yolo_x_cpu,896
13268,yolo_x_cpu,970
13269,yolo_x_cpu,1001
13270,yolo_x_cpu,1005
13271,yolo_x_cpu,968
13272,yolo_x_cpu,966
13273,yolo_x_cpu,1058
13274,yolo_x_cpu,1060
13275,yolo_x_cpu,1052
13276,yolo_x_cpu,976
13277,yolo_x_cpu,1019
13278,yolo_x_cpu,909
13279,yolo_x_cpu,970
13280,yolo_x_cpu,1013
13281,yolo_x_cpu,1024
13282,yolo_x_cpu,1090
13283,yolo_x_cpu,1053
13284,yolo_x_cpu,1061
13285,yolo_x_cpu,995
13286,yolo_x_cpu,1092
13287,yolo_x_cpu,1054
13288,yolo_x_cpu,1004
13289,yolo_x_cpu,1049
13290,yolo_x_cpu,1041
13291,yolo_x_cpu,1012
13292,yolo_x_cpu,1023
13293,yolo_x_cpu,1035
13294,yolo_x_cpu,1024
13295,yolo_x_cpu,1012
13296,yolo_x_cpu,1007
13297,yolo_x_cpu,1061
13298,yolo_x_cpu,1070
13299,yolo_x_cpu,999
13300,yolo_x_cpu,1008
13301,yolo_x_cpu,1046
13302,yolo_x_cpu,1058
13303,yolo_x_cpu,1049
13304,yolo_x_cpu,960
13305,yolo_x_cpu,999
13306,yolo_x_cpu,927
13307,yolo_x_cpu,913
13308,yolo_x_cpu,944
13309,yolo_x_cpu,930
13310,yolo_x_cpu,973
13311,yolo_x_cpu,1007
13312,yolo_x_cpu,1013
13313,yolo_x_cpu,940
13314,yolo_x_cpu,1023
13315,yolo_x_cpu,1003
13316,yolo_x_cpu,1011
13317,yolo_x_cpu,1063
13318,yolo_x_cpu,997
13319,yolo_x_cpu,1041
13320,yolo_x_cpu,1036
13321,yolo_x_cpu,1048
13322,yolo_x_cpu,1102
13323,yolo_x_cpu,1027
13324,yolo_x_cpu,1020
13325,yolo_x_cpu,1027
13326,yolo_x_cpu,1038
13327,yolo_x_cpu,1075
13328,yolo_x_cpu,1088
13329,yolo_x_cpu,1090
13330,yolo_x_cpu,1016
13331,yolo_x_cpu,974
13332,yolo_x_cpu,1030
13333,yolo_x_cpu,1046
13334,yolo_x_cpu,1035
13335,yolo_x_cpu,1006
13336,yolo_x_cpu,1012
13337,yolo_x_cpu,1014
13338,yolo_x_cpu,1083
13339,yolo_x_cpu,1074
13340,yolo_x_cpu,1093
13341,yolo_x_cpu,1016
13342,yolo_x_cpu,1039
13343,yolo_x_cpu,1062
13344,yolo_x_cpu,1086
13345,yolo_x_cpu,1112
13346,yolo_x_cpu,1065
13347,yolo_x_cpu,1091
13348,yolo_x_cpu,1072
13349,yolo_x_cpu,1115
13350,yolo_x_cpu,1068
13351,yolo_x_cpu,1079
13352,yolo_x_cpu,1096
13353,yolo_x_cpu,1096
13354,yolo_x_cpu,1184
13355,yolo_x_cpu,1161
13356,yolo_x_cpu,1127
13357,yolo_x_cpu,1183
13358,yolo_x_cpu,1170
13359,yolo_x_cpu,1158
13360,yolo_x_cpu,1186
13361,yolo_x_cpu,1149
13362,yolo_x_cpu,1207
13363,yolo_x_cpu,1225
13364,yolo_x_cpu,1124
13365,yolo_x_cpu,1147
13366,yolo_x_cpu,1139
13367,yolo_x_cpu,1109
13368,yolo_x_cpu,1161
13369,yolo_x_cpu,1205
13370,yolo_x_cpu,1203
13371,yolo_x_cpu,1221
13372,yolo_x_cpu,1124
13373,yolo_x_cpu,1101
13374,yolo_x_cpu,1079
13375,yolo_x_cpu,1059
13376,yolo_x_cpu,1022
13377,yolo_x_cpu,1083
13378,yolo_x_cpu,1147
13379,yolo_x_cpu,1087
13380,yolo_x_cpu,1101
13381,yolo_x_cpu,1140
13382,yolo_x_cpu,1179
13383,yolo_x_cpu,1109
13384,yolo_x_cpu,1136
13385,yolo_x_cpu,1163
13386,yolo_x_cpu,1167
13387,yolo_x_cpu,1161
13388,yolo_x_cpu,1175
13389,yolo_x_cpu,1115
13390,yolo_x_cpu,1108
13391,yolo_x_cpu,1105
13392,yolo_x_cpu,1093
13393,yolo_x_cpu,1102
13394,yolo_x_cpu,1144
13395,yolo_x_cpu,1162
13396,yolo_x_cpu,1151
13397,yolo_x_cpu,1235
13398,yolo_x_cpu,1130
13399,yolo_x_cpu,1087
13400,yolo_x_cpu,1038
13401,yolo_x_cpu,1024
13402,yolo_x_cpu,1085
13403,yolo_x_cpu,1056
13404,yolo_x_cpu,1050
13405,yolo_x_cpu,1110
13406,yolo_x_cpu,1120
13407,yolo_x_cpu,1058
13408,yolo_x_cpu,1022
13409,yolo_x_cpu,1090
13410,yolo_x_cpu,1035
13411,yolo_x_cpu,1019
13412,yolo_x_cpu,987
13413,yolo_x_cpu,1000
13414,yolo_x_cpu,1016
13415,yolo_x_cpu,1024
13416,yolo_x_cpu,1085
13417,yolo_x_cpu,1105
13418,yolo_x_cpu,1095
13419,yolo_x_cpu,1153
13420,yolo_x_cpu,1128
13421,yolo_x_cpu,1035
13422,yolo_x_cpu,1078
13423,yolo_x_cpu,1037
13424,yolo_x_cpu,1018
13425,yolo_x_cpu,1046
13426,yolo_x_cpu,1072
13427,yolo_x_cpu,1080
13428,yolo_x_cpu,1143
13429,yolo_x_cpu,1077
13430,yolo_x_cpu,1110
13431,yolo_x_cpu,1075
13432,yolo_x_cpu,1019
13433,yolo_x_cpu,1047
13434,yolo_x_cpu,1025
13435,yolo_x_cpu,992
13436,yolo_x_cpu,999
13437,yolo_x_cpu,1076
13438,yolo_x_cpu,1031
13439,yolo_x_cpu,1008
13440,yolo_x_cpu,1055
13441,yolo_x_cpu,1019
13442,yolo_x_cpu,1050
13443,yolo_x_cpu,993
13444,yolo_x_cpu,1057
13445,yolo_x_cpu,1078
13446,yolo_x_cpu,1053
13447,yolo_x_cpu,1074
13448,yolo_x_cpu,1071
13449,yolo_x_cpu,1041
13450,yolo_x_cpu,1075
13451,yolo_x_cpu,1087
13452,yolo_x_cpu,1096
13453,yolo_x_cpu,1185
13454,yolo_x_cpu,1131
13455,yolo_x_cpu,1135
13456,yolo_x_cpu,1192
13457,yolo_x_cpu,1189
13458,yolo_x_cpu,1215
13459,yolo_x_cpu,1193
13460,yolo_x_cpu,1203
13461,yolo_x_cpu,1178
13462,yolo_x_cpu,1177
13463,yolo_x_cpu,1172
13464,yolo_x_cpu,1160
13465,yolo_x_cpu,1197
13466,yolo_x_cpu,1226
13467,yolo_x_cpu,1181
13468,yolo_x_cpu,1185
13469,yolo_x_cpu,1201
13470,yolo_x_cpu,1181
13471,yolo_x_cpu,1179
13472,yolo_x_cpu,1116
13473,yolo_x_cpu,1127
13474,yolo_x_cpu,1100
13475,yolo_x_cpu,1108
13476,yolo_x_cpu,1159
13477,yolo_x_cpu,1116
13478,yolo_x_cpu,1143
13479,yolo_x_cpu,1161
13480,yolo_x_cpu,1123
13481,yolo_x_cpu,1129
13482,yolo_x_cpu,1156
13483,yolo_x_cpu,1055
13484,yolo_x_cpu,1048
13485,yolo_x_cpu,1081
13486,yolo_x_cpu,1101
13487,yolo_x_cpu,1136
13488,yolo_x_cpu,1073
13489,yolo_x_cpu,1064
13490,yolo_x_cpu,1061
13491,yolo_x_cpu,1022
13492,yolo_x_cpu,1087
13493,yolo_x_cpu,1102
13494,yolo_x_cpu,1098
13495,yolo_x_cpu,1031
13496,yolo_x_cpu,1047
13497,yolo_x_cpu,1117
13498,yolo_x_cpu,1043
13499,yolo_x_cpu,1075
13500,yolo_x_cpu,1023
13501,yolo_x_cpu,1055
13502,yolo_x_cpu,1007
13503,yolo_x_cpu,995
13504,yolo_x_cpu,1048
13505,yolo_x_cpu,995
13506,yolo_x_cpu,1069
13507,yolo_x_cpu,990
13508,yolo_x_cpu,1071
13509,yolo_x_cpu,1066
13510,yolo_x_cpu,1054
13511,yolo_x_cpu,1045
13512,yolo_x_cpu,1099
13513,yolo_x_cpu,1043
13514,yolo_x_cpu,1027
13515,yolo_x_cpu,1073
13516,yolo_x_cpu,1069
13517,yolo_x_cpu,1028
13518,yolo_x_cpu,1041
13519,yolo_x_cpu,1043
13520,yolo_x_cpu,1046
13521,yolo_x_cpu,1054
13522,yolo_x_cpu,1033
13523,yolo_x_cpu,1024
13524,yolo_x_cpu,1034
13525,yolo_x_cpu,947
13526,yolo_x_cpu,900
13527,yolo_x_cpu,962
13528,yolo_x_cpu,1040
13529,yolo_x_cpu,980
13530,yolo_x_cpu,959
13531,yolo_x_cpu,1018
13532,yolo_x_cpu,1027
13533,yolo_x_cpu,1016
13534,yolo_x_cpu,981
13535,yolo_x_cpu,906
13536,yolo_x_cpu,875
13537,yolo_x_cpu,903
13538,yolo_x_cpu,901
13539,yolo_x_cpu,886
13540,yolo_x_cpu,902
13541,yolo_x_cpu,936
13542,yolo_x_cpu,933
13543,yolo_x_cpu,938
13544,yolo_x_cpu,937
13545,yolo_x_cpu,878
13546,yolo_x_cpu,898
13547,yolo_x_cpu,970
13548,yolo_x_cpu,952
13549,yolo_x_cpu,931
13550,yolo_x_cpu,968
13551,yolo_x_cpu,955
13552,yolo_x_cpu,999
13553,yolo_x_cpu,956
13554,yolo_x_cpu,1004
13555,yolo_x_cpu,972
13556,yolo_x_cpu,993
13557,yolo_x_cpu,1002
13558,yolo_x_cpu,1030
13559,yolo_x_cpu,968
13560,yolo_x_cpu,995
13561,yolo_x_cpu,986
13562,yolo_x_cpu,955
13563,yolo_x_cpu,993
13564,yolo_x_cpu,911
13565,yolo_x_cpu,903
13566,yolo_x_cpu,896
13567,yolo_x_cpu,924
13568,yolo_x_cpu,978
13569,yolo_x_cpu,967
13570,yolo_x_cpu,943
13571,yolo_x_cpu,926
13572,yolo_x_cpu,863
13573,yolo_x_cpu,898
13574,yolo_x_cpu,909
13575,yolo_x_cpu,857
13576,yolo_x_cpu,902
13577,yolo_x_cpu,924
13578,yolo_x_cpu,912
13579,yolo_x_cpu,934
13580,yolo_x_cpu,928
13581,yolo_x_cpu,934
13582,yolo_x_cpu,888
13583,yolo_x_cpu,873
13584,yolo_x_cpu,848
13585,yolo_x_cpu,826
13586,yolo_x_cpu,947
13587,yolo_x_cpu,929
13588,yolo_x_cpu,887
13589,yolo_x_cpu,889
13590,yolo_x_cpu,914
13591,yolo_x_cpu,887
13592,yolo_x_cpu,834
13593,yolo_x_cpu,852
13594,yolo_x_cpu,902
13595,yolo_x_cpu,918
13596,yolo_x_cpu,917
13597,yolo_x_cpu,929
13598,yolo_x_cpu,884
13599,yolo_x_cpu,949
13600,yolo_x_cpu,903
13601,yolo_x_cpu,863
13602,yolo_x_cpu,886
13603,yolo_x_cpu,940
13604,yolo_x_cpu,909
13605,yolo_x_cpu,916
13606,yolo_x_cpu,900
13607,yolo_x_cpu,917
13608,yolo_x_cpu,807
13609,yolo_x_cpu,889
13610,yolo_x_cpu,864
13611,yolo_x_cpu,845
13612,yolo_x_cpu,897
13613,yolo_x_cpu,810
13614,yolo_x_cpu,783
13615,yolo_x_cpu,803
13616,yolo_x_cpu,864
13617,yolo_x_cpu,818
13618,yolo_x_cpu,836
13619,yolo_x_cpu,785
13620,yolo_x_cpu,808
13621,yolo_x_cpu,782
13622,yolo_x_cpu,729
13623,yolo_x_cpu,749
13624,yolo_x_cpu,837
13625,yolo_x_cpu,775
13626,yolo_x_cpu,856
13627,yolo_x_cpu,870
13628,yolo_x_cpu,863
13629,yolo_x_cpu,859
13630,yolo_x_cpu,860
13631,yolo_x_cpu,873
13632,yolo_x_cpu,865
13633,yolo_x_cpu,956
13634,yolo_x_cpu,924
13635,yolo_x_cpu,870
13636,yolo_x_cpu,864
13637,yolo_x_cpu,807
13638,yolo_x_cpu,794
13639,yolo_x_cpu,791
13640,yolo_x_cpu,869
13641,yolo_x_cpu,909
13642,yolo_x_cpu,840
13643,yolo_x_cpu,888
13644,yolo_x_cpu,851
13645,yolo_x_cpu,858
13646,yolo_x_cpu,819
13647,yolo_x_cpu,841
13648,yolo_x_cpu,846
13649,yolo_x_cpu,860
13650,yolo_x_cpu,871
13651,yolo_x_cpu,880
13652,yolo_x_cpu,779
13653,yolo_x_cpu,758
13654,yolo_x_cpu,798
13655,yolo_x_cpu,803
13656,yolo_x_cpu,790
13657,yolo_x_cpu,750
13658,yolo_x_cpu,740
13659,yolo_x_cpu,718
13660,yolo_x_cpu,693
13661,yolo_x_cpu,688
13662,yolo_x_cpu,620
13663,yolo_x_cpu,712
13664,yolo_x_cpu,721
13665,yolo_x_cpu,695
13666,yolo_x_cpu,733
13667,yolo_x_cpu,772
13668,yolo_x_cpu,762
13669,yolo_x_cpu,764
13670,yolo_x_cpu,764
13671,yolo_x_cpu,747
13672,yolo_x_cpu,750
13673,yolo_x_cpu,734
13674,yolo_x_cpu,770
13675,yolo_x_cpu,770
13676,yolo_x_cpu,762
13677,yolo_x_cpu,758
13678,yolo_x_cpu,749
13679,yolo_x_cpu,756
13680,yolo_x_cpu,680
13681,yolo_x_cpu,697
13682,yolo_x_cpu,766
13683,yolo_x_cpu,750
13684,yolo_x_cpu,727
13685,yolo_x_cpu,660
13686,yolo_x_cpu,613
13687,yolo_x_cpu,682
13688,yolo_x_cpu,740
13689,yolo_x_cpu,739
13690,yolo_x_cpu,729
13691,yolo_x_cpu,773
13692,yolo_x_cpu,731
13693,yolo_x_cpu,744
13694,yolo_x_cpu,750
13695,yolo_x_cpu,784
13696,yolo_x_cpu,781
13697,yolo_x_cpu,755
13698,yolo_x_cpu,710
13699,yolo_x_cpu,664
13700,yolo_x_cpu,707
13701,yolo_x_cpu,673
13702,yolo_x_cpu,576
13703,yolo_x_cpu,622
13704,yolo_x_cpu,643
13705,yolo_x_cpu,675
13706,yolo_x_cpu,650
13707,yolo_x_cpu,670
13708,yolo_x_cpu,649
13709,yolo_x_cpu,643
13710,yolo_x_cpu,600
13711,yolo_x_cpu,592
13712,yolo_x_cpu,572
13713,yolo_x_cpu,607
13714,yolo_x_cpu,597
13715,yolo_x_cpu,652
13716,yolo_x_cpu,691
13717,yolo_x_cpu,675
13718,yolo_x_cpu,590
13719,yolo_x_cpu,664
13720,yolo_x_cpu,664
13721,yolo_x_cpu,663
13722,yolo_x_cpu,659
13723,yolo_x_cpu,694
13724,yolo_x_cpu,679
13725,yolo_x_cpu,645
13726,yolo_x_cpu,665
13727,yolo_x_cpu,684
13728,yolo_x_cpu,674
13729,yolo_x_cpu,723
13730,yolo_x_cpu,628
13731,yolo_x_cpu,618
13732,yolo_x_cpu,640
13733,yolo_x_cpu,602
13734,yolo_x_cpu,630
13735,yolo_x_cpu,582
13736,yolo_x_cpu,602
13737,yolo_x_cpu,629
13738,yolo_x_cpu,628
13739,yolo_x_cpu,658
13740,yolo_x_cpu,697
13741,yolo_x_cpu,716
13742,yolo_x_cpu,723
13743,yolo_x_cpu,677
13744,yolo_x_cpu,679
13745,yolo_x_cpu,679
13746,yolo_x_cpu,636
13747,yolo_x_cpu,658
13748,yolo_x_cpu,664
13749,yolo_x_cpu,638
13750,yolo_x_cpu,614
13751,yolo_x_cpu,570
13752,yolo_x_cpu,537
13753,yolo_x_cpu,575
13754,yolo_x_cpu,589
13755,yolo_x_cpu,557
13756,yolo_x_cpu,599
13757,yolo_x_cpu,580
13758,yolo_x_cpu,611
13759,yolo_x_cpu,597
13760,yolo_x_cpu,564
13761,yolo_x_cpu,576
13762,yolo_x_cpu,627
13763,yolo_x_cpu,642
13764,yolo_x_cpu,625
13765,yolo_x_cpu,623
13766,yolo_x_cpu,597
13767,yolo_x_cpu,577
13768,yolo_x_cpu,576
13769,yolo_x_cpu,598
13770,yolo_x_cpu,547
13771,yolo_x_cpu,496
13772,yolo_x_cpu,487
13773,yolo_x_cpu,509
13774,yolo_x_cpu,489
13775,yolo_x_cpu,516
13776,yolo_x_cpu,526
13777,yolo_x_cpu,577
13778,yolo_x_cpu,549
13779,yolo_x_cpu,529
13780,yolo_x_cpu,511
13781,yolo_x_cpu,509
13782,yolo_x_cpu,541
13783,yolo_x_cpu,469
13784,yolo_x_cpu,478
13785,yolo_x_cpu,459
13786,yolo_x_cpu,481
13787,yolo_x_cpu,479
13788,yolo_x_cpu,465
13789,yolo_x_cpu,496
13790,yolo_x_cpu,487
13791,yolo_x_cpu,468
13792,yolo_x_cpu,461
13793,yolo_x_cpu,493
13794,yolo_x_cpu,482
13795,yolo_x_cpu,506
13796,yolo_x_cpu,476
13797,yolo_x_cpu,457
13798,yolo_x_cpu,458
13799,yolo_x_cpu,452
13800,yolo_x_cpu,408
13801,yolo_x_cpu,453
13802,yolo_x_cpu,428
13803,yolo_x_cpu,449
13804,yolo_x_cpu,407
13805,yolo_x_cpu,393
13806,yolo_x_cpu,439
13807,yolo_x_cpu,423
13808,yolo_x_cpu,430
13809,yolo_x_cpu,342
13810,yolo_x_cpu,337
13811,yolo_x_cpu,391
13812,yolo_x_cpu,374
13813,yolo_x_cpu,362
13814,yolo_x_cpu,347
13815,yolo_x_cpu,302
13816,yolo_x_cpu,363
13817,yolo_x_cpu,314
13818,yolo_x_cpu,368
13819,yolo_x_cpu,325
13820,yolo_x_cpu,327
13821,yolo_x_cpu,364
13822,yolo_x_cpu,377
13823,yolo_x_cpu,384
13824,yolo_x_cpu,357
13825,yolo_x_cpu,354
13826,yolo_x_cpu,349
13827,yolo_x_cpu,353
13828,yolo_x_cpu,366
13829,yolo_x_cpu,395
13830,yolo_x_cpu,384
13831,yolo_x_cpu,391
13832,yolo_x_cpu,358
13833,yolo_x_cpu,374
13834,yolo_x_cpu,380
13835,yolo_x_cpu,406
13836,yolo_x_cpu,353
13837,yolo_x_cpu,362
13838,yolo_x_cpu,375
13839,yolo_x_cpu,355
13840,yolo_x_cpu,358
13841,yolo_x_cpu,343
13842,yolo_x_cpu,317
13843,yolo_x_cpu,338
13844,yolo_x_cpu,326
13845,yolo_x_cpu,319
13846,yolo_x_cpu,330
13847,yolo_x_cpu,331
13848,yolo_x_cpu,312
13849,yolo_x_cpu,279
13850,yolo_x_cpu,329
13851,yolo_x_cpu,320
13852,yolo_x_cpu,313
13853,yolo_x_cpu,321
13854,yolo_x_cpu,304
13855,yolo_x_cpu,306
13856,yolo_x_cpu,307
13857,yolo_x_cpu,280
13858,yolo_x_cpu,259
13859,yolo_x_cpu,237
13860,yolo_x_cpu,243
13861,yolo_x_cpu,261
13862,yolo_x_cpu,250
13863,yolo_x_cpu,204
13864,yolo_x_cpu,259
13865,yolo_x_cpu,259
13866,yolo_x_cpu,284
13867,yolo_x_cpu,262
13868,yolo_x_cpu,245
13869,yolo_x_cpu,259
13870,yolo_x_cpu,199
13871,yolo_x_cpu,227
13872,yolo_x_cpu,268
13873,yolo_x_cpu,208
13874,yolo_x_cpu,206
13875,yolo_x_cpu,188
13876,yolo_x_cpu,173
13877,yolo_x_cpu,167
13878,yolo_x_cpu,174
13879,yolo_x_cpu,162
13880,yolo_x_cpu,181
13881,yolo_x_cpu,162
13882,yolo_x_cpu,157
13883,yolo_x_cpu,194
13884,yolo_x_cpu,189
13885,yolo_x_cpu,210
13886,yolo_x_cpu,198
13887,yolo_x_cpu,196
13888,yolo_x_cpu,183
13889,yolo_x_cpu,191
13890,yolo_x_cpu,168
13891,yolo_x_cpu,182
13892,yolo_x_cpu,164
13893,yolo_x_cpu,173
13894,yolo_x_cpu,184
13895,yolo_x_cpu,128
13896,yolo_x_cpu,175
13897,yolo_x_cpu,201
13898,yolo_x_cpu,166
13899,yolo_x_cpu,201
13900,yolo_x_cpu,217
13901,yolo_x_cpu,206
13902,yolo_x_cpu,180
13903,yolo_x_cpu,146
13904,yolo_x_cpu,137
13905,yolo_x_cpu,146
13906,yolo_x_cpu,125
13907,yolo_x_cpu,162
13908,yolo_x_cpu,168
13909,yolo_x_cpu,174
13910,yolo_x_cpu,181
13911,yolo_x_cpu,163
13912,yolo_x_cpu,159
13913,yolo_x_cpu,165
13914,yolo_x_cpu,172
13915,yolo_x_cpu,157
13916,yolo_x_cpu,142
13917,yolo_x_cpu,168
13918,yolo_x_cpu,131
13919,yolo_x_cpu,132
13920,yolo_x_cpu,149
13921,yolo_x_cpu,145
13922,yolo_x_cpu,145
13923,yolo_x_cpu,171
13924,yolo_x_cpu,180
13925,yolo_x_cpu,159
13926,yolo_x_cpu,143
13927,yolo_x_cpu,145
13928,yolo_x_cpu,141
13929,yolo_x_cpu,134
13930,yolo_x_cpu,117
13931,yolo_x_cpu,124
13932,yolo_x_cpu,136
13933,yolo_x_cpu,125
13934,yolo_x_cpu,123
13935,yolo_x_cpu,124
13936,yolo_x_cpu,118
13937,yolo_x_cpu,149
13938,yolo_x_cpu,124
13939,yolo_x_cpu,153
13940,yolo_x_cpu,153
13941,yolo_x_cpu,140
13942,yolo_x_cpu,131
13943,yolo_x_cpu,129
13944,yolo_x_cpu,95
13945,yolo_x_cpu,86
13946,yolo_x_cpu,92
13947,yolo_x_cpu,106
13948,yolo_x_cpu,81
13949,yolo_x_cpu,88
13950,yolo_x_cpu,122
13951,yolo_x_cpu,127
13952,yolo_x_cpu,108
13953,yolo_x_cpu,105
13954,yolo_x_cpu,108
13955,yolo_x_cpu,108
13956,yolo_x_cpu,119
13957,yolo_x_cpu,113
13958,yolo_x_cpu,110
13959,yolo_x_cpu,91
13960,yolo_x_cpu,89
13961,yolo_x_cpu,87
13962,yolo_x_cpu,96
13963,yolo_x_cpu,77
13964,yolo_x_cpu,65
13965,yolo_x_cpu,64
13966,yolo_x_cpu,66
13967,yolo_x_cpu,76
13968,yolo_x_cpu,82
13969,yolo_x_cpu,89
13970,yolo_x_cpu,100
13971,yolo_x_cpu,99
13972,yolo_x_cpu,88
13973,yolo_x_cpu,68
13974,yolo_x_cpu,61
13975,yolo_x_cpu,48
13976,yolo_x_cpu,53
13977,yolo_x_cpu,63
13978,yolo_x_cpu,42
13979,yolo_x_cpu,63
13980,yolo_x_cpu,72
13981,yolo_x_cpu,73
13982,yolo_x_cpu,91
13983,yolo_x_cpu,83
13984,yolo_x_cpu,83
13985,yolo_x_cpu,82
13986,yolo_x_cpu,79
13987,yolo_x_cpu,64
13988,yolo_x_cpu,66
13989,yolo_x_cpu,64
13990,yolo_x_cpu,63
13991,yolo_x_cpu,50
13992,yolo_x_cpu,36
13993,yolo_x_cpu,60
13994,yolo_x_cpu,46
13995,yolo_x_cpu,30
13996,yolo_x_cpu,37
13997,yolo_x_cpu,43
13998,yolo_x_cpu,54
13999,yolo_x_cpu,61
14000,yolo_x_cpu,69
14001,yolo_x_cpu,72
14002,yolo_x_cpu,64
14003,yolo_x_cpu,46
14004,yolo_x_cpu,32
14005,yolo_x_cpu,41
14006,yolo_x_cpu,28
14007,yolo_x_cpu,35
14008,yolo_x_cpu,35
14009,yolo_x_cpu,36
14010,yolo_x_cpu,32
14011,yolo_x_cpu,21
14012,yolo_x_cpu,24
14013,yolo_x_cpu,40
14014,yolo_x_cpu,47
14015,yolo_x_cpu,57
14016,yolo_x_cpu,44
14017,yolo_x_cpu,41
14018,yolo_x_cpu,39
14019,yolo_x_cpu,32
14020,yolo_x_cpu,23
14021,yolo_x_cpu,28
14022,yolo_x_cpu,45
14023,yolo_x_cpu,43
14024,yolo_x_cpu,41
14025,yolo_x_cpu,49
14026,yolo_x_cpu,41
14027,yolo_x_cpu,32
14028,yolo_x_cpu,40
14029,yolo_x_cpu,38
14030,yolo_x_cpu,30
14031,yolo_x_cpu,35
14032,yolo_x_cpu,37
14033,yolo_x_cpu,55
14034,yolo_x_cpu,39
14035,yolo_x_cpu,42
14036,yolo_x_cpu,41
14037,yolo_x_cpu,42
14038,yolo_x_cpu,34
14039,yolo_x_cpu,28
14040,yolo_x_cpu,21
14041,yolo_x_cpu,34
14042,yolo_x_cpu,43
14043,yolo_x_cpu,45
14044,yolo_x_cpu,39
14045,yolo_x_cpu,39
14046,yolo_x_cpu,39
14047,yolo_x_cpu,35
14048,yolo_x_cpu,43
14049,yolo_x_cpu,37
14050,yolo_x_cpu,40
14051,yolo_x_cpu,32
14052,yolo_x_cpu,45
14053,yolo_x_cpu,33
14054,yolo_x_cpu,38
14055,yolo_x_cpu,28
14056,yolo_x_cpu,39
14057,yolo_x_cpu,54
14058,yolo_x_cpu,41
14059,yolo_x_cpu,50
14060,yolo_x_cpu,58
14061,yolo_x_cpu,59
14062,yolo_x_cpu,57
14063,yolo_x_cpu,50
14064,yolo_x_cpu,73
14065,yolo_x_cpu,52
14066,yolo_x_cpu,61
14067,yolo_x_cpu,52
14068,yolo_x_cpu,54
14069,yolo_x_cpu,38
14070,yolo_x_cpu,27
14071,yolo_x_cpu,37
14072,yolo_x_cpu,50
14073,yolo_x_cpu,57
14074,yolo_x_cpu,57
14075,yolo_x_cpu,54
14076,yolo_x_cpu,43
14077,yolo_x_cpu,40
14078,yolo_x_cpu,40
14079,yolo_x_cpu,34
14080,yolo_x_cpu,30
14081,yolo_x_cpu,42
14082,yolo_x_cpu,35
14083,yolo_x_cpu,43
14084,yolo_x_cpu,38
14085,yolo_x_cpu,35
14086,yolo_x_cpu,35
14087,yolo_x_cpu,43
14088,yolo_x_cpu,33
14089,yolo_x_cpu,36
14090,yolo_x_cpu,25
14091,yolo_x_cpu,36
14092,yolo_x_cpu,36
14093,yolo_x_cpu,42
14094,yolo_x_cpu,36
14095,yolo_x_cpu,33
14096,yolo_x_cpu,34
14097,yolo_x_cpu,36
14098,yolo_x_cpu,34
14099,yolo_x_cpu,32
14100,yolo_x_cpu,71
14101,yolo_x_cpu,3049
14102,yolo_x_cpu,3177
14103,yolo_x_cpu,2264
14104,yolo_x_cpu,453
14105,yolo_x_cpu,370
14106,yolo_x_cpu,311
14107,yolo_x_cpu,271
14108,yolo_x_cpu,209
14109,yolo_x_cpu,158
14110,yolo_x_cpu,158
14111,yolo_x_cpu,230
14112,yolo_x_cpu,216
14113,yolo_x_cpu,277
14114,yolo_x_cpu,316
14115,yolo_x_cpu,290
14116,yolo_x_cpu,287
14117,yolo_x_cpu,265
14118,yolo_x_cpu,228
14119,yolo_x_cpu,231
14120,yolo_x_cpu,236
14121,yolo_x_cpu,162
14122,yolo_x_cpu,169
14123,yolo_x_cpu,180
14124,yolo_x_cpu,246
14125,yolo_x_cpu,211
14126,yolo_x_cpu,143
14127,yolo_x_cpu,126
14128,yolo_x_cpu,103
14129,yolo_x_cpu,100
14130,yolo_x_cpu,110
14131,yolo_x_cpu,104
14132,yolo_x_cpu,84
14133,yolo_x_cpu,109
14134,yolo_x_cpu,120
14135,yolo_x_cpu,110
14136,yolo_x_cpu,116
14137,yolo_x_cpu,127
14138,yolo_x_cpu,123
14139,yolo_x_cpu,79
14140,yolo_x_cpu,89
14141,yolo_x_cpu,88
14142,yolo_x_cpu,76
14143,yolo_x_cpu,80
14144,yolo_x_cpu,69
14145,yolo_x_cpu,97
14146,yolo_x_cpu,105
14147,yolo_x_cpu,78
14148,yolo_x_cpu,96
14149,yolo_x_cpu,111
14150,yolo_x_cpu,129
14151,yolo_x_cpu,111
14152,yolo_x_cpu,137
14153,yolo_x_cpu,107
14154,yolo_x_cpu,79
14155,yolo_x_cpu,43
14156,yolo_x_cpu,85
14157,yolo_x_cpu,107
14158,yolo_x_cpu,89
14159,yolo_x_cpu,80
14160,yolo_x_cpu,87
14161,yolo_x_cpu,61
14162,yolo_x_cpu,49
14163,yolo_x_cpu,83
14164,yolo_x_cpu,81
14165,yolo_x_cpu,55
14166,yolo_x_cpu,50
14167,yolo_x_cpu,58
14168,yolo_x_cpu,74
14169,yolo_x_cpu,72
14170,yolo_x_cpu,53
14171,yolo_x_cpu,46
14172,yolo_x_cpu,46
14173,yolo_x_cpu,55
14174,yolo_x_cpu,47
14175,yolo_x_cpu,51
14176,yolo_x_cpu,25
14177,yolo_x_cpu,24
14178,yolo_x_cpu,58
14179,yolo_x_cpu,53
14180,yolo_x_cpu,28
14181,yolo_x_cpu,33
14182,yolo_x_cpu,68
14183,yolo_x_cpu,83
14184,yolo_x_cpu,64
14185,yolo_x_cpu,123
14186,yolo_x_cpu,100
14187,yolo_x_cpu,65
14188,yolo_x_cpu,52
14189,yolo_x_cpu,39
14190,yolo_x_cpu,27
14191,yolo_x_cpu,17
14192,yolo_x_cpu,15
14193,yolo_x_cpu,28
14194,yolo_x_cpu,26
14195,yolo_x_cpu,25
14196,yolo_x_cpu,28
14197,yolo_x_cpu,24
14198,yolo_x_cpu,22
14199,yolo_x_cpu,19
14200,yolo_x_cpu,13
14201,yolo_x_cpu,21
14202,yolo_x_cpu,16
14203,yolo_x_cpu,12
14204,yolo_x_cpu,21
14205,yolo_x_cpu,17
14206,yolo_x_cpu,12
14207,yolo_x_cpu,11
14208,yolo_x_cpu,11
14209,yolo_x_cpu,21
14210,yolo_x_cpu,24
14211,yolo_x_cpu,22
14212,yolo_x_cpu,27
14213,yolo_x_cpu,43
14214,yolo_x_cpu,61
14215,yolo_x_cpu,83
14216,yolo_x_cpu,36
14217,yolo_x_cpu,62
14218,yolo_x_cpu,55
14219,yolo_x_cpu,79
14220,yolo_x_cpu,79
14221,yolo_x_cpu,63
14222,yolo_x_cpu,68
14223,yolo_x_cpu,35
14224,yolo_x_cpu,25
14225,yolo_x_cpu,12
14226,yolo_x_cpu,13
14227,yolo_x_cpu,34
14228,yolo_x_cpu,38
14229,yolo_x_cpu,31
14230,yolo_x_cpu,31
14231,yolo_x_cpu,33
14232,yolo_x_cpu,28
14233,yolo_x_cpu,24
14234,yolo_x_cpu,22
14235,yolo_x_cpu,45
14236,yolo_x_cpu,24
14237,yolo_x_cpu,28
14238,yolo_x_cpu,31
14239,yolo_x_cpu,29
14240,yolo_x_cpu,24
14241,yolo_x_cpu,28
14242,yolo_x_cpu,23
14243,yolo_x_cpu,14
14244,yolo_x_cpu,27
14245,yolo_x_cpu,25
14246,yolo_x_cpu,20
14247,yolo_x_cpu,9
14248,yolo_x_cpu,15
14249,yolo_x_cpu,10
14250,yolo_x_cpu,20
14251,yolo_x_cpu,12
14252,yolo_x_cpu,20
14253,yolo_x_cpu,20
14254,yolo_x_cpu,20
14255,yolo_x_cpu,28
14256,yolo_x_cpu,42
14257,yolo_x_cpu,39
14258,yolo_x_cpu,60
14259,yolo_x_cpu,35
14260,yolo_x_cpu,39
14261,yolo_x_cpu,36
14262,yolo_x_cpu,48
14263,yolo_x_cpu,38
14264,yolo_x_cpu,31
14265,yolo_x_cpu,34
14266,yolo_x_cpu,44
14267,yolo_x_cpu,29
14268,yolo_x_cpu,21
14269,yolo_x_cpu,25
14270,yolo_x_cpu,32
14271,yolo_x_cpu,28
14272,yolo_x_cpu,29
14273,yolo_x_cpu,26
14274,yolo_x_cpu,19
14275,yolo_x_cpu,21
14276,yolo_x_cpu,26
14277,yolo_x_cpu,36
14278,yolo_x_cpu,26
14279,yolo_x_cpu,32
14280,yolo_x_cpu,19
14281,yolo_x_cpu,21
14282,yolo_x_cpu,28
14283,yolo_x_cpu,22
14284,yolo_x_cpu,28
14285,yolo_x_cpu,36
14286,yolo_x_cpu,48
14287,yolo_x_cpu,59
14288,yolo_x_cpu,67
14289,yolo_x_cpu,72
14290,yolo_x_cpu,64
14291,yolo_x_cpu,56
14292,yolo_x_cpu,54
14293,yolo_x_cpu,66
14294,yolo_x_cpu,92
14295,yolo_x_cpu,80
14296,yolo_x_cpu,74
14297,yolo_x_cpu,70
14298,yolo_x_cpu,86
14299,yolo_x_cpu,77
14300,yolo_x_cpu,67
14301,yolo_x_cpu,68
14302,yolo_x_cpu,73
14303,yolo_x_cpu,73
14304,yolo_x_cpu,86
14305,yolo_x_cpu,88
14306,yolo_x_cpu,99
14307,yolo_x_cpu,107
14308,yolo_x_cpu,104
14309,yolo_x_cpu,112
14310,yolo_x_cpu,117
14311,yolo_x_cpu,134
14312,yolo_x_cpu,135
14313,yolo_x_cpu,147
14314,yolo_x_cpu,135
14315,yolo_x_cpu,136
14316,yolo_x_cpu,151
14317,yolo_x_cpu,184
14318,yolo_x_cpu,181
14319,yolo_x_cpu,181
14320,yolo_x_cpu,182
14321,yolo_x_cpu,202
14322,yolo_x_cpu,198
14323,yolo_x_cpu,248
14324,yolo_x_cpu,239
14325,yolo_x_cpu,234
14326,yolo_x_cpu,244
14327,yolo_x_cpu,250
14328,yolo_x_cpu,258
14329,yolo_x_cpu,234
14330,yolo_x_cpu,285
14331,yolo_x_cpu,276
14332,yolo_x_cpu,280
14333,yolo_x_cpu,282
14334,yolo_x_cpu,294
14335,yolo_x_cpu,283
14336,yolo_x_cpu,271
14337,yolo_x_cpu,352
14338,yolo_x_cpu,328
14339,yolo_x_cpu,372
14340,yolo_x_cpu,376
14341,yolo_x_cpu,384
14342,yolo_x_cpu,376
14343,yolo_x_cpu,406
14344,yolo_x_cpu,441
14345,yolo_x_cpu,451
14346,yolo_x_cpu,444
14347,yolo_x_cpu,437
14348,yolo_x_cpu,488
14349,yolo_x_cpu,436
14350,yolo_x_cpu,461
14351,yolo_x_cpu,418
14352,yolo_x_cpu,477
14353,yolo_x_cpu,473
14354,yolo_x_cpu,484
14355,yolo_x_cpu,544
14356,yolo_x_cpu,465
14357,yolo_x_cpu,573
14358,yolo_x_cpu,526
14359,yolo_x_cpu,542
14360,yolo_x_cpu,556
14361,yolo_x_cpu,582
14362,yolo_x_cpu,535
14363,yolo_x_cpu,592
14364,yolo_x_cpu,593
14365,yolo_x_cpu,692
14366,yolo_x_cpu,615
14367,yolo_x_cpu,597
14368,yolo_x_cpu,560
14369,yolo_x_cpu,657
14370,yolo_x_cpu,726
14371,yolo_x_cpu,673
14372,yolo_x_cpu,703
14373,yolo_x_cpu,688
14374,yolo_x_cpu,655
14375,yolo_x_cpu,778
14376,yolo_x_cpu,798
14377,yolo_x_cpu,753
14378,yolo_x_cpu,823
14379,yolo_x_cpu,783
14380,yolo_x_cpu,731
14381,yolo_x_cpu,761
14382,yolo_x_cpu,834
14383,yolo_x_cpu,810
14384,yolo_x_cpu,855
14385,yolo_x_cpu,955
14386,yolo_x_cpu,919
14387,yolo_x_cpu,976
14388,yolo_x_cpu,970
14389,yolo_x_cpu,935
14390,yolo_x_cpu,963
14391,yolo_x_cpu,908
14392,yolo_x_cpu,936
14393,yolo_x_cpu,896
14394,yolo_x_cpu,862
14395,yolo_x_cpu,916
14396,yolo_x_cpu,903
14397,yolo_x_cpu,862
14398,yolo_x_cpu,882
14399,yolo_x_cpu,845
14400,yolo_x_cpu,894
14401,yolo_x_cpu,993
14402,yolo_x_cpu,977
14403,yolo_x_cpu,925
14404,yolo_x_cpu,918
14405,yolo_x_cpu,935
14406,yolo_x_cpu,935
14407,yolo_x_cpu,917
14408,yolo_x_cpu,915
14409,yolo_x_cpu,890
14410,yolo_x_cpu,944
14411,yolo_x_cpu,870
14412,yolo_x_cpu,911
14413,yolo_x_cpu,895
14414,yolo_x_cpu,860
14415,yolo_x_cpu,885
14416,yolo_x_cpu,877
14417,yolo_x_cpu,814
14418,yolo_x_cpu,830
14419,yolo_x_cpu,850
14420,yolo_x_cpu,854
14421,yolo_x_cpu,859
14422,yolo_x_cpu,859
14423,yolo_x_cpu,921
14424,yolo_x_cpu,859
14425,yolo_x_cpu,876
14426,yolo_x_cpu,904
14427,yolo_x_cpu,885
14428,yolo_x_cpu,876
14429,yolo_x_cpu,923
14430,yolo_x_cpu,856
14431,yolo_x_cpu,816
14432,yolo_x_cpu,830
14433,yolo_x_cpu,800
14434,yolo_x_cpu,821
14435,yolo_x_cpu,818
14436,yolo_x_cpu,883
14437,yolo_x_cpu,809
14438,yolo_x_cpu,832
14439,yolo_x_cpu,774
14440,yolo_x_cpu,833
14441,yolo_x_cpu,836
14442,yolo_x_cpu,816
14443,yolo_x_cpu,898
14444,yolo_x_cpu,843
14445,yolo_x_cpu,829
14446,yolo_x_cpu,871
14447,yolo_x_cpu,836
14448,yolo_x_cpu,908
14449,yolo_x_cpu,893
14450,yolo_x_cpu,870
14451,yolo_x_cpu,908
14452,yolo_x_cpu,947
14453,yolo_x_cpu,882
14454,yolo_x_cpu,899
14455,yolo_x_cpu,892
14456,yolo_x_cpu,925
14457,yolo_x_cpu,940
14458,yolo_x_cpu,898
14459,yolo_x_cpu,982
14460,yolo_x_cpu,926
14461,yolo_x_cpu,889
14462,yolo_x_cpu,945
14463,yolo_x_cpu,936
14464,yolo_x_cpu,972
14465,yolo_x_cpu,973
14466,yolo_x_cpu,943
14467,yolo_x_cpu,935
14468,yolo_x_cpu,945
14469,yolo_x_cpu,960
14470,yolo_x_cpu,918
14471,yolo_x_cpu,967
14472,yolo_x_cpu,965
14473,yolo_x_cpu,967
14474,yolo_x_cpu,915
14475,yolo_x_cpu,986
14476,yolo_x_cpu,951
14477,yolo_x_cpu,967
14478,yolo_x_cpu,969
14479,yolo_x_cpu,957
14480,yolo_x_cpu,888
14481,yolo_x_cpu,905
14482,yolo_x_cpu,944
14483,yolo_x_cpu,944
14484,yolo_x_cpu,979
14485,yolo_x_cpu,909
14486,yolo_x_cpu,926
14487,yolo_x_cpu,927
14488,yolo_x_cpu,1011
14489,yolo_x_cpu,977
14490,yolo_x_cpu,959
14491,yolo_x_cpu,1004
14492,yolo_x_cpu,948
14493,yolo_x_cpu,951
14494,yolo_x_cpu,919
14495,yolo_x_cpu,929
14496,yolo_x_cpu,957
14497,yolo_x_cpu,944
14498,yolo_x_cpu,947
14499,yolo_x_cpu,917
14500,yolo_x_cpu,910
14501,yolo_x_cpu,901
14502,yolo_x_cpu,937
14503,yolo_x_cpu,964
14504,yolo_x_cpu,918
14505,yolo_x_cpu,886
14506,yolo_x_cpu,855
14507,yolo_x_cpu,849
14508,yolo_x_cpu,936
14509,yolo_x_cpu,896
14510,yolo_x_cpu,899
14511,yolo_x_cpu,876
14512,yolo_x_cpu,867
14513,yolo_x_cpu,904
14514,yolo_x_cpu,915
14515,yolo_x_cpu,949
14516,yolo_x_cpu,1014
14517,yolo_x_cpu,1010
14518,yolo_x_cpu,968
14519,yolo_x_cpu,1017
14520,yolo_x_cpu,1087
14521,yolo_x_cpu,1069
14522,yolo_x_cpu,1003
14523,yolo_x_cpu,1084
14524,yolo_x_cpu,1058
14525,yolo_x_cpu,1097
14526,yolo_x_cpu,1058
14527,yolo_x_cpu,1114
14528,yolo_x_cpu,1133
14529,yolo_x_cpu,1113
14530,yolo_x_cpu,1102
14531,yolo_x_cpu,1134
14532,yolo_x_cpu,1123
14533,yolo_x_cpu,1112
14534,yolo_x_cpu,1079
14535,yolo_x_cpu,1121
14536,yolo_x_cpu,1107
14537,yolo_x_cpu,1066
14538,yolo_x_cpu,1027
14539,yolo_x_cpu,1100
14540,yolo_x_cpu,1088
14541,yolo_x_cpu,1084
14542,yolo_x_cpu,1027
14543,yolo_x_cpu,1009
14544,yolo_x_cpu,1050
14545,yolo_x_cpu,1036
14546,yolo_x_cpu,977
14547,yolo_x_cpu,937
14548,yolo_x_cpu,969
14549,yolo_x_cpu,1027
14550,yolo_x_cpu,1062
14551,yolo_x_cpu,1088
14552,yolo_x_cpu,1000
14553,yolo_x_cpu,1027
14554,yolo_x_cpu,967
14555,yolo_x_cpu,1045
14556,yolo_x_cpu,1014
14557,yolo_x_cpu,982
14558,yolo_x_cpu,927
14559,yolo_x_cpu,929
14560,yolo_x_cpu,892
14561,yolo_x_cpu,1030
14562,yolo_x_cpu,1082
14563,yolo_x_cpu,1021
14564,yolo_x_cpu,1061
14565,yolo_x_cpu,1029
14566,yolo_x_cpu,1024
14567,yolo_x_cpu,1016
14568,yolo_x_cpu,943
14569,yolo_x_cpu,1004
14570,yolo_x_cpu,923
14571,yolo_x_cpu,902
14572,yolo_x_cpu,939
14573,yolo_x_cpu,1016
14574,yolo_x_cpu,1022
14575,yolo_x_cpu,1027
14576,yolo_x_cpu,976
14577,yolo_x_cpu,936
14578,yolo_x_cpu,1024
14579,yolo_x_cpu,901
14580,yolo_x_cpu,943
14581,yolo_x_cpu,907
14582,yolo_x_cpu,871
14583,yolo_x_cpu,858
14584,yolo_x_cpu,848
14585,yolo_x_cpu,827
14586,yolo_x_cpu,829
14587,yolo_x_cpu,916
14588,yolo_x_cpu,885
14589,yolo_x_cpu,893
14590,yolo_x_cpu,971
14591,yolo_x_cpu,996
14592,yolo_x_cpu,984
14593,yolo_x_cpu,1006
14594,yolo_x_cpu,1031
14595,yolo_x_cpu,955
14596,yolo_x_cpu,923
14597,yolo_x_cpu,975
14598,yolo_x_cpu,912
14599,yolo_x_cpu,804
14600,yolo_x_cpu,906
14601,yolo_x_cpu,947
14602,yolo_x_cpu,960
14603,yolo_x_cpu,878
14604,yolo_x_cpu,898
14605,yolo_x_cpu,820
14606,yolo_x_cpu,891
14607,yolo_x_cpu,910
14608,yolo_x_cpu,887
14609,yolo_x_cpu,886
14610,yolo_x_cpu,917
14611,yolo_x_cpu,915
14612,yolo_x_cpu,961
14613,yolo_x_cpu,893
14614,yolo_x_cpu,1020
14615,yolo_x_cpu,996
14616,yolo_x_cpu,933
14617,yolo_x_cpu,927
14618,yolo_x_cpu,891
14619,yolo_x_cpu,956
14620,yolo_x_cpu,946
14621,yolo_x_cpu,951
14622,yolo_x_cpu,904
14623,yolo_x_cpu,1011
14624,yolo_x_cpu,1056
14625,yolo_x_cpu,1004
14626,yolo_x_cpu,977
14627,yolo_x_cpu,1002
14628,yolo_x_cpu,933
14629,yolo_x_cpu,919
14630,yolo_x_cpu,961
14631,yolo_x_cpu,867
14632,yolo_x_cpu,930
14633,yolo_x_cpu,979
14634,yolo_x_cpu,958
14635,yolo_x_cpu,967
14636,yolo_x_cpu,959
14637,yolo_x_cpu,939
14638,yolo_x_cpu,977
14639,yolo_x_cpu,970
14640,yolo_x_cpu,976
14641,yolo_x_cpu,999
14642,yolo_x_cpu,1048
14643,yolo_x_cpu,979
14644,yolo_x_cpu,991
14645,yolo_x_cpu,988
14646,yolo_x_cpu,971
14647,yolo_x_cpu,975
14648,yolo_x_cpu,892
14649,yolo_x_cpu,911
14650,yolo_x_cpu,915
14651,yolo_x_cpu,911
14652,yolo_x_cpu,910
14653,yolo_x_cpu,923
14654,yolo_x_cpu,867
14655,yolo_x_cpu,910
14656,yolo_x_cpu,888
14657,yolo_x_cpu,943
14658,yolo_x_cpu,887
14659,yolo_x_cpu,841
14660,yolo_x_cpu,869
14661,yolo_x_cpu,892
14662,yolo_x_cpu,773
14663,yolo_x_cpu,837
14664,yolo_x_cpu,832
14665,yolo_x_cpu,910
14666,yolo_x_cpu,882
14667,yolo_x_cpu,910
14668,yolo_x_cpu,978
14669,yolo_x_cpu,895
14670,yolo_x_cpu,837
14671,yolo_x_cpu,818
14672,yolo_x_cpu,842
14673,yolo_x_cpu,794
14674,yolo_x_cpu,802
14675,yolo_x_cpu,839
14676,yolo_x_cpu,819
14677,yolo_x_cpu,798
14678,yolo_x_cpu,863
14679,yolo_x_cpu,838
14680,yolo_x_cpu,827
14681,yolo_x_cpu,827
14682,yolo_x_cpu,793
14683,yolo_x_cpu,803
14684,yolo_x_cpu,798
14685,yolo_x_cpu,837
14686,yolo_x_cpu,851
14687,yolo_x_cpu,846
14688,yolo_x_cpu,884
14689,yolo_x_cpu,860
14690,yolo_x_cpu,857
14691,yolo_x_cpu,810
14692,yolo_x_cpu,842
14693,yolo_x_cpu,893
14694,yolo_x_cpu,844
14695,yolo_x_cpu,905
14696,yolo_x_cpu,898
14697,yolo_x_cpu,945
14698,yolo_x_cpu,969
14699,yolo_x_cpu,1022
14700,yolo_x_cpu,998
14701,yolo_x_cpu,1013
14702,yolo_x_cpu,1033
14703,yolo_x_cpu,999
14704,yolo_x_cpu,1025
14705,yolo_x_cpu,1036
14706,yolo_x_cpu,1004
14707,yolo_x_cpu,1019
14708,yolo_x_cpu,1019
14709,yolo_x_cpu,978
14710,yolo_x_cpu,1083
14711,yolo_x_cpu,1085
14712,yolo_x_cpu,1024
14713,yolo_x_cpu,1075
14714,yolo_x_cpu,1050
14715,yolo_x_cpu,1039
14716,yolo_x_cpu,1022
14717,yolo_x_cpu,1015
14718,yolo_x_cpu,985
14719,yolo_x_cpu,988
14720,yolo_x_cpu,994
14721,yolo_x_cpu,978
14722,yolo_x_cpu,971
14723,yolo_x_cpu,1015
14724,yolo_x_cpu,928
14725,yolo_x_cpu,1049
14726,yolo_x_cpu,996
14727,yolo_x_cpu,1068
14728,yolo_x_cpu,1030
14729,yolo_x_cpu,1033
14730,yolo_x_cpu,1028
14731,yolo_x_cpu,1081
14732,yolo_x_cpu,1084
14733,yolo_x_cpu,1006
14734,yolo_x_cpu,1022
14735,yolo_x_cpu,1046
14736,yolo_x_cpu,1002
14737,yolo_x_cpu,1085
14738,yolo_x_cpu,1029
14739,yolo_x_cpu,1068
14740,yolo_x_cpu,1060
14741,yolo_x_cpu,1092
14742,yolo_x_cpu,1064
14743,yolo_x_cpu,1016
14744,yolo_x_cpu,1008
14745,yolo_x_cpu,1043
14746,yolo_x_cpu,1062
14747,yolo_x_cpu,1131
14748,yolo_x_cpu,1093
14749,yolo_x_cpu,1049
14750,yolo_x_cpu,1068
14751,yolo_x_cpu,1011
14752,yolo_x_cpu,1051
14753,yolo_x_cpu,1021
14754,yolo_x_cpu,1091
14755,yolo_x_cpu,1060
14756,yolo_x_cpu,1102
14757,yolo_x_cpu,1080
14758,yolo_x_cpu,1037
14759,yolo_x_cpu,1151
14760,yolo_x_cpu,1132
14761,yolo_x_cpu,1087
14762,yolo_x_cpu,1164
14763,yolo_x_cpu,1135
14764,yolo_x_cpu,1147
14765,yolo_x_cpu,1061
14766,yolo_x_cpu,1117
14767,yolo_x_cpu,1186
14768,yolo_x_cpu,1106
14769,yolo_x_cpu,1112
14770,yolo_x_cpu,1051
14771,yolo_x_cpu,1087
14772,yolo_x_cpu,1071
14773,yolo_x_cpu,1122
14774,yolo_x_cpu,1100
14775,yolo_x_cpu,1209
14776,yolo_x_cpu,1081
14777,yolo_x_cpu,1193
14778,yolo_x_cpu,1157
14779,yolo_x_cpu,1196
14780,yolo_x_cpu,1172
14781,yolo_x_cpu,1112
14782,yolo_x_cpu,1013
14783,yolo_x_cpu,1008
14784,yolo_x_cpu,1100
14785,yolo_x_cpu,1047
14786,yolo_x_cpu,931
14787,yolo_x_cpu,1048
14788,yolo_x_cpu,1041
14789,yolo_x_cpu,1060
14790,yolo_x_cpu,1110
14791,yolo_x_cpu,1163
14792,yolo_x_cpu,1146
14793,yolo_x_cpu,1102
14794,yolo_x_cpu,1083
14795,yolo_x_cpu,1084
14796,yolo_x_cpu,984
14797,yolo_x_cpu,1036
14798,yolo_x_cpu,1054
14799,yolo_x_cpu,1061
14800,yolo_x_cpu,1126
14801,yolo_x_cpu,1053
14802,yolo_x_cpu,1085
14803,yolo_x_cpu,1040
14804,yolo_x_cpu,1012
14805,yolo_x_cpu,997
14806,yolo_x_cpu,974
14807,yolo_x_cpu,974
14808,yolo_x_cpu,932
14809,yolo_x_cpu,998
14810,yolo_x_cpu,1008
14811,yolo_x_cpu,997
14812,yolo_x_cpu,1005
14813,yolo_x_cpu,999
14814,yolo_x_cpu,988
14815,yolo_x_cpu,908
14816,yolo_x_cpu,939
14817,yolo_x_cpu,1101
14818,yolo_x_cpu,983
14819,yolo_x_cpu,1022
14820,yolo_x_cpu,996
14821,yolo_x_cpu,1057
14822,yolo_x_cpu,1038
14823,yolo_x_cpu,960
14824,yolo_x_cpu,1036
14825,yolo_x_cpu,957
14826,yolo_x_cpu,1041
14827,yolo_x_cpu,1008
14828,yolo_x_cpu,988
14829,yolo_x_cpu,1067
14830,yolo_x_cpu,1041
14831,yolo_x_cpu,1039
14832,yolo_x_cpu,1054
14833,yolo_x_cpu,1093
14834,yolo_x_cpu,1033
14835,yolo_x_cpu,1016
14836,yolo_x_cpu,1060
14837,yolo_x_cpu,1111
14838,yolo_x_cpu,990
14839,yolo_x_cpu,1079
14840,yolo_x_cpu,1053
14841,yolo_x_cpu,959
14842,yolo_x_cpu,927
14843,yolo_x_cpu,1011
14844,yolo_x_cpu,1060
14845,yolo_x_cpu,1004
14846,yolo_x_cpu,971
14847,yolo_x_cpu,1068
14848,yolo_x_cpu,1051
14849,yolo_x_cpu,990
14850,yolo_x_cpu,1063
14851,yolo_x_cpu,1079
14852,yolo_x_cpu,925
14853,yolo_x_cpu,1054
14854,yolo_x_cpu,1136
14855,yolo_x_cpu,1058
14856,yolo_x_cpu,1060
14857,yolo_x_cpu,1088
14858,yolo_x_cpu,1050
14859,yolo_x_cpu,1077
14860,yolo_x_cpu,1163
14861,yolo_x_cpu,1127
14862,yolo_x_cpu,1210
14863,yolo_x_cpu,1205
14864,yolo_x_cpu,1148
14865,yolo_x_cpu,1177
14866,yolo_x_cpu,1059
14867,yolo_x_cpu,1129
14868,yolo_x_cpu,1137
14869,yolo_x_cpu,1072
14870,yolo_x_cpu,1085
14871,yolo_x_cpu,1127
14872,yolo_x_cpu,1165
14873,yolo_x_cpu,1134
14874,yolo_x_cpu,1122
14875,yolo_x_cpu,1080
14876,yolo_x_cpu,1064
14877,yolo_x_cpu,1012
14878,yolo_x_cpu,1043
14879,yolo_x_cpu,1054
14880,yolo_x_cpu,1073
14881,yolo_x_cpu,1179
14882,yolo_x_cpu,1168
14883,yolo_x_cpu,1109
14884,yolo_x_cpu,1114
14885,yolo_x_cpu,1108
14886,yolo_x_cpu,1107
14887,yolo_x_cpu,1100
14888,yolo_x_cpu,1131
14889,yolo_x_cpu,1164
14890,yolo_x_cpu,1132
14891,yolo_x_cpu,1119
14892,yolo_x_cpu,1084
14893,yolo_x_cpu,1115
14894,yolo_x_cpu,1124
14895,yolo_x_cpu,1110
14896,yolo_x_cpu,1119
14897,yolo_x_cpu,1111
14898,yolo_x_cpu,1157
14899,yolo_x_cpu,1127
14900,yolo_x_cpu,1070
14901,yolo_x_cpu,1084
14902,yolo_x_cpu,1182
14903,yolo_x_cpu,1142
14904,yolo_x_cpu,1121
14905,yolo_x_cpu,1067
14906,yolo_x_cpu,1049
14907,yolo_x_cpu,1019
14908,yolo_x_cpu,1018
14909,yolo_x_cpu,1051
14910,yolo_x_cpu,1157
14911,yolo_x_cpu,1107
14912,yolo_x_cpu,1110
14913,yolo_x_cpu,1087
14914,yolo_x_cpu,1039
14915,yolo_x_cpu,1041
14916,yolo_x_cpu,1095
14917,yolo_x_cpu,1116
14918,yolo_x_cpu,1162
14919,yolo_x_cpu,1128
14920,yolo_x_cpu,1165
14921,yolo_x_cpu,1108
14922,yolo_x_cpu,1132
14923,yolo_x_cpu,1082
14924,yolo_x_cpu,1133
14925,yolo_x_cpu,1078
14926,yolo_x_cpu,1052
14927,yolo_x_cpu,1039
14928,yolo_x_cpu,1102
14929,yolo_x_cpu,1142
14930,yolo_x_cpu,1097
14931,yolo_x_cpu,1078
14932,yolo_x_cpu,1056
14933,yolo_x_cpu,1054
14934,yolo_x_cpu,1049
14935,yolo_x_cpu,1063
14936,yolo_x_cpu,1063
14937,yolo_x_cpu,1042
14938,yolo_x_cpu,1063
14939,yolo_x_cpu,1096
14940,yolo_x_cpu,1135
14941,yolo_x_cpu,1178
14942,yolo_x_cpu,1237
14943,yolo_x_cpu,1164
14944,yolo_x_cpu,1253
14945,yolo_x_cpu,1231
14946,yolo_x_cpu,1243
14947,yolo_x_cpu,1236
14948,yolo_x_cpu,1253
14949,yolo_x_cpu,1370
14950,yolo_x_cpu,1345
14951,yolo_x_cpu,1285
14952,yolo_x_cpu,1369
14953,yolo_x_cpu,1207
14954,yolo_x_cpu,1203
14955,yolo_x_cpu,1350
14956,yolo_x_cpu,1323
14957,yolo_x_cpu,1275
14958,yolo_x_cpu,1267
14959,yolo_x_cpu,1251
14960,yolo_x_cpu,1234
14961,yolo_x_cpu,1223
14962,yolo_x_cpu,1330
14963,yolo_x_cpu,1278
14964,yolo_x_cpu,1272
14965,yolo_x_cpu,1275
14966,yolo_x_cpu,1223
14967,yolo_x_cpu,1217
14968,yolo_x_cpu,1227
14969,yolo_x_cpu,1239
14970,yolo_x_cpu,1193
14971,yolo_x_cpu,1165
14972,yolo_x_cpu,1225
14973,yolo_x_cpu,1183
14974,yolo_x_cpu,1163
14975,yolo_x_cpu,1148
14976,yolo_x_cpu,1218
14977,yolo_x_cpu,1278
14978,yolo_x_cpu,1254
14979,yolo_x_cpu,1244
14980,yolo_x_cpu,1207
14981,yolo_x_cpu,1262
14982,yolo_x_cpu,1274
14983,yolo_x_cpu,1261
14984,yolo_x_cpu,1305
14985,yolo_x_cpu,1296
14986,yolo_x_cpu,1307
14987,yolo_x_cpu,1348
14988,yolo_x_cpu,1322
14989,yolo_x_cpu,1310
14990,yolo_x_cpu,1281
14991,yolo_x_cpu,1248
14992,yolo_x_cpu,1231
14993,yolo_x_cpu,1219
14994,yolo_x_cpu,1205
14995,yolo_x_cpu,1149
14996,yolo_x_cpu,1121
14997,yolo_x_cpu,1070
14998,yolo_x_cpu,1059
14999,yolo_x_cpu,1076
15000,yolo_x_cpu,1128
15001,yolo_x_cpu,1108
15002,yolo_x_cpu,1112
15003,yolo_x_cpu,1158
15004,yolo_x_cpu,1190
15005,yolo_x_cpu,1124
15006,yolo_x_cpu,1198
15007,yolo_x_cpu,1252
15008,yolo_x_cpu,1279
15009,yolo_x_cpu,1233
15010,yolo_x_cpu,1266
15011,yolo_x_cpu,1176
15012,yolo_x_cpu,1017
15013,yolo_x_cpu,1172
15014,yolo_x_cpu,1152
15015,yolo_x_cpu,1207
15016,yolo_x_cpu,1142
15017,yolo_x_cpu,1147
15018,yolo_x_cpu,1084
15019,yolo_x_cpu,1088
15020,yolo_x_cpu,1015
15021,yolo_x_cpu,1060
15022,yolo_x_cpu,1046
15023,yolo_x_cpu,1063
15024,yolo_x_cpu,1036
15025,yolo_x_cpu,1021
15026,yolo_x_cpu,1007
15027,yolo_x_cpu,962
15028,yolo_x_cpu,1041
15029,yolo_x_cpu,1056
15030,yolo_x_cpu,1059
15031,yolo_x_cpu,1081
15032,yolo_x_cpu,1090
15033,yolo_x_cpu,1108
15034,yolo_x_cpu,1091
15035,yolo_x_cpu,1058
15036,yolo_x_cpu,1083
15037,yolo_x_cpu,1136
15038,yolo_x_cpu,1103
15039,yolo_x_cpu,1069
15040,yolo_x_cpu,1074
15041,yolo_x_cpu,1102
15042,yolo_x_cpu,1024
15043,yolo_x_cpu,983
15044,yolo_x_cpu,1007
15045,yolo_x_cpu,952
15046,yolo_x_cpu,941
15047,yolo_x_cpu,939
15048,yolo_x_cpu,979
15049,yolo_x_cpu,992
15050,yolo_x_cpu,1014
15051,yolo_x_cpu,1043
15052,yolo_x_cpu,1031
15053,yolo_x_cpu,998
15054,yolo_x_cpu,883
15055,yolo_x_cpu,937
15056,yolo_x_cpu,986
15057,yolo_x_cpu,1006
15058,yolo_x_cpu,1001
15059,yolo_x_cpu,1004
15060,yolo_x_cpu,1004
15061,yolo_x_cpu,986
15062,yolo_x_cpu,990
15063,yolo_x_cpu,983
15064,yolo_x_cpu,955
15065,yolo_x_cpu,912
15066,yolo_x_cpu,955
15067,yolo_x_cpu,904
15068,yolo_x_cpu,881
15069,yolo_x_cpu,969
15070,yolo_x_cpu,992
15071,yolo_x_cpu,1006
15072,yolo_x_cpu,939
15073,yolo_x_cpu,923
15074,yolo_x_cpu,931
15075,yolo_x_cpu,937
15076,yolo_x_cpu,939
15077,yolo_x_cpu,910
15078,yolo_x_cpu,955
15079,yolo_x_cpu,844
15080,yolo_x_cpu,848
15081,yolo_x_cpu,890
15082,yolo_x_cpu,914
15083,yolo_x_cpu,862
15084,yolo_x_cpu,876
15085,yolo_x_cpu,922
15086,yolo_x_cpu,915
15087,yolo_x_cpu,926
15088,yolo_x_cpu,933
15089,yolo_x_cpu,920
15090,yolo_x_cpu,872
15091,yolo_x_cpu,905
15092,yolo_x_cpu,929
15093,yolo_x_cpu,970
15094,yolo_x_cpu,869
15095,yolo_x_cpu,919
15096,yolo_x_cpu,841
15097,yolo_x_cpu,898
15098,yolo_x_cpu,937
15099,yolo_x_cpu,879
15100,yolo_x_cpu,864
15101,yolo_x_cpu,895
15102,yolo_x_cpu,881
15103,yolo_x_cpu,872
15104,yolo_x_cpu,843
15105,yolo_x_cpu,832
15106,yolo_x_cpu,894
15107,yolo_x_cpu,924
15108,yolo_x_cpu,975
15109,yolo_x_cpu,947
15110,yolo_x_cpu,845
15111,yolo_x_cpu,883
15112,yolo_x_cpu,851
15113,yolo_x_cpu,842
15114,yolo_x_cpu,799
15115,yolo_x_cpu,798
15116,yolo_x_cpu,807
15117,yolo_x_cpu,809
15118,yolo_x_cpu,814
15119,yolo_x_cpu,753
15120,yolo_x_cpu,775
15121,yolo_x_cpu,827
15122,yolo_x_cpu,820
15123,yolo_x_cpu,849
15124,yolo_x_cpu,843
15125,yolo_x_cpu,847
15126,yolo_x_cpu,806
15127,yolo_x_cpu,808
15128,yolo_x_cpu,688
15129,yolo_x_cpu,696
15130,yolo_x_cpu,802
15131,yolo_x_cpu,775
15132,yolo_x_cpu,819
15133,yolo_x_cpu,825
15134,yolo_x_cpu,777
15135,yolo_x_cpu,838
15136,yolo_x_cpu,843
15137,yolo_x_cpu,802
15138,yolo_x_cpu,824
15139,yolo_x_cpu,915
15140,yolo_x_cpu,891
15141,yolo_x_cpu,905
15142,yolo_x_cpu,883
15143,yolo_x_cpu,882
15144,yolo_x_cpu,867
15145,yolo_x_cpu,835
15146,yolo_x_cpu,836
15147,yolo_x_cpu,895
15148,yolo_x_cpu,843
15149,yolo_x_cpu,721
15150,yolo_x_cpu,780
15151,yolo_x_cpu,785
15152,yolo_x_cpu,755
15153,yolo_x_cpu,813
15154,yolo_x_cpu,832
15155,yolo_x_cpu,783
15156,yolo_x_cpu,809
15157,yolo_x_cpu,739
15158,yolo_x_cpu,772
15159,yolo_x_cpu,748
15160,yolo_x_cpu,754
15161,yolo_x_cpu,793
15162,yolo_x_cpu,765
15163,yolo_x_cpu,784
15164,yolo_x_cpu,762
15165,yolo_x_cpu,726
15166,yolo_x_cpu,745
15167,yolo_x_cpu,769
15168,yolo_x_cpu,726
15169,yolo_x_cpu,746
15170,yolo_x_cpu,716
15171,yolo_x_cpu,726
15172,yolo_x_cpu,678
15173,yolo_x_cpu,742
15174,yolo_x_cpu,661
15175,yolo_x_cpu,644
15176,yolo_x_cpu,693
15177,yolo_x_cpu,668
15178,yolo_x_cpu,624
15179,yolo_x_cpu,743
15180,yolo_x_cpu,703
15181,yolo_x_cpu,658
15182,yolo_x_cpu,638
15183,yolo_x_cpu,653
15184,yolo_x_cpu,664
15185,yolo_x_cpu,613
15186,yolo_x_cpu,677
15187,yolo_x_cpu,601
15188,yolo_x_cpu,628
15189,yolo_x_cpu,628
15190,yolo_x_cpu,683
15191,yolo_x_cpu,665
15192,yolo_x_cpu,748
15193,yolo_x_cpu,633
15194,yolo_x_cpu,591
15195,yolo_x_cpu,638
15196,yolo_x_cpu,562
15197,yolo_x_cpu,629
15198,yolo_x_cpu,572
15199,yolo_x_cpu,592
15200,yolo_x_cpu,589
15201,yolo_x_cpu,614
15202,yolo_x_cpu,567
15203,yolo_x_cpu,589
15204,yolo_x_cpu,570
15205,yolo_x_cpu,597
15206,yolo_x_cpu,598
15207,yolo_x_cpu,558
15208,yolo_x_cpu,562
15209,yolo_x_cpu,568
15210,yolo_x_cpu,545
15211,yolo_x_cpu,629
15212,yolo_x_cpu,576
15213,yolo_x_cpu,586
15214,yolo_x_cpu,558
15215,yolo_x_cpu,594
15216,yolo_x_cpu,579
15217,yolo_x_cpu,616
15218,yolo_x_cpu,574
15219,yolo_x_cpu,565
15220,yolo_x_cpu,553
15221,yolo_x_cpu,547
15222,yolo_x_cpu,512
15223,yolo_x_cpu,540
15224,yolo_x_cpu,520
15225,yolo_x_cpu,483
15226,yolo_x_cpu,554
15227,yolo_x_cpu,534
15228,yolo_x_cpu,534
15229,yolo_x_cpu,540
15230,yolo_x_cpu,501
15231,yolo_x_cpu,541
15232,yolo_x_cpu,547
15233,yolo_x_cpu,541
15234,yolo_x_cpu,509
15235,yolo_x_cpu,552
15236,yolo_x_cpu,551
15237,yolo_x_cpu,549
15238,yolo_x_cpu,512
15239,yolo_x_cpu,519
15240,yolo_x_cpu,548
15241,yolo_x_cpu,519
15242,yolo_x_cpu,540
15243,yolo_x_cpu,584
15244,yolo_x_cpu,557
15245,yolo_x_cpu,554
15246,yolo_x_cpu,497
15247,yolo_x_cpu,485
15248,yolo_x_cpu,541
15249,yolo_x_cpu,556
15250,yolo_x_cpu,493
15251,yolo_x_cpu,537
15252,yolo_x_cpu,526
15253,yolo_x_cpu,586
15254,yolo_x_cpu,577
15255,yolo_x_cpu,549
15256,yolo_x_cpu,521
15257,yolo_x_cpu,477
15258,yolo_x_cpu,480
15259,yolo_x_cpu,471
15260,yolo_x_cpu,536
15261,yolo_x_cpu,538
15262,yolo_x_cpu,583
15263,yolo_x_cpu,515
15264,yolo_x_cpu,541
15265,yolo_x_cpu,522
15266,yolo_x_cpu,507
15267,yolo_x_cpu,553
15268,yolo_x_cpu,467
15269,yolo_x_cpu,483
15270,yolo_x_cpu,455
15271,yolo_x_cpu,476
15272,yolo_x_cpu,424
15273,yolo_x_cpu,414
15274,yolo_x_cpu,362
15275,yolo_x_cpu,364
15276,yolo_x_cpu,355
15277,yolo_x_cpu,337
15278,yolo_x_cpu,335
15279,yolo_x_cpu,382
15280,yolo_x_cpu,395
15281,yolo_x_cpu,376
15282,yolo_x_cpu,320
15283,yolo_x_cpu,200
15284,yolo_x_cpu,200
15285,yolo_x_cpu,314
15286,yolo_x_cpu,319
15287,yolo_x_cpu,310
15288,yolo_x_cpu,350
15289,yolo_x_cpu,334
15290,yolo_x_cpu,364
15291,yolo_x_cpu,335
15292,yolo_x_cpu,340
15293,yolo_x_cpu,350
15294,yolo_x_cpu,334
15295,yolo_x_cpu,324
15296,yolo_x_cpu,289
15297,yolo_x_cpu,326
15298,yolo_x_cpu,297
15299,yolo_x_cpu,297
15300,yolo_x_cpu,270
15301,yolo_x_cpu,295
15302,yolo_x_cpu,264
15303,yolo_x_cpu,326
15304,yolo_x_cpu,304
15305,yolo_x_cpu,298
15306,yolo_x_cpu,306
15307,yolo_x_cpu,342
15308,yolo_x_cpu,296
15309,yolo_x_cpu,276
15310,yolo_x_cpu,275
15311,yolo_x_cpu,275
15312,yolo_x_cpu,268
15313,yolo_x_cpu,246
15314,yolo_x_cpu,279
15315,yolo_x_cpu,292
15316,yolo_x_cpu,287
15317,yolo_x_cpu,273
15318,yolo_x_cpu,262
15319,yolo_x_cpu,242
15320,yolo_x_cpu,256
15321,yolo_x_cpu,280
15322,yolo_x_cpu,260
15323,yolo_x_cpu,261
15324,yolo_x_cpu,248
15325,yolo_x_cpu,243
15326,yolo_x_cpu,237
15327,yolo_x_cpu,263
15328,yolo_x_cpu,263
15329,yolo_x_cpu,278
15330,yolo_x_cpu,253
15331,yolo_x_cpu,260
15332,yolo_x_cpu,230
15333,yolo_x_cpu,204
15334,yolo_x_cpu,234
15335,yolo_x_cpu,223
15336,yolo_x_cpu,207
15337,yolo_x_cpu,194
15338,yolo_x_cpu,163
15339,yolo_x_cpu,187
15340,yolo_x_cpu,220
15341,yolo_x_cpu,221
15342,yolo_x_cpu,237
15343,yolo_x_cpu,251
15344,yolo_x_cpu,262
15345,yolo_x_cpu,260
15346,yolo_x_cpu,243
15347,yolo_x_cpu,211
15348,yolo_x_cpu,225
15349,yolo_x_cpu,202
15350,yolo_x_cpu,208
15351,yolo_x_cpu,199
15352,yolo_x_cpu,194
15353,yolo_x_cpu,211
15354,yolo_x_cpu,225
15355,yolo_x_cpu,214
15356,yolo_x_cpu,181
15357,yolo_x_cpu,175
15358,yolo_x_cpu,180
15359,yolo_x_cpu,160
15360,yolo_x_cpu,171
15361,yolo_x_cpu,143
15362,yolo_x_cpu,176
15363,yolo_x_cpu,185
15364,yolo_x_cpu,146
15365,yolo_x_cpu,148
15366,yolo_x_cpu,179
15367,yolo_x_cpu,185
15368,yolo_x_cpu,174
15369,yolo_x_cpu,155
15370,yolo_x_cpu,156
15371,yolo_x_cpu,175
15372,yolo_x_cpu,193
15373,yolo_x_cpu,152
15374,yolo_x_cpu,204
15375,yolo_x_cpu,221
15376,yolo_x_cpu,192
15377,yolo_x_cpu,160
15378,yolo_x_cpu,161
15379,yolo_x_cpu,159
15380,yolo_x_cpu,127
15381,yolo_x_cpu,150
15382,yolo_x_cpu,135
15383,yolo_x_cpu,148
15384,yolo_x_cpu,135
15385,yolo_x_cpu,183
15386,yolo_x_cpu,168
15387,yolo_x_cpu,149
15388,yolo_x_cpu,163
15389,yolo_x_cpu,152
15390,yolo_x_cpu,172
15391,yolo_x_cpu,184
15392,yolo_x_cpu,179
15393,yolo_x_cpu,181
15394,yolo_x_cpu,142
15395,yolo_x_cpu,164
15396,yolo_x_cpu,134
15397,yolo_x_cpu,143
15398,yolo_x_cpu,144
15399,yolo_x_cpu,173
15400,yolo_x_cpu,215
15401,yolo_x_cpu,217
15402,yolo_x_cpu,178
15403,yolo_x_cpu,185
15404,yolo_x_cpu,181
15405,yolo_x_cpu,147
15406,yolo_x_cpu,172
15407,yolo_x_cpu,174
15408,yolo_x_cpu,150
15409,yolo_x_cpu,178
15410,yolo_x_cpu,140
15411,yolo_x_cpu,130
15412,yolo_x_cpu,133
15413,yolo_x_cpu,143
15414,yolo_x_cpu,150
15415,yolo_x_cpu,158
15416,yolo_x_cpu,150
15417,yolo_x_cpu,119
15418,yolo_x_cpu,139
15419,yolo_x_cpu,124
15420,yolo_x_cpu,126
15421,yolo_x_cpu,103
15422,yolo_x_cpu,119
15423,yolo_x_cpu,112
15424,yolo_x_cpu,100
15425,yolo_x_cpu,120
15426,yolo_x_cpu,103
15427,yolo_x_cpu,122
15428,yolo_x_cpu,102
15429,yolo_x_cpu,107
15430,yolo_x_cpu,127
15431,yolo_x_cpu,102
15432,yolo_x_cpu,87
15433,yolo_x_cpu,79
15434,yolo_x_cpu,124
15435,yolo_x_cpu,115
15436,yolo_x_cpu,128
15437,yolo_x_cpu,137
15438,yolo_x_cpu,135
15439,yolo_x_cpu,117
15440,yolo_x_cpu,131
15441,yolo_x_cpu,108
15442,yolo_x_cpu,112
15443,yolo_x_cpu,108
15444,yolo_x_cpu,103
15445,yolo_x_cpu,107
15446,yolo_x_cpu,124
15447,yolo_x_cpu,120
15448,yolo_x_cpu,111
15449,yolo_x_cpu,121
15450,yolo_x_cpu,95
15451,yolo_x_cpu,87
15452,yolo_x_cpu,91
15453,yolo_x_cpu,84
15454,yolo_x_cpu,74
15455,yolo_x_cpu,60
15456,yolo_x_cpu,61
15457,yolo_x_cpu,55
15458,yolo_x_cpu,52
15459,yolo_x_cpu,62
15460,yolo_x_cpu,60
15461,yolo_x_cpu,61
15462,yolo_x_cpu,54
15463,yolo_x_cpu,52
15464,yolo_x_cpu,51
15465,yolo_x_cpu,62
15466,yolo_x_cpu,57
15467,yolo_x_cpu,54
15468,yolo_x_cpu,65
15469,yolo_x_cpu,64
15470,yolo_x_cpu,60
15471,yolo_x_cpu,61
15472,yolo_x_cpu,45
15473,yolo_x_cpu,48
15474,yolo_x_cpu,41
15475,yolo_x_cpu,35
15476,yolo_x_cpu,36
15477,yolo_x_cpu,40
15478,yolo_x_cpu,37
15479,yolo_x_cpu,45
15480,yolo_x_cpu,38
15481,yolo_x_cpu,42
15482,yolo_x_cpu,46
15483,yolo_x_cpu,49
15484,yolo_x_cpu,43
15485,yolo_x_cpu,64
15486,yolo_x_cpu,76
15487,yolo_x_cpu,65
15488,yolo_x_cpu,78
15489,yolo_x_cpu,54
15490,yolo_x_cpu,65
15491,yolo_x_cpu,52
15492,yolo_x_cpu,56
15493,yolo_x_cpu,55
15494,yolo_x_cpu,56
15495,yolo_x_cpu,58
15496,yolo_x_cpu,63
15497,yolo_x_cpu,48
15498,yolo_x_cpu,62
15499,yolo_x_cpu,65
15500,yolo_x_cpu,79
15501,yolo_x_cpu,104
15502,yolo_x_cpu,91
15503,yolo_x_cpu,78
15504,yolo_x_cpu,79
15505,yolo_x_cpu,67
15506,yolo_x_cpu,56
15507,yolo_x_cpu,53
15508,yolo_x_cpu,60
15509,yolo_x_cpu,53
15510,yolo_x_cpu,79
15511,yolo_x_cpu,77
15512,yolo_x_cpu,61
15513,yolo_x_cpu,53
15514,yolo_x_cpu,53
15515,yolo_x_cpu,46
15516,yolo_x_cpu,41
15517,yolo_x_cpu,49
15518,yolo_x_cpu,59
15519,yolo_x_cpu,77
15520,yolo_x_cpu,56
15521,yolo_x_cpu,44
15522,yolo_x_cpu,40
15523,yolo_x_cpu,36
15524,yolo_x_cpu,50
15525,yolo_x_cpu,54
15526,yolo_x_cpu,60
15527,yolo_x_cpu,47
15528,yolo_x_cpu,44
15529,yolo_x_cpu,28
15530,yolo_x_cpu,21
15531,yolo_x_cpu,23
15532,yolo_x_cpu,34
15533,yolo_x_cpu,23
15534,yolo_x_cpu,19
15535,yolo_x_cpu,18
15536,yolo_x_cpu,20
15537,yolo_x_cpu,20
15538,yolo_x_cpu,20
15539,yolo_x_cpu,35
15540,yolo_x_cpu,59
15541,yolo_x_cpu,2714
15542,yolo_x_cpu,3808
15543,yolo_x_cpu,2264
15544,yolo_x_cpu,425
15545,yolo_x_cpu,345
15546,yolo_x_cpu,326
15547,yolo_x_cpu,283
15548,yolo_x_cpu,178
15549,yolo_x_cpu,167
15550,yolo_x_cpu,171
15551,yolo_x_cpu,185
15552,yolo_x_cpu,192
15553,yolo_x_cpu,277
15554,yolo_x_cpu,290
15555,yolo_x_cpu,266
15556,yolo_x_cpu,261
15557,yolo_x_cpu,259
15558,yolo_x_cpu,226
15559,yolo_x_cpu,226
15560,yolo_x_cpu,237
15561,yolo_x_cpu,199
15562,yolo_x_cpu,175
15563,yolo_x_cpu,157
15564,yolo_x_cpu,213
15565,yolo_x_cpu,168
15566,yolo_x_cpu,121
15567,yolo_x_cpu,93
15568,yolo_x_cpu,70
15569,yolo_x_cpu,55
15570,yolo_x_cpu,91
15571,yolo_x_cpu,90
15572,yolo_x_cpu,94
15573,yolo_x_cpu,95
15574,yolo_x_cpu,105
15575,yolo_x_cpu,106
15576,yolo_x_cpu,100
15577,yolo_x_cpu,116
15578,yolo_x_cpu,135
15579,yolo_x_cpu,103
15580,yolo_x_cpu,124
15581,yolo_x_cpu,128
15582,yolo_x_cpu,101
15583,yolo_x_cpu,111
15584,yolo_x_cpu,95
15585,yolo_x_cpu,98
15586,yolo_x_cpu,93
15587,yolo_x_cpu,77
15588,yolo_x_cpu,89
15589,yolo_x_cpu,121
15590,yolo_x_cpu,116
15591,yolo_x_cpu,121
15592,yolo_x_cpu,138
15593,yolo_x_cpu,126
15594,yolo_x_cpu,84
15595,yolo_x_cpu,71
15596,yolo_x_cpu,118
15597,yolo_x_cpu,150
15598,yolo_x_cpu,120
15599,yolo_x_cpu,104
15600,yolo_x_cpu,63
15601,yolo_x_cpu,48
15602,yolo_x_cpu,38
15603,yolo_x_cpu,51
15604,yolo_x_cpu,44
15605,yolo_x_cpu,36
15606,yolo_x_cpu,44
15607,yolo_x_cpu,41
15608,yolo_x_cpu,46
15609,yolo_x_cpu,40
15610,yolo_x_cpu,39
15611,yolo_x_cpu,46
15612,yolo_x_cpu,24
15613,yolo_x_cpu,32
15614,yolo_x_cpu,28
15615,yolo_x_cpu,28
15616,yolo_x_cpu,32
15617,yolo_x_cpu,24
15618,yolo_x_cpu,31
15619,yolo_x_cpu,41
15620,yolo_x_cpu,44
15621,yolo_x_cpu,45
15622,yolo_x_cpu,48
15623,yolo_x_cpu,56
15624,yolo_x_cpu,80
15625,yolo_x_cpu,102
15626,yolo_x_cpu,75
15627,yolo_x_cpu,45
15628,yolo_x_cpu,50
15629,yolo_x_cpu,27
15630,yolo_x_cpu,35
15631,yolo_x_cpu,28
15632,yolo_x_cpu,35
15633,yolo_x_cpu,42
15634,yolo_x_cpu,44
15635,yolo_x_cpu,38
15636,yolo_x_cpu,21
15637,yolo_x_cpu,27
15638,yolo_x_cpu,31
15639,yolo_x_cpu,23
15640,yolo_x_cpu,17
15641,yolo_x_cpu,21
15642,yolo_x_cpu,21
15643,yolo_x_cpu,18
15644,yolo_x_cpu,11
15645,yolo_x_cpu,11
15646,yolo_x_cpu,10
15647,yolo_x_cpu,6
15648,yolo_x_cpu,11
15649,yolo_x_cpu,16
15650,yolo_x_cpu,18
15651,yolo_x_cpu,12
15652,yolo_x_cpu,24
15653,yolo_x_cpu,35
15654,yolo_x_cpu,27
15655,yolo_x_cpu,28
15656,yolo_x_cpu,26
15657,yolo_x_cpu,46
15658,yolo_x_cpu,48
15659,yolo_x_cpu,59
15660,yolo_x_cpu,64
15661,yolo_x_cpu,50
15662,yolo_x_cpu,42
15663,yolo_x_cpu,37
15664,yolo_x_cpu,34
15665,yolo_x_cpu,29
15666,yolo_x_cpu,13
15667,yolo_x_cpu,27
15668,yolo_x_cpu,27
15669,yolo_x_cpu,30
15670,yolo_x_cpu,33
15671,yolo_x_cpu,22
15672,yolo_x_cpu,26
15673,yolo_x_cpu,27
15674,yolo_x_cpu,33
15675,yolo_x_cpu,33
15676,yolo_x_cpu,38
15677,yolo_x_cpu,31
15678,yolo_x_cpu,20
15679,yolo_x_cpu,22
15680,yolo_x_cpu,18
15681,yolo_x_cpu,26
15682,yolo_x_cpu,40
15683,yolo_x_cpu,47
15684,yolo_x_cpu,47
15685,yolo_x_cpu,38
15686,yolo_x_cpu,38
15687,yolo_x_cpu,34
15688,yolo_x_cpu,41
15689,yolo_x_cpu,42
15690,yolo_x_cpu,46
15691,yolo_x_cpu,38
15692,yolo_x_cpu,33
15693,yolo_x_cpu,38
15694,yolo_x_cpu,33
15695,yolo_x_cpu,18
15696,yolo_x_cpu,18
15697,yolo_x_cpu,25
15698,yolo_x_cpu,23
15699,yolo_x_cpu,30
15700,yolo_x_cpu,47
15701,yolo_x_cpu,35
15702,yolo_x_cpu,26
15703,yolo_x_cpu,28
15704,yolo_x_cpu,27
15705,yolo_x_cpu,28
15706,yolo_x_cpu,29
15707,yolo_x_cpu,48
15708,yolo_x_cpu,31
15709,yolo_x_cpu,46
15710,yolo_x_cpu,45
15711,yolo_x_cpu,43
15712,yolo_x_cpu,33
15713,yolo_x_cpu,39
15714,yolo_x_cpu,40
15715,yolo_x_cpu,46
15716,yolo_x_cpu,65
15717,yolo_x_cpu,65
15718,yolo_x_cpu,63
15719,yolo_x_cpu,49
15720,yolo_x_cpu,58
15721,yolo_x_cpu,54
15722,yolo_x_cpu,62
15723,yolo_x_cpu,68
15724,yolo_x_cpu,89
15725,yolo_x_cpu,72
15726,yolo_x_cpu,65
15727,yolo_x_cpu,94
15728,yolo_x_cpu,89
15729,yolo_x_cpu,86
15730,yolo_x_cpu,84
15731,yolo_x_cpu,78
15732,yolo_x_cpu,107
15733,yolo_x_cpu,104
15734,yolo_x_cpu,96
15735,yolo_x_cpu,85
15736,yolo_x_cpu,67
15737,yolo_x_cpu,75
15738,yolo_x_cpu,73
15739,yolo_x_cpu,79
15740,yolo_x_cpu,82
15741,yolo_x_cpu,85
15742,yolo_x_cpu,74
15743,yolo_x_cpu,86
15744,yolo_x_cpu,86
15745,yolo_x_cpu,115
15746,yolo_x_cpu,100
15747,yolo_x_cpu,104
15748,yolo_x_cpu,117
15749,yolo_x_cpu,107
15750,yolo_x_cpu,111
15751,yolo_x_cpu,97
15752,yolo_x_cpu,85
15753,yolo_x_cpu,86
15754,yolo_x_cpu,81
15755,yolo_x_cpu,93
15756,yolo_x_cpu,106
15757,yolo_x_cpu,130
15758,yolo_x_cpu,151
15759,yolo_x_cpu,153
15760,yolo_x_cpu,164
15761,yolo_x_cpu,192
15762,yolo_x_cpu,200
15763,yolo_x_cpu,203
15764,yolo_x_cpu,221
15765,yolo_x_cpu,203
15766,yolo_x_cpu,225
15767,yolo_x_cpu,207
15768,yolo_x_cpu,204
15769,yolo_x_cpu,237
15770,yolo_x_cpu,225
15771,yolo_x_cpu,268
15772,yolo_x_cpu,258
15773,yolo_x_cpu,274
15774,yolo_x_cpu,297
15775,yolo_x_cpu,293
15776,yolo_x_cpu,295
15777,yolo_x_cpu,301
15778,yolo_x_cpu,310
15779,yolo_x_cpu,311
15780,yolo_x_cpu,369
15781,yolo_x_cpu,385
15782,yolo_x_cpu,380
15783,yolo_x_cpu,389
15784,yolo_x_cpu,403
15785,yolo_x_cpu,431
15786,yolo_x_cpu,423
15787,yolo_x_cpu,413
15788,yolo_x_cpu,550
15789,yolo_x_cpu,466
15790,yolo_x_cpu,486
15791,yolo_x_cpu,495
15792,yolo_x_cpu,502
15793,yolo_x_cpu,482
15794,yolo_x_cpu,555
15795,yolo_x_cpu,521
15796,yolo_x_cpu,586
15797,yolo_x_cpu,539
15798,yolo_x_cpu,619
15799,yolo_x_cpu,591
15800,yolo_x_cpu,562
15801,yolo_x_cpu,602
15802,yolo_x_cpu,591
15803,yolo_x_cpu,629
15804,yolo_x_cpu,655
15805,yolo_x_cpu,653
15806,yolo_x_cpu,619
15807,yolo_x_cpu,622
15808,yolo_x_cpu,596
15809,yolo_x_cpu,616
15810,yolo_x_cpu,611
15811,yolo_x_cpu,618
15812,yolo_x_cpu,593
15813,yolo_x_cpu,636
15814,yolo_x_cpu,672
15815,yolo_x_cpu,636
15816,yolo_x_cpu,702
15817,yolo_x_cpu,727
15818,yolo_x_cpu,757
15819,yolo_x_cpu,745
15820,yolo_x_cpu,807
15821,yolo_x_cpu,833
15822,yolo_x_cpu,818
15823,yolo_x_cpu,803
15824,yolo_x_cpu,871
15825,yolo_x_cpu,848
15826,yolo_x_cpu,899
15827,yolo_x_cpu,875
15828,yolo_x_cpu,866
15829,yolo_x_cpu,900
15830,yolo_x_cpu,932
15831,yolo_x_cpu,920
15832,yolo_x_cpu,1005
15833,yolo_x_cpu,961
15834,yolo_x_cpu,991
15835,yolo_x_cpu,958
15836,yolo_x_cpu,927
15837,yolo_x_cpu,918
15838,yolo_x_cpu,991
15839,yolo_x_cpu,903
15840,yolo_x_cpu,955
15841,yolo_x_cpu,975
15842,yolo_x_cpu,903
15843,yolo_x_cpu,867
15844,yolo_x_cpu,871
15845,yolo_x_cpu,917
15846,yolo_x_cpu,908
15847,yolo_x_cpu,890
15848,yolo_x_cpu,878
15849,yolo_x_cpu,880
15850,yolo_x_cpu,921
15851,yolo_x_cpu,868
15852,yolo_x_cpu,896
15853,yolo_x_cpu,959
15854,yolo_x_cpu,967
15855,yolo_x_cpu,982
15856,yolo_x_cpu,988
15857,yolo_x_cpu,946
15858,yolo_x_cpu,981
15859,yolo_x_cpu,945
15860,yolo_x_cpu,938
15861,yolo_x_cpu,897
15862,yolo_x_cpu,921
15863,yolo_x_cpu,911
15864,yolo_x_cpu,874
15865,yolo_x_cpu,846
15866,yolo_x_cpu,893
15867,yolo_x_cpu,925
15868,yolo_x_cpu,950
15869,yolo_x_cpu,911
15870,yolo_x_cpu,928
15871,yolo_x_cpu,947
15872,yolo_x_cpu,961
15873,yolo_x_cpu,946
15874,yolo_x_cpu,961
15875,yolo_x_cpu,965
15876,yolo_x_cpu,966
15877,yolo_x_cpu,885
15878,yolo_x_cpu,890
15879,yolo_x_cpu,854
15880,yolo_x_cpu,889
15881,yolo_x_cpu,895
15882,yolo_x_cpu,965
15883,yolo_x_cpu,927
15884,yolo_x_cpu,998
15885,yolo_x_cpu,1035
15886,yolo_x_cpu,1038
15887,yolo_x_cpu,1096
15888,yolo_x_cpu,1031
15889,yolo_x_cpu,979
15890,yolo_x_cpu,931
15891,yolo_x_cpu,959
15892,yolo_x_cpu,1050
15893,yolo_x_cpu,1018
15894,yolo_x_cpu,995
15895,yolo_x_cpu,1064
15896,yolo_x_cpu,999
15897,yolo_x_cpu,1060
15898,yolo_x_cpu,1070
15899,yolo_x_cpu,996
15900,yolo_x_cpu,1060
15901,yolo_x_cpu,1061
15902,yolo_x_cpu,1046
15903,yolo_x_cpu,1105
15904,yolo_x_cpu,1063
15905,yolo_x_cpu,998
15906,yolo_x_cpu,958
15907,yolo_x_cpu,1003
15908,yolo_x_cpu,1031
15909,yolo_x_cpu,1090
15910,yolo_x_cpu,1096
15911,yolo_x_cpu,1057
15912,yolo_x_cpu,1100
15913,yolo_x_cpu,1056
15914,yolo_x_cpu,1027
15915,yolo_x_cpu,1005
15916,yolo_x_cpu,1006
15917,yolo_x_cpu,977
15918,yolo_x_cpu,1004
15919,yolo_x_cpu,1009
15920,yolo_x_cpu,978
15921,yolo_x_cpu,959
15922,yolo_x_cpu,1007
15923,yolo_x_cpu,982
15924,yolo_x_cpu,949
15925,yolo_x_cpu,1001
15926,yolo_x_cpu,1018
15927,yolo_x_cpu,992
15928,yolo_x_cpu,1009
15929,yolo_x_cpu,992
15930,yolo_x_cpu,1060
15931,yolo_x_cpu,978
15932,yolo_x_cpu,1098
15933,yolo_x_cpu,1007
15934,yolo_x_cpu,1062
15935,yolo_x_cpu,1092
15936,yolo_x_cpu,1081
15937,yolo_x_cpu,1091
15938,yolo_x_cpu,1042
15939,yolo_x_cpu,1083
15940,yolo_x_cpu,1067
15941,yolo_x_cpu,1015
15942,yolo_x_cpu,1115
15943,yolo_x_cpu,1073
15944,yolo_x_cpu,1064
15945,yolo_x_cpu,1063
15946,yolo_x_cpu,1023
15947,yolo_x_cpu,1065
15948,yolo_x_cpu,1099
15949,yolo_x_cpu,1072
15950,yolo_x_cpu,1032
15951,yolo_x_cpu,995
15952,yolo_x_cpu,969
15953,yolo_x_cpu,1038
15954,yolo_x_cpu,1086
15955,yolo_x_cpu,1089
15956,yolo_x_cpu,1067
15957,yolo_x_cpu,1077
15958,yolo_x_cpu,1048
15959,yolo_x_cpu,1043
15960,yolo_x_cpu,1009
15961,yolo_x_cpu,1050
15962,yolo_x_cpu,1018
15963,yolo_x_cpu,978
15964,yolo_x_cpu,1042
15965,yolo_x_cpu,1034
15966,yolo_x_cpu,993
15967,yolo_x_cpu,990
15968,yolo_x_cpu,939
15969,yolo_x_cpu,937
15970,yolo_x_cpu,978
15971,yolo_x_cpu,1011
15972,yolo_x_cpu,1071
15973,yolo_x_cpu,1081
15974,yolo_x_cpu,1070
15975,yolo_x_cpu,1052
15976,yolo_x_cpu,1030
15977,yolo_x_cpu,1096
15978,yolo_x_cpu,1108
15979,yolo_x_cpu,1079
15980,yolo_x_cpu,1034
15981,yolo_x_cpu,1118
15982,yolo_x_cpu,1080
15983,yolo_x_cpu,1163
15984,yolo_x_cpu,1102
15985,yolo_x_cpu,1117
15986,yolo_x_cpu,1053
15987,yolo_x_cpu,1040
15988,yolo_x_cpu,976
15989,yolo_x_cpu,1015
15990,yolo_x_cpu,1010
15991,yolo_x_cpu,1022
15992,yolo_x_cpu,922
15993,yolo_x_cpu,965
15994,yolo_x_cpu,1002
15995,yolo_x_cpu,947
15996,yolo_x_cpu,933
15997,yolo_x_cpu,988
15998,yolo_x_cpu,945
15999,yolo_x_cpu,997
16000,yolo_x_cpu,1021
16001,yolo_x_cpu,975
16002,yolo_x_cpu,972
16003,yolo_x_cpu,993
16004,yolo_x_cpu,1033
16005,yolo_x_cpu,1053
16006,yolo_x_cpu,1098
16007,yolo_x_cpu,1028
16008,yolo_x_cpu,933
16009,yolo_x_cpu,1051
16010,yolo_x_cpu,976
16011,yolo_x_cpu,990
16012,yolo_x_cpu,983
16013,yolo_x_cpu,1053
16014,yolo_x_cpu,1072
16015,yolo_x_cpu,1050
16016,yolo_x_cpu,1058
16017,yolo_x_cpu,1021
16018,yolo_x_cpu,1065
16019,yolo_x_cpu,1085
16020,yolo_x_cpu,1004
16021,yolo_x_cpu,999
16022,yolo_x_cpu,1032
16023,yolo_x_cpu,985
16024,yolo_x_cpu,936
16025,yolo_x_cpu,951
16026,yolo_x_cpu,956
16027,yolo_x_cpu,1008
16028,yolo_x_cpu,998
16029,yolo_x_cpu,964
16030,yolo_x_cpu,918
16031,yolo_x_cpu,865
16032,yolo_x_cpu,930
16033,yolo_x_cpu,911
16034,yolo_x_cpu,946
16035,yolo_x_cpu,981
16036,yolo_x_cpu,1005
16037,yolo_x_cpu,1009
16038,yolo_x_cpu,962
16039,yolo_x_cpu,914
16040,yolo_x_cpu,998
16041,yolo_x_cpu,944
16042,yolo_x_cpu,959
16043,yolo_x_cpu,984
16044,yolo_x_cpu,1062
16045,yolo_x_cpu,910
16046,yolo_x_cpu,1003
16047,yolo_x_cpu,984
16048,yolo_x_cpu,997
16049,yolo_x_cpu,1007
16050,yolo_x_cpu,970
16051,yolo_x_cpu,906
16052,yolo_x_cpu,1044
16053,yolo_x_cpu,1023
16054,yolo_x_cpu,1013
16055,yolo_x_cpu,1024
16056,yolo_x_cpu,1073
16057,yolo_x_cpu,1053
16058,yolo_x_cpu,1061
16059,yolo_x_cpu,1078
16060,yolo_x_cpu,1133
16061,yolo_x_cpu,1146
16062,yolo_x_cpu,1158
16063,yolo_x_cpu,1109
16064,yolo_x_cpu,1068
16065,yolo_x_cpu,1022
16066,yolo_x_cpu,993
16067,yolo_x_cpu,1002
16068,yolo_x_cpu,990
16069,yolo_x_cpu,1033
16070,yolo_x_cpu,992
16071,yolo_x_cpu,1063
16072,yolo_x_cpu,1019
16073,yolo_x_cpu,975
16074,yolo_x_cpu,915
16075,yolo_x_cpu,991
16076,yolo_x_cpu,990
16077,yolo_x_cpu,928
16078,yolo_x_cpu,954
16079,yolo_x_cpu,886
16080,yolo_x_cpu,888
16081,yolo_x_cpu,849
16082,yolo_x_cpu,820
16083,yolo_x_cpu,886
16084,yolo_x_cpu,876
16085,yolo_x_cpu,871
16086,yolo_x_cpu,900
16087,yolo_x_cpu,858
16088,yolo_x_cpu,831
16089,yolo_x_cpu,828
16090,yolo_x_cpu,885
16091,yolo_x_cpu,912
16092,yolo_x_cpu,865
16093,yolo_x_cpu,927
16094,yolo_x_cpu,907
16095,yolo_x_cpu,915
16096,yolo_x_cpu,981
16097,yolo_x_cpu,905
16098,yolo_x_cpu,833
16099,yolo_x_cpu,916
16100,yolo_x_cpu,854
16101,yolo_x_cpu,900
16102,yolo_x_cpu,916
16103,yolo_x_cpu,912
16104,yolo_x_cpu,949
16105,yolo_x_cpu,932
16106,yolo_x_cpu,920
16107,yolo_x_cpu,880
16108,yolo_x_cpu,886
16109,yolo_x_cpu,920
16110,yolo_x_cpu,854
16111,yolo_x_cpu,889
16112,yolo_x_cpu,865
16113,yolo_x_cpu,944
16114,yolo_x_cpu,919
16115,yolo_x_cpu,852
16116,yolo_x_cpu,871
16117,yolo_x_cpu,837
16118,yolo_x_cpu,889
16119,yolo_x_cpu,880
16120,yolo_x_cpu,811
16121,yolo_x_cpu,822
16122,yolo_x_cpu,757
16123,yolo_x_cpu,823
16124,yolo_x_cpu,819
16125,yolo_x_cpu,788
16126,yolo_x_cpu,814
16127,yolo_x_cpu,778
16128,yolo_x_cpu,831
16129,yolo_x_cpu,859
16130,yolo_x_cpu,851
16131,yolo_x_cpu,817
16132,yolo_x_cpu,874
16133,yolo_x_cpu,849
16134,yolo_x_cpu,872
16135,yolo_x_cpu,813
16136,yolo_x_cpu,779
16137,yolo_x_cpu,872
16138,yolo_x_cpu,871
16139,yolo_x_cpu,834
16140,yolo_x_cpu,874
16141,yolo_x_cpu,843
16142,yolo_x_cpu,917
16143,yolo_x_cpu,921
16144,yolo_x_cpu,916
16145,yolo_x_cpu,964
16146,yolo_x_cpu,994
16147,yolo_x_cpu,1021
16148,yolo_x_cpu,987
16149,yolo_x_cpu,967
16150,yolo_x_cpu,985
16151,yolo_x_cpu,1017
16152,yolo_x_cpu,1005
16153,yolo_x_cpu,1054
16154,yolo_x_cpu,1095
16155,yolo_x_cpu,1052
16156,yolo_x_cpu,999
16157,yolo_x_cpu,1024
16158,yolo_x_cpu,1022
16159,yolo_x_cpu,1026
16160,yolo_x_cpu,1010
16161,yolo_x_cpu,1060
16162,yolo_x_cpu,1049
16163,yolo_x_cpu,1002
16164,yolo_x_cpu,1065
16165,yolo_x_cpu,1100
16166,yolo_x_cpu,997
16167,yolo_x_cpu,1022
16168,yolo_x_cpu,985
16169,yolo_x_cpu,997
16170,yolo_x_cpu,1009
16171,yolo_x_cpu,1022
16172,yolo_x_cpu,980
16173,yolo_x_cpu,1044
16174,yolo_x_cpu,1112
16175,yolo_x_cpu,1085
16176,yolo_x_cpu,1218
16177,yolo_x_cpu,1158
16178,yolo_x_cpu,1144
16179,yolo_x_cpu,1138
16180,yolo_x_cpu,1093
16181,yolo_x_cpu,1145
16182,yolo_x_cpu,1167
16183,yolo_x_cpu,1114
16184,yolo_x_cpu,1086
16185,yolo_x_cpu,1089
16186,yolo_x_cpu,1086
16187,yolo_x_cpu,1131
16188,yolo_x_cpu,1216
16189,yolo_x_cpu,1207
16190,yolo_x_cpu,1185
16191,yolo_x_cpu,1158
16192,yolo_x_cpu,1156
16193,yolo_x_cpu,1130
16194,yolo_x_cpu,1172
16195,yolo_x_cpu,1153
16196,yolo_x_cpu,1149
16197,yolo_x_cpu,1129
16198,yolo_x_cpu,1181
16199,yolo_x_cpu,1189
16200,yolo_x_cpu,1157
16201,yolo_x_cpu,1156
16202,yolo_x_cpu,1188
16203,yolo_x_cpu,1192
16204,yolo_x_cpu,1226
16205,yolo_x_cpu,1209
16206,yolo_x_cpu,1216
16207,yolo_x_cpu,1294
16208,yolo_x_cpu,1287
16209,yolo_x_cpu,1231
16210,yolo_x_cpu,1217
16211,yolo_x_cpu,1198
16212,yolo_x_cpu,1232
16213,yolo_x_cpu,1180
16214,yolo_x_cpu,1154
16215,yolo_x_cpu,1243
16216,yolo_x_cpu,1216
16217,yolo_x_cpu,1354
16218,yolo_x_cpu,1290
16219,yolo_x_cpu,1275
16220,yolo_x_cpu,1206
16221,yolo_x_cpu,1281
16222,yolo_x_cpu,1201
16223,yolo_x_cpu,1230
16224,yolo_x_cpu,1219
16225,yolo_x_cpu,1214
16226,yolo_x_cpu,1187
16227,yolo_x_cpu,1219
16228,yolo_x_cpu,1199
16229,yolo_x_cpu,1162
16230,yolo_x_cpu,1254
16231,yolo_x_cpu,1167
16232,yolo_x_cpu,1135
16233,yolo_x_cpu,1151
16234,yolo_x_cpu,1196
16235,yolo_x_cpu,1236
16236,yolo_x_cpu,1228
16237,yolo_x_cpu,1241
16238,yolo_x_cpu,1291
16239,yolo_x_cpu,1183
16240,yolo_x_cpu,1150
16241,yolo_x_cpu,1184
16242,yolo_x_cpu,1119
16243,yolo_x_cpu,1200
16244,yolo_x_cpu,1251
16245,yolo_x_cpu,1262
16246,yolo_x_cpu,1193
16247,yolo_x_cpu,1164
16248,yolo_x_cpu,1201
16249,yolo_x_cpu,1272
16250,yolo_x_cpu,1218
16251,yolo_x_cpu,1284
16252,yolo_x_cpu,1297
16253,yolo_x_cpu,1338
16254,yolo_x_cpu,1237
16255,yolo_x_cpu,1190
16256,yolo_x_cpu,1232
16257,yolo_x_cpu,1231
16258,yolo_x_cpu,1255
16259,yolo_x_cpu,1209
16260,yolo_x_cpu,1162
16261,yolo_x_cpu,1137
16262,yolo_x_cpu,1128
16263,yolo_x_cpu,1102
16264,yolo_x_cpu,1074
16265,yolo_x_cpu,1105
16266,yolo_x_cpu,1169
16267,yolo_x_cpu,1145
16268,yolo_x_cpu,1141
16269,yolo_x_cpu,1184
16270,yolo_x_cpu,1145
16271,yolo_x_cpu,1212
16272,yolo_x_cpu,1187
16273,yolo_x_cpu,1192
16274,yolo_x_cpu,1207
16275,yolo_x_cpu,1227
16276,yolo_x_cpu,1149
16277,yolo_x_cpu,1171
16278,yolo_x_cpu,1167
16279,yolo_x_cpu,1157
16280,yolo_x_cpu,1120
16281,yolo_x_cpu,1221
16282,yolo_x_cpu,1205
16283,yolo_x_cpu,1151
16284,yolo_x_cpu,1087
16285,yolo_x_cpu,1166
16286,yolo_x_cpu,1113
16287,yolo_x_cpu,1090
16288,yolo_x_cpu,1064
16289,yolo_x_cpu,1191
16290,yolo_x_cpu,1133
16291,yolo_x_cpu,1089
16292,yolo_x_cpu,1161
16293,yolo_x_cpu,1133
16294,yolo_x_cpu,1115
16295,yolo_x_cpu,1108
16296,yolo_x_cpu,1115
16297,yolo_x_cpu,1155
16298,yolo_x_cpu,1169
16299,yolo_x_cpu,1145
16300,yolo_x_cpu,1116
16301,yolo_x_cpu,1144
16302,yolo_x_cpu,1193
16303,yolo_x_cpu,1071
16304,yolo_x_cpu,992
16305,yolo_x_cpu,898
16306,yolo_x_cpu,1100
16307,yolo_x_cpu,1184
16308,yolo_x_cpu,1012
16309,yolo_x_cpu,1204
16310,yolo_x_cpu,1208
16311,yolo_x_cpu,1225
16312,yolo_x_cpu,1186
16313,yolo_x_cpu,1225
16314,yolo_x_cpu,1207
16315,yolo_x_cpu,1182
16316,yolo_x_cpu,1179
16317,yolo_x_cpu,1194
16318,yolo_x_cpu,1196
16319,yolo_x_cpu,1245
16320,yolo_x_cpu,1169
16321,yolo_x_cpu,1168
16322,yolo_x_cpu,1232
16323,yolo_x_cpu,1183
16324,yolo_x_cpu,1212
16325,yolo_x_cpu,1166
16326,yolo_x_cpu,1219
16327,yolo_x_cpu,1248
16328,yolo_x_cpu,1214
16329,yolo_x_cpu,1243
16330,yolo_x_cpu,1254
16331,yolo_x_cpu,1297
16332,yolo_x_cpu,1315
16333,yolo_x_cpu,1329
16334,yolo_x_cpu,1331
16335,yolo_x_cpu,1306
16336,yolo_x_cpu,1292
16337,yolo_x_cpu,1315
16338,yolo_x_cpu,1290
16339,yolo_x_cpu,1286
16340,yolo_x_cpu,1342
16341,yolo_x_cpu,1334
16342,yolo_x_cpu,1366
16343,yolo_x_cpu,1337
16344,yolo_x_cpu,1257
16345,yolo_x_cpu,1305
16346,yolo_x_cpu,1293
16347,yolo_x_cpu,1298
16348,yolo_x_cpu,1189
16349,yolo_x_cpu,1259
16350,yolo_x_cpu,1224
16351,yolo_x_cpu,1271
16352,yolo_x_cpu,1274
16353,yolo_x_cpu,1305
16354,yolo_x_cpu,1198
16355,yolo_x_cpu,1222
16356,yolo_x_cpu,1257
16357,yolo_x_cpu,1219
16358,yolo_x_cpu,1161
16359,yolo_x_cpu,1233
16360,yolo_x_cpu,1309
16361,yolo_x_cpu,1285
16362,yolo_x_cpu,1216
16363,yolo_x_cpu,1263
16364,yolo_x_cpu,1313
16365,yolo_x_cpu,1366
16366,yolo_x_cpu,1299
16367,yolo_x_cpu,1319
16368,yolo_x_cpu,1356
16369,yolo_x_cpu,1313
16370,yolo_x_cpu,1172
16371,yolo_x_cpu,1275
16372,yolo_x_cpu,1258
16373,yolo_x_cpu,1222
16374,yolo_x_cpu,1276
16375,yolo_x_cpu,1346
16376,yolo_x_cpu,1357
16377,yolo_x_cpu,1343
16378,yolo_x_cpu,1388
16379,yolo_x_cpu,1344
16380,yolo_x_cpu,1427
16381,yolo_x_cpu,1443
16382,yolo_x_cpu,1419
16383,yolo_x_cpu,1336
16384,yolo_x_cpu,1398
16385,yolo_x_cpu,1425
16386,yolo_x_cpu,1434
16387,yolo_x_cpu,1419
16388,yolo_x_cpu,1360
16389,yolo_x_cpu,1378
16390,yolo_x_cpu,1455
16391,yolo_x_cpu,1442
16392,yolo_x_cpu,1422
16393,yolo_x_cpu,1354
16394,yolo_x_cpu,1354
16395,yolo_x_cpu,1379
16396,yolo_x_cpu,1410
16397,yolo_x_cpu,1393
16398,yolo_x_cpu,1447
16399,yolo_x_cpu,1400
16400,yolo_x_cpu,1366
16401,yolo_x_cpu,1376
16402,yolo_x_cpu,1321
16403,yolo_x_cpu,1278
16404,yolo_x_cpu,1329
16405,yolo_x_cpu,1347
16406,yolo_x_cpu,1293
16407,yolo_x_cpu,1340
16408,yolo_x_cpu,1305
16409,yolo_x_cpu,1299
16410,yolo_x_cpu,1277
16411,yolo_x_cpu,1315
16412,yolo_x_cpu,1306
16413,yolo_x_cpu,1278
16414,yolo_x_cpu,1355
16415,yolo_x_cpu,1427
16416,yolo_x_cpu,1377
16417,yolo_x_cpu,1405
16418,yolo_x_cpu,1510
16419,yolo_x_cpu,1513
16420,yolo_x_cpu,1435
16421,yolo_x_cpu,1438
16422,yolo_x_cpu,1387
16423,yolo_x_cpu,1351
16424,yolo_x_cpu,1395
16425,yolo_x_cpu,1352
16426,yolo_x_cpu,1391
16427,yolo_x_cpu,1214
16428,yolo_x_cpu,1027
16429,yolo_x_cpu,1138
16430,yolo_x_cpu,1413
16431,yolo_x_cpu,1404
16432,yolo_x_cpu,1264
16433,yolo_x_cpu,1292
16434,yolo_x_cpu,1281
16435,yolo_x_cpu,1320
16436,yolo_x_cpu,1349
16437,yolo_x_cpu,1268
16438,yolo_x_cpu,1095
16439,yolo_x_cpu,1040
16440,yolo_x_cpu,1001
16441,yolo_x_cpu,1016
16442,yolo_x_cpu,1125
16443,yolo_x_cpu,1224
16444,yolo_x_cpu,1201
16445,yolo_x_cpu,1165
16446,yolo_x_cpu,1210
16447,yolo_x_cpu,1279
16448,yolo_x_cpu,1274
16449,yolo_x_cpu,1267
16450,yolo_x_cpu,1253
16451,yolo_x_cpu,1293
16452,yolo_x_cpu,1295
16453,yolo_x_cpu,1283
16454,yolo_x_cpu,1269
16455,yolo_x_cpu,1215
16456,yolo_x_cpu,1266
16457,yolo_x_cpu,1184
16458,yolo_x_cpu,1199
16459,yolo_x_cpu,1154
16460,yolo_x_cpu,1159
16461,yolo_x_cpu,1146
16462,yolo_x_cpu,1165
16463,yolo_x_cpu,1071
16464,yolo_x_cpu,1097
16465,yolo_x_cpu,1136
16466,yolo_x_cpu,1076
16467,yolo_x_cpu,1149
16468,yolo_x_cpu,1178
16469,yolo_x_cpu,1180
16470,yolo_x_cpu,1221
16471,yolo_x_cpu,1185
16472,yolo_x_cpu,1163
16473,yolo_x_cpu,1200
16474,yolo_x_cpu,1204
16475,yolo_x_cpu,1149
16476,yolo_x_cpu,1173
16477,yolo_x_cpu,1146
16478,yolo_x_cpu,1118
16479,yolo_x_cpu,1077
16480,yolo_x_cpu,1050
16481,yolo_x_cpu,1013
16482,yolo_x_cpu,1009
16483,yolo_x_cpu,1039
16484,yolo_x_cpu,983
16485,yolo_x_cpu,1036
16486,yolo_x_cpu,977
16487,yolo_x_cpu,954
16488,yolo_x_cpu,975
16489,yolo_x_cpu,997
16490,yolo_x_cpu,954
16491,yolo_x_cpu,920
16492,yolo_x_cpu,956
16493,yolo_x_cpu,989
16494,yolo_x_cpu,1040
16495,yolo_x_cpu,956
16496,yolo_x_cpu,972
16497,yolo_x_cpu,985
16498,yolo_x_cpu,931
16499,yolo_x_cpu,956
16500,yolo_x_cpu,944
16501,yolo_x_cpu,921
16502,yolo_x_cpu,933
16503,yolo_x_cpu,887
16504,yolo_x_cpu,864
16505,yolo_x_cpu,902
16506,yolo_x_cpu,881
16507,yolo_x_cpu,825
16508,yolo_x_cpu,899
16509,yolo_x_cpu,920
16510,yolo_x_cpu,805
16511,yolo_x_cpu,858
16512,yolo_x_cpu,881
16513,yolo_x_cpu,814
16514,yolo_x_cpu,780
16515,yolo_x_cpu,851
16516,yolo_x_cpu,864
16517,yolo_x_cpu,863
16518,yolo_x_cpu,893
16519,yolo_x_cpu,867
16520,yolo_x_cpu,872
16521,yolo_x_cpu,857
16522,yolo_x_cpu,849
16523,yolo_x_cpu,856
16524,yolo_x_cpu,825
16525,yolo_x_cpu,790
16526,yolo_x_cpu,815
16527,yolo_x_cpu,822
16528,yolo_x_cpu,847
16529,yolo_x_cpu,836
16530,yolo_x_cpu,778
16531,yolo_x_cpu,812
16532,yolo_x_cpu,818
16533,yolo_x_cpu,841
16534,yolo_x_cpu,868
16535,yolo_x_cpu,827
16536,yolo_x_cpu,818
16537,yolo_x_cpu,781
16538,yolo_x_cpu,825
16539,yolo_x_cpu,797
16540,yolo_x_cpu,793
16541,yolo_x_cpu,798
16542,yolo_x_cpu,744
16543,yolo_x_cpu,773
16544,yolo_x_cpu,846
16545,yolo_x_cpu,850
16546,yolo_x_cpu,758
16547,yolo_x_cpu,827
16548,yolo_x_cpu,913
16549,yolo_x_cpu,903
16550,yolo_x_cpu,855
16551,yolo_x_cpu,852
16552,yolo_x_cpu,874
16553,yolo_x_cpu,881
16554,yolo_x_cpu,857
16555,yolo_x_cpu,827
16556,yolo_x_cpu,817
16557,yolo_x_cpu,811
16558,yolo_x_cpu,740
16559,yolo_x_cpu,773
16560,yolo_x_cpu,770
16561,yolo_x_cpu,745
16562,yolo_x_cpu,754
16563,yolo_x_cpu,730
16564,yolo_x_cpu,780
16565,yolo_x_cpu,815
16566,yolo_x_cpu,782
16567,yolo_x_cpu,873
16568,yolo_x_cpu,860
16569,yolo_x_cpu,853
16570,yolo_x_cpu,860
16571,yolo_x_cpu,896
16572,yolo_x_cpu,862
16573,yolo_x_cpu,785
16574,yolo_x_cpu,745
16575,yolo_x_cpu,816
16576,yolo_x_cpu,818
16577,yolo_x_cpu,723
16578,yolo_x_cpu,773
16579,yolo_x_cpu,854
16580,yolo_x_cpu,800
16581,yolo_x_cpu,829
16582,yolo_x_cpu,850
16583,yolo_x_cpu,792
16584,yolo_x_cpu,826
16585,yolo_x_cpu,838
16586,yolo_x_cpu,896
16587,yolo_x_cpu,860
16588,yolo_x_cpu,888
16589,yolo_x_cpu,870
16590,yolo_x_cpu,873
16591,yolo_x_cpu,854
16592,yolo_x_cpu,880
16593,yolo_x_cpu,850
16594,yolo_x_cpu,908
16595,yolo_x_cpu,863
16596,yolo_x_cpu,927
16597,yolo_x_cpu,876
16598,yolo_x_cpu,848
16599,yolo_x_cpu,841
16600,yolo_x_cpu,884
16601,yolo_x_cpu,808
16602,yolo_x_cpu,814
16603,yolo_x_cpu,774
16604,yolo_x_cpu,683
16605,yolo_x_cpu,749
16606,yolo_x_cpu,762
16607,yolo_x_cpu,721
16608,yolo_x_cpu,711
16609,yolo_x_cpu,718
16610,yolo_x_cpu,706
16611,yolo_x_cpu,688
16612,yolo_x_cpu,690
16613,yolo_x_cpu,734
16614,yolo_x_cpu,736
16615,yolo_x_cpu,710
16616,yolo_x_cpu,769
16617,yolo_x_cpu,708
16618,yolo_x_cpu,714
16619,yolo_x_cpu,716
16620,yolo_x_cpu,749
16621,yolo_x_cpu,718
16622,yolo_x_cpu,740
16623,yolo_x_cpu,763
16624,yolo_x_cpu,761
16625,yolo_x_cpu,763
16626,yolo_x_cpu,775
16627,yolo_x_cpu,775
16628,yolo_x_cpu,775
16629,yolo_x_cpu,738
16630,yolo_x_cpu,741
16631,yolo_x_cpu,679
16632,yolo_x_cpu,631
16633,yolo_x_cpu,714
16634,yolo_x_cpu,694
16635,yolo_x_cpu,681
16636,yolo_x_cpu,678
16637,yolo_x_cpu,747
16638,yolo_x_cpu,708
16639,yolo_x_cpu,662
16640,yolo_x_cpu,695
16641,yolo_x_cpu,687
16642,yolo_x_cpu,680
16643,yolo_x_cpu,641
16644,yolo_x_cpu,686
16645,yolo_x_cpu,684
16646,yolo_x_cpu,665
16647,yolo_x_cpu,697
16648,yolo_x_cpu,708
16649,yolo_x_cpu,703
16650,yolo_x_cpu,709
16651,yolo_x_cpu,665
16652,yolo_x_cpu,714
16653,yolo_x_cpu,652
16654,yolo_x_cpu,707
16655,yolo_x_cpu,717
16656,yolo_x_cpu,681
16657,yolo_x_cpu,622
16658,yolo_x_cpu,646
16659,yolo_x_cpu,653
16660,yolo_x_cpu,629
16661,yolo_x_cpu,641
16662,yolo_x_cpu,650
16663,yolo_x_cpu,642
16664,yolo_x_cpu,582
16665,yolo_x_cpu,587
16666,yolo_x_cpu,593
16667,yolo_x_cpu,530
16668,yolo_x_cpu,555
16669,yolo_x_cpu,561
16670,yolo_x_cpu,572
16671,yolo_x_cpu,547
16672,yolo_x_cpu,521
16673,yolo_x_cpu,544
16674,yolo_x_cpu,570
16675,yolo_x_cpu,580
16676,yolo_x_cpu,577
16677,yolo_x_cpu,622
16678,yolo_x_cpu,538
16679,yolo_x_cpu,561
16680,yolo_x_cpu,593
16681,yolo_x_cpu,610
16682,yolo_x_cpu,598
16683,yolo_x_cpu,618
16684,yolo_x_cpu,644
16685,yolo_x_cpu,522
16686,yolo_x_cpu,513
16687,yolo_x_cpu,566
16688,yolo_x_cpu,562
16689,yolo_x_cpu,509
16690,yolo_x_cpu,496
16691,yolo_x_cpu,508
16692,yolo_x_cpu,498
16693,yolo_x_cpu,560
16694,yolo_x_cpu,504
16695,yolo_x_cpu,506
16696,yolo_x_cpu,489
16697,yolo_x_cpu,551
16698,yolo_x_cpu,523
16699,yolo_x_cpu,489
16700,yolo_x_cpu,505
16701,yolo_x_cpu,493
16702,yolo_x_cpu,528
16703,yolo_x_cpu,538
16704,yolo_x_cpu,540
16705,yolo_x_cpu,452
16706,yolo_x_cpu,462
16707,yolo_x_cpu,446
16708,yolo_x_cpu,413
16709,yolo_x_cpu,453
16710,yolo_x_cpu,499
16711,yolo_x_cpu,354
16712,yolo_x_cpu,367
16713,yolo_x_cpu,430
16714,yolo_x_cpu,446
16715,yolo_x_cpu,399
16716,yolo_x_cpu,397
16717,yolo_x_cpu,405
16718,yolo_x_cpu,452
16719,yolo_x_cpu,427
16720,yolo_x_cpu,448
16721,yolo_x_cpu,438
16722,yolo_x_cpu,454
16723,yolo_x_cpu,383
16724,yolo_x_cpu,398
16725,yolo_x_cpu,357
16726,yolo_x_cpu,342
16727,yolo_x_cpu,332
16728,yolo_x_cpu,365
16729,yolo_x_cpu,408
16730,yolo_x_cpu,386
16731,yolo_x_cpu,414
16732,yolo_x_cpu,371
16733,yolo_x_cpu,344
16734,yolo_x_cpu,405
16735,yolo_x_cpu,381
16736,yolo_x_cpu,386
16737,yolo_x_cpu,384
16738,yolo_x_cpu,375
16739,yolo_x_cpu,395
16740,yolo_x_cpu,353
16741,yolo_x_cpu,348
16742,yolo_x_cpu,335
16743,yolo_x_cpu,317
16744,yolo_x_cpu,346
16745,yolo_x_cpu,334
16746,yolo_x_cpu,367
16747,yolo_x_cpu,360
16748,yolo_x_cpu,357
16749,yolo_x_cpu,374
16750,yolo_x_cpu,335
16751,yolo_x_cpu,331
16752,yolo_x_cpu,323
16753,yolo_x_cpu,324
16754,yolo_x_cpu,293
16755,yolo_x_cpu,307
16756,yolo_x_cpu,257
16757,yolo_x_cpu,351
16758,yolo_x_cpu,347
16759,yolo_x_cpu,308
16760,yolo_x_cpu,295
16761,yolo_x_cpu,275
16762,yolo_x_cpu,263
16763,yolo_x_cpu,292
16764,yolo_x_cpu,271
16765,yolo_x_cpu,223
16766,yolo_x_cpu,293
16767,yolo_x_cpu,266
16768,yolo_x_cpu,277
16769,yolo_x_cpu,283
16770,yolo_x_cpu,215
16771,yolo_x_cpu,230
16772,yolo_x_cpu,238
16773,yolo_x_cpu,189
16774,yolo_x_cpu,269
16775,yolo_x_cpu,210
16776,yolo_x_cpu,251
16777,yolo_x_cpu,272
16778,yolo_x_cpu,272
16779,yolo_x_cpu,279
16780,yolo_x_cpu,257
16781,yolo_x_cpu,294
16782,yolo_x_cpu,245
16783,yolo_x_cpu,307
16784,yolo_x_cpu,269
16785,yolo_x_cpu,261
16786,yolo_x_cpu,272
16787,yolo_x_cpu,217
16788,yolo_x_cpu,262
16789,yolo_x_cpu,242
16790,yolo_x_cpu,292
16791,yolo_x_cpu,258
16792,yolo_x_cpu,249
16793,yolo_x_cpu,248
16794,yolo_x_cpu,233
16795,yolo_x_cpu,237
16796,yolo_x_cpu,218
16797,yolo_x_cpu,210
16798,yolo_x_cpu,183
16799,yolo_x_cpu,192
16800,yolo_x_cpu,214
16801,yolo_x_cpu,191
16802,yolo_x_cpu,189
16803,yolo_x_cpu,174
16804,yolo_x_cpu,210
16805,yolo_x_cpu,252
16806,yolo_x_cpu,244
16807,yolo_x_cpu,221
16808,yolo_x_cpu,224
16809,yolo_x_cpu,178
16810,yolo_x_cpu,170
16811,yolo_x_cpu,182
16812,yolo_x_cpu,152
16813,yolo_x_cpu,156
16814,yolo_x_cpu,216
16815,yolo_x_cpu,183
16816,yolo_x_cpu,164
16817,yolo_x_cpu,183
16818,yolo_x_cpu,179
16819,yolo_x_cpu,175
16820,yolo_x_cpu,149
16821,yolo_x_cpu,153
16822,yolo_x_cpu,150
16823,yolo_x_cpu,143
16824,yolo_x_cpu,120
16825,yolo_x_cpu,121
16826,yolo_x_cpu,117
16827,yolo_x_cpu,148
16828,yolo_x_cpu,138
16829,yolo_x_cpu,150
16830,yolo_x_cpu,139
16831,yolo_x_cpu,164
16832,yolo_x_cpu,143
16833,yolo_x_cpu,140
16834,yolo_x_cpu,126
16835,yolo_x_cpu,149
16836,yolo_x_cpu,170
16837,yolo_x_cpu,148
16838,yolo_x_cpu,178
16839,yolo_x_cpu,193
16840,yolo_x_cpu,190
16841,yolo_x_cpu,168
16842,yolo_x_cpu,163
16843,yolo_x_cpu,170
16844,yolo_x_cpu,161
16845,yolo_x_cpu,167
16846,yolo_x_cpu,154
16847,yolo_x_cpu,152
16848,yolo_x_cpu,143
16849,yolo_x_cpu,154
16850,yolo_x_cpu,189
16851,yolo_x_cpu,149
16852,yolo_x_cpu,128
16853,yolo_x_cpu,152
16854,yolo_x_cpu,173
16855,yolo_x_cpu,170
16856,yolo_x_cpu,191
16857,yolo_x_cpu,208
16858,yolo_x_cpu,193
16859,yolo_x_cpu,177
16860,yolo_x_cpu,165
16861,yolo_x_cpu,170
16862,yolo_x_cpu,152
16863,yolo_x_cpu,132
16864,yolo_x_cpu,155
16865,yolo_x_cpu,124
16866,yolo_x_cpu,119
16867,yolo_x_cpu,131
16868,yolo_x_cpu,119
16869,yolo_x_cpu,112
16870,yolo_x_cpu,140
16871,yolo_x_cpu,120
16872,yolo_x_cpu,103
16873,yolo_x_cpu,82
16874,yolo_x_cpu,104
16875,yolo_x_cpu,99
16876,yolo_x_cpu,120
16877,yolo_x_cpu,134
16878,yolo_x_cpu,126
16879,yolo_x_cpu,110
16880,yolo_x_cpu,127
16881,yolo_x_cpu,113
16882,yolo_x_cpu,139
16883,yolo_x_cpu,116
16884,yolo_x_cpu,158
16885,yolo_x_cpu,146
16886,yolo_x_cpu,115
16887,yolo_x_cpu,116
16888,yolo_x_cpu,89
16889,yolo_x_cpu,111
16890,yolo_x_cpu,97
16891,yolo_x_cpu,77
16892,yolo_x_cpu,74
16893,yolo_x_cpu,68
16894,yolo_x_cpu,88
16895,yolo_x_cpu,77
16896,yolo_x_cpu,87
16897,yolo_x_cpu,90
16898,yolo_x_cpu,101
16899,yolo_x_cpu,94
16900,yolo_x_cpu,79
16901,yolo_x_cpu,71
16902,yolo_x_cpu,77
16903,yolo_x_cpu,115
16904,yolo_x_cpu,99
16905,yolo_x_cpu,80
16906,yolo_x_cpu,73
16907,yolo_x_cpu,82
16908,yolo_x_cpu,70
16909,yolo_x_cpu,83
16910,yolo_x_cpu,77
16911,yolo_x_cpu,80
16912,yolo_x_cpu,81
16913,yolo_x_cpu,89
16914,yolo_x_cpu,81
16915,yolo_x_cpu,76
16916,yolo_x_cpu,80
16917,yolo_x_cpu,88
16918,yolo_x_cpu,89
16919,yolo_x_cpu,96
16920,yolo_x_cpu,92
16921,yolo_x_cpu,90
16922,yolo_x_cpu,93
16923,yolo_x_cpu,98
16924,yolo_x_cpu,99
16925,yolo_x_cpu,99
16926,yolo_x_cpu,80
16927,yolo_x_cpu,75
16928,yolo_x_cpu,65
16929,yolo_x_cpu,82
16930,yolo_x_cpu,69
16931,yolo_x_cpu,72
16932,yolo_x_cpu,68
16933,yolo_x_cpu,69
16934,yolo_x_cpu,81
16935,yolo_x_cpu,68
16936,yolo_x_cpu,61
16937,yolo_x_cpu,62
16938,yolo_x_cpu,58
16939,yolo_x_cpu,66
16940,yolo_x_cpu,65
16941,yolo_x_cpu,84
16942,yolo_x_cpu,81
16943,yolo_x_cpu,66
16944,yolo_x_cpu,62
16945,yolo_x_cpu,66
16946,yolo_x_cpu,61
16947,yolo_x_cpu,58
16948,yolo_x_cpu,50
16949,yolo_x_cpu,58
16950,yolo_x_cpu,61
16951,yolo_x_cpu,57
16952,yolo_x_cpu,82
16953,yolo_x_cpu,67
16954,yolo_x_cpu,74
16955,yolo_x_cpu,94
16956,yolo_x_cpu,112
16957,yolo_x_cpu,94
16958,yolo_x_cpu,97
16959,yolo_x_cpu,86
16960,yolo_x_cpu,84
16961,yolo_x_cpu,92
16962,yolo_x_cpu,95
16963,yolo_x_cpu,79
16964,yolo_x_cpu,65
16965,yolo_x_cpu,65
16966,yolo_x_cpu,66
16967,yolo_x_cpu,59
16968,yolo_x_cpu,57
16969,yolo_x_cpu,46
16970,yolo_x_cpu,50
16971,yolo_x_cpu,54
16972,yolo_x_cpu,69
16973,yolo_x_cpu,72
16974,yolo_x_cpu,83
16975,yolo_x_cpu,87
16976,yolo_x_cpu,60
16977,yolo_x_cpu,62
16978,yolo_x_cpu,63
16979,yolo_x_cpu,55
16980,yolo_x_cpu,112
16981,yolo_x_cpu,3297
16982,yolo_x_cpu,3400
16983,yolo_x_cpu,2332
16984,yolo_x_cpu,456
16985,yolo_x_cpu,408
16986,yolo_x_cpu,384
16987,yolo_x_cpu,287
16988,yolo_x_cpu,207
16989,yolo_x_cpu,169
16990,yolo_x_cpu,178
16991,yolo_x_cpu,189
16992,yolo_x_cpu,217
16993,yolo_x_cpu,296
16994,yolo_x_cpu,298
16995,yolo_x_cpu,267
16996,yolo_x_cpu,293
16997,yolo_x_cpu,264
16998,yolo_x_cpu,246
16999,yolo_x_cpu,231
17000,yolo_x_cpu,221
17001,yolo_x_cpu,154
17002,yolo_x_cpu,143
17003,yolo_x_cpu,154
17004,yolo_x_cpu,227
17005,yolo_x_cpu,160
17006,yolo_x_cpu,117
17007,yolo_x_cpu,117
17008,yolo_x_cpu,100
17009,yolo_x_cpu,75
17010,yolo_x_cpu,66
17011,yolo_x_cpu,70
17012,yolo_x_cpu,93
17013,yolo_x_cpu,93
17014,yolo_x_cpu,104
17015,yolo_x_cpu,119
17016,yolo_x_cpu,119
17017,yolo_x_cpu,120
17018,yolo_x_cpu,114
17019,yolo_x_cpu,113
17020,yolo_x_cpu,93
17021,yolo_x_cpu,95
17022,yolo_x_cpu,66
17023,yolo_x_cpu,58
17024,yolo_x_cpu,60
17025,yolo_x_cpu,105
17026,yolo_x_cpu,107
17027,yolo_x_cpu,86
17028,yolo_x_cpu,109
17029,yolo_x_cpu,95
17030,yolo_x_cpu,117
17031,yolo_x_cpu,140
17032,yolo_x_cpu,144
17033,yolo_x_cpu,90
17034,yolo_x_cpu,98
17035,yolo_x_cpu,88
17036,yolo_x_cpu,110
17037,yolo_x_cpu,119
17038,yolo_x_cpu,98
17039,yolo_x_cpu,103
17040,yolo_x_cpu,83
17041,yolo_x_cpu,46
17042,yolo_x_cpu,44
17043,yolo_x_cpu,62
17044,yolo_x_cpu,45
17045,yolo_x_cpu,51
17046,yolo_x_cpu,58
17047,yolo_x_cpu,58
17048,yolo_x_cpu,52
17049,yolo_x_cpu,29
17050,yolo_x_cpu,30
17051,yolo_x_cpu,34
17052,yolo_x_cpu,45
17053,yolo_x_cpu,44
17054,yolo_x_cpu,39
17055,yolo_x_cpu,27
17056,yolo_x_cpu,35
17057,yolo_x_cpu,30
17058,yolo_x_cpu,43
17059,yolo_x_cpu,52
17060,yolo_x_cpu,34
17061,yolo_x_cpu,44
17062,yolo_x_cpu,50
17063,yolo_x_cpu,82
17064,yolo_x_cpu,100
17065,yolo_x_cpu,103
17066,yolo_x_cpu,104
17067,yolo_x_cpu,47
17068,yolo_x_cpu,60
17069,yolo_x_cpu,78
17070,yolo_x_cpu,52
17071,yolo_x_cpu,26
17072,yolo_x_cpu,36
17073,yolo_x_cpu,45
17074,yolo_x_cpu,44
17075,yolo_x_cpu,42
17076,yolo_x_cpu,30
17077,yolo_x_cpu,22
17078,yolo_x_cpu,17
17079,yolo_x_cpu,46
17080,yolo_x_cpu,50
17081,yolo_x_cpu,27
17082,yolo_x_cpu,28
17083,yolo_x_cpu,29
17084,yolo_x_cpu,20
17085,yolo_x_cpu,20
17086,yolo_x_cpu,21
17087,yolo_x_cpu,20
17088,yolo_x_cpu,33
17089,yolo_x_cpu,26
17090,yolo_x_cpu,26
17091,yolo_x_cpu,23
17092,yolo_x_cpu,25
17093,yolo_x_cpu,34
17094,yolo_x_cpu,44
17095,yolo_x_cpu,50
17096,yolo_x_cpu,40
17097,yolo_x_cpu,35
17098,yolo_x_cpu,30
17099,yolo_x_cpu,41
17100,yolo_x_cpu,28
17101,yolo_x_cpu,47
17102,yolo_x_cpu,42
17103,yolo_x_cpu,33
17104,yolo_x_cpu,21
17105,yolo_x_cpu,13
17106,yolo_x_cpu,17
17107,yolo_x_cpu,18
17108,yolo_x_cpu,9
17109,yolo_x_cpu,8
17110,yolo_x_cpu,13
17111,yolo_x_cpu,19
17112,yolo_x_cpu,19
17113,yolo_x_cpu,20
17114,yolo_x_cpu,19
17115,yolo_x_cpu,13
17116,yolo_x_cpu,23
17117,yolo_x_cpu,24
17118,yolo_x_cpu,35
17119,yolo_x_cpu,23
17120,yolo_x_cpu,28
17121,yolo_x_cpu,31
17122,yolo_x_cpu,25
17123,yolo_x_cpu,18
17124,yolo_x_cpu,23
17125,yolo_x_cpu,40
17126,yolo_x_cpu,35
17127,yolo_x_cpu,28
17128,yolo_x_cpu,25
17129,yolo_x_cpu,21
17130,yolo_x_cpu,11
17131,yolo_x_cpu,10
17132,yolo_x_cpu,9
17133,yolo_x_cpu,13
17134,yolo_x_cpu,9
17135,yolo_x_cpu,20
17136,yolo_x_cpu,17
17137,yolo_x_cpu,10
17138,yolo_x_cpu,11
17139,yolo_x_cpu,23
17140,yolo_x_cpu,22
17141,yolo_x_cpu,28
17142,yolo_x_cpu,38
17143,yolo_x_cpu,31
17144,yolo_x_cpu,41
17145,yolo_x_cpu,39
17146,yolo_x_cpu,49
17147,yolo_x_cpu,45
17148,yolo_x_cpu,42
17149,yolo_x_cpu,37
17150,yolo_x_cpu,35
17151,yolo_x_cpu,31
17152,yolo_x_cpu,26
17153,yolo_x_cpu,15
17154,yolo_x_cpu,25
17155,yolo_x_cpu,25
17156,yolo_x_cpu,36
17157,yolo_x_cpu,44
17158,yolo_x_cpu,31
17159,yolo_x_cpu,39
17160,yolo_x_cpu,35
17161,yolo_x_cpu,41
17162,yolo_x_cpu,44
17163,yolo_x_cpu,48
17164,yolo_x_cpu,46
17165,yolo_x_cpu,51
17166,yolo_x_cpu,68
17167,yolo_x_cpu,78
17168,yolo_x_cpu,55
17169,yolo_x_cpu,63
17170,yolo_x_cpu,52
17171,yolo_x_cpu,59
17172,yolo_x_cpu,77
17173,yolo_x_cpu,83
17174,yolo_x_cpu,88
17175,yolo_x_cpu,88
17176,yolo_x_cpu,83
17177,yolo_x_cpu,57
17178,yolo_x_cpu,52
17179,yolo_x_cpu,84
17180,yolo_x_cpu,94
17181,yolo_x_cpu,94
17182,yolo_x_cpu,110
17183,yolo_x_cpu,102
17184,yolo_x_cpu,99
17185,yolo_x_cpu,114
17186,yolo_x_cpu,99
17187,yolo_x_cpu,114
17188,yolo_x_cpu,120
17189,yolo_x_cpu,132
17190,yolo_x_cpu,132
17191,yolo_x_cpu,112
17192,yolo_x_cpu,114
17193,yolo_x_cpu,103
17194,yolo_x_cpu,140
17195,yolo_x_cpu,167
17196,yolo_x_cpu,176
17197,yolo_x_cpu,178
17198,yolo_x_cpu,206
17199,yolo_x_cpu,220
17200,yolo_x_cpu,194
17201,yolo_x_cpu,189
17202,yolo_x_cpu,188
17203,yolo_x_cpu,175
17204,yolo_x_cpu,179
17205,yolo_x_cpu,187
17206,yolo_x_cpu,189
17207,yolo_x_cpu,186
17208,yolo_x_cpu,217
17209,yolo_x_cpu,214
17210,yolo_x_cpu,237
17211,yolo_x_cpu,239
17212,yolo_x_cpu,235
17213,yolo_x_cpu,243
17214,yolo_x_cpu,284
17215,yolo_x_cpu,269
17216,yolo_x_cpu,312
17217,yolo_x_cpu,287
17218,yolo_x_cpu,340
17219,yolo_x_cpu,329
17220,yolo_x_cpu,360
17221,yolo_x_cpu,323
17222,yolo_x_cpu,374
17223,yolo_x_cpu,333
17224,yolo_x_cpu,335
17225,yolo_x_cpu,390
17226,yolo_x_cpu,486
17227,yolo_x_cpu,470
17228,yolo_x_cpu,428
17229,yolo_x_cpu,462
17230,yolo_x_cpu,501
17231,yolo_x_cpu,510
17232,yolo_x_cpu,505
17233,yolo_x_cpu,470
17234,yolo_x_cpu,508
17235,yolo_x_cpu,488
17236,yolo_x_cpu,557
17237,yolo_x_cpu,554
17238,yolo_x_cpu,513
17239,yolo_x_cpu,542
17240,yolo_x_cpu,580
17241,yolo_x_cpu,562
17242,yolo_x_cpu,569
17243,yolo_x_cpu,555
17244,yolo_x_cpu,576
17245,yolo_x_cpu,585
17246,yolo_x_cpu,569
17247,yolo_x_cpu,615
17248,yolo_x_cpu,592
17249,yolo_x_cpu,593
17250,yolo_x_cpu,600
17251,yolo_x_cpu,644
17252,yolo_x_cpu,640
17253,yolo_x_cpu,672
17254,yolo_x_cpu,697
17255,yolo_x_cpu,723
17256,yolo_x_cpu,692
17257,yolo_x_cpu,699
17258,yolo_x_cpu,736
17259,yolo_x_cpu,731
17260,yolo_x_cpu,754
17261,yolo_x_cpu,781
17262,yolo_x_cpu,765
17263,yolo_x_cpu,824
17264,yolo_x_cpu,824
17265,yolo_x_cpu,844
17266,yolo_x_cpu,878
17267,yolo_x_cpu,904
17268,yolo_x_cpu,873
17269,yolo_x_cpu,886
17270,yolo_x_cpu,875
17271,yolo_x_cpu,911
17272,yolo_x_cpu,861
17273,yolo_x_cpu,885
17274,yolo_x_cpu,859
17275,yolo_x_cpu,877
17276,yolo_x_cpu,867
17277,yolo_x_cpu,878
17278,yolo_x_cpu,893
17279,yolo_x_cpu,829
17280,yolo_x_cpu,880
17281,yolo_x_cpu,911
17282,yolo_x_cpu,832
17283,yolo_x_cpu,873
17284,yolo_x_cpu,856
17285,yolo_x_cpu,942
17286,yolo_x_cpu,963
17287,yolo_x_cpu,1001
17288,yolo_x_cpu,950
17289,yolo_x_cpu,922
17290,yolo_x_cpu,887
17291,yolo_x_cpu,863
17292,yolo_x_cpu,844
17293,yolo_x_cpu,851
17294,yolo_x_cpu,900
17295,yolo_x_cpu,878
17296,yolo_x_cpu,890
17297,yolo_x_cpu,854
17298,yolo_x_cpu,870
17299,yolo_x_cpu,858
17300,yolo_x_cpu,829
17301,yolo_x_cpu,854
17302,yolo_x_cpu,822
17303,yolo_x_cpu,772
17304,yolo_x_cpu,823
17305,yolo_x_cpu,805
17306,yolo_x_cpu,807
17307,yolo_x_cpu,808
17308,yolo_x_cpu,774
17309,yolo_x_cpu,834
17310,yolo_x_cpu,797
17311,yolo_x_cpu,874
17312,yolo_x_cpu,818
17313,yolo_x_cpu,845
17314,yolo_x_cpu,826
17315,yolo_x_cpu,816
17316,yolo_x_cpu,847
17317,yolo_x_cpu,786
17318,yolo_x_cpu,820
17319,yolo_x_cpu,804
17320,yolo_x_cpu,822
17321,yolo_x_cpu,820
17322,yolo_x_cpu,839
17323,yolo_x_cpu,816
17324,yolo_x_cpu,780
17325,yolo_x_cpu,817
17326,yolo_x_cpu,807
17327,yolo_x_cpu,803
17328,yolo_x_cpu,789
17329,yolo_x_cpu,763
17330,yolo_x_cpu,813
17331,yolo_x_cpu,831
17332,yolo_x_cpu,860
17333,yolo_x_cpu,883
17334,yolo_x_cpu,884
17335,yolo_x_cpu,857
17336,yolo_x_cpu,947
17337,yolo_x_cpu,970
17338,yolo_x_cpu,968
17339,yolo_x_cpu,975
17340,yolo_x_cpu,957
17341,yolo_x_cpu,968
17342,yolo_x_cpu,962
17343,yolo_x_cpu,1009
17344,yolo_x_cpu,1007
17345,yolo_x_cpu,954
17346,yolo_x_cpu,951
17347,yolo_x_cpu,1019
17348,yolo_x_cpu,1108
17349,yolo_x_cpu,1113
17350,yolo_x_cpu,1085
17351,yolo_x_cpu,1073
17352,yolo_x_cpu,1072
17353,yolo_x_cpu,1093
17354,yolo_x_cpu,1060
17355,yolo_x_cpu,1080
17356,yolo_x_cpu,1123
17357,yolo_x_cpu,1087
17358,yolo_x_cpu,1134
17359,yolo_x_cpu,1075
17360,yolo_x_cpu,1084
17361,yolo_x_cpu,1085
17362,yolo_x_cpu,1046
17363,yolo_x_cpu,1072
17364,yolo_x_cpu,1045
17365,yolo_x_cpu,1141
17366,yolo_x_cpu,1118
17367,yolo_x_cpu,1151
17368,yolo_x_cpu,1156
17369,yolo_x_cpu,1109
17370,yolo_x_cpu,1115
17371,yolo_x_cpu,1199
17372,yolo_x_cpu,1139
17373,yolo_x_cpu,1153
17374,yolo_x_cpu,1225
17375,yolo_x_cpu,1191
17376,yolo_x_cpu,1209
17377,yolo_x_cpu,1193
17378,yolo_x_cpu,1202
17379,yolo_x_cpu,1170
17380,yolo_x_cpu,1277
17381,yolo_x_cpu,1305
17382,yolo_x_cpu,1249
17383,yolo_x_cpu,1206
17384,yolo_x_cpu,1268
17385,yolo_x_cpu,1232
17386,yolo_x_cpu,1343
17387,yolo_x_cpu,1297
17388,yolo_x_cpu,1215
17389,yolo_x_cpu,1228
17390,yolo_x_cpu,1169
17391,yolo_x_cpu,1233
17392,yolo_x_cpu,1162
17393,yolo_x_cpu,1103
17394,yolo_x_cpu,1064
17395,yolo_x_cpu,1030
17396,yolo_x_cpu,1098
17397,yolo_x_cpu,1151
17398,yolo_x_cpu,1152
17399,yolo_x_cpu,1162
17400,yolo_x_cpu,1095
17401,yolo_x_cpu,1176
17402,yolo_x_cpu,1088
17403,yolo_x_cpu,1110
17404,yolo_x_cpu,1241
17405,yolo_x_cpu,1261
17406,yolo_x_cpu,1195
17407,yolo_x_cpu,1182
17408,yolo_x_cpu,1184
17409,yolo_x_cpu,1238
17410,yolo_x_cpu,1197
17411,yolo_x_cpu,1209
17412,yolo_x_cpu,1240
17413,yolo_x_cpu,1226
17414,yolo_x_cpu,1225
17415,yolo_x_cpu,1189
17416,yolo_x_cpu,1178
17417,yolo_x_cpu,1203
17418,yolo_x_cpu,1275
17419,yolo_x_cpu,1276
17420,yolo_x_cpu,1323
17421,yolo_x_cpu,1242
17422,yolo_x_cpu,1200
17423,yolo_x_cpu,1272
17424,yolo_x_cpu,1207
17425,yolo_x_cpu,1281
17426,yolo_x_cpu,1276
17427,yolo_x_cpu,1297
17428,yolo_x_cpu,1270
17429,yolo_x_cpu,1223
17430,yolo_x_cpu,1232
17431,yolo_x_cpu,1213
17432,yolo_x_cpu,1206
17433,yolo_x_cpu,1161
17434,yolo_x_cpu,1126
17435,yolo_x_cpu,1119
17436,yolo_x_cpu,1127
17437,yolo_x_cpu,1206
17438,yolo_x_cpu,1203
17439,yolo_x_cpu,1274
17440,yolo_x_cpu,1300
17441,yolo_x_cpu,1212
17442,yolo_x_cpu,1242
17443,yolo_x_cpu,1197
17444,yolo_x_cpu,1277
17445,yolo_x_cpu,1207
17446,yolo_x_cpu,1226
17447,yolo_x_cpu,1268
17448,yolo_x_cpu,1225
17449,yolo_x_cpu,1195
17450,yolo_x_cpu,1210
17451,yolo_x_cpu,1194
17452,yolo_x_cpu,1193
17453,yolo_x_cpu,1186
17454,yolo_x_cpu,1138
17455,yolo_x_cpu,1141
17456,yolo_x_cpu,1121
17457,yolo_x_cpu,1226
17458,yolo_x_cpu,1150
17459,yolo_x_cpu,1250
17460,yolo_x_cpu,1277
17461,yolo_x_cpu,1155
17462,yolo_x_cpu,1170
17463,yolo_x_cpu,1129
17464,yolo_x_cpu,1135
17465,yolo_x_cpu,1112
17466,yolo_x_cpu,1116
17467,yolo_x_cpu,1139
17468,yolo_x_cpu,1153
17469,yolo_x_cpu,1186
17470,yolo_x_cpu,1201
17471,yolo_x_cpu,1129
17472,yolo_x_cpu,1220
17473,yolo_x_cpu,1184
17474,yolo_x_cpu,1148
17475,yolo_x_cpu,1206
17476,yolo_x_cpu,1214
17477,yolo_x_cpu,1207
17478,yolo_x_cpu,1172
17479,yolo_x_cpu,1124
17480,yolo_x_cpu,1146
17481,yolo_x_cpu,1163
17482,yolo_x_cpu,1154
17483,yolo_x_cpu,1077
17484,yolo_x_cpu,1081
17485,yolo_x_cpu,1097
17486,yolo_x_cpu,1092
17487,yolo_x_cpu,1059
17488,yolo_x_cpu,1063
17489,yolo_x_cpu,1102
17490,yolo_x_cpu,1107
17491,yolo_x_cpu,1042
17492,yolo_x_cpu,1116
17493,yolo_x_cpu,1109
17494,yolo_x_cpu,1035
17495,yolo_x_cpu,1087
17496,yolo_x_cpu,1062
17497,yolo_x_cpu,1048
17498,yolo_x_cpu,1027
17499,yolo_x_cpu,1078
17500,yolo_x_cpu,1049
17501,yolo_x_cpu,1086
17502,yolo_x_cpu,1046
17503,yolo_x_cpu,1031
17504,yolo_x_cpu,991
17505,yolo_x_cpu,1001
17506,yolo_x_cpu,1044
17507,yolo_x_cpu,1017
17508,yolo_x_cpu,1014
17509,yolo_x_cpu,1037
17510,yolo_x_cpu,976
17511,yolo_x_cpu,1051
17512,yolo_x_cpu,1064
17513,yolo_x_cpu,1014
17514,yolo_x_cpu,1072
17515,yolo_x_cpu,1100
17516,yolo_x_cpu,1119
17517,yolo_x_cpu,1139
17518,yolo_x_cpu,1121
17519,yolo_x_cpu,1138
17520,yolo_x_cpu,1043
17521,yolo_x_cpu,995
17522,yolo_x_cpu,956
17523,yolo_x_cpu,949
17524,yolo_x_cpu,961
17525,yolo_x_cpu,1004
17526,yolo_x_cpu,984
17527,yolo_x_cpu,996
17528,yolo_x_cpu,1000
17529,yolo_x_cpu,1017
17530,yolo_x_cpu,1019
17531,yolo_x_cpu,986
17532,yolo_x_cpu,995
17533,yolo_x_cpu,936
17534,yolo_x_cpu,950
17535,yolo_x_cpu,916
17536,yolo_x_cpu,978
17537,yolo_x_cpu,1037
17538,yolo_x_cpu,976
17539,yolo_x_cpu,937
17540,yolo_x_cpu,943
17541,yolo_x_cpu,895
17542,yolo_x_cpu,923
17543,yolo_x_cpu,956
17544,yolo_x_cpu,1015
17545,yolo_x_cpu,1029
17546,yolo_x_cpu,1044
17547,yolo_x_cpu,1055
17548,yolo_x_cpu,1041
17549,yolo_x_cpu,979
17550,yolo_x_cpu,887
17551,yolo_x_cpu,991
17552,yolo_x_cpu,1047
17553,yolo_x_cpu,940
17554,yolo_x_cpu,930
17555,yolo_x_cpu,956
17556,yolo_x_cpu,1007
17557,yolo_x_cpu,976
17558,yolo_x_cpu,1054
17559,yolo_x_cpu,998
17560,yolo_x_cpu,989
17561,yolo_x_cpu,949
17562,yolo_x_cpu,1006
17563,yolo_x_cpu,1028
17564,yolo_x_cpu,1067
17565,yolo_x_cpu,1100
17566,yolo_x_cpu,1033
17567,yolo_x_cpu,1036
17568,yolo_x_cpu,1046
17569,yolo_x_cpu,1008
17570,yolo_x_cpu,1024
17571,yolo_x_cpu,995
17572,yolo_x_cpu,958
17573,yolo_x_cpu,923
17574,yolo_x_cpu,951
17575,yolo_x_cpu,983
17576,yolo_x_cpu,990
17577,yolo_x_cpu,960
17578,yolo_x_cpu,977
17579,yolo_x_cpu,939
17580,yolo_x_cpu,999
17581,yolo_x_cpu,924
17582,yolo_x_cpu,923
17583,yolo_x_cpu,920
17584,yolo_x_cpu,895
17585,yolo_x_cpu,948
17586,yolo_x_cpu,964
17587,yolo_x_cpu,942
17588,yolo_x_cpu,882
17589,yolo_x_cpu,936
17590,yolo_x_cpu,912
17591,yolo_x_cpu,981
17592,yolo_x_cpu,930
17593,yolo_x_cpu,1017
17594,yolo_x_cpu,982
17595,yolo_x_cpu,1021
17596,yolo_x_cpu,951
17597,yolo_x_cpu,1034
17598,yolo_x_cpu,1022
17599,yolo_x_cpu,1038
17600,yolo_x_cpu,1084
17601,yolo_x_cpu,1146
17602,yolo_x_cpu,1150
17603,yolo_x_cpu,1089
17604,yolo_x_cpu,1050
17605,yolo_x_cpu,1070
17606,yolo_x_cpu,1052
17607,yolo_x_cpu,1095
17608,yolo_x_cpu,1026
17609,yolo_x_cpu,955
17610,yolo_x_cpu,1006
17611,yolo_x_cpu,998
17612,yolo_x_cpu,955
17613,yolo_x_cpu,1020
17614,yolo_x_cpu,989
17615,yolo_x_cpu,1043
17616,yolo_x_cpu,1009
17617,yolo_x_cpu,1021
17618,yolo_x_cpu,1079
17619,yolo_x_cpu,1071
17620,yolo_x_cpu,1099
17621,yolo_x_cpu,1152
17622,yolo_x_cpu,1138
17623,yolo_x_cpu,1158
17624,yolo_x_cpu,1182
17625,yolo_x_cpu,1187
17626,yolo_x_cpu,1110
17627,yolo_x_cpu,1078
17628,yolo_x_cpu,1073
17629,yolo_x_cpu,1097
17630,yolo_x_cpu,1056
17631,yolo_x_cpu,1105
17632,yolo_x_cpu,1065
17633,yolo_x_cpu,1081
17634,yolo_x_cpu,1085
17635,yolo_x_cpu,1134
17636,yolo_x_cpu,1120
17637,yolo_x_cpu,1173
17638,yolo_x_cpu,1098
17639,yolo_x_cpu,1086
17640,yolo_x_cpu,1094
17641,yolo_x_cpu,1083
17642,yolo_x_cpu,1067
17643,yolo_x_cpu,1091
17644,yolo_x_cpu,1145
17645,yolo_x_cpu,1188
17646,yolo_x_cpu,1207
17647,yolo_x_cpu,1217
17648,yolo_x_cpu,1237
17649,yolo_x_cpu,1303
17650,yolo_x_cpu,1326
17651,yolo_x_cpu,1278
17652,yolo_x_cpu,1276
17653,yolo_x_cpu,1265
17654,yolo_x_cpu,1261
17655,yolo_x_cpu,1291
17656,yolo_x_cpu,1242
17657,yolo_x_cpu,1347
17658,yolo_x_cpu,1301
17659,yolo_x_cpu,1248
17660,yolo_x_cpu,1336
17661,yolo_x_cpu,1331
17662,yolo_x_cpu,1264
17663,yolo_x_cpu,1268
17664,yolo_x_cpu,1231
17665,yolo_x_cpu,1281
17666,yolo_x_cpu,1265
17667,yolo_x_cpu,1201
17668,yolo_x_cpu,1213
17669,yolo_x_cpu,1171
17670,yolo_x_cpu,1226
17671,yolo_x_cpu,1173
17672,yolo_x_cpu,1166
17673,yolo_x_cpu,1181
17674,yolo_x_cpu,1229
17675,yolo_x_cpu,1207
17676,yolo_x_cpu,1189
17677,yolo_x_cpu,1148
17678,yolo_x_cpu,1249
17679,yolo_x_cpu,1140
17680,yolo_x_cpu,1201
17681,yolo_x_cpu,1186
17682,yolo_x_cpu,1164
17683,yolo_x_cpu,1224
17684,yolo_x_cpu,1205
17685,yolo_x_cpu,1139
17686,yolo_x_cpu,1242
17687,yolo_x_cpu,1228
17688,yolo_x_cpu,1169
17689,yolo_x_cpu,1199
17690,yolo_x_cpu,1170
17691,yolo_x_cpu,1142
17692,yolo_x_cpu,1274
17693,yolo_x_cpu,1227
17694,yolo_x_cpu,1163
17695,yolo_x_cpu,1128
17696,yolo_x_cpu,1048
17697,yolo_x_cpu,1005
17698,yolo_x_cpu,1019
17699,yolo_x_cpu,1052
17700,yolo_x_cpu,1020
17701,yolo_x_cpu,1084
17702,yolo_x_cpu,1053
17703,yolo_x_cpu,1092
17704,yolo_x_cpu,1080
17705,yolo_x_cpu,1095
17706,yolo_x_cpu,1114
17707,yolo_x_cpu,1174
17708,yolo_x_cpu,1158
17709,yolo_x_cpu,1202
17710,yolo_x_cpu,1152
17711,yolo_x_cpu,1152
17712,yolo_x_cpu,1158
17713,yolo_x_cpu,1130
17714,yolo_x_cpu,1130
17715,yolo_x_cpu,1125
17716,yolo_x_cpu,1138
17717,yolo_x_cpu,1052
17718,yolo_x_cpu,1105
17719,yolo_x_cpu,1146
17720,yolo_x_cpu,1209
17721,yolo_x_cpu,1118
17722,yolo_x_cpu,1156
17723,yolo_x_cpu,1173
17724,yolo_x_cpu,1174
17725,yolo_x_cpu,1140
17726,yolo_x_cpu,1172
17727,yolo_x_cpu,1172
17728,yolo_x_cpu,1156
17729,yolo_x_cpu,1180
17730,yolo_x_cpu,1201
17731,yolo_x_cpu,1207
17732,yolo_x_cpu,1232
17733,yolo_x_cpu,1228
17734,yolo_x_cpu,1303
17735,yolo_x_cpu,1245
17736,yolo_x_cpu,1219
17737,yolo_x_cpu,1177
17738,yolo_x_cpu,1219
17739,yolo_x_cpu,1132
17740,yolo_x_cpu,1145
17741,yolo_x_cpu,1176
17742,yolo_x_cpu,1211
17743,yolo_x_cpu,1175
17744,yolo_x_cpu,1274
17745,yolo_x_cpu,1181
17746,yolo_x_cpu,1169
17747,yolo_x_cpu,1158
17748,yolo_x_cpu,1160
17749,yolo_x_cpu,1190
17750,yolo_x_cpu,1241
17751,yolo_x_cpu,1307
17752,yolo_x_cpu,1222
17753,yolo_x_cpu,1221
17754,yolo_x_cpu,1203
17755,yolo_x_cpu,1205
17756,yolo_x_cpu,1179
17757,yolo_x_cpu,1252
17758,yolo_x_cpu,1221
17759,yolo_x_cpu,1211
17760,yolo_x_cpu,1188
17761,yolo_x_cpu,1189
17762,yolo_x_cpu,1143
17763,yolo_x_cpu,1090
17764,yolo_x_cpu,1144
17765,yolo_x_cpu,1134
17766,yolo_x_cpu,1139
17767,yolo_x_cpu,1136
17768,yolo_x_cpu,1177
17769,yolo_x_cpu,1126
17770,yolo_x_cpu,1142
17771,yolo_x_cpu,1168
17772,yolo_x_cpu,1111
17773,yolo_x_cpu,1144
17774,yolo_x_cpu,1157
17775,yolo_x_cpu,1135
17776,yolo_x_cpu,1162
17777,yolo_x_cpu,1144
17778,yolo_x_cpu,1106
17779,yolo_x_cpu,1101
17780,yolo_x_cpu,1084
17781,yolo_x_cpu,1052
17782,yolo_x_cpu,1135
17783,yolo_x_cpu,1157
17784,yolo_x_cpu,1122
17785,yolo_x_cpu,1126
17786,yolo_x_cpu,1124
17787,yolo_x_cpu,1112
17788,yolo_x_cpu,1104
17789,yolo_x_cpu,1138
17790,yolo_x_cpu,1147
17791,yolo_x_cpu,1196
17792,yolo_x_cpu,1206
17793,yolo_x_cpu,1188
17794,yolo_x_cpu,1130
17795,yolo_x_cpu,1196
17796,yolo_x_cpu,1278
17797,yolo_x_cpu,1257
17798,yolo_x_cpu,1379
17799,yolo_x_cpu,1346
17800,yolo_x_cpu,1332
17801,yolo_x_cpu,1229
17802,yolo_x_cpu,1264
17803,yolo_x_cpu,1216
17804,yolo_x_cpu,1281
17805,yolo_x_cpu,1167
17806,yolo_x_cpu,1294
17807,yolo_x_cpu,1318
17808,yolo_x_cpu,1331
17809,yolo_x_cpu,1391
17810,yolo_x_cpu,1433
17811,yolo_x_cpu,1353
17812,yolo_x_cpu,1354
17813,yolo_x_cpu,1349
17814,yolo_x_cpu,1368
17815,yolo_x_cpu,1314
17816,yolo_x_cpu,1315
17817,yolo_x_cpu,1336
17818,yolo_x_cpu,1279
17819,yolo_x_cpu,1297
17820,yolo_x_cpu,1300
17821,yolo_x_cpu,1300
17822,yolo_x_cpu,1367
17823,yolo_x_cpu,1356
17824,yolo_x_cpu,1333
17825,yolo_x_cpu,1336
17826,yolo_x_cpu,1364
17827,yolo_x_cpu,1386
17828,yolo_x_cpu,1415
17829,yolo_x_cpu,1483
17830,yolo_x_cpu,1489
17831,yolo_x_cpu,1436
17832,yolo_x_cpu,1423
17833,yolo_x_cpu,1494
17834,yolo_x_cpu,1500
17835,yolo_x_cpu,1445
17836,yolo_x_cpu,1468
17837,yolo_x_cpu,1426
17838,yolo_x_cpu,1471
17839,yolo_x_cpu,1469
17840,yolo_x_cpu,1389
17841,yolo_x_cpu,1426
17842,yolo_x_cpu,1412
17843,yolo_x_cpu,1352
17844,yolo_x_cpu,1329
17845,yolo_x_cpu,1278
17846,yolo_x_cpu,1275
17847,yolo_x_cpu,1270
17848,yolo_x_cpu,1290
17849,yolo_x_cpu,1272
17850,yolo_x_cpu,1308
17851,yolo_x_cpu,1243
17852,yolo_x_cpu,1263
17853,yolo_x_cpu,1284
17854,yolo_x_cpu,1310
17855,yolo_x_cpu,1258
17856,yolo_x_cpu,1241
17857,yolo_x_cpu,1239
17858,yolo_x_cpu,1315
17859,yolo_x_cpu,1374
17860,yolo_x_cpu,1358
17861,yolo_x_cpu,1370
17862,yolo_x_cpu,1340
17863,yolo_x_cpu,1339
17864,yolo_x_cpu,1366
17865,yolo_x_cpu,1406
17866,yolo_x_cpu,1332
17867,yolo_x_cpu,1331
17868,yolo_x_cpu,1346
17869,yolo_x_cpu,1346
17870,yolo_x_cpu,1333
17871,yolo_x_cpu,1297
17872,yolo_x_cpu,1310
17873,yolo_x_cpu,1240
17874,yolo_x_cpu,1267
17875,yolo_x_cpu,1271
17876,yolo_x_cpu,1267
17877,yolo_x_cpu,1270
17878,yolo_x_cpu,1395
17879,yolo_x_cpu,1350
17880,yolo_x_cpu,1391
17881,yolo_x_cpu,1333
17882,yolo_x_cpu,1417
17883,yolo_x_cpu,1301
17884,yolo_x_cpu,1313
17885,yolo_x_cpu,1325
17886,yolo_x_cpu,1358
17887,yolo_x_cpu,1293
17888,yolo_x_cpu,1314
17889,yolo_x_cpu,1352
17890,yolo_x_cpu,1325
17891,yolo_x_cpu,1273
17892,yolo_x_cpu,1163
17893,yolo_x_cpu,1136
17894,yolo_x_cpu,1147
17895,yolo_x_cpu,1156
17896,yolo_x_cpu,1233
17897,yolo_x_cpu,1230
17898,yolo_x_cpu,1313
17899,yolo_x_cpu,1322
17900,yolo_x_cpu,1343
17901,yolo_x_cpu,1259
17902,yolo_x_cpu,1225
17903,yolo_x_cpu,1202
17904,yolo_x_cpu,1266
17905,yolo_x_cpu,1193
17906,yolo_x_cpu,1220
17907,yolo_x_cpu,1259
17908,yolo_x_cpu,1215
17909,yolo_x_cpu,1200
17910,yolo_x_cpu,1227
17911,yolo_x_cpu,1244
17912,yolo_x_cpu,1224
17913,yolo_x_cpu,1223
17914,yolo_x_cpu,1220
17915,yolo_x_cpu,1165
17916,yolo_x_cpu,1146
17917,yolo_x_cpu,1144
17918,yolo_x_cpu,1153
17919,yolo_x_cpu,1150
17920,yolo_x_cpu,1258
17921,yolo_x_cpu,1346
17922,yolo_x_cpu,1305
17923,yolo_x_cpu,1236
17924,yolo_x_cpu,1266
17925,yolo_x_cpu,1152
17926,yolo_x_cpu,1207
17927,yolo_x_cpu,1231
17928,yolo_x_cpu,1282
17929,yolo_x_cpu,1238
17930,yolo_x_cpu,1261
17931,yolo_x_cpu,1298
17932,yolo_x_cpu,1196
17933,yolo_x_cpu,1166
17934,yolo_x_cpu,1124
17935,yolo_x_cpu,1127
17936,yolo_x_cpu,1136
17937,yolo_x_cpu,1112
17938,yolo_x_cpu,1099
17939,yolo_x_cpu,1047
17940,yolo_x_cpu,1053
17941,yolo_x_cpu,1079
17942,yolo_x_cpu,1006
17943,yolo_x_cpu,1029
17944,yolo_x_cpu,1052
17945,yolo_x_cpu,1016
17946,yolo_x_cpu,1058
17947,yolo_x_cpu,1088
17948,yolo_x_cpu,1052
17949,yolo_x_cpu,1034
17950,yolo_x_cpu,1039
17951,yolo_x_cpu,1042
17952,yolo_x_cpu,962
17953,yolo_x_cpu,935
17954,yolo_x_cpu,922
17955,yolo_x_cpu,916
17956,yolo_x_cpu,860
17957,yolo_x_cpu,878
17958,yolo_x_cpu,937
17959,yolo_x_cpu,948
17960,yolo_x_cpu,980
17961,yolo_x_cpu,1006
17962,yolo_x_cpu,932
17963,yolo_x_cpu,920
17964,yolo_x_cpu,950
17965,yolo_x_cpu,961
17966,yolo_x_cpu,937
17967,yolo_x_cpu,912
17968,yolo_x_cpu,962
17969,yolo_x_cpu,1023
17970,yolo_x_cpu,993
17971,yolo_x_cpu,940
17972,yolo_x_cpu,873
17973,yolo_x_cpu,898
17974,yolo_x_cpu,936
17975,yolo_x_cpu,861
17976,yolo_x_cpu,843
17977,yolo_x_cpu,799
17978,yolo_x_cpu,869
17979,yolo_x_cpu,917
17980,yolo_x_cpu,866
17981,yolo_x_cpu,875
17982,yolo_x_cpu,863
17983,yolo_x_cpu,893
17984,yolo_x_cpu,884
17985,yolo_x_cpu,839
17986,yolo_x_cpu,860
17987,yolo_x_cpu,834
17988,yolo_x_cpu,832
17989,yolo_x_cpu,868
17990,yolo_x_cpu,861
17991,yolo_x_cpu,882
17992,yolo_x_cpu,913
17993,yolo_x_cpu,895
17994,yolo_x_cpu,955
17995,yolo_x_cpu,942
17996,yolo_x_cpu,881
17997,yolo_x_cpu,931
17998,yolo_x_cpu,885
17999,yolo_x_cpu,899
18000,yolo_x_cpu,848
18001,yolo_x_cpu,831
18002,yolo_x_cpu,836
18003,yolo_x_cpu,863
18004,yolo_x_cpu,926
18005,yolo_x_cpu,893
18006,yolo_x_cpu,1028
18007,yolo_x_cpu,955
18008,yolo_x_cpu,980
18009,yolo_x_cpu,967
18010,yolo_x_cpu,968
18011,yolo_x_cpu,1030
18012,yolo_x_cpu,927
18013,yolo_x_cpu,902
18014,yolo_x_cpu,892
18015,yolo_x_cpu,881
18016,yolo_x_cpu,972
18017,yolo_x_cpu,966
18018,yolo_x_cpu,917
18019,yolo_x_cpu,932
18020,yolo_x_cpu,912
18021,yolo_x_cpu,851
18022,yolo_x_cpu,916
18023,yolo_x_cpu,937
18024,yolo_x_cpu,900
18025,yolo_x_cpu,936
18026,yolo_x_cpu,870
18027,yolo_x_cpu,900
18028,yolo_x_cpu,910
18029,yolo_x_cpu,859
18030,yolo_x_cpu,896
18031,yolo_x_cpu,897
18032,yolo_x_cpu,917
18033,yolo_x_cpu,856
18034,yolo_x_cpu,906
18035,yolo_x_cpu,886
18036,yolo_x_cpu,849
18037,yolo_x_cpu,846
18038,yolo_x_cpu,839
18039,yolo_x_cpu,795
18040,yolo_x_cpu,871
18041,yolo_x_cpu,897
18042,yolo_x_cpu,882
18043,yolo_x_cpu,895
18044,yolo_x_cpu,877
18045,yolo_x_cpu,900
18046,yolo_x_cpu,909
18047,yolo_x_cpu,906
18048,yolo_x_cpu,852
18049,yolo_x_cpu,866
18050,yolo_x_cpu,888
18051,yolo_x_cpu,848
18052,yolo_x_cpu,853
18053,yolo_x_cpu,786
18054,yolo_x_cpu,853
18055,yolo_x_cpu,806
18056,yolo_x_cpu,806
18057,yolo_x_cpu,840
18058,yolo_x_cpu,878
18059,yolo_x_cpu,792
18060,yolo_x_cpu,831
18061,yolo_x_cpu,826
18062,yolo_x_cpu,823
18063,yolo_x_cpu,822
18064,yolo_x_cpu,765
18065,yolo_x_cpu,840
18066,yolo_x_cpu,810
18067,yolo_x_cpu,810
18068,yolo_x_cpu,775
18069,yolo_x_cpu,676
18070,yolo_x_cpu,755
18071,yolo_x_cpu,764
18072,yolo_x_cpu,819
18073,yolo_x_cpu,755
18074,yolo_x_cpu,781
18075,yolo_x_cpu,814
18076,yolo_x_cpu,778
18077,yolo_x_cpu,737
18078,yolo_x_cpu,817
18079,yolo_x_cpu,813
18080,yolo_x_cpu,780
18081,yolo_x_cpu,756
18082,yolo_x_cpu,719
18083,yolo_x_cpu,776
18084,yolo_x_cpu,702
18085,yolo_x_cpu,892
18086,yolo_x_cpu,747
18087,yolo_x_cpu,718
18088,yolo_x_cpu,725
18089,yolo_x_cpu,718
18090,yolo_x_cpu,755
18091,yolo_x_cpu,687
18092,yolo_x_cpu,703
18093,yolo_x_cpu,655
18094,yolo_x_cpu,640
18095,yolo_x_cpu,669
18096,yolo_x_cpu,651
18097,yolo_x_cpu,747
18098,yolo_x_cpu,685
18099,yolo_x_cpu,622
18100,yolo_x_cpu,570
18101,yolo_x_cpu,615
18102,yolo_x_cpu,548
18103,yolo_x_cpu,560
18104,yolo_x_cpu,550
18105,yolo_x_cpu,542
18106,yolo_x_cpu,551
18107,yolo_x_cpu,552
18108,yolo_x_cpu,556
18109,yolo_x_cpu,579
18110,yolo_x_cpu,574
18111,yolo_x_cpu,545
18112,yolo_x_cpu,573
18113,yolo_x_cpu,560
18114,yolo_x_cpu,601
18115,yolo_x_cpu,493
18116,yolo_x_cpu,522
18117,yolo_x_cpu,524
18118,yolo_x_cpu,567
18119,yolo_x_cpu,533
18120,yolo_x_cpu,542
18121,yolo_x_cpu,478
18122,yolo_x_cpu,556
18123,yolo_x_cpu,547
18124,yolo_x_cpu,539
18125,yolo_x_cpu,526
18126,yolo_x_cpu,465
18127,yolo_x_cpu,550
18128,yolo_x_cpu,487
18129,yolo_x_cpu,569
18130,yolo_x_cpu,479
18131,yolo_x_cpu,440
18132,yolo_x_cpu,441
18133,yolo_x_cpu,461
18134,yolo_x_cpu,505
18135,yolo_x_cpu,443
18136,yolo_x_cpu,453
18137,yolo_x_cpu,491
18138,yolo_x_cpu,536
18139,yolo_x_cpu,495
18140,yolo_x_cpu,475
18141,yolo_x_cpu,416
18142,yolo_x_cpu,476
18143,yolo_x_cpu,483
18144,yolo_x_cpu,448
18145,yolo_x_cpu,452
18146,yolo_x_cpu,449
18147,yolo_x_cpu,394
18148,yolo_x_cpu,425
18149,yolo_x_cpu,393
18150,yolo_x_cpu,393
18151,yolo_x_cpu,403
18152,yolo_x_cpu,417
18153,yolo_x_cpu,424
18154,yolo_x_cpu,420
18155,yolo_x_cpu,357
18156,yolo_x_cpu,433
18157,yolo_x_cpu,399
18158,yolo_x_cpu,378
18159,yolo_x_cpu,352
18160,yolo_x_cpu,332
18161,yolo_x_cpu,361
18162,yolo_x_cpu,403
18163,yolo_x_cpu,420
18164,yolo_x_cpu,349
18165,yolo_x_cpu,349
18166,yolo_x_cpu,397
18167,yolo_x_cpu,361
18168,yolo_x_cpu,381
18169,yolo_x_cpu,397
18170,yolo_x_cpu,419
18171,yolo_x_cpu,433
18172,yolo_x_cpu,424
18173,yolo_x_cpu,449
18174,yolo_x_cpu,414
18175,yolo_x_cpu,394
18176,yolo_x_cpu,410
18177,yolo_x_cpu,390
18178,yolo_x_cpu,430
18179,yolo_x_cpu,420
18180,yolo_x_cpu,372
18181,yolo_x_cpu,367
18182,yolo_x_cpu,339
18183,yolo_x_cpu,286
18184,yolo_x_cpu,315
18185,yolo_x_cpu,290
18186,yolo_x_cpu,292
18187,yolo_x_cpu,286
18188,yolo_x_cpu,316
18189,yolo_x_cpu,321
18190,yolo_x_cpu,347
18191,yolo_x_cpu,311
18192,yolo_x_cpu,334
18193,yolo_x_cpu,320
18194,yolo_x_cpu,350
18195,yolo_x_cpu,353
18196,yolo_x_cpu,347
18197,yolo_x_cpu,334
18198,yolo_x_cpu,356
18199,yolo_x_cpu,365
18200,yolo_x_cpu,393
18201,yolo_x_cpu,366
18202,yolo_x_cpu,349
18203,yolo_x_cpu,342
18204,yolo_x_cpu,313
18205,yolo_x_cpu,304
18206,yolo_x_cpu,286
18207,yolo_x_cpu,265
18208,yolo_x_cpu,246
18209,yolo_x_cpu,255
18210,yolo_x_cpu,214
18211,yolo_x_cpu,251
18212,yolo_x_cpu,238
18213,yolo_x_cpu,220
18214,yolo_x_cpu,253
18215,yolo_x_cpu,296
18216,yolo_x_cpu,290
18217,yolo_x_cpu,243
18218,yolo_x_cpu,237
18219,yolo_x_cpu,241
18220,yolo_x_cpu,197
18221,yolo_x_cpu,206
18222,yolo_x_cpu,231
18223,yolo_x_cpu,226
18224,yolo_x_cpu,227
18225,yolo_x_cpu,237
18226,yolo_x_cpu,250
18227,yolo_x_cpu,216
18228,yolo_x_cpu,221
18229,yolo_x_cpu,224
18230,yolo_x_cpu,199
18231,yolo_x_cpu,216
18232,yolo_x_cpu,216
18233,yolo_x_cpu,221
18234,yolo_x_cpu,226
18235,yolo_x_cpu,243
18236,yolo_x_cpu,250
18237,yolo_x_cpu,220
18238,yolo_x_cpu,183
18239,yolo_x_cpu,147
18240,yolo_x_cpu,160
18241,yolo_x_cpu,194
18242,yolo_x_cpu,201
18243,yolo_x_cpu,194
18244,yolo_x_cpu,218
18245,yolo_x_cpu,198
18246,yolo_x_cpu,182
18247,yolo_x_cpu,161
18248,yolo_x_cpu,166
18249,yolo_x_cpu,161
18250,yolo_x_cpu,191
18251,yolo_x_cpu,210
18252,yolo_x_cpu,201
18253,yolo_x_cpu,192
18254,yolo_x_cpu,183
18255,yolo_x_cpu,168
18256,yolo_x_cpu,171
18257,yolo_x_cpu,166
18258,yolo_x_cpu,191
18259,yolo_x_cpu,183
18260,yolo_x_cpu,144
18261,yolo_x_cpu,167
18262,yolo_x_cpu,172
18263,yolo_x_cpu,179
18264,yolo_x_cpu,189
18265,yolo_x_cpu,170
18266,yolo_x_cpu,159
18267,yolo_x_cpu,180
18268,yolo_x_cpu,157
18269,yolo_x_cpu,174
18270,yolo_x_cpu,173
18271,yolo_x_cpu,169
18272,yolo_x_cpu,152
18273,yolo_x_cpu,155
18274,yolo_x_cpu,168
18275,yolo_x_cpu,167
18276,yolo_x_cpu,210
18277,yolo_x_cpu,191
18278,yolo_x_cpu,159
18279,yolo_x_cpu,179
18280,yolo_x_cpu,168
18281,yolo_x_cpu,155
18282,yolo_x_cpu,168
18283,yolo_x_cpu,143
18284,yolo_x_cpu,155
18285,yolo_x_cpu,153
18286,yolo_x_cpu,198
18287,yolo_x_cpu,207
18288,yolo_x_cpu,187
18289,yolo_x_cpu,187
18290,yolo_x_cpu,180
18291,yolo_x_cpu,175
18292,yolo_x_cpu,144
18293,yolo_x_cpu,146
18294,yolo_x_cpu,138
18295,yolo_x_cpu,130
18296,yolo_x_cpu,123
18297,yolo_x_cpu,155
18298,yolo_x_cpu,129
18299,yolo_x_cpu,144
18300,yolo_x_cpu,141
18301,yolo_x_cpu,119
18302,yolo_x_cpu,136
18303,yolo_x_cpu,123
18304,yolo_x_cpu,130
18305,yolo_x_cpu,134
18306,yolo_x_cpu,137
18307,yolo_x_cpu,157
18308,yolo_x_cpu,160
18309,yolo_x_cpu,171
18310,yolo_x_cpu,160
18311,yolo_x_cpu,139
18312,yolo_x_cpu,129
18313,yolo_x_cpu,167
18314,yolo_x_cpu,129
18315,yolo_x_cpu,136
18316,yolo_x_cpu,109
18317,yolo_x_cpu,133
18318,yolo_x_cpu,157
18319,yolo_x_cpu,153
18320,yolo_x_cpu,133
18321,yolo_x_cpu,141
18322,yolo_x_cpu,123
18323,yolo_x_cpu,139
18324,yolo_x_cpu,132
18325,yolo_x_cpu,120
18326,yolo_x_cpu,104
18327,yolo_x_cpu,124
18328,yolo_x_cpu,129
18329,yolo_x_cpu,111
18330,yolo_x_cpu,110
18331,yolo_x_cpu,104
18332,yolo_x_cpu,119
18333,yolo_x_cpu,111
18334,yolo_x_cpu,123
18335,yolo_x_cpu,113
18336,yolo_x_cpu,124
18337,yolo_x_cpu,117
18338,yolo_x_cpu,113
18339,yolo_x_cpu,112
18340,yolo_x_cpu,118
18341,yolo_x_cpu,118
18342,yolo_x_cpu,107
18343,yolo_x_cpu,96
18344,yolo_x_cpu,95
18345,yolo_x_cpu,107
18346,yolo_x_cpu,91
18347,yolo_x_cpu,84
18348,yolo_x_cpu,83
18349,yolo_x_cpu,92
18350,yolo_x_cpu,107
18351,yolo_x_cpu,108
18352,yolo_x_cpu,114
18353,yolo_x_cpu,111
18354,yolo_x_cpu,106
18355,yolo_x_cpu,86
18356,yolo_x_cpu,77
18357,yolo_x_cpu,61
18358,yolo_x_cpu,62
18359,yolo_x_cpu,63
18360,yolo_x_cpu,74
18361,yolo_x_cpu,64
18362,yolo_x_cpu,48
18363,yolo_x_cpu,50
18364,yolo_x_cpu,52
18365,yolo_x_cpu,75
18366,yolo_x_cpu,72
18367,yolo_x_cpu,76
18368,yolo_x_cpu,75
18369,yolo_x_cpu,84
18370,yolo_x_cpu,83
18371,yolo_x_cpu,92
18372,yolo_x_cpu,92
18373,yolo_x_cpu,72
18374,yolo_x_cpu,87
18375,yolo_x_cpu,84
18376,yolo_x_cpu,72
18377,yolo_x_cpu,87
18378,yolo_x_cpu,90
18379,yolo_x_cpu,93
18380,yolo_x_cpu,81
18381,yolo_x_cpu,90
18382,yolo_x_cpu,81
18383,yolo_x_cpu,66
18384,yolo_x_cpu,70
18385,yolo_x_cpu,59
18386,yolo_x_cpu,67
18387,yolo_x_cpu,77
18388,yolo_x_cpu,68
18389,yolo_x_cpu,71
18390,yolo_x_cpu,78
18391,yolo_x_cpu,77
18392,yolo_x_cpu,81
18393,yolo_x_cpu,63
18394,yolo_x_cpu,63
18395,yolo_x_cpu,57
18396,yolo_x_cpu,50
18397,yolo_x_cpu,59
18398,yolo_x_cpu,63
18399,yolo_x_cpu,50
18400,yolo_x_cpu,85
18401,yolo_x_cpu,73
18402,yolo_x_cpu,71
18403,yolo_x_cpu,71
18404,yolo_x_cpu,66
18405,yolo_x_cpu,74
18406,yolo_x_cpu,80
18407,yolo_x_cpu,73
18408,yolo_x_cpu,64
18409,yolo_x_cpu,80
18410,yolo_x_cpu,81
18411,yolo_x_cpu,98
18412,yolo_x_cpu,77
18413,yolo_x_cpu,74
18414,yolo_x_cpu,88
18415,yolo_x_cpu,84
18416,yolo_x_cpu,94
18417,yolo_x_cpu,83
18418,yolo_x_cpu,81
18419,yolo_x_cpu,80
18420,yolo_x_cpu,102
18421,yolo_x_cpu,3245
18422,yolo_x_cpu,3381
18423,yolo_x_cpu,2169
18424,yolo_x_cpu,340
18425,yolo_x_cpu,340
18426,yolo_x_cpu,307
18427,yolo_x_cpu,212
18428,yolo_x_cpu,163
18429,yolo_x_cpu,120
18430,yolo_x_cpu,120
18431,yolo_x_cpu,159
18432,yolo_x_cpu,166
18433,yolo_x_cpu,226
18434,yolo_x_cpu,232
18435,yolo_x_cpu,206
18436,yolo_x_cpu,212
18437,yolo_x_cpu,222
18438,yolo_x_cpu,177
18439,yolo_x_cpu,168
18440,yolo_x_cpu,171
18441,yolo_x_cpu,142
18442,yolo_x_cpu,118
18443,yolo_x_cpu,124
18444,yolo_x_cpu,155
18445,yolo_x_cpu,108
18446,yolo_x_cpu,92
18447,yolo_x_cpu,98
18448,yolo_x_cpu,84
18449,yolo_x_cpu,79
18450,yolo_x_cpu,57
18451,yolo_x_cpu,67
18452,yolo_x_cpu,66
18453,yolo_x_cpu,53
18454,yolo_x_cpu,69
18455,yolo_x_cpu,103
18456,yolo_x_cpu,125
18457,yolo_x_cpu,130
18458,yolo_x_cpu,119
18459,yolo_x_cpu,105
18460,yolo_x_cpu,96
18461,yolo_x_cpu,101
18462,yolo_x_cpu,77
18463,yolo_x_cpu,86
18464,yolo_x_cpu,94
18465,yolo_x_cpu,85
18466,yolo_x_cpu,114
18467,yolo_x_cpu,94
18468,yolo_x_cpu,87
18469,yolo_x_cpu,100
18470,yolo_x_cpu,144
18471,yolo_x_cpu,166
18472,yolo_x_cpu,153
18473,yolo_x_cpu,103
18474,yolo_x_cpu,125
18475,yolo_x_cpu,105
18476,yolo_x_cpu,121
18477,yolo_x_cpu,110
18478,yolo_x_cpu,104
18479,yolo_x_cpu,93
18480,yolo_x_cpu,88
18481,yolo_x_cpu,83
18482,yolo_x_cpu,61
18483,yolo_x_cpu,57
18484,yolo_x_cpu,55
18485,yolo_x_cpu,66
18486,yolo_x_cpu,46
18487,yolo_x_cpu,39
18488,yolo_x_cpu,53
18489,yolo_x_cpu,59
18490,yolo_x_cpu,40
18491,yolo_x_cpu,45
18492,yolo_x_cpu,39
18493,yolo_x_cpu,49
18494,yolo_x_cpu,35
18495,yolo_x_cpu,33
18496,yolo_x_cpu,30
18497,yolo_x_cpu,25
18498,yolo_x_cpu,32
18499,yolo_x_cpu,37
18500,yolo_x_cpu,49
18501,yolo_x_cpu,41
18502,yolo_x_cpu,60
18503,yolo_x_cpu,57
18504,yolo_x_cpu,73
18505,yolo_x_cpu,77
18506,yolo_x_cpu,95
18507,yolo_x_cpu,58
18508,yolo_x_cpu,42
18509,yolo_x_cpu,34
18510,yolo_x_cpu,37
18511,yolo_x_cpu,49
18512,yolo_x_cpu,61
18513,yolo_x_cpu,55
18514,yolo_x_cpu,40
18515,yolo_x_cpu,51
18516,yolo_x_cpu,40
18517,yolo_x_cpu,25
18518,yolo_x_cpu,37
18519,yolo_x_cpu,32
18520,yolo_x_cpu,33
18521,yolo_x_cpu,28
18522,yolo_x_cpu,24
18523,yolo_x_cpu,29
18524,yolo_x_cpu,27
18525,yolo_x_cpu,22
18526,yolo_x_cpu,28
18527,yolo_x_cpu,35
18528,yolo_x_cpu,36
18529,yolo_x_cpu,29
18530,yolo_x_cpu,32
18531,yolo_x_cpu,45
18532,yolo_x_cpu,36
18533,yolo_x_cpu,22
18534,yolo_x_cpu,45
18535,yolo_x_cpu,61
18536,yolo_x_cpu,33
18537,yolo_x_cpu,34
18538,yolo_x_cpu,39
18539,yolo_x_cpu,61
18540,yolo_x_cpu,46
18541,yolo_x_cpu,42
18542,yolo_x_cpu,39
18543,yolo_x_cpu,29
18544,yolo_x_cpu,24
18545,yolo_x_cpu,23
18546,yolo_x_cpu,31
18547,yolo_x_cpu,22
18548,yolo_x_cpu,31
18549,yolo_x_cpu,33
18550,yolo_x_cpu,32
18551,yolo_x_cpu,15
18552,yolo_x_cpu,17
18553,yolo_x_cpu,12
18554,yolo_x_cpu,22
18555,yolo_x_cpu,19
18556,yolo_x_cpu,38
18557,yolo_x_cpu,22
18558,yolo_x_cpu,25
18559,yolo_x_cpu,25
18560,yolo_x_cpu,16
18561,yolo_x_cpu,15
18562,yolo_x_cpu,12
18563,yolo_x_cpu,28
18564,yolo_x_cpu,16
18565,yolo_x_cpu,32
18566,yolo_x_cpu,36
18567,yolo_x_cpu,27
18568,yolo_x_cpu,36
18569,yolo_x_cpu,27
18570,yolo_x_cpu,22
18571,yolo_x_cpu,26
18572,yolo_x_cpu,32
18573,yolo_x_cpu,43
18574,yolo_x_cpu,41
18575,yolo_x_cpu,34
18576,yolo_x_cpu,35
18577,yolo_x_cpu,40
18578,yolo_x_cpu,36
18579,yolo_x_cpu,24
18580,yolo_x_cpu,18
18581,yolo_x_cpu,28
18582,yolo_x_cpu,32
18583,yolo_x_cpu,44
18584,yolo_x_cpu,47
18585,yolo_x_cpu,48
18586,yolo_x_cpu,41
18587,yolo_x_cpu,46
18588,yolo_x_cpu,37
18589,yolo_x_cpu,30
18590,yolo_x_cpu,29
18591,yolo_x_cpu,38
18592,yolo_x_cpu,23
18593,yolo_x_cpu,21
18594,yolo_x_cpu,27
18595,yolo_x_cpu,33
18596,yolo_x_cpu,25
18597,yolo_x_cpu,29
18598,yolo_x_cpu,28
18599,yolo_x_cpu,51
18600,yolo_x_cpu,53
18601,yolo_x_cpu,56
18602,yolo_x_cpu,53
18603,yolo_x_cpu,66
18604,yolo_x_cpu,72
18605,yolo_x_cpu,85
18606,yolo_x_cpu,90
18607,yolo_x_cpu,80
18608,yolo_x_cpu,80
18609,yolo_x_cpu,86
18610,yolo_x_cpu,74
18611,yolo_x_cpu,67
18612,yolo_x_cpu,73
18613,yolo_x_cpu,62
18614,yolo_x_cpu,63
18615,yolo_x_cpu,73
18616,yolo_x_cpu,102
18617,yolo_x_cpu,119
18618,yolo_x_cpu,117
18619,yolo_x_cpu,118
18620,yolo_x_cpu,115
18621,yolo_x_cpu,84
18622,yolo_x_cpu,79
18623,yolo_x_cpu,74
18624,yolo_x_cpu,73
18625,yolo_x_cpu,69
18626,yolo_x_cpu,91
18627,yolo_x_cpu,104
18628,yolo_x_cpu,116
18629,yolo_x_cpu,130
18630,yolo_x_cpu,138
18631,yolo_x_cpu,113
18632,yolo_x_cpu,141
18633,yolo_x_cpu,156
18634,yolo_x_cpu,141
18635,yolo_x_cpu,139
18636,yolo_x_cpu,158
18637,yolo_x_cpu,177
18638,yolo_x_cpu,183
18639,yolo_x_cpu,192
18640,yolo_x_cpu,199
18641,yolo_x_cpu,195
18642,yolo_x_cpu,199
18643,yolo_x_cpu,165
18644,yolo_x_cpu,181
18645,yolo_x_cpu,216
18646,yolo_x_cpu,228
18647,yolo_x_cpu,223
18648,yolo_x_cpu,249
18649,yolo_x_cpu,246
18650,yolo_x_cpu,269
18651,yolo_x_cpu,265
18652,yolo_x_cpu,277
18653,yolo_x_cpu,292
18654,yolo_x_cpu,259
18655,yolo_x_cpu,290
18656,yolo_x_cpu,326
18657,yolo_x_cpu,376
18658,yolo_x_cpu,371
18659,yolo_x_cpu,357
18660,yolo_x_cpu,387
18661,yolo_x_cpu,379
18662,yolo_x_cpu,454
18663,yolo_x_cpu,436
18664,yolo_x_cpu,460
18665,yolo_x_cpu,425
18666,yolo_x_cpu,392
18667,yolo_x_cpu,427
18668,yolo_x_cpu,419
18669,yolo_x_cpu,413
18670,yolo_x_cpu,419
18671,yolo_x_cpu,475
18672,yolo_x_cpu,481
18673,yolo_x_cpu,467
18674,yolo_x_cpu,464
18675,yolo_x_cpu,495
18676,yolo_x_cpu,531
18677,yolo_x_cpu,560
18678,yolo_x_cpu,571
18679,yolo_x_cpu,607
18680,yolo_x_cpu,567
18681,yolo_x_cpu,586
18682,yolo_x_cpu,611
18683,yolo_x_cpu,642
18684,yolo_x_cpu,598
18685,yolo_x_cpu,592
18686,yolo_x_cpu,601
18687,yolo_x_cpu,628
18688,yolo_x_cpu,603
18689,yolo_x_cpu,578
18690,yolo_x_cpu,561
18691,yolo_x_cpu,572
18692,yolo_x_cpu,590
18693,yolo_x_cpu,627
18694,yolo_x_cpu,581
18695,yolo_x_cpu,618
18696,yolo_x_cpu,684
18697,yolo_x_cpu,682
18698,yolo_x_cpu,712
18699,yolo_x_cpu,777
18700,yolo_x_cpu,810
18701,yolo_x_cpu,746
18702,yolo_x_cpu,707
18703,yolo_x_cpu,712
18704,yolo_x_cpu,739
18705,yolo_x_cpu,750
18706,yolo_x_cpu,725
18707,yolo_x_cpu,767
18708,yolo_x_cpu,758
18709,yolo_x_cpu,739
18710,yolo_x_cpu,700
18711,yolo_x_cpu,767
18712,yolo_x_cpu,829
18713,yolo_x_cpu,844
18714,yolo_x_cpu,817
18715,yolo_x_cpu,816
18716,yolo_x_cpu,809
18717,yolo_x_cpu,855
18718,yolo_x_cpu,852
18719,yolo_x_cpu,808
18720,yolo_x_cpu,834
18721,yolo_x_cpu,962
18722,yolo_x_cpu,895
18723,yolo_x_cpu,942
18724,yolo_x_cpu,951
18725,yolo_x_cpu,972
18726,yolo_x_cpu,939
18727,yolo_x_cpu,930
18728,yolo_x_cpu,979
18729,yolo_x_cpu,958
18730,yolo_x_cpu,931
18731,yolo_x_cpu,906
18732,yolo_x_cpu,863
18733,yolo_x_cpu,813
18734,yolo_x_cpu,838
18735,yolo_x_cpu,885
18736,yolo_x_cpu,877
18737,yolo_x_cpu,826
18738,yolo_x_cpu,863
18739,yolo_x_cpu,916
18740,yolo_x_cpu,910
18741,yolo_x_cpu,926
18742,yolo_x_cpu,914
18743,yolo_x_cpu,931
18744,yolo_x_cpu,997
18745,yolo_x_cpu,938
18746,yolo_x_cpu,919
18747,yolo_x_cpu,939
18748,yolo_x_cpu,883
18749,yolo_x_cpu,955
18750,yolo_x_cpu,970
18751,yolo_x_cpu,930
18752,yolo_x_cpu,973
18753,yolo_x_cpu,895
18754,yolo_x_cpu,994
18755,yolo_x_cpu,948
18756,yolo_x_cpu,988
18757,yolo_x_cpu,1001
18758,yolo_x_cpu,965
18759,yolo_x_cpu,936
18760,yolo_x_cpu,964
18761,yolo_x_cpu,924
18762,yolo_x_cpu,935
18763,yolo_x_cpu,1016
18764,yolo_x_cpu,1005
18765,yolo_x_cpu,1031
18766,yolo_x_cpu,1064
18767,yolo_x_cpu,1064
18768,yolo_x_cpu,1168
18769,yolo_x_cpu,1094
18770,yolo_x_cpu,1097
18771,yolo_x_cpu,1042
18772,yolo_x_cpu,1041
18773,yolo_x_cpu,1031
18774,yolo_x_cpu,1057
18775,yolo_x_cpu,1044
18776,yolo_x_cpu,1100
18777,yolo_x_cpu,1054
18778,yolo_x_cpu,1088
18779,yolo_x_cpu,1043
18780,yolo_x_cpu,1032
18781,yolo_x_cpu,972
18782,yolo_x_cpu,998
18783,yolo_x_cpu,924
18784,yolo_x_cpu,999
18785,yolo_x_cpu,1009
18786,yolo_x_cpu,1003
18787,yolo_x_cpu,1007
18788,yolo_x_cpu,1056
18789,yolo_x_cpu,1076
18790,yolo_x_cpu,1107
18791,yolo_x_cpu,1116
18792,yolo_x_cpu,1091
18793,yolo_x_cpu,1078
18794,yolo_x_cpu,1021
18795,yolo_x_cpu,1018
18796,yolo_x_cpu,1029
18797,yolo_x_cpu,1054
18798,yolo_x_cpu,1153
18799,yolo_x_cpu,1096
18800,yolo_x_cpu,1157
18801,yolo_x_cpu,1209
18802,yolo_x_cpu,1177
18803,yolo_x_cpu,1187
18804,yolo_x_cpu,1189
18805,yolo_x_cpu,1214
18806,yolo_x_cpu,1186
18807,yolo_x_cpu,1185
18808,yolo_x_cpu,1191
18809,yolo_x_cpu,1176
18810,yolo_x_cpu,1186
18811,yolo_x_cpu,1156
18812,yolo_x_cpu,1247
18813,yolo_x_cpu,1242
18814,yolo_x_cpu,1194
18815,yolo_x_cpu,1260
18816,yolo_x_cpu,1261
18817,yolo_x_cpu,1254
18818,yolo_x_cpu,1254
18819,yolo_x_cpu,1250
18820,yolo_x_cpu,1287
18821,yolo_x_cpu,1294
18822,yolo_x_cpu,1334
18823,yolo_x_cpu,1380
18824,yolo_x_cpu,1336
18825,yolo_x_cpu,1292
18826,yolo_x_cpu,1313
18827,yolo_x_cpu,1255
18828,yolo_x_cpu,1254
18829,yolo_x_cpu,1276
18830,yolo_x_cpu,1305
18831,yolo_x_cpu,1323
18832,yolo_x_cpu,1295
18833,yolo_x_cpu,1234
18834,yolo_x_cpu,1250
18835,yolo_x_cpu,1165
18836,yolo_x_cpu,1171
18837,yolo_x_cpu,1166
18838,yolo_x_cpu,1140
18839,yolo_x_cpu,1204
18840,yolo_x_cpu,1247
18841,yolo_x_cpu,1279
18842,yolo_x_cpu,1274
18843,yolo_x_cpu,1264
18844,yolo_x_cpu,1211
18845,yolo_x_cpu,1297
18846,yolo_x_cpu,1269
18847,yolo_x_cpu,1270
18848,yolo_x_cpu,1214
18849,yolo_x_cpu,1187
18850,yolo_x_cpu,1256
18851,yolo_x_cpu,1275
18852,yolo_x_cpu,1283
18853,yolo_x_cpu,1234
18854,yolo_x_cpu,1211
18855,yolo_x_cpu,1204
18856,yolo_x_cpu,1278
18857,yolo_x_cpu,1321
18858,yolo_x_cpu,1279
18859,yolo_x_cpu,1233
18860,yolo_x_cpu,1245
18861,yolo_x_cpu,1275
18862,yolo_x_cpu,1240
18863,yolo_x_cpu,1260
18864,yolo_x_cpu,1156
18865,yolo_x_cpu,1182
18866,yolo_x_cpu,1221
18867,yolo_x_cpu,1133
18868,yolo_x_cpu,1212
18869,yolo_x_cpu,1163
18870,yolo_x_cpu,1125
18871,yolo_x_cpu,1198
18872,yolo_x_cpu,1199
18873,yolo_x_cpu,1164
18874,yolo_x_cpu,1161
18875,yolo_x_cpu,1149
18876,yolo_x_cpu,1107
18877,yolo_x_cpu,1243
18878,yolo_x_cpu,1226
18879,yolo_x_cpu,1274
18880,yolo_x_cpu,1261
18881,yolo_x_cpu,1296
18882,yolo_x_cpu,1305
18883,yolo_x_cpu,1354
18884,yolo_x_cpu,1274
18885,yolo_x_cpu,1229
18886,yolo_x_cpu,1222
18887,yolo_x_cpu,1184
18888,yolo_x_cpu,1100
18889,yolo_x_cpu,1132
18890,yolo_x_cpu,1032
18891,yolo_x_cpu,1082
18892,yolo_x_cpu,1140
18893,yolo_x_cpu,1091
18894,yolo_x_cpu,1138
18895,yolo_x_cpu,1249
18896,yolo_x_cpu,1200
18897,yolo_x_cpu,1225
18898,yolo_x_cpu,1251
18899,yolo_x_cpu,1209
18900,yolo_x_cpu,1204
18901,yolo_x_cpu,1191
18902,yolo_x_cpu,1145
18903,yolo_x_cpu,1186
18904,yolo_x_cpu,1188
18905,yolo_x_cpu,1202
18906,yolo_x_cpu,1168
18907,yolo_x_cpu,1180
18908,yolo_x_cpu,1236
18909,yolo_x_cpu,1217
18910,yolo_x_cpu,1191
18911,yolo_x_cpu,1264
18912,yolo_x_cpu,1335
18913,yolo_x_cpu,1276
18914,yolo_x_cpu,1248
18915,yolo_x_cpu,1313
18916,yolo_x_cpu,1306
18917,yolo_x_cpu,1246
18918,yolo_x_cpu,1211
18919,yolo_x_cpu,1258
18920,yolo_x_cpu,1178
18921,yolo_x_cpu,1291
18922,yolo_x_cpu,1270
18923,yolo_x_cpu,1265
18924,yolo_x_cpu,1260
18925,yolo_x_cpu,1211
18926,yolo_x_cpu,1276
18927,yolo_x_cpu,1216
18928,yolo_x_cpu,1227
18929,yolo_x_cpu,1207
18930,yolo_x_cpu,1272
18931,yolo_x_cpu,1324
18932,yolo_x_cpu,1347
18933,yolo_x_cpu,1402
18934,yolo_x_cpu,1322
18935,yolo_x_cpu,1252
18936,yolo_x_cpu,1329
18937,yolo_x_cpu,1200
18938,yolo_x_cpu,1238
18939,yolo_x_cpu,1218
18940,yolo_x_cpu,1289
18941,yolo_x_cpu,1287
18942,yolo_x_cpu,1340
18943,yolo_x_cpu,1328
18944,yolo_x_cpu,1376
18945,yolo_x_cpu,1290
18946,yolo_x_cpu,1374
18947,yolo_x_cpu,1280
18948,yolo_x_cpu,1207
18949,yolo_x_cpu,1231
18950,yolo_x_cpu,1238
18951,yolo_x_cpu,1201
18952,yolo_x_cpu,1212
18953,yolo_x_cpu,1131
18954,yolo_x_cpu,1125
18955,yolo_x_cpu,1055
18956,yolo_x_cpu,1081
18957,yolo_x_cpu,1053
18958,yolo_x_cpu,1059
18959,yolo_x_cpu,1060
18960,yolo_x_cpu,1125
18961,yolo_x_cpu,1121
18962,yolo_x_cpu,1141
18963,yolo_x_cpu,1133
18964,yolo_x_cpu,1172
18965,yolo_x_cpu,1193
18966,yolo_x_cpu,1167
18967,yolo_x_cpu,1105
18968,yolo_x_cpu,1175
18969,yolo_x_cpu,1187
18970,yolo_x_cpu,1183
18971,yolo_x_cpu,1198
18972,yolo_x_cpu,1202
18973,yolo_x_cpu,1273
18974,yolo_x_cpu,1243
18975,yolo_x_cpu,1196
18976,yolo_x_cpu,1231
18977,yolo_x_cpu,1199
18978,yolo_x_cpu,1240
18979,yolo_x_cpu,1206
18980,yolo_x_cpu,1137
18981,yolo_x_cpu,1119
18982,yolo_x_cpu,1023
18983,yolo_x_cpu,1001
18984,yolo_x_cpu,1026
18985,yolo_x_cpu,1121
18986,yolo_x_cpu,1103
18987,yolo_x_cpu,1050
18988,yolo_x_cpu,1060
18989,yolo_x_cpu,943
18990,yolo_x_cpu,1006
18991,yolo_x_cpu,996
18992,yolo_x_cpu,935
18993,yolo_x_cpu,979
18994,yolo_x_cpu,1018
18995,yolo_x_cpu,1048
18996,yolo_x_cpu,1080
18997,yolo_x_cpu,993
18998,yolo_x_cpu,976
18999,yolo_x_cpu,1002
19000,yolo_x_cpu,909
19001,yolo_x_cpu,890
19002,yolo_x_cpu,909
19003,yolo_x_cpu,880
19004,yolo_x_cpu,939
19005,yolo_x_cpu,984
19006,yolo_x_cpu,977
19007,yolo_x_cpu,986
19008,yolo_x_cpu,1023
19009,yolo_x_cpu,1024
19010,yolo_x_cpu,952
19011,yolo_x_cpu,984
19012,yolo_x_cpu,965
19013,yolo_x_cpu,989
19014,yolo_x_cpu,1040
19015,yolo_x_cpu,1024
19016,yolo_x_cpu,1088
19017,yolo_x_cpu,1132
19018,yolo_x_cpu,1055
19019,yolo_x_cpu,1157
19020,yolo_x_cpu,995
19021,yolo_x_cpu,999
19022,yolo_x_cpu,1055
19023,yolo_x_cpu,1096
19024,yolo_x_cpu,1089
19025,yolo_x_cpu,1130
19026,yolo_x_cpu,1099
19027,yolo_x_cpu,1188
19028,yolo_x_cpu,1225
19029,yolo_x_cpu,1144
19030,yolo_x_cpu,1174
19031,yolo_x_cpu,1131
19032,yolo_x_cpu,1146
19033,yolo_x_cpu,1181
19034,yolo_x_cpu,1218
19035,yolo_x_cpu,1135
19036,yolo_x_cpu,1124
19037,yolo_x_cpu,1126
19038,yolo_x_cpu,1197
19039,yolo_x_cpu,1149
19040,yolo_x_cpu,1131
19041,yolo_x_cpu,1133
19042,yolo_x_cpu,1113
19043,yolo_x_cpu,1114
19044,yolo_x_cpu,1118
19045,yolo_x_cpu,1162
19046,yolo_x_cpu,1130
19047,yolo_x_cpu,1149
19048,yolo_x_cpu,1161
19049,yolo_x_cpu,1229
19050,yolo_x_cpu,1204
19051,yolo_x_cpu,1172
19052,yolo_x_cpu,1143
19053,yolo_x_cpu,1242
19054,yolo_x_cpu,1249
19055,yolo_x_cpu,1227
19056,yolo_x_cpu,1288
19057,yolo_x_cpu,1327
19058,yolo_x_cpu,1252
19059,yolo_x_cpu,1260
19060,yolo_x_cpu,1232
19061,yolo_x_cpu,1274
19062,yolo_x_cpu,1254
19063,yolo_x_cpu,1294
19064,yolo_x_cpu,1288
19065,yolo_x_cpu,1292
19066,yolo_x_cpu,1317
19067,yolo_x_cpu,1386
19068,yolo_x_cpu,1330
19069,yolo_x_cpu,1290
19070,yolo_x_cpu,1276
19071,yolo_x_cpu,1305
19072,yolo_x_cpu,1379
19073,yolo_x_cpu,1367
19074,yolo_x_cpu,1348
19075,yolo_x_cpu,1312
19076,yolo_x_cpu,1392
19077,yolo_x_cpu,1405
19078,yolo_x_cpu,1353
19079,yolo_x_cpu,1358
19080,yolo_x_cpu,1357
19081,yolo_x_cpu,1383
19082,yolo_x_cpu,1385
19083,yolo_x_cpu,1434
19084,yolo_x_cpu,1388
19085,yolo_x_cpu,1347
19086,yolo_x_cpu,1318
19087,yolo_x_cpu,1322
19088,yolo_x_cpu,1426
19089,yolo_x_cpu,1437
19090,yolo_x_cpu,1500
19091,yolo_x_cpu,1486
19092,yolo_x_cpu,1494
19093,yolo_x_cpu,1411
19094,yolo_x_cpu,1490
19095,yolo_x_cpu,1563
19096,yolo_x_cpu,1495
19097,yolo_x_cpu,1535
19098,yolo_x_cpu,1500
19099,yolo_x_cpu,1590
19100,yolo_x_cpu,1529
19101,yolo_x_cpu,1529
19102,yolo_x_cpu,1500
19103,yolo_x_cpu,1500
19104,yolo_x_cpu,1454
19105,yolo_x_cpu,1504
19106,yolo_x_cpu,1601
19107,yolo_x_cpu,1524
19108,yolo_x_cpu,1492
19109,yolo_x_cpu,1572
19110,yolo_x_cpu,1543
19111,yolo_x_cpu,1570
19112,yolo_x_cpu,1549
19113,yolo_x_cpu,1525
19114,yolo_x_cpu,1448
19115,yolo_x_cpu,1473
19116,yolo_x_cpu,1493
19117,yolo_x_cpu,1455
19118,yolo_x_cpu,1397
19119,yolo_x_cpu,1458
19120,yolo_x_cpu,1493
19121,yolo_x_cpu,1464
19122,yolo_x_cpu,1423
19123,yolo_x_cpu,1483
19124,yolo_x_cpu,1489
19125,yolo_x_cpu,1483
19126,yolo_x_cpu,1488
19127,yolo_x_cpu,1475
19128,yolo_x_cpu,1471
19129,yolo_x_cpu,1520
19130,yolo_x_cpu,1466
19131,yolo_x_cpu,1457
19132,yolo_x_cpu,1391
19133,yolo_x_cpu,1476
19134,yolo_x_cpu,1374
19135,yolo_x_cpu,1389
19136,yolo_x_cpu,1414
19137,yolo_x_cpu,1468
19138,yolo_x_cpu,1463
19139,yolo_x_cpu,1378
19140,yolo_x_cpu,1406
19141,yolo_x_cpu,1455
19142,yolo_x_cpu,1470
19143,yolo_x_cpu,1483
19144,yolo_x_cpu,1479
19145,yolo_x_cpu,1513
19146,yolo_x_cpu,1510
19147,yolo_x_cpu,1516
19148,yolo_x_cpu,1501
19149,yolo_x_cpu,1488
19150,yolo_x_cpu,1500
19151,yolo_x_cpu,1466
19152,yolo_x_cpu,1473
19153,yolo_x_cpu,1417
19154,yolo_x_cpu,1378
19155,yolo_x_cpu,1441
19156,yolo_x_cpu,1438
19157,yolo_x_cpu,1395
19158,yolo_x_cpu,1413
19159,yolo_x_cpu,1379
19160,yolo_x_cpu,1417
19161,yolo_x_cpu,1433
19162,yolo_x_cpu,1392
19163,yolo_x_cpu,1389
19164,yolo_x_cpu,1398
19165,yolo_x_cpu,1365
19166,yolo_x_cpu,1496
19167,yolo_x_cpu,1403
19168,yolo_x_cpu,1440
19169,yolo_x_cpu,1452
19170,yolo_x_cpu,1410
19171,yolo_x_cpu,1380
19172,yolo_x_cpu,1422
19173,yolo_x_cpu,1396
19174,yolo_x_cpu,1391
19175,yolo_x_cpu,1387
19176,yolo_x_cpu,1417
19177,yolo_x_cpu,1448
19178,yolo_x_cpu,1493
19179,yolo_x_cpu,1487
19180,yolo_x_cpu,1345
19181,yolo_x_cpu,1353
19182,yolo_x_cpu,1310
19183,yolo_x_cpu,1438
19184,yolo_x_cpu,1417
19185,yolo_x_cpu,1435
19186,yolo_x_cpu,1396
19187,yolo_x_cpu,1390
19188,yolo_x_cpu,1452
19189,yolo_x_cpu,1426
19190,yolo_x_cpu,1446
19191,yolo_x_cpu,1442
19192,yolo_x_cpu,1529
19193,yolo_x_cpu,1475
19194,yolo_x_cpu,1560
19195,yolo_x_cpu,1532
19196,yolo_x_cpu,1527
19197,yolo_x_cpu,1518
19198,yolo_x_cpu,1566
19199,yolo_x_cpu,1586
19200,yolo_x_cpu,1481
19201,yolo_x_cpu,1472
19202,yolo_x_cpu,1502
19203,yolo_x_cpu,1448
19204,yolo_x_cpu,1441
19205,yolo_x_cpu,1415
19206,yolo_x_cpu,1492
19207,yolo_x_cpu,1507
19208,yolo_x_cpu,1458
19209,yolo_x_cpu,1547
19210,yolo_x_cpu,1573
19211,yolo_x_cpu,1551
19212,yolo_x_cpu,1517
19213,yolo_x_cpu,1559
19214,yolo_x_cpu,1523
19215,yolo_x_cpu,1452
19216,yolo_x_cpu,1514
19217,yolo_x_cpu,1573
19218,yolo_x_cpu,1569
19219,yolo_x_cpu,1493
19220,yolo_x_cpu,1577
19221,yolo_x_cpu,1599
19222,yolo_x_cpu,1519
19223,yolo_x_cpu,1588
19224,yolo_x_cpu,1472
19225,yolo_x_cpu,1600
19226,yolo_x_cpu,1566
19227,yolo_x_cpu,1554
19228,yolo_x_cpu,1540
19229,yolo_x_cpu,1655
19230,yolo_x_cpu,1609
19231,yolo_x_cpu,1521
19232,yolo_x_cpu,1497
19233,yolo_x_cpu,1513
19234,yolo_x_cpu,1500
19235,yolo_x_cpu,1452
19236,yolo_x_cpu,1466
19237,yolo_x_cpu,1507
19238,yolo_x_cpu,1552
19239,yolo_x_cpu,1623
19240,yolo_x_cpu,1455
19241,yolo_x_cpu,1443
19242,yolo_x_cpu,1483
19243,yolo_x_cpu,1455
19244,yolo_x_cpu,1451
19245,yolo_x_cpu,1458
19246,yolo_x_cpu,1482
19247,yolo_x_cpu,1512
19248,yolo_x_cpu,1537
19249,yolo_x_cpu,1602
19250,yolo_x_cpu,1539
19251,yolo_x_cpu,1481
19252,yolo_x_cpu,1535
19253,yolo_x_cpu,1549
19254,yolo_x_cpu,1480
19255,yolo_x_cpu,1412
19256,yolo_x_cpu,1523
19257,yolo_x_cpu,1531
19258,yolo_x_cpu,1520
19259,yolo_x_cpu,1609
19260,yolo_x_cpu,1560
19261,yolo_x_cpu,1522
19262,yolo_x_cpu,1515
19263,yolo_x_cpu,1510
19264,yolo_x_cpu,1408
19265,yolo_x_cpu,1354
19266,yolo_x_cpu,1399
19267,yolo_x_cpu,1455
19268,yolo_x_cpu,1486
19269,yolo_x_cpu,1461
19270,yolo_x_cpu,1434
19271,yolo_x_cpu,1496
19272,yolo_x_cpu,1522
19273,yolo_x_cpu,1431
19274,yolo_x_cpu,1421
19275,yolo_x_cpu,1514
19276,yolo_x_cpu,1500
19277,yolo_x_cpu,1513
19278,yolo_x_cpu,1562
19279,yolo_x_cpu,1429
19280,yolo_x_cpu,1430
19281,yolo_x_cpu,1465
19282,yolo_x_cpu,1429
19283,yolo_x_cpu,1419
19284,yolo_x_cpu,1429
19285,yolo_x_cpu,1447
19286,yolo_x_cpu,1377
19287,yolo_x_cpu,1311
19288,yolo_x_cpu,1372
19289,yolo_x_cpu,1460
19290,yolo_x_cpu,1475
19291,yolo_x_cpu,1376
19292,yolo_x_cpu,1352
19293,yolo_x_cpu,1387
19294,yolo_x_cpu,1402
19295,yolo_x_cpu,1307
19296,yolo_x_cpu,1367
19297,yolo_x_cpu,1382
19298,yolo_x_cpu,1394
19299,yolo_x_cpu,1374
19300,yolo_x_cpu,1365
19301,yolo_x_cpu,1391
19302,yolo_x_cpu,1411
19303,yolo_x_cpu,1412
19304,yolo_x_cpu,1393
19305,yolo_x_cpu,1374
19306,yolo_x_cpu,1369
19307,yolo_x_cpu,1437
19308,yolo_x_cpu,1349
19309,yolo_x_cpu,1326
19310,yolo_x_cpu,1274
19311,yolo_x_cpu,1303
19312,yolo_x_cpu,1286
19313,yolo_x_cpu,1323
19314,yolo_x_cpu,1352
19315,yolo_x_cpu,1343
19316,yolo_x_cpu,1327
19317,yolo_x_cpu,1303
19318,yolo_x_cpu,1277
19319,yolo_x_cpu,1222
19320,yolo_x_cpu,1294
19321,yolo_x_cpu,1288
19322,yolo_x_cpu,1229
19323,yolo_x_cpu,1352
19324,yolo_x_cpu,1326
19325,yolo_x_cpu,1358
19326,yolo_x_cpu,1371
19327,yolo_x_cpu,1328
19328,yolo_x_cpu,1384
19329,yolo_x_cpu,1362
19330,yolo_x_cpu,1365
19331,yolo_x_cpu,1374
19332,yolo_x_cpu,1280
19333,yolo_x_cpu,1307
19334,yolo_x_cpu,1293
19335,yolo_x_cpu,1310
19336,yolo_x_cpu,1202
19337,yolo_x_cpu,1188
19338,yolo_x_cpu,1183
19339,yolo_x_cpu,1218
19340,yolo_x_cpu,1241
19341,yolo_x_cpu,1191
19342,yolo_x_cpu,1191
19343,yolo_x_cpu,1109
19344,yolo_x_cpu,1092
19345,yolo_x_cpu,1111
19346,yolo_x_cpu,1126
19347,yolo_x_cpu,1152
19348,yolo_x_cpu,1161
19349,yolo_x_cpu,1227
19350,yolo_x_cpu,1180
19351,yolo_x_cpu,1156
19352,yolo_x_cpu,1277
19353,yolo_x_cpu,1266
19354,yolo_x_cpu,1244
19355,yolo_x_cpu,1208
19356,yolo_x_cpu,1236
19357,yolo_x_cpu,1204
19358,yolo_x_cpu,1281
19359,yolo_x_cpu,1241
19360,yolo_x_cpu,1263
19361,yolo_x_cpu,1268
19362,yolo_x_cpu,1263
19363,yolo_x_cpu,1210
19364,yolo_x_cpu,1111
19365,yolo_x_cpu,1071
19366,yolo_x_cpu,1019
19367,yolo_x_cpu,994
19368,yolo_x_cpu,993
19369,yolo_x_cpu,1040
19370,yolo_x_cpu,1033
19371,yolo_x_cpu,1068
19372,yolo_x_cpu,1007
19373,yolo_x_cpu,957
19374,yolo_x_cpu,969
19375,yolo_x_cpu,1002
19376,yolo_x_cpu,933
19377,yolo_x_cpu,944
19378,yolo_x_cpu,955
19379,yolo_x_cpu,932
19380,yolo_x_cpu,947
19381,yolo_x_cpu,926
19382,yolo_x_cpu,977
19383,yolo_x_cpu,966
19384,yolo_x_cpu,938
19385,yolo_x_cpu,959
19386,yolo_x_cpu,1000
19387,yolo_x_cpu,1037
19388,yolo_x_cpu,995
19389,yolo_x_cpu,916
19390,yolo_x_cpu,948
19391,yolo_x_cpu,977
19392,yolo_x_cpu,1030
19393,yolo_x_cpu,948
19394,yolo_x_cpu,915
19395,yolo_x_cpu,914
19396,yolo_x_cpu,970
19397,yolo_x_cpu,971
19398,yolo_x_cpu,913
19399,yolo_x_cpu,937
19400,yolo_x_cpu,1015
19401,yolo_x_cpu,1037
19402,yolo_x_cpu,956
19403,yolo_x_cpu,989
19404,yolo_x_cpu,976
19405,yolo_x_cpu,879
19406,yolo_x_cpu,939
19407,yolo_x_cpu,924
19408,yolo_x_cpu,852
19409,yolo_x_cpu,841
19410,yolo_x_cpu,846
19411,yolo_x_cpu,851
19412,yolo_x_cpu,848
19413,yolo_x_cpu,861
19414,yolo_x_cpu,898
19415,yolo_x_cpu,929
19416,yolo_x_cpu,914
19417,yolo_x_cpu,937
19418,yolo_x_cpu,881
19419,yolo_x_cpu,911
19420,yolo_x_cpu,865
19421,yolo_x_cpu,845
19422,yolo_x_cpu,854
19423,yolo_x_cpu,862
19424,yolo_x_cpu,917
19425,yolo_x_cpu,985
19426,yolo_x_cpu,939
19427,yolo_x_cpu,918
19428,yolo_x_cpu,912
19429,yolo_x_cpu,987
19430,yolo_x_cpu,986
19431,yolo_x_cpu,946
19432,yolo_x_cpu,966
19433,yolo_x_cpu,908
19434,yolo_x_cpu,920
19435,yolo_x_cpu,927
19436,yolo_x_cpu,993
19437,yolo_x_cpu,967
19438,yolo_x_cpu,970
19439,yolo_x_cpu,953
19440,yolo_x_cpu,934
19441,yolo_x_cpu,891
19442,yolo_x_cpu,878
19443,yolo_x_cpu,880
19444,yolo_x_cpu,905
19445,yolo_x_cpu,883
19446,yolo_x_cpu,898
19447,yolo_x_cpu,869
19448,yolo_x_cpu,918
19449,yolo_x_cpu,988
19450,yolo_x_cpu,1070
19451,yolo_x_cpu,999
19452,yolo_x_cpu,932
19453,yolo_x_cpu,896
19454,yolo_x_cpu,883
19455,yolo_x_cpu,807
19456,yolo_x_cpu,864
19457,yolo_x_cpu,960
19458,yolo_x_cpu,893
19459,yolo_x_cpu,873
19460,yolo_x_cpu,877
19461,yolo_x_cpu,883
19462,yolo_x_cpu,974
19463,yolo_x_cpu,945
19464,yolo_x_cpu,884
19465,yolo_x_cpu,905
19466,yolo_x_cpu,891
19467,yolo_x_cpu,910
19468,yolo_x_cpu,902
19469,yolo_x_cpu,842
19470,yolo_x_cpu,884
19471,yolo_x_cpu,872
19472,yolo_x_cpu,902
19473,yolo_x_cpu,933
19474,yolo_x_cpu,911
19475,yolo_x_cpu,925
19476,yolo_x_cpu,975
19477,yolo_x_cpu,929
19478,yolo_x_cpu,950
19479,yolo_x_cpu,911
19480,yolo_x_cpu,849
19481,yolo_x_cpu,823
19482,yolo_x_cpu,914
19483,yolo_x_cpu,889
19484,yolo_x_cpu,912
19485,yolo_x_cpu,940
19486,yolo_x_cpu,876
19487,yolo_x_cpu,906
19488,yolo_x_cpu,889
19489,yolo_x_cpu,863
19490,yolo_x_cpu,895
19491,yolo_x_cpu,903
19492,yolo_x_cpu,875
19493,yolo_x_cpu,821
19494,yolo_x_cpu,816
19495,yolo_x_cpu,802
19496,yolo_x_cpu,813
19497,yolo_x_cpu,813
19498,yolo_x_cpu,875
19499,yolo_x_cpu,878
19500,yolo_x_cpu,805
19501,yolo_x_cpu,811
19502,yolo_x_cpu,824
19503,yolo_x_cpu,846
19504,yolo_x_cpu,858
19505,yolo_x_cpu,872
19506,yolo_x_cpu,888
19507,yolo_x_cpu,878
19508,yolo_x_cpu,839
19509,yolo_x_cpu,870
19510,yolo_x_cpu,874
19511,yolo_x_cpu,844
19512,yolo_x_cpu,808
19513,yolo_x_cpu,783
19514,yolo_x_cpu,756
19515,yolo_x_cpu,791
19516,yolo_x_cpu,846
19517,yolo_x_cpu,804
19518,yolo_x_cpu,821
19519,yolo_x_cpu,772
19520,yolo_x_cpu,757
19521,yolo_x_cpu,799
19522,yolo_x_cpu,790
19523,yolo_x_cpu,787
19524,yolo_x_cpu,707
19525,yolo_x_cpu,721
19526,yolo_x_cpu,733
19527,yolo_x_cpu,775
19528,yolo_x_cpu,805
19529,yolo_x_cpu,800
19530,yolo_x_cpu,751
19531,yolo_x_cpu,740
19532,yolo_x_cpu,715
19533,yolo_x_cpu,660
19534,yolo_x_cpu,671
19535,yolo_x_cpu,688
19536,yolo_x_cpu,633
19537,yolo_x_cpu,675
19538,yolo_x_cpu,713
19539,yolo_x_cpu,718
19540,yolo_x_cpu,728
19541,yolo_x_cpu,738
19542,yolo_x_cpu,723
19543,yolo_x_cpu,749
19544,yolo_x_cpu,674
19545,yolo_x_cpu,664
19546,yolo_x_cpu,696
19547,yolo_x_cpu,676
19548,yolo_x_cpu,696
19549,yolo_x_cpu,697
19550,yolo_x_cpu,691
19551,yolo_x_cpu,671
19552,yolo_x_cpu,640
19553,yolo_x_cpu,606
19554,yolo_x_cpu,628
19555,yolo_x_cpu,629
19556,yolo_x_cpu,561
19557,yolo_x_cpu,582
19558,yolo_x_cpu,602
19559,yolo_x_cpu,530
19560,yolo_x_cpu,542
19561,yolo_x_cpu,587
19562,yolo_x_cpu,609
19563,yolo_x_cpu,623
19564,yolo_x_cpu,659
19565,yolo_x_cpu,628
19566,yolo_x_cpu,620
19567,yolo_x_cpu,574
19568,yolo_x_cpu,594
19569,yolo_x_cpu,639
19570,yolo_x_cpu,609
19571,yolo_x_cpu,617
19572,yolo_x_cpu,565
19573,yolo_x_cpu,542
19574,yolo_x_cpu,591
19575,yolo_x_cpu,557
19576,yolo_x_cpu,564
19577,yolo_x_cpu,587
19578,yolo_x_cpu,585
19579,yolo_x_cpu,579
19580,yolo_x_cpu,620
19581,yolo_x_cpu,606
19582,yolo_x_cpu,635
19583,yolo_x_cpu,609
19584,yolo_x_cpu,622
19585,yolo_x_cpu,610
19586,yolo_x_cpu,573
19587,yolo_x_cpu,586
19588,yolo_x_cpu,552
19589,yolo_x_cpu,499
19590,yolo_x_cpu,530
19591,yolo_x_cpu,509
19592,yolo_x_cpu,520
19593,yolo_x_cpu,559
19594,yolo_x_cpu,484
19595,yolo_x_cpu,489
19596,yolo_x_cpu,507
19597,yolo_x_cpu,506
19598,yolo_x_cpu,444
19599,yolo_x_cpu,438
19600,yolo_x_cpu,449
19601,yolo_x_cpu,417
19602,yolo_x_cpu,409
19603,yolo_x_cpu,460
19604,yolo_x_cpu,462
19605,yolo_x_cpu,478
19606,yolo_x_cpu,458
19607,yolo_x_cpu,402
19608,yolo_x_cpu,419
19609,yolo_x_cpu,399
19610,yolo_x_cpu,438
19611,yolo_x_cpu,424
19612,yolo_x_cpu,413
19613,yolo_x_cpu,373
19614,yolo_x_cpu,456
19615,yolo_x_cpu,410
19616,yolo_x_cpu,441
19617,yolo_x_cpu,437
19618,yolo_x_cpu,420
19619,yolo_x_cpu,381
19620,yolo_x_cpu,405
19621,yolo_x_cpu,387
19622,yolo_x_cpu,368
19623,yolo_x_cpu,468
19624,yolo_x_cpu,342
19625,yolo_x_cpu,349
19626,yolo_x_cpu,384
19627,yolo_x_cpu,378
19628,yolo_x_cpu,408
19629,yolo_x_cpu,395
19630,yolo_x_cpu,346
19631,yolo_x_cpu,367
19632,yolo_x_cpu,339
19633,yolo_x_cpu,297
19634,yolo_x_cpu,309
19635,yolo_x_cpu,325
19636,yolo_x_cpu,290
19637,yolo_x_cpu,291
19638,yolo_x_cpu,274
19639,yolo_x_cpu,277
19640,yolo_x_cpu,276
19641,yolo_x_cpu,298
19642,yolo_x_cpu,353
19643,yolo_x_cpu,343
19644,yolo_x_cpu,305
19645,yolo_x_cpu,296
19646,yolo_x_cpu,301
19647,yolo_x_cpu,326
19648,yolo_x_cpu,330
19649,yolo_x_cpu,324
19650,yolo_x_cpu,264
19651,yolo_x_cpu,321
19652,yolo_x_cpu,335
19653,yolo_x_cpu,304
19654,yolo_x_cpu,309
19655,yolo_x_cpu,302
19656,yolo_x_cpu,293
19657,yolo_x_cpu,301
19658,yolo_x_cpu,314
19659,yolo_x_cpu,337
19660,yolo_x_cpu,310
19661,yolo_x_cpu,281
19662,yolo_x_cpu,288
19663,yolo_x_cpu,264
19664,yolo_x_cpu,284
19665,yolo_x_cpu,269
19666,yolo_x_cpu,265
19667,yolo_x_cpu,308
19668,yolo_x_cpu,294
19669,yolo_x_cpu,315
19670,yolo_x_cpu,313
19671,yolo_x_cpu,334
19672,yolo_x_cpu,364
19673,yolo_x_cpu,336
19674,yolo_x_cpu,339
19675,yolo_x_cpu,339
19676,yolo_x_cpu,343
19677,yolo_x_cpu,287
19678,yolo_x_cpu,307
19679,yolo_x_cpu,286
19680,yolo_x_cpu,258
19681,yolo_x_cpu,259
19682,yolo_x_cpu,264
19683,yolo_x_cpu,270
19684,yolo_x_cpu,228
19685,yolo_x_cpu,274
19686,yolo_x_cpu,284
19687,yolo_x_cpu,259
19688,yolo_x_cpu,284
19689,yolo_x_cpu,274
19690,yolo_x_cpu,273
19691,yolo_x_cpu,298
19692,yolo_x_cpu,248
19693,yolo_x_cpu,261
19694,yolo_x_cpu,222
19695,yolo_x_cpu,281
19696,yolo_x_cpu,244
19697,yolo_x_cpu,224
19698,yolo_x_cpu,249
19699,yolo_x_cpu,228
19700,yolo_x_cpu,199
19701,yolo_x_cpu,228
19702,yolo_x_cpu,211
19703,yolo_x_cpu,203
19704,yolo_x_cpu,242
19705,yolo_x_cpu,236
19706,yolo_x_cpu,220
19707,yolo_x_cpu,241
19708,yolo_x_cpu,246
19709,yolo_x_cpu,258
19710,yolo_x_cpu,242
19711,yolo_x_cpu,223
19712,yolo_x_cpu,190
19713,yolo_x_cpu,201
19714,yolo_x_cpu,229
19715,yolo_x_cpu,206
19716,yolo_x_cpu,204
19717,yolo_x_cpu,196
19718,yolo_x_cpu,204
19719,yolo_x_cpu,225
19720,yolo_x_cpu,240
19721,yolo_x_cpu,221
19722,yolo_x_cpu,243
19723,yolo_x_cpu,267
19724,yolo_x_cpu,262
19725,yolo_x_cpu,207
19726,yolo_x_cpu,216
19727,yolo_x_cpu,199
19728,yolo_x_cpu,192
19729,yolo_x_cpu,195
19730,yolo_x_cpu,206
19731,yolo_x_cpu,200
19732,yolo_x_cpu,215
19733,yolo_x_cpu,214
19734,yolo_x_cpu,240
19735,yolo_x_cpu,255
19736,yolo_x_cpu,239
19737,yolo_x_cpu,224
19738,yolo_x_cpu,216
19739,yolo_x_cpu,243
19740,yolo_x_cpu,229
19741,yolo_x_cpu,213
19742,yolo_x_cpu,233
19743,yolo_x_cpu,184
19744,yolo_x_cpu,186
19745,yolo_x_cpu,152
19746,yolo_x_cpu,159
19747,yolo_x_cpu,203
19748,yolo_x_cpu,185
19749,yolo_x_cpu,147
19750,yolo_x_cpu,172
19751,yolo_x_cpu,158
19752,yolo_x_cpu,122
19753,yolo_x_cpu,123
19754,yolo_x_cpu,175
19755,yolo_x_cpu,140
19756,yolo_x_cpu,148
19757,yolo_x_cpu,174
19758,yolo_x_cpu,173
19759,yolo_x_cpu,160
19760,yolo_x_cpu,204
19761,yolo_x_cpu,193
19762,yolo_x_cpu,218
19763,yolo_x_cpu,197
19764,yolo_x_cpu,198
19765,yolo_x_cpu,164
19766,yolo_x_cpu,185
19767,yolo_x_cpu,166
19768,yolo_x_cpu,160
19769,yolo_x_cpu,183
19770,yolo_x_cpu,186
19771,yolo_x_cpu,177
19772,yolo_x_cpu,197
19773,yolo_x_cpu,202
19774,yolo_x_cpu,213
19775,yolo_x_cpu,198
19776,yolo_x_cpu,188
19777,yolo_x_cpu,169
19778,yolo_x_cpu,188
19779,yolo_x_cpu,202
19780,yolo_x_cpu,193
19781,yolo_x_cpu,192
19782,yolo_x_cpu,188
19783,yolo_x_cpu,189
19784,yolo_x_cpu,173
19785,yolo_x_cpu,193
19786,yolo_x_cpu,199
19787,yolo_x_cpu,175
19788,yolo_x_cpu,177
19789,yolo_x_cpu,188
19790,yolo_x_cpu,170
19791,yolo_x_cpu,182
19792,yolo_x_cpu,126
19793,yolo_x_cpu,161
19794,yolo_x_cpu,142
19795,yolo_x_cpu,112
19796,yolo_x_cpu,95
19797,yolo_x_cpu,106
19798,yolo_x_cpu,110
19799,yolo_x_cpu,114
19800,yolo_x_cpu,127
19801,yolo_x_cpu,113
19802,yolo_x_cpu,98
19803,yolo_x_cpu,102
19804,yolo_x_cpu,135
19805,yolo_x_cpu,122
19806,yolo_x_cpu,129
19807,yolo_x_cpu,142
19808,yolo_x_cpu,136
19809,yolo_x_cpu,155
19810,yolo_x_cpu,184
19811,yolo_x_cpu,154
19812,yolo_x_cpu,144
19813,yolo_x_cpu,136
19814,yolo_x_cpu,151
19815,yolo_x_cpu,138
19816,yolo_x_cpu,142
19817,yolo_x_cpu,165
19818,yolo_x_cpu,104
19819,yolo_x_cpu,142
19820,yolo_x_cpu,139
19821,yolo_x_cpu,137
19822,yolo_x_cpu,156
19823,yolo_x_cpu,145
19824,yolo_x_cpu,164
19825,yolo_x_cpu,150
19826,yolo_x_cpu,178
19827,yolo_x_cpu,155
19828,yolo_x_cpu,152
19829,yolo_x_cpu,162
19830,yolo_x_cpu,154
19831,yolo_x_cpu,129
19832,yolo_x_cpu,133
19833,yolo_x_cpu,132
19834,yolo_x_cpu,110
19835,yolo_x_cpu,134
19836,yolo_x_cpu,130
19837,yolo_x_cpu,102
19838,yolo_x_cpu,118
19839,yolo_x_cpu,112
19840,yolo_x_cpu,94
19841,yolo_x_cpu,112
19842,yolo_x_cpu,107
19843,yolo_x_cpu,107
19844,yolo_x_cpu,104
19845,yolo_x_cpu,97
19846,yolo_x_cpu,102
19847,yolo_x_cpu,102
19848,yolo_x_cpu,93
19849,yolo_x_cpu,100
19850,yolo_x_cpu,100
19851,yolo_x_cpu,107
19852,yolo_x_cpu,102
19853,yolo_x_cpu,103
19854,yolo_x_cpu,94
19855,yolo_x_cpu,101
19856,yolo_x_cpu,90
19857,yolo_x_cpu,81
19858,yolo_x_cpu,83
19859,yolo_x_cpu,100
19860,yolo_x_cpu,167
19861,yolo_x_cpu,3204
19862,yolo_x_cpu,3425
19863,yolo_x_cpu,2202
19864,yolo_x_cpu,338
19865,yolo_x_cpu,284
19866,yolo_x_cpu,265
19867,yolo_x_cpu,222
19868,yolo_x_cpu,185
19869,yolo_x_cpu,182
19870,yolo_x_cpu,155
19871,yolo_x_cpu,170
19872,yolo_x_cpu,173
19873,yolo_x_cpu,193
19874,yolo_x_cpu,179
19875,yolo_x_cpu,173
19876,yolo_x_cpu,184
19877,yolo_x_cpu,181
19878,yolo_x_cpu,156
19879,yolo_x_cpu,148
19880,yolo_x_cpu,130
19881,yolo_x_cpu,132
19882,yolo_x_cpu,114
19883,yolo_x_cpu,123
19884,yolo_x_cpu,106
19885,yolo_x_cpu,81
19886,yolo_x_cpu,85
19887,yolo_x_cpu,86
19888,yolo_x_cpu,98
19889,yolo_x_cpu,91
19890,yolo_x_cpu,76
19891,yolo_x_cpu,95
19892,yolo_x_cpu,91
19893,yolo_x_cpu,72
19894,yolo_x_cpu,76
19895,yolo_x_cpu,82
19896,yolo_x_cpu,83
19897,yolo_x_cpu,80
19898,yolo_x_cpu,103
19899,yolo_x_cpu,81
19900,yolo_x_cpu,89
19901,yolo_x_cpu,90
19902,yolo_x_cpu,69
19903,yolo_x_cpu,80
19904,yolo_x_cpu,79
19905,yolo_x_cpu,66
19906,yolo_x_cpu,73
19907,yolo_x_cpu,59
19908,yolo_x_cpu,70
19909,yolo_x_cpu,71
19910,yolo_x_cpu,91
19911,yolo_x_cpu,92
19912,yolo_x_cpu,102
19913,yolo_x_cpu,132
19914,yolo_x_cpu,121
19915,yolo_x_cpu,91
19916,yolo_x_cpu,78
19917,yolo_x_cpu,83
19918,yolo_x_cpu,76
19919,yolo_x_cpu,45
19920,yolo_x_cpu,74
19921,yolo_x_cpu,70
19922,yolo_x_cpu,93
19923,yolo_x_cpu,57
19924,yolo_x_cpu,45
19925,yolo_x_cpu,67
19926,yolo_x_cpu,87
19927,yolo_x_cpu,61
19928,yolo_x_cpu,58
19929,yolo_x_cpu,48
19930,yolo_x_cpu,58
19931,yolo_x_cpu,59
19932,yolo_x_cpu,55
19933,yolo_x_cpu,51
19934,yolo_x_cpu,52
19935,yolo_x_cpu,84
19936,yolo_x_cpu,77
19937,yolo_x_cpu,84
19938,yolo_x_cpu,86
19939,yolo_x_cpu,96
19940,yolo_x_cpu,110
19941,yolo_x_cpu,93
19942,yolo_x_cpu,82
19943,yolo_x_cpu,80
19944,yolo_x_cpu,94
19945,yolo_x_cpu,108
19946,yolo_x_cpu,90
19947,yolo_x_cpu,68
19948,yolo_x_cpu,76
19949,yolo_x_cpu,82
19950,yolo_x_cpu,65
19951,yolo_x_cpu,73
19952,yolo_x_cpu,72
19953,yolo_x_cpu,60
19954,yolo_x_cpu,63
19955,yolo_x_cpu,57
19956,yolo_x_cpu,74
19957,yolo_x_cpu,85
19958,yolo_x_cpu,82
19959,yolo_x_cpu,68
19960,yolo_x_cpu,66
19961,yolo_x_cpu,58
19962,yolo_x_cpu,66
19963,yolo_x_cpu,61
19964,yolo_x_cpu,52
19965,yolo_x_cpu,42
19966,yolo_x_cpu,38
19967,yolo_x_cpu,38
19968,yolo_x_cpu,42
19969,yolo_x_cpu,52
19970,yolo_x_cpu,46
19971,yolo_x_cpu,45
19972,yolo_x_cpu,41
19973,yolo_x_cpu,54
19974,yolo_x_cpu,66
19975,yolo_x_cpu,62
19976,yolo_x_cpu,58
19977,yolo_x_cpu,56
19978,yolo_x_cpu,67
19979,yolo_x_cpu,64
19980,yolo_x_cpu,62
19981,yolo_x_cpu,48
19982,yolo_x_cpu,66
19983,yolo_x_cpu,73
19984,yolo_x_cpu,75
19985,yolo_x_cpu,82
19986,yolo_x_cpu,86
19987,yolo_x_cpu,75
19988,yolo_x_cpu,68
19989,yolo_x_cpu,72
19990,yolo_x_cpu,58
19991,yolo_x_cpu,67
19992,yolo_x_cpu,62
19993,yolo_x_cpu,76
19994,yolo_x_cpu,58
19995,yolo_x_cpu,57
19996,yolo_x_cpu,59
19997,yolo_x_cpu,40
19998,yolo_x_cpu,70
19999,yolo_x_cpu,62
20000,yolo_x_cpu,72
20001,yolo_x_cpu,68
20002,yolo_x_cpu,77
20003,yolo_x_cpu,71
20004,yolo_x_cpu,61
20005,yolo_x_cpu,60
20006,yolo_x_cpu,65
20007,yolo_x_cpu,60
20008,yolo_x_cpu,58
20009,yolo_x_cpu,51
20010,yolo_x_cpu,66
20011,yolo_x_cpu,55
20012,yolo_x_cpu,50
20013,yolo_x_cpu,74
20014,yolo_x_cpu,73
20015,yolo_x_cpu,82
20016,yolo_x_cpu,80
20017,yolo_x_cpu,72
20018,yolo_x_cpu,82
20019,yolo_x_cpu,82
20020,yolo_x_cpu,95
20021,yolo_x_cpu,83
20022,yolo_x_cpu,88
20023,yolo_x_cpu,69
20024,yolo_x_cpu,57
20025,yolo_x_cpu,76
20026,yolo_x_cpu,69
20027,yolo_x_cpu,60
20028,yolo_x_cpu,63
20029,yolo_x_cpu,59
20030,yolo_x_cpu,56
20031,yolo_x_cpu,66
20032,yolo_x_cpu,72
20033,yolo_x_cpu,72
20034,yolo_x_cpu,73
20035,yolo_x_cpu,83
20036,yolo_x_cpu,103
20037,yolo_x_cpu,75
20038,yolo_x_cpu,57
20039,yolo_x_cpu,50
20040,yolo_x_cpu,58
20041,yolo_x_cpu,81
20042,yolo_x_cpu,80
20043,yolo_x_cpu,76
20044,yolo_x_cpu,78
20045,yolo_x_cpu,72
20046,yolo_x_cpu,74
20047,yolo_x_cpu,73
20048,yolo_x_cpu,80
20049,yolo_x_cpu,99
20050,yolo_x_cpu,105
20051,yolo_x_cpu,91
20052,yolo_x_cpu,85
20053,yolo_x_cpu,78
20054,yolo_x_cpu,73
20055,yolo_x_cpu,64
20056,yolo_x_cpu,56
20057,yolo_x_cpu,65
20058,yolo_x_cpu,67
20059,yolo_x_cpu,72
20060,yolo_x_cpu,55
20061,yolo_x_cpu,55
20062,yolo_x_cpu,67
20063,yolo_x_cpu,53
20064,yolo_x_cpu,67
20065,yolo_x_cpu,61
20066,yolo_x_cpu,71
20067,yolo_x_cpu,71
20068,yolo_x_cpu,67
20069,yolo_x_cpu,100
20070,yolo_x_cpu,86
20071,yolo_x_cpu,84
20072,yolo_x_cpu,100
20073,yolo_x_cpu,92
20074,yolo_x_cpu,100
20075,yolo_x_cpu,103
20076,yolo_x_cpu,110
20077,yolo_x_cpu,108
20078,yolo_x_cpu,123
20079,yolo_x_cpu,111
20080,yolo_x_cpu,116
20081,yolo_x_cpu,102
20082,yolo_x_cpu,92
20083,yolo_x_cpu,82
20084,yolo_x_cpu,87
20085,yolo_x_cpu,94
20086,yolo_x_cpu,105
20087,yolo_x_cpu,104
20088,yolo_x_cpu,113
20089,yolo_x_cpu,128
20090,yolo_x_cpu,131
20091,yolo_x_cpu,120
20092,yolo_x_cpu,122
20093,yolo_x_cpu,142
20094,yolo_x_cpu,147
20095,yolo_x_cpu,135
20096,yolo_x_cpu,126
20097,yolo_x_cpu,122
20098,yolo_x_cpu,108
20099,yolo_x_cpu,116
20100,yolo_x_cpu,102
20101,yolo_x_cpu,100
20102,yolo_x_cpu,137
20103,yolo_x_cpu,139
20104,yolo_x_cpu,146
20105,yolo_x_cpu,163
20106,yolo_x_cpu,169
20107,yolo_x_cpu,163
20108,yolo_x_cpu,143
20109,yolo_x_cpu,145
20110,yolo_x_cpu,148
20111,yolo_x_cpu,137
20112,yolo_x_cpu,120
20113,yolo_x_cpu,138
20114,yolo_x_cpu,123
20115,yolo_x_cpu,136
20116,yolo_x_cpu,176
20117,yolo_x_cpu,176
20118,yolo_x_cpu,196
20119,yolo_x_cpu,176
20120,yolo_x_cpu,163
20121,yolo_x_cpu,160
20122,yolo_x_cpu,185
20123,yolo_x_cpu,189
20124,yolo_x_cpu,194
20125,yolo_x_cpu,201
20126,yolo_x_cpu,202
20127,yolo_x_cpu,220
20128,yolo_x_cpu,178
20129,yolo_x_cpu,219
20130,yolo_x_cpu,209
20131,yolo_x_cpu,219
20132,yolo_x_cpu,212
20133,yolo_x_cpu,202
20134,yolo_x_cpu,173
20135,yolo_x_cpu,176
20136,yolo_x_cpu,193
20137,yolo_x_cpu,181
20138,yolo_x_cpu,196
20139,yolo_x_cpu,195
20140,yolo_x_cpu,193
20141,yolo_x_cpu,256
20142,yolo_x_cpu,240
20143,yolo_x_cpu,250
20144,yolo_x_cpu,265
20145,yolo_x_cpu,280
20146,yolo_x_cpu,290
20147,yolo_x_cpu,304
20148,yolo_x_cpu,320
20149,yolo_x_cpu,327
20150,yolo_x_cpu,362
20151,yolo_x_cpu,323
20152,yolo_x_cpu,333
20153,yolo_x_cpu,392
20154,yolo_x_cpu,401
20155,yolo_x_cpu,420
20156,yolo_x_cpu,406
20157,yolo_x_cpu,427
20158,yolo_x_cpu,355
20159,yolo_x_cpu,395
20160,yolo_x_cpu,438
20161,yolo_x_cpu,426
20162,yolo_x_cpu,402
20163,yolo_x_cpu,383
20164,yolo_x_cpu,347
20165,yolo_x_cpu,388
20166,yolo_x_cpu,417
20167,yolo_x_cpu,395
20168,yolo_x_cpu,396
20169,yolo_x_cpu,414
20170,yolo_x_cpu,382
20171,yolo_x_cpu,345
20172,yolo_x_cpu,374
20173,yolo_x_cpu,393
20174,yolo_x_cpu,353
20175,yolo_x_cpu,409
20176,yolo_x_cpu,415
20177,yolo_x_cpu,455
20178,yolo_x_cpu,500
20179,yolo_x_cpu,466
20180,yolo_x_cpu,467
20181,yolo_x_cpu,443
20182,yolo_x_cpu,522
20183,yolo_x_cpu,510
20184,yolo_x_cpu,453
20185,yolo_x_cpu,478
20186,yolo_x_cpu,510
20187,yolo_x_cpu,574
20188,yolo_x_cpu,518
20189,yolo_x_cpu,564
20190,yolo_x_cpu,545
20191,yolo_x_cpu,515
20192,yolo_x_cpu,538
20193,yolo_x_cpu,534
20194,yolo_x_cpu,555
20195,yolo_x_cpu,579
20196,yolo_x_cpu,634
20197,yolo_x_cpu,652
20198,yolo_x_cpu,697
20199,yolo_x_cpu,719
20200,yolo_x_cpu,671
20201,yolo_x_cpu,764
20202,yolo_x_cpu,796
20203,yolo_x_cpu,789
20204,yolo_x_cpu,825
20205,yolo_x_cpu,771
20206,yolo_x_cpu,725
20207,yolo_x_cpu,823
20208,yolo_x_cpu,822
20209,yolo_x_cpu,799
20210,yolo_x_cpu,746
20211,yolo_x_cpu,769
20212,yolo_x_cpu,753
20213,yolo_x_cpu,795
20214,yolo_x_cpu,794
20215,yolo_x_cpu,810
20216,yolo_x_cpu,783
20217,yolo_x_cpu,852
20218,yolo_x_cpu,868
20219,yolo_x_cpu,847
20220,yolo_x_cpu,829
20221,yolo_x_cpu,857
20222,yolo_x_cpu,871
20223,yolo_x_cpu,900
20224,yolo_x_cpu,870
20225,yolo_x_cpu,823
20226,yolo_x_cpu,909
20227,yolo_x_cpu,926
20228,yolo_x_cpu,892
20229,yolo_x_cpu,999
20230,yolo_x_cpu,929
20231,yolo_x_cpu,955
20232,yolo_x_cpu,887
20233,yolo_x_cpu,799
20234,yolo_x_cpu,864
20235,yolo_x_cpu,859
20236,yolo_x_cpu,891
20237,yolo_x_cpu,933
20238,yolo_x_cpu,942
20239,yolo_x_cpu,961
20240,yolo_x_cpu,950
20241,yolo_x_cpu,965
20242,yolo_x_cpu,951
20243,yolo_x_cpu,968
20244,yolo_x_cpu,1003
20245,yolo_x_cpu,1008
20246,yolo_x_cpu,1076
20247,yolo_x_cpu,1071
20248,yolo_x_cpu,1071
20249,yolo_x_cpu,1056
20250,yolo_x_cpu,1020
20251,yolo_x_cpu,1038
20252,yolo_x_cpu,987
20253,yolo_x_cpu,950
20254,yolo_x_cpu,911
20255,yolo_x_cpu,907
20256,yolo_x_cpu,947
20257,yolo_x_cpu,1042
20258,yolo_x_cpu,1051
20259,yolo_x_cpu,1068
20260,yolo_x_cpu,1076
20261,yolo_x_cpu,1083
20262,yolo_x_cpu,1032
20263,yolo_x_cpu,1063
20264,yolo_x_cpu,1082
20265,yolo_x_cpu,1100
20266,yolo_x_cpu,1084
20267,yolo_x_cpu,1171
20268,yolo_x_cpu,1143
20269,yolo_x_cpu,1118
20270,yolo_x_cpu,1111
20271,yolo_x_cpu,1096
20272,yolo_x_cpu,1174
20273,yolo_x_cpu,1149
20274,yolo_x_cpu,1102
20275,yolo_x_cpu,1051
20276,yolo_x_cpu,1191
20277,yolo_x_cpu,1200
20278,yolo_x_cpu,1198
20279,yolo_x_cpu,1198
20280,yolo_x_cpu,1197
20281,yolo_x_cpu,1231
20282,yolo_x_cpu,1253
20283,yolo_x_cpu,1248
20284,yolo_x_cpu,1137
20285,yolo_x_cpu,1179
20286,yolo_x_cpu,1199
20287,yolo_x_cpu,1244
20288,yolo_x_cpu,1273
20289,yolo_x_cpu,1222
20290,yolo_x_cpu,1209
20291,yolo_x_cpu,1234
20292,yolo_x_cpu,1228
20293,yolo_x_cpu,1228
20294,yolo_x_cpu,1296
20295,yolo_x_cpu,1352
20296,yolo_x_cpu,1308
20297,yolo_x_cpu,1332
20298,yolo_x_cpu,1358
20299,yolo_x_cpu,1438
20300,yolo_x_cpu,1462
20301,yolo_x_cpu,1419
20302,yolo_x_cpu,1436
20303,yolo_x_cpu,1391
20304,yolo_x_cpu,1376
20305,yolo_x_cpu,1353
20306,yolo_x_cpu,1401
20307,yolo_x_cpu,1369
20308,yolo_x_cpu,1335
20309,yolo_x_cpu,1283
20310,yolo_x_cpu,1294
20311,yolo_x_cpu,1330
20312,yolo_x_cpu,1327
20313,yolo_x_cpu,1349
20314,yolo_x_cpu,1313
20315,yolo_x_cpu,1286
20316,yolo_x_cpu,1342
20317,yolo_x_cpu,1342
20318,yolo_x_cpu,1383
20319,yolo_x_cpu,1332
20320,yolo_x_cpu,1367
20321,yolo_x_cpu,1347
20322,yolo_x_cpu,1285
20323,yolo_x_cpu,1298
20324,yolo_x_cpu,1248
20325,yolo_x_cpu,1250
20326,yolo_x_cpu,1281
20327,yolo_x_cpu,1313
20328,yolo_x_cpu,1308
20329,yolo_x_cpu,1325
20330,yolo_x_cpu,1327
20331,yolo_x_cpu,1287
20332,yolo_x_cpu,1270
20333,yolo_x_cpu,1290
20334,yolo_x_cpu,1271
20335,yolo_x_cpu,1310
20336,yolo_x_cpu,1347
20337,yolo_x_cpu,1319
20338,yolo_x_cpu,1327
20339,yolo_x_cpu,1294
20340,yolo_x_cpu,1298
20341,yolo_x_cpu,1366
20342,yolo_x_cpu,1353
20343,yolo_x_cpu,1360
20344,yolo_x_cpu,1295
20345,yolo_x_cpu,1210
20346,yolo_x_cpu,1187
20347,yolo_x_cpu,1170
20348,yolo_x_cpu,1189
20349,yolo_x_cpu,1175
20350,yolo_x_cpu,1115
20351,yolo_x_cpu,1228
20352,yolo_x_cpu,1194
20353,yolo_x_cpu,1157
20354,yolo_x_cpu,1141
20355,yolo_x_cpu,1157
20356,yolo_x_cpu,1216
20357,yolo_x_cpu,1190
20358,yolo_x_cpu,1206
20359,yolo_x_cpu,1193
20360,yolo_x_cpu,1209
20361,yolo_x_cpu,1149
20362,yolo_x_cpu,1207
20363,yolo_x_cpu,1239
20364,yolo_x_cpu,1201
20365,yolo_x_cpu,1262
20366,yolo_x_cpu,1246
20367,yolo_x_cpu,1227
20368,yolo_x_cpu,1248
20369,yolo_x_cpu,1279
20370,yolo_x_cpu,1169
20371,yolo_x_cpu,1269
20372,yolo_x_cpu,1256
20373,yolo_x_cpu,1077
20374,yolo_x_cpu,1209
20375,yolo_x_cpu,1183
20376,yolo_x_cpu,1112
20377,yolo_x_cpu,1176
20378,yolo_x_cpu,1194
20379,yolo_x_cpu,1209
20380,yolo_x_cpu,1225
20381,yolo_x_cpu,1179
20382,yolo_x_cpu,1227
20383,yolo_x_cpu,1165
20384,yolo_x_cpu,1146
20385,yolo_x_cpu,1250
20386,yolo_x_cpu,1197
20387,yolo_x_cpu,1116
20388,yolo_x_cpu,1169
20389,yolo_x_cpu,1196
20390,yolo_x_cpu,1148
20391,yolo_x_cpu,1062
20392,yolo_x_cpu,1128
20393,yolo_x_cpu,1118
20394,yolo_x_cpu,1069
20395,yolo_x_cpu,1128
20396,yolo_x_cpu,1159
20397,yolo_x_cpu,1147
20398,yolo_x_cpu,1174
20399,yolo_x_cpu,1205
20400,yolo_x_cpu,1173
20401,yolo_x_cpu,1185
20402,yolo_x_cpu,1155
20403,yolo_x_cpu,1125
20404,yolo_x_cpu,1074
20405,yolo_x_cpu,1184
20406,yolo_x_cpu,1122
20407,yolo_x_cpu,1118
20408,yolo_x_cpu,1052
20409,yolo_x_cpu,1075
20410,yolo_x_cpu,1053
20411,yolo_x_cpu,1038
20412,yolo_x_cpu,1023
20413,yolo_x_cpu,945
20414,yolo_x_cpu,970
20415,yolo_x_cpu,1023
20416,yolo_x_cpu,945
20417,yolo_x_cpu,1012
20418,yolo_x_cpu,1006
20419,yolo_x_cpu,981
20420,yolo_x_cpu,980
20421,yolo_x_cpu,1023
20422,yolo_x_cpu,1052
20423,yolo_x_cpu,949
20424,yolo_x_cpu,1001
20425,yolo_x_cpu,1020
20426,yolo_x_cpu,1035
20427,yolo_x_cpu,943
20428,yolo_x_cpu,923
20429,yolo_x_cpu,934
20430,yolo_x_cpu,954
20431,yolo_x_cpu,913
20432,yolo_x_cpu,905
20433,yolo_x_cpu,920
20434,yolo_x_cpu,914
20435,yolo_x_cpu,949
20436,yolo_x_cpu,916
20437,yolo_x_cpu,878
20438,yolo_x_cpu,779
20439,yolo_x_cpu,774
20440,yolo_x_cpu,811
20441,yolo_x_cpu,787
20442,yolo_x_cpu,805
20443,yolo_x_cpu,775
20444,yolo_x_cpu,808
20445,yolo_x_cpu,794
20446,yolo_x_cpu,815
20447,yolo_x_cpu,807
20448,yolo_x_cpu,815
20449,yolo_x_cpu,868
20450,yolo_x_cpu,865
20451,yolo_x_cpu,911
20452,yolo_x_cpu,938
20453,yolo_x_cpu,908
20454,yolo_x_cpu,955
20455,yolo_x_cpu,987
20456,yolo_x_cpu,1018
20457,yolo_x_cpu,1040
20458,yolo_x_cpu,945
20459,yolo_x_cpu,1014
20460,yolo_x_cpu,1118
20461,yolo_x_cpu,1126
20462,yolo_x_cpu,1014
20463,yolo_x_cpu,1015
20464,yolo_x_cpu,1029
20465,yolo_x_cpu,1011
20466,yolo_x_cpu,1028
20467,yolo_x_cpu,1055
20468,yolo_x_cpu,1046
20469,yolo_x_cpu,1154
20470,yolo_x_cpu,1141
20471,yolo_x_cpu,1186
20472,yolo_x_cpu,1167
20473,yolo_x_cpu,1212
20474,yolo_x_cpu,1141
20475,yolo_x_cpu,1188
20476,yolo_x_cpu,1207
20477,yolo_x_cpu,1156
20478,yolo_x_cpu,1235
20479,yolo_x_cpu,1230
20480,yolo_x_cpu,1234
20481,yolo_x_cpu,1217
20482,yolo_x_cpu,1254
20483,yolo_x_cpu,1281
20484,yolo_x_cpu,1278
20485,yolo_x_cpu,1250
20486,yolo_x_cpu,1248
20487,yolo_x_cpu,1261
20488,yolo_x_cpu,1239
20489,yolo_x_cpu,1189
20490,yolo_x_cpu,1236
20491,yolo_x_cpu,1198
20492,yolo_x_cpu,1159
20493,yolo_x_cpu,1262
20494,yolo_x_cpu,1288
20495,yolo_x_cpu,1267
20496,yolo_x_cpu,1239
20497,yolo_x_cpu,1192
20498,yolo_x_cpu,1227
20499,yolo_x_cpu,1315
20500,yolo_x_cpu,1371
20501,yolo_x_cpu,1389
20502,yolo_x_cpu,1336
20503,yolo_x_cpu,1329
20504,yolo_x_cpu,1343
20505,yolo_x_cpu,1245
20506,yolo_x_cpu,1203
20507,yolo_x_cpu,1147
20508,yolo_x_cpu,1149
20509,yolo_x_cpu,1155
20510,yolo_x_cpu,1242
20511,yolo_x_cpu,1238
20512,yolo_x_cpu,1242
20513,yolo_x_cpu,1232
20514,yolo_x_cpu,1179
20515,yolo_x_cpu,1209
20516,yolo_x_cpu,1163
20517,yolo_x_cpu,1142
20518,yolo_x_cpu,1179
20519,yolo_x_cpu,1162
20520,yolo_x_cpu,1122
20521,yolo_x_cpu,1133
20522,yolo_x_cpu,1097
20523,yolo_x_cpu,1177
20524,yolo_x_cpu,1197
20525,yolo_x_cpu,1214
20526,yolo_x_cpu,1264
20527,yolo_x_cpu,1243
20528,yolo_x_cpu,1225
20529,yolo_x_cpu,1319
20530,yolo_x_cpu,1257
20531,yolo_x_cpu,1327
20532,yolo_x_cpu,1314
20533,yolo_x_cpu,1380
20534,yolo_x_cpu,1392
20535,yolo_x_cpu,1409
20536,yolo_x_cpu,1355
20537,yolo_x_cpu,1328
20538,yolo_x_cpu,1366
20539,yolo_x_cpu,1358
20540,yolo_x_cpu,1361
20541,yolo_x_cpu,1352
20542,yolo_x_cpu,1240
20543,yolo_x_cpu,1288
20544,yolo_x_cpu,1266
20545,yolo_x_cpu,1234
20546,yolo_x_cpu,1251
20547,yolo_x_cpu,1253
20548,yolo_x_cpu,1335
20549,yolo_x_cpu,1278
20550,yolo_x_cpu,1232
20551,yolo_x_cpu,1269
20552,yolo_x_cpu,1316
20553,yolo_x_cpu,1278
20554,yolo_x_cpu,1229
20555,yolo_x_cpu,1220
20556,yolo_x_cpu,1273
20557,yolo_x_cpu,1206
20558,yolo_x_cpu,1267
20559,yolo_x_cpu,1192
20560,yolo_x_cpu,1196
20561,yolo_x_cpu,1229
20562,yolo_x_cpu,1255
20563,yolo_x_cpu,1161
20564,yolo_x_cpu,1196
20565,yolo_x_cpu,1174
20566,yolo_x_cpu,1166
20567,yolo_x_cpu,1201
20568,yolo_x_cpu,1136
20569,yolo_x_cpu,1163
20570,yolo_x_cpu,1167
20571,yolo_x_cpu,1203
20572,yolo_x_cpu,1196
20573,yolo_x_cpu,1196
20574,yolo_x_cpu,1190
20575,yolo_x_cpu,1164
20576,yolo_x_cpu,1205
20577,yolo_x_cpu,1165
20578,yolo_x_cpu,1148
20579,yolo_x_cpu,1194
20580,yolo_x_cpu,1188
20581,yolo_x_cpu,1216
20582,yolo_x_cpu,1186
20583,yolo_x_cpu,1168
20584,yolo_x_cpu,1120
20585,yolo_x_cpu,1099
20586,yolo_x_cpu,1072
20587,yolo_x_cpu,1047
20588,yolo_x_cpu,1017
20589,yolo_x_cpu,1034
20590,yolo_x_cpu,1050
20591,yolo_x_cpu,1127
20592,yolo_x_cpu,1192
20593,yolo_x_cpu,1156
20594,yolo_x_cpu,1186
20595,yolo_x_cpu,1212
20596,yolo_x_cpu,1222
20597,yolo_x_cpu,1181
20598,yolo_x_cpu,1162
20599,yolo_x_cpu,1149
20600,yolo_x_cpu,1082
20601,yolo_x_cpu,1059
20602,yolo_x_cpu,1126
20603,yolo_x_cpu,1071
20604,yolo_x_cpu,1152
20605,yolo_x_cpu,1162
20606,yolo_x_cpu,1176
20607,yolo_x_cpu,1114
20608,yolo_x_cpu,1048
20609,yolo_x_cpu,1052
20610,yolo_x_cpu,1021
20611,yolo_x_cpu,960
20612,yolo_x_cpu,1011
20613,yolo_x_cpu,937
20614,yolo_x_cpu,952
20615,yolo_x_cpu,971
20616,yolo_x_cpu,947
20617,yolo_x_cpu,1016
20618,yolo_x_cpu,1042
20619,yolo_x_cpu,1029
20620,yolo_x_cpu,1066
20621,yolo_x_cpu,1027
20622,yolo_x_cpu,1065
20623,yolo_x_cpu,1121
20624,yolo_x_cpu,1124
20625,yolo_x_cpu,1156
20626,yolo_x_cpu,1145
20627,yolo_x_cpu,1137
20628,yolo_x_cpu,1124
20629,yolo_x_cpu,1013
20630,yolo_x_cpu,1074
20631,yolo_x_cpu,1084
20632,yolo_x_cpu,1094
20633,yolo_x_cpu,1096
20634,yolo_x_cpu,1001
20635,yolo_x_cpu,1027
20636,yolo_x_cpu,1060
20637,yolo_x_cpu,997
20638,yolo_x_cpu,1074
20639,yolo_x_cpu,1073
20640,yolo_x_cpu,1077
20641,yolo_x_cpu,1168
20642,yolo_x_cpu,1146
20643,yolo_x_cpu,1108
20644,yolo_x_cpu,1118
20645,yolo_x_cpu,1146
20646,yolo_x_cpu,1086
20647,yolo_x_cpu,1084
20648,yolo_x_cpu,976
20649,yolo_x_cpu,952
20650,yolo_x_cpu,986
20651,yolo_x_cpu,984
20652,yolo_x_cpu,991
20653,yolo_x_cpu,1062
20654,yolo_x_cpu,1082
20655,yolo_x_cpu,1167
20656,yolo_x_cpu,1187
20657,yolo_x_cpu,1125
20658,yolo_x_cpu,1018
20659,yolo_x_cpu,998
20660,yolo_x_cpu,967
20661,yolo_x_cpu,989
20662,yolo_x_cpu,1020
20663,yolo_x_cpu,1058
20664,yolo_x_cpu,1109
20665,yolo_x_cpu,1136
20666,yolo_x_cpu,1149
20667,yolo_x_cpu,1171
20668,yolo_x_cpu,1199
20669,yolo_x_cpu,1180
20670,yolo_x_cpu,1123
20671,yolo_x_cpu,1170
20672,yolo_x_cpu,1230
20673,yolo_x_cpu,1177
20674,yolo_x_cpu,1133
20675,yolo_x_cpu,1190
20676,yolo_x_cpu,1198
20677,yolo_x_cpu,1143
20678,yolo_x_cpu,1089
20679,yolo_x_cpu,1110
20680,yolo_x_cpu,1143
20681,yolo_x_cpu,1047
20682,yolo_x_cpu,1028
20683,yolo_x_cpu,1129
20684,yolo_x_cpu,1188
20685,yolo_x_cpu,1090
20686,yolo_x_cpu,1113
20687,yolo_x_cpu,1165
20688,yolo_x_cpu,1122
20689,yolo_x_cpu,1148
20690,yolo_x_cpu,1109
20691,yolo_x_cpu,1157
20692,yolo_x_cpu,1152
20693,yolo_x_cpu,1136
20694,yolo_x_cpu,1165
20695,yolo_x_cpu,1084
20696,yolo_x_cpu,1073
20697,yolo_x_cpu,1076
20698,yolo_x_cpu,1151
20699,yolo_x_cpu,1133
20700,yolo_x_cpu,1075
20701,yolo_x_cpu,1140
20702,yolo_x_cpu,1111
20703,yolo_x_cpu,1124
20704,yolo_x_cpu,1092
20705,yolo_x_cpu,1064
20706,yolo_x_cpu,1025
20707,yolo_x_cpu,1041
20708,yolo_x_cpu,999
20709,yolo_x_cpu,1047
20710,yolo_x_cpu,1111
20711,yolo_x_cpu,1078
20712,yolo_x_cpu,1077
20713,yolo_x_cpu,1222
20714,yolo_x_cpu,1197
20715,yolo_x_cpu,1255
20716,yolo_x_cpu,1150
20717,yolo_x_cpu,1222
20718,yolo_x_cpu,1245
20719,yolo_x_cpu,1231
20720,yolo_x_cpu,1201
20721,yolo_x_cpu,1258
20722,yolo_x_cpu,1187
20723,yolo_x_cpu,1185
20724,yolo_x_cpu,1196
20725,yolo_x_cpu,1097
20726,yolo_x_cpu,1156
20727,yolo_x_cpu,1163
20728,yolo_x_cpu,1168
20729,yolo_x_cpu,1134
20730,yolo_x_cpu,1125
20731,yolo_x_cpu,1107
20732,yolo_x_cpu,1119
20733,yolo_x_cpu,1084
20734,yolo_x_cpu,1075
20735,yolo_x_cpu,1112
20736,yolo_x_cpu,1099
20737,yolo_x_cpu,1055
20738,yolo_x_cpu,1048
20739,yolo_x_cpu,1044
20740,yolo_x_cpu,1089
20741,yolo_x_cpu,1109
20742,yolo_x_cpu,1121
20743,yolo_x_cpu,1124
20744,yolo_x_cpu,1049
20745,yolo_x_cpu,1052
20746,yolo_x_cpu,1018
20747,yolo_x_cpu,1006
20748,yolo_x_cpu,1027
20749,yolo_x_cpu,1032
20750,yolo_x_cpu,1037
20751,yolo_x_cpu,1016
20752,yolo_x_cpu,947
20753,yolo_x_cpu,960
20754,yolo_x_cpu,948
20755,yolo_x_cpu,948
20756,yolo_x_cpu,907
20757,yolo_x_cpu,883
20758,yolo_x_cpu,838
20759,yolo_x_cpu,849
20760,yolo_x_cpu,795
20761,yolo_x_cpu,821
20762,yolo_x_cpu,821
20763,yolo_x_cpu,821
20764,yolo_x_cpu,864
20765,yolo_x_cpu,894
20766,yolo_x_cpu,941
20767,yolo_x_cpu,866
20768,yolo_x_cpu,807
20769,yolo_x_cpu,841
20770,yolo_x_cpu,837
20771,yolo_x_cpu,863
20772,yolo_x_cpu,792
20773,yolo_x_cpu,764
20774,yolo_x_cpu,757
20775,yolo_x_cpu,774
20776,yolo_x_cpu,821
20777,yolo_x_cpu,777
20778,yolo_x_cpu,763
20779,yolo_x_cpu,746
20780,yolo_x_cpu,716
20781,yolo_x_cpu,677
20782,yolo_x_cpu,667
20783,yolo_x_cpu,645
20784,yolo_x_cpu,665
20785,yolo_x_cpu,675
20786,yolo_x_cpu,661
20787,yolo_x_cpu,718
20788,yolo_x_cpu,707
20789,yolo_x_cpu,767
20790,yolo_x_cpu,786
20791,yolo_x_cpu,686
20792,yolo_x_cpu,728
20793,yolo_x_cpu,694
20794,yolo_x_cpu,693
20795,yolo_x_cpu,712
20796,yolo_x_cpu,638
20797,yolo_x_cpu,659
20798,yolo_x_cpu,676
20799,yolo_x_cpu,700
20800,yolo_x_cpu,770
20801,yolo_x_cpu,782
20802,yolo_x_cpu,691
20803,yolo_x_cpu,659
20804,yolo_x_cpu,677
20805,yolo_x_cpu,692
20806,yolo_x_cpu,673
20807,yolo_x_cpu,642
20808,yolo_x_cpu,664
20809,yolo_x_cpu,622
20810,yolo_x_cpu,690
20811,yolo_x_cpu,682
20812,yolo_x_cpu,716
20813,yolo_x_cpu,767
20814,yolo_x_cpu,806
20815,yolo_x_cpu,768
20816,yolo_x_cpu,800
20817,yolo_x_cpu,834
20818,yolo_x_cpu,805
20819,yolo_x_cpu,736
20820,yolo_x_cpu,784
20821,yolo_x_cpu,739
20822,yolo_x_cpu,802
20823,yolo_x_cpu,803
20824,yolo_x_cpu,766
20825,yolo_x_cpu,777
20826,yolo_x_cpu,812
20827,yolo_x_cpu,810
20828,yolo_x_cpu,725
20829,yolo_x_cpu,701
20830,yolo_x_cpu,722
20831,yolo_x_cpu,701
20832,yolo_x_cpu,734
20833,yolo_x_cpu,764
20834,yolo_x_cpu,773
20835,yolo_x_cpu,724
20836,yolo_x_cpu,782
20837,yolo_x_cpu,795
20838,yolo_x_cpu,786
20839,yolo_x_cpu,813
20840,yolo_x_cpu,729
20841,yolo_x_cpu,710
20842,yolo_x_cpu,696
20843,yolo_x_cpu,773
20844,yolo_x_cpu,780
20845,yolo_x_cpu,798
20846,yolo_x_cpu,761
20847,yolo_x_cpu,779
20848,yolo_x_cpu,756
20849,yolo_x_cpu,686
20850,yolo_x_cpu,726
20851,yolo_x_cpu,698
20852,yolo_x_cpu,732
20853,yolo_x_cpu,720
20854,yolo_x_cpu,785
20855,yolo_x_cpu,737
20856,yolo_x_cpu,771
20857,yolo_x_cpu,800
20858,yolo_x_cpu,770
20859,yolo_x_cpu,776
20860,yolo_x_cpu,756
20861,yolo_x_cpu,722
20862,yolo_x_cpu,764
20863,yolo_x_cpu,791
20864,yolo_x_cpu,793
20865,yolo_x_cpu,783
20866,yolo_x_cpu,791
20867,yolo_x_cpu,903
20868,yolo_x_cpu,910
20869,yolo_x_cpu,891
20870,yolo_x_cpu,908
20871,yolo_x_cpu,881
20872,yolo_x_cpu,869
20873,yolo_x_cpu,880
20874,yolo_x_cpu,834
20875,yolo_x_cpu,822
20876,yolo_x_cpu,869
20877,yolo_x_cpu,816
20878,yolo_x_cpu,927
20879,yolo_x_cpu,841
20880,yolo_x_cpu,860
20881,yolo_x_cpu,870
20882,yolo_x_cpu,826
20883,yolo_x_cpu,832
20884,yolo_x_cpu,837
20885,yolo_x_cpu,800
20886,yolo_x_cpu,804
20887,yolo_x_cpu,778
20888,yolo_x_cpu,815
20889,yolo_x_cpu,810
20890,yolo_x_cpu,772
20891,yolo_x_cpu,754
20892,yolo_x_cpu,815
20893,yolo_x_cpu,865
20894,yolo_x_cpu,902
20895,yolo_x_cpu,865
20896,yolo_x_cpu,824
20897,yolo_x_cpu,817
20898,yolo_x_cpu,749
20899,yolo_x_cpu,808
20900,yolo_x_cpu,863
20901,yolo_x_cpu,822
20902,yolo_x_cpu,804
20903,yolo_x_cpu,780
20904,yolo_x_cpu,783
20905,yolo_x_cpu,782
20906,yolo_x_cpu,853
20907,yolo_x_cpu,818
20908,yolo_x_cpu,836
20909,yolo_x_cpu,763
20910,yolo_x_cpu,764
20911,yolo_x_cpu,800
20912,yolo_x_cpu,794
20913,yolo_x_cpu,798
20914,yolo_x_cpu,774
20915,yolo_x_cpu,743
20916,yolo_x_cpu,750
20917,yolo_x_cpu,759
20918,yolo_x_cpu,760
20919,yolo_x_cpu,716
20920,yolo_x_cpu,692
20921,yolo_x_cpu,781
20922,yolo_x_cpu,801
20923,yolo_x_cpu,777
20924,yolo_x_cpu,799
20925,yolo_x_cpu,816
20926,yolo_x_cpu,784
20927,yolo_x_cpu,764
20928,yolo_x_cpu,778
20929,yolo_x_cpu,879
20930,yolo_x_cpu,845
20931,yolo_x_cpu,820
20932,yolo_x_cpu,847
20933,yolo_x_cpu,810
20934,yolo_x_cpu,808
20935,yolo_x_cpu,811
20936,yolo_x_cpu,777
20937,yolo_x_cpu,740
20938,yolo_x_cpu,724
20939,yolo_x_cpu,787
20940,yolo_x_cpu,758
20941,yolo_x_cpu,717
20942,yolo_x_cpu,682
20943,yolo_x_cpu,617
20944,yolo_x_cpu,706
20945,yolo_x_cpu,715
20946,yolo_x_cpu,717
20947,yolo_x_cpu,712
20948,yolo_x_cpu,707
20949,yolo_x_cpu,686
20950,yolo_x_cpu,603
20951,yolo_x_cpu,600
20952,yolo_x_cpu,551
20953,yolo_x_cpu,622
20954,yolo_x_cpu,616
20955,yolo_x_cpu,587
20956,yolo_x_cpu,597
20957,yolo_x_cpu,602
20958,yolo_x_cpu,591
20959,yolo_x_cpu,550
20960,yolo_x_cpu,519
20961,yolo_x_cpu,571
20962,yolo_x_cpu,598
20963,yolo_x_cpu,599
20964,yolo_x_cpu,633
20965,yolo_x_cpu,632
20966,yolo_x_cpu,694
20967,yolo_x_cpu,608
20968,yolo_x_cpu,589
20969,yolo_x_cpu,615
20970,yolo_x_cpu,610
20971,yolo_x_cpu,594
20972,yolo_x_cpu,579
20973,yolo_x_cpu,544
20974,yolo_x_cpu,521
20975,yolo_x_cpu,485
20976,yolo_x_cpu,491
20977,yolo_x_cpu,490
20978,yolo_x_cpu,492
20979,yolo_x_cpu,506
20980,yolo_x_cpu,548
20981,yolo_x_cpu,519
20982,yolo_x_cpu,524
20983,yolo_x_cpu,523
20984,yolo_x_cpu,501
20985,yolo_x_cpu,564
20986,yolo_x_cpu,543
20987,yolo_x_cpu,575
20988,yolo_x_cpu,513
20989,yolo_x_cpu,415
20990,yolo_x_cpu,516
20991,yolo_x_cpu,490
20992,yolo_x_cpu,487
20993,yolo_x_cpu,483
20994,yolo_x_cpu,533
20995,yolo_x_cpu,602
20996,yolo_x_cpu,598
20997,yolo_x_cpu,563
20998,yolo_x_cpu,564
20999,yolo_x_cpu,596
21000,yolo_x_cpu,551
21001,yolo_x_cpu,478
21002,yolo_x_cpu,483
21003,yolo_x_cpu,439
21004,yolo_x_cpu,436
21005,yolo_x_cpu,487
21006,yolo_x_cpu,507
21007,yolo_x_cpu,487
21008,yolo_x_cpu,472
21009,yolo_x_cpu,523
21010,yolo_x_cpu,541
21011,yolo_x_cpu,525
21012,yolo_x_cpu,491
21013,yolo_x_cpu,564
21014,yolo_x_cpu,503
21015,yolo_x_cpu,532
21016,yolo_x_cpu,547
21017,yolo_x_cpu,532
21018,yolo_x_cpu,540
21019,yolo_x_cpu,526
21020,yolo_x_cpu,523
21021,yolo_x_cpu,480
21022,yolo_x_cpu,499
21023,yolo_x_cpu,473
21024,yolo_x_cpu,474
21025,yolo_x_cpu,532
21026,yolo_x_cpu,518
21027,yolo_x_cpu,510
21028,yolo_x_cpu,363
21029,yolo_x_cpu,525
21030,yolo_x_cpu,423
21031,yolo_x_cpu,413
21032,yolo_x_cpu,468
21033,yolo_x_cpu,416
21034,yolo_x_cpu,439
21035,yolo_x_cpu,395
21036,yolo_x_cpu,496
21037,yolo_x_cpu,451
21038,yolo_x_cpu,443
21039,yolo_x_cpu,400
21040,yolo_x_cpu,401
21041,yolo_x_cpu,442
21042,yolo_x_cpu,463
21043,yolo_x_cpu,416
21044,yolo_x_cpu,408
21045,yolo_x_cpu,444
21046,yolo_x_cpu,418
21047,yolo_x_cpu,412
21048,yolo_x_cpu,437
21049,yolo_x_cpu,417
21050,yolo_x_cpu,426
21051,yolo_x_cpu,464
21052,yolo_x_cpu,358
21053,yolo_x_cpu,480
21054,yolo_x_cpu,427
21055,yolo_x_cpu,396
21056,yolo_x_cpu,400
21057,yolo_x_cpu,425
21058,yolo_x_cpu,396
21059,yolo_x_cpu,386
21060,yolo_x_cpu,350
21061,yolo_x_cpu,351
21062,yolo_x_cpu,363
21063,yolo_x_cpu,344
21064,yolo_x_cpu,346
21065,yolo_x_cpu,370
21066,yolo_x_cpu,353
21067,yolo_x_cpu,375
21068,yolo_x_cpu,387
21069,yolo_x_cpu,366
21070,yolo_x_cpu,367
21071,yolo_x_cpu,374
21072,yolo_x_cpu,393
21073,yolo_x_cpu,377
21074,yolo_x_cpu,328
21075,yolo_x_cpu,324
21076,yolo_x_cpu,340
21077,yolo_x_cpu,328
21078,yolo_x_cpu,322
21079,yolo_x_cpu,355
21080,yolo_x_cpu,293
21081,yolo_x_cpu,333
21082,yolo_x_cpu,302
21083,yolo_x_cpu,297
21084,yolo_x_cpu,293
21085,yolo_x_cpu,254
21086,yolo_x_cpu,271
21087,yolo_x_cpu,277
21088,yolo_x_cpu,314
21089,yolo_x_cpu,299
21090,yolo_x_cpu,239
21091,yolo_x_cpu,237
21092,yolo_x_cpu,237
21093,yolo_x_cpu,245
21094,yolo_x_cpu,254
21095,yolo_x_cpu,225
21096,yolo_x_cpu,185
21097,yolo_x_cpu,217
21098,yolo_x_cpu,249
21099,yolo_x_cpu,245
21100,yolo_x_cpu,242
21101,yolo_x_cpu,226
21102,yolo_x_cpu,243
21103,yolo_x_cpu,242
21104,yolo_x_cpu,229
21105,yolo_x_cpu,200
21106,yolo_x_cpu,226
21107,yolo_x_cpu,188
21108,yolo_x_cpu,182
21109,yolo_x_cpu,160
21110,yolo_x_cpu,145
21111,yolo_x_cpu,174
21112,yolo_x_cpu,203
21113,yolo_x_cpu,218
21114,yolo_x_cpu,181
21115,yolo_x_cpu,218
21116,yolo_x_cpu,214
21117,yolo_x_cpu,220
21118,yolo_x_cpu,203
21119,yolo_x_cpu,210
21120,yolo_x_cpu,181
21121,yolo_x_cpu,223
21122,yolo_x_cpu,235
21123,yolo_x_cpu,212
21124,yolo_x_cpu,209
21125,yolo_x_cpu,214
21126,yolo_x_cpu,222
21127,yolo_x_cpu,241
21128,yolo_x_cpu,221
21129,yolo_x_cpu,247
21130,yolo_x_cpu,251
21131,yolo_x_cpu,239
21132,yolo_x_cpu,244
21133,yolo_x_cpu,186
21134,yolo_x_cpu,195
21135,yolo_x_cpu,191
21136,yolo_x_cpu,186
21137,yolo_x_cpu,185
21138,yolo_x_cpu,174
21139,yolo_x_cpu,217
21140,yolo_x_cpu,189
21141,yolo_x_cpu,220
21142,yolo_x_cpu,217
21143,yolo_x_cpu,188
21144,yolo_x_cpu,182
21145,yolo_x_cpu,181
21146,yolo_x_cpu,205
21147,yolo_x_cpu,202
21148,yolo_x_cpu,195
21149,yolo_x_cpu,226
21150,yolo_x_cpu,197
21151,yolo_x_cpu,214
21152,yolo_x_cpu,208
21153,yolo_x_cpu,204
21154,yolo_x_cpu,196
21155,yolo_x_cpu,180
21156,yolo_x_cpu,186
21157,yolo_x_cpu,186
21158,yolo_x_cpu,169
21159,yolo_x_cpu,154
21160,yolo_x_cpu,130
21161,yolo_x_cpu,112
21162,yolo_x_cpu,124
21163,yolo_x_cpu,144
21164,yolo_x_cpu,140
21165,yolo_x_cpu,153
21166,yolo_x_cpu,148
21167,yolo_x_cpu,161
21168,yolo_x_cpu,134
21169,yolo_x_cpu,145
21170,yolo_x_cpu,124
21171,yolo_x_cpu,143
21172,yolo_x_cpu,148
21173,yolo_x_cpu,153
21174,yolo_x_cpu,114
21175,yolo_x_cpu,140
21176,yolo_x_cpu,124
21177,yolo_x_cpu,121
21178,yolo_x_cpu,109
21179,yolo_x_cpu,111
21180,yolo_x_cpu,143
21181,yolo_x_cpu,162
21182,yolo_x_cpu,160
21183,yolo_x_cpu,153
21184,yolo_x_cpu,156
21185,yolo_x_cpu,177
21186,yolo_x_cpu,160
21187,yolo_x_cpu,147
21188,yolo_x_cpu,117
21189,yolo_x_cpu,125
21190,yolo_x_cpu,129
21191,yolo_x_cpu,127
21192,yolo_x_cpu,117
21193,yolo_x_cpu,102
21194,yolo_x_cpu,114
21195,yolo_x_cpu,87
21196,yolo_x_cpu,92
21197,yolo_x_cpu,87
21198,yolo_x_cpu,124
21199,yolo_x_cpu,105
21200,yolo_x_cpu,94
21201,yolo_x_cpu,121
21202,yolo_x_cpu,97
21203,yolo_x_cpu,107
21204,yolo_x_cpu,120
21205,yolo_x_cpu,102
21206,yolo_x_cpu,110
21207,yolo_x_cpu,104
21208,yolo_x_cpu,101
21209,yolo_x_cpu,99
21210,yolo_x_cpu,77
21211,yolo_x_cpu,94
21212,yolo_x_cpu,94
21213,yolo_x_cpu,88
21214,yolo_x_cpu,77
21215,yolo_x_cpu,93
21216,yolo_x_cpu,110
21217,yolo_x_cpu,118
21218,yolo_x_cpu,129
21219,yolo_x_cpu,135
21220,yolo_x_cpu,115
21221,yolo_x_cpu,70
21222,yolo_x_cpu,70
21223,yolo_x_cpu,83
21224,yolo_x_cpu,84
21225,yolo_x_cpu,97
21226,yolo_x_cpu,103
21227,yolo_x_cpu,95
21228,yolo_x_cpu,72
21229,yolo_x_cpu,87
21230,yolo_x_cpu,100
21231,yolo_x_cpu,94
21232,yolo_x_cpu,98
21233,yolo_x_cpu,87
21234,yolo_x_cpu,63
21235,yolo_x_cpu,62
21236,yolo_x_cpu,64
21237,yolo_x_cpu,78
21238,yolo_x_cpu,83
21239,yolo_x_cpu,97
21240,yolo_x_cpu,85
21241,yolo_x_cpu,83
21242,yolo_x_cpu,94
21243,yolo_x_cpu,94
21244,yolo_x_cpu,94
21245,yolo_x_cpu,107
21246,yolo_x_cpu,79
21247,yolo_x_cpu,63
21248,yolo_x_cpu,80
21249,yolo_x_cpu,54
21250,yolo_x_cpu,77
21251,yolo_x_cpu,78
21252,yolo_x_cpu,72
21253,yolo_x_cpu,50
21254,yolo_x_cpu,63
21255,yolo_x_cpu,85
21256,yolo_x_cpu,74
21257,yolo_x_cpu,67
21258,yolo_x_cpu,63
21259,yolo_x_cpu,58
21260,yolo_x_cpu,57
21261,yolo_x_cpu,62
21262,yolo_x_cpu,71
21263,yolo_x_cpu,75
21264,yolo_x_cpu,83
21265,yolo_x_cpu,80
21266,yolo_x_cpu,68
21267,yolo_x_cpu,83
21268,yolo_x_cpu,58
21269,yolo_x_cpu,67
21270,yolo_x_cpu,59
21271,yolo_x_cpu,46
21272,yolo_x_cpu,37
21273,yolo_x_cpu,37
21274,yolo_x_cpu,49
21275,yolo_x_cpu,50
21276,yolo_x_cpu,65
21277,yolo_x_cpu,71
21278,yolo_x_cpu,56
21279,yolo_x_cpu,54
21280,yolo_x_cpu,47
21281,yolo_x_cpu,46
21282,yolo_x_cpu,53
21283,yolo_x_cpu,58
21284,yolo_x_cpu,45
21285,yolo_x_cpu,41
21286,yolo_x_cpu,31
21287,yolo_x_cpu,37
21288,yolo_x_cpu,52
21289,yolo_x_cpu,67
21290,yolo_x_cpu,75
21291,yolo_x_cpu,72
21292,yolo_x_cpu,76
21293,yolo_x_cpu,79
21294,yolo_x_cpu,82
21295,yolo_x_cpu,62
21296,yolo_x_cpu,53
21297,yolo_x_cpu,58
21298,yolo_x_cpu,65
21299,yolo_x_cpu,91
21300,yolo_x_cpu,109
21301,yolo_x_cpu,3515
21302,yolo_x_cpu,3825
21303,yolo_x_cpu,2631
21304,yolo_x_cpu,519
21305,yolo_x_cpu,524
21306,yolo_x_cpu,826
21307,yolo_x_cpu,773
21308,yolo_x_cpu,762
21309,yolo_x_cpu,694
21310,yolo_x_cpu,689
21311,yolo_x_cpu,591
21312,yolo_x_cpu,535
21313,yolo_x_cpu,525
21314,yolo_x_cpu,557
21315,yolo_x_cpu,466
21316,yolo_x_cpu,455
21317,yolo_x_cpu,431
21318,yolo_x_cpu,424
21319,yolo_x_cpu,397
21320,yolo_x_cpu,306
21321,yolo_x_cpu,137
21322,yolo_x_cpu,130
21323,yolo_x_cpu,174
21324,yolo_x_cpu,123
21325,yolo_x_cpu,106
21326,yolo_x_cpu,100
21327,yolo_x_cpu,82
21328,yolo_x_cpu,70
21329,yolo_x_cpu,66
21330,yolo_x_cpu,75
21331,yolo_x_cpu,88
21332,yolo_x_cpu,126
21333,yolo_x_cpu,109
21334,yolo_x_cpu,130
21335,yolo_x_cpu,139
21336,yolo_x_cpu,110
21337,yolo_x_cpu,117
21338,yolo_x_cpu,100
21339,yolo_x_cpu,74
21340,yolo_x_cpu,69
21341,yolo_x_cpu,59
21342,yolo_x_cpu,53
21343,yolo_x_cpu,38
21344,yolo_x_cpu,72
21345,yolo_x_cpu,61
21346,yolo_x_cpu,62
21347,yolo_x_cpu,61
21348,yolo_x_cpu,87
21349,yolo_x_cpu,84
21350,yolo_x_cpu,88
21351,yolo_x_cpu,96
21352,yolo_x_cpu,92
21353,yolo_x_cpu,81
21354,yolo_x_cpu,70
21355,yolo_x_cpu,51
21356,yolo_x_cpu,42
21357,yolo_x_cpu,35
21358,yolo_x_cpu,46
21359,yolo_x_cpu,43
21360,yolo_x_cpu,51
21361,yolo_x_cpu,57
21362,yolo_x_cpu,56
21363,yolo_x_cpu,68
21364,yolo_x_cpu,70
21365,yolo_x_cpu,59
21366,yolo_x_cpu,72
21367,yolo_x_cpu,68
21368,yolo_x_cpu,80
21369,yolo_x_cpu,100
21370,yolo_x_cpu,86
21371,yolo_x_cpu,71
21372,yolo_x_cpu,66
21373,yolo_x_cpu,83
21374,yolo_x_cpu,68
21375,yolo_x_cpu,63
21376,yolo_x_cpu,53
21377,yolo_x_cpu,62
21378,yolo_x_cpu,66
21379,yolo_x_cpu,75
21380,yolo_x_cpu,74
21381,yolo_x_cpu,68
21382,yolo_x_cpu,77
21383,yolo_x_cpu,77
21384,yolo_x_cpu,71
21385,yolo_x_cpu,123
21386,yolo_x_cpu,111
21387,yolo_x_cpu,75
21388,yolo_x_cpu,94
21389,yolo_x_cpu,74
21390,yolo_x_cpu,69
21391,yolo_x_cpu,77
21392,yolo_x_cpu,87
21393,yolo_x_cpu,68
21394,yolo_x_cpu,54
21395,yolo_x_cpu,55
21396,yolo_x_cpu,58
21397,yolo_x_cpu,62
21398,yolo_x_cpu,56
21399,yolo_x_cpu,50
21400,yolo_x_cpu,45
21401,yolo_x_cpu,41
21402,yolo_x_cpu,50
21403,yolo_x_cpu,56
21404,yolo_x_cpu,47
21405,yolo_x_cpu,61
21406,yolo_x_cpu,58
21407,yolo_x_cpu,51
21408,yolo_x_cpu,45
21409,yolo_x_cpu,45
21410,yolo_x_cpu,38
21411,yolo_x_cpu,53
21412,yolo_x_cpu,39
21413,yolo_x_cpu,71
21414,yolo_x_cpu,76
21415,yolo_x_cpu,61
21416,yolo_x_cpu,70
21417,yolo_x_cpu,58
21418,yolo_x_cpu,54
21419,yolo_x_cpu,43
21420,yolo_x_cpu,43
21421,yolo_x_cpu,45
21422,yolo_x_cpu,35
21423,yolo_x_cpu,36
21424,yolo_x_cpu,46
21425,yolo_x_cpu,50
21426,yolo_x_cpu,53
21427,yolo_x_cpu,34
21428,yolo_x_cpu,26
21429,yolo_x_cpu,31
21430,yolo_x_cpu,27
21431,yolo_x_cpu,18
21432,yolo_x_cpu,24
21433,yolo_x_cpu,20
21434,yolo_x_cpu,23
21435,yolo_x_cpu,19
21436,yolo_x_cpu,19
21437,yolo_x_cpu,20
21438,yolo_x_cpu,16
21439,yolo_x_cpu,20
21440,yolo_x_cpu,29
21441,yolo_x_cpu,62
21442,yolo_x_cpu,51
21443,yolo_x_cpu,63
21444,yolo_x_cpu,37
21445,yolo_x_cpu,59
21446,yolo_x_cpu,51
21447,yolo_x_cpu,38
21448,yolo_x_cpu,40
21449,yolo_x_cpu,50
21450,yolo_x_cpu,53
21451,yolo_x_cpu,43
21452,yolo_x_cpu,54
21453,yolo_x_cpu,54
21454,yolo_x_cpu,63
21455,yolo_x_cpu,51
21456,yolo_x_cpu,46
21457,yolo_x_cpu,38
21458,yolo_x_cpu,43
21459,yolo_x_cpu,33
21460,yolo_x_cpu,24
21461,yolo_x_cpu,43
21462,yolo_x_cpu,28
21463,yolo_x_cpu,27
21464,yolo_x_cpu,35
21465,yolo_x_cpu,46
21466,yolo_x_cpu,58
21467,yolo_x_cpu,53
21468,yolo_x_cpu,45
21469,yolo_x_cpu,45
21470,yolo_x_cpu,50
21471,yolo_x_cpu,42
21472,yolo_x_cpu,39
21473,yolo_x_cpu,42
21474,yolo_x_cpu,50
21475,yolo_x_cpu,54
21476,yolo_x_cpu,53
21477,yolo_x_cpu,54
21478,yolo_x_cpu,62
21479,yolo_x_cpu,65
21480,yolo_x_cpu,59
21481,yolo_x_cpu,65
21482,yolo_x_cpu,55
21483,yolo_x_cpu,54
21484,yolo_x_cpu,46
21485,yolo_x_cpu,54
21486,yolo_x_cpu,76
21487,yolo_x_cpu,75
21488,yolo_x_cpu,63
21489,yolo_x_cpu,69
21490,yolo_x_cpu,66
21491,yolo_x_cpu,72
21492,yolo_x_cpu,55
21493,yolo_x_cpu,50
21494,yolo_x_cpu,32
21495,yolo_x_cpu,48
21496,yolo_x_cpu,56
21497,yolo_x_cpu,60
21498,yolo_x_cpu,73
21499,yolo_x_cpu,53
21500,yolo_x_cpu,68
21501,yolo_x_cpu,76
21502,yolo_x_cpu,73
21503,yolo_x_cpu,83
21504,yolo_x_cpu,102
21505,yolo_x_cpu,129
21506,yolo_x_cpu,117
21507,yolo_x_cpu,146
21508,yolo_x_cpu,126
21509,yolo_x_cpu,116
21510,yolo_x_cpu,105
21511,yolo_x_cpu,96
21512,yolo_x_cpu,103
21513,yolo_x_cpu,92
21514,yolo_x_cpu,97
21515,yolo_x_cpu,89
21516,yolo_x_cpu,104
21517,yolo_x_cpu,95
21518,yolo_x_cpu,75
21519,yolo_x_cpu,96
21520,yolo_x_cpu,87
21521,yolo_x_cpu,82
21522,yolo_x_cpu,101
21523,yolo_x_cpu,115
21524,yolo_x_cpu,110
21525,yolo_x_cpu,108
21526,yolo_x_cpu,121
21527,yolo_x_cpu,126
21528,yolo_x_cpu,123
21529,yolo_x_cpu,120
21530,yolo_x_cpu,119
21531,yolo_x_cpu,109
21532,yolo_x_cpu,123
21533,yolo_x_cpu,111
21534,yolo_x_cpu,121
21535,yolo_x_cpu,125
21536,yolo_x_cpu,147
21537,yolo_x_cpu,136
21538,yolo_x_cpu,145
21539,yolo_x_cpu,147
21540,yolo_x_cpu,133
21541,yolo_x_cpu,127
21542,yolo_x_cpu,145
21543,yolo_x_cpu,143
21544,yolo_x_cpu,130
21545,yolo_x_cpu,173
21546,yolo_x_cpu,158
21547,yolo_x_cpu,150
21548,yolo_x_cpu,172
21549,yolo_x_cpu,176
21550,yolo_x_cpu,158
21551,yolo_x_cpu,169
21552,yolo_x_cpu,173
21553,yolo_x_cpu,170
21554,yolo_x_cpu,178
21555,yolo_x_cpu,183
21556,yolo_x_cpu,183
21557,yolo_x_cpu,195
21558,yolo_x_cpu,156
21559,yolo_x_cpu,184
21560,yolo_x_cpu,190
21561,yolo_x_cpu,198
21562,yolo_x_cpu,225
21563,yolo_x_cpu,212
21564,yolo_x_cpu,200
21565,yolo_x_cpu,223
21566,yolo_x_cpu,224
21567,yolo_x_cpu,206
21568,yolo_x_cpu,205
21569,yolo_x_cpu,183
21570,yolo_x_cpu,181
21571,yolo_x_cpu,188
21572,yolo_x_cpu,162
21573,yolo_x_cpu,204
21574,yolo_x_cpu,172
21575,yolo_x_cpu,193
21576,yolo_x_cpu,186
21577,yolo_x_cpu,196
21578,yolo_x_cpu,208
21579,yolo_x_cpu,235
21580,yolo_x_cpu,245
21581,yolo_x_cpu,271
21582,yolo_x_cpu,273
21583,yolo_x_cpu,244
21584,yolo_x_cpu,224
21585,yolo_x_cpu,294
21586,yolo_x_cpu,294
21587,yolo_x_cpu,293
21588,yolo_x_cpu,295
21589,yolo_x_cpu,279
21590,yolo_x_cpu,292
21591,yolo_x_cpu,289
21592,yolo_x_cpu,299
21593,yolo_x_cpu,298
21594,yolo_x_cpu,297
21595,yolo_x_cpu,308
21596,yolo_x_cpu,278
21597,yolo_x_cpu,285
21598,yolo_x_cpu,284
21599,yolo_x_cpu,295
21600,yolo_x_cpu,348
21601,yolo_x_cpu,355
21602,yolo_x_cpu,332
21603,yolo_x_cpu,346
21604,yolo_x_cpu,328
21605,yolo_x_cpu,325
21606,yolo_x_cpu,345
21607,yolo_x_cpu,360
21608,yolo_x_cpu,337
21609,yolo_x_cpu,319
21610,yolo_x_cpu,377
21611,yolo_x_cpu,356
21612,yolo_x_cpu,350
21613,yolo_x_cpu,343
21614,yolo_x_cpu,368
21615,yolo_x_cpu,339
21616,yolo_x_cpu,399
21617,yolo_x_cpu,414
21618,yolo_x_cpu,408
21619,yolo_x_cpu,410
21620,yolo_x_cpu,355
21621,yolo_x_cpu,359
21622,yolo_x_cpu,389
21623,yolo_x_cpu,438
21624,yolo_x_cpu,413
21625,yolo_x_cpu,436
21626,yolo_x_cpu,429
21627,yolo_x_cpu,455
21628,yolo_x_cpu,451
21629,yolo_x_cpu,490
21630,yolo_x_cpu,510
21631,yolo_x_cpu,522
21632,yolo_x_cpu,577
21633,yolo_x_cpu,516
21634,yolo_x_cpu,593
21635,yolo_x_cpu,556
21636,yolo_x_cpu,552
21637,yolo_x_cpu,557
21638,yolo_x_cpu,547
21639,yolo_x_cpu,575
21640,yolo_x_cpu,582
21641,yolo_x_cpu,634
21642,yolo_x_cpu,696
21643,yolo_x_cpu,664
21644,yolo_x_cpu,656
21645,yolo_x_cpu,633
21646,yolo_x_cpu,615
21647,yolo_x_cpu,647
21648,yolo_x_cpu,674
21649,yolo_x_cpu,753
21650,yolo_x_cpu,761
21651,yolo_x_cpu,792
21652,yolo_x_cpu,882
21653,yolo_x_cpu,808
21654,yolo_x_cpu,795
21655,yolo_x_cpu,747
21656,yolo_x_cpu,737
21657,yolo_x_cpu,724
21658,yolo_x_cpu,746
21659,yolo_x_cpu,743
21660,yolo_x_cpu,742
21661,yolo_x_cpu,770
21662,yolo_x_cpu,737
21663,yolo_x_cpu,791
21664,yolo_x_cpu,785
21665,yolo_x_cpu,766
21666,yolo_x_cpu,761
21667,yolo_x_cpu,750
21668,yolo_x_cpu,787
21669,yolo_x_cpu,844
21670,yolo_x_cpu,824
21671,yolo_x_cpu,876
21672,yolo_x_cpu,795
21673,yolo_x_cpu,858
21674,yolo_x_cpu,841
21675,yolo_x_cpu,872
21676,yolo_x_cpu,897
21677,yolo_x_cpu,875
21678,yolo_x_cpu,911
21679,yolo_x_cpu,830
21680,yolo_x_cpu,878
21681,yolo_x_cpu,878
21682,yolo_x_cpu,904
21683,yolo_x_cpu,908
21684,yolo_x_cpu,867
21685,yolo_x_cpu,930
21686,yolo_x_cpu,914
21687,yolo_x_cpu,900
21688,yolo_x_cpu,930
21689,yolo_x_cpu,920
21690,yolo_x_cpu,890
21691,yolo_x_cpu,852
21692,yolo_x_cpu,866
21693,yolo_x_cpu,899
21694,yolo_x_cpu,898
21695,yolo_x_cpu,905
21696,yolo_x_cpu,920
21697,yolo_x_cpu,869
21698,yolo_x_cpu,854
21699,yolo_x_cpu,847
21700,yolo_x_cpu,879
21701,yolo_x_cpu,835
21702,yolo_x_cpu,903
21703,yolo_x_cpu,952
21704,yolo_x_cpu,975
21705,yolo_x_cpu,1052
21706,yolo_x_cpu,1000
21707,yolo_x_cpu,1047
21708,yolo_x_cpu,1045
21709,yolo_x_cpu,1028
21710,yolo_x_cpu,1049
21711,yolo_x_cpu,1028
21712,yolo_x_cpu,1081
21713,yolo_x_cpu,1063
21714,yolo_x_cpu,1099
21715,yolo_x_cpu,1055
21716,yolo_x_cpu,1023
21717,yolo_x_cpu,1088
21718,yolo_x_cpu,1075
21719,yolo_x_cpu,1108
21720,yolo_x_cpu,1112
21721,yolo_x_cpu,1126
21722,yolo_x_cpu,1124
21723,yolo_x_cpu,1070
21724,yolo_x_cpu,1087
21725,yolo_x_cpu,1094
21726,yolo_x_cpu,1084
21727,yolo_x_cpu,1143
21728,yolo_x_cpu,1128
21729,yolo_x_cpu,1098
21730,yolo_x_cpu,1140
21731,yolo_x_cpu,1176
21732,yolo_x_cpu,1141
21733,yolo_x_cpu,1141
21734,yolo_x_cpu,1098
21735,yolo_x_cpu,1155
21736,yolo_x_cpu,1154
21737,yolo_x_cpu,1175
21738,yolo_x_cpu,986
21739,yolo_x_cpu,1091
21740,yolo_x_cpu,1009
21741,yolo_x_cpu,950
21742,yolo_x_cpu,1165
21743,yolo_x_cpu,1156
21744,yolo_x_cpu,1179
21745,yolo_x_cpu,1147
21746,yolo_x_cpu,1140
21747,yolo_x_cpu,1117
21748,yolo_x_cpu,1199
21749,yolo_x_cpu,1184
21750,yolo_x_cpu,1159
21751,yolo_x_cpu,1174
21752,yolo_x_cpu,1184
21753,yolo_x_cpu,1079
21754,yolo_x_cpu,1008
21755,yolo_x_cpu,1084
21756,yolo_x_cpu,1108
21757,yolo_x_cpu,1060
21758,yolo_x_cpu,1077
21759,yolo_x_cpu,1091
21760,yolo_x_cpu,1042
21761,yolo_x_cpu,1087
21762,yolo_x_cpu,1072
21763,yolo_x_cpu,1052
21764,yolo_x_cpu,1035
21765,yolo_x_cpu,1069
21766,yolo_x_cpu,980
21767,yolo_x_cpu,1035
21768,yolo_x_cpu,1073
21769,yolo_x_cpu,1135
21770,yolo_x_cpu,1128
21771,yolo_x_cpu,1152
21772,yolo_x_cpu,1119
21773,yolo_x_cpu,1123
21774,yolo_x_cpu,1106
21775,yolo_x_cpu,1125
21776,yolo_x_cpu,1154
21777,yolo_x_cpu,1145
21778,yolo_x_cpu,1106
21779,yolo_x_cpu,1122
21780,yolo_x_cpu,1181
21781,yolo_x_cpu,1139
21782,yolo_x_cpu,1147
21783,yolo_x_cpu,1212
21784,yolo_x_cpu,1149
21785,yolo_x_cpu,1155
21786,yolo_x_cpu,1115
21787,yolo_x_cpu,1076
21788,yolo_x_cpu,1092
21789,yolo_x_cpu,1143
21790,yolo_x_cpu,1164
21791,yolo_x_cpu,1110
21792,yolo_x_cpu,1160
21793,yolo_x_cpu,1179
21794,yolo_x_cpu,1169
21795,yolo_x_cpu,1151
21796,yolo_x_cpu,1143
21797,yolo_x_cpu,1160
21798,yolo_x_cpu,1206
21799,yolo_x_cpu,1222
21800,yolo_x_cpu,1180
21801,yolo_x_cpu,1104
21802,yolo_x_cpu,1104
21803,yolo_x_cpu,1150
21804,yolo_x_cpu,1126
21805,yolo_x_cpu,1082
21806,yolo_x_cpu,1122
21807,yolo_x_cpu,1144
21808,yolo_x_cpu,1151
21809,yolo_x_cpu,1144
21810,yolo_x_cpu,1127
21811,yolo_x_cpu,1122
21812,yolo_x_cpu,1093
21813,yolo_x_cpu,1006
21814,yolo_x_cpu,1018
21815,yolo_x_cpu,1045
21816,yolo_x_cpu,974
21817,yolo_x_cpu,1058
21818,yolo_x_cpu,1032
21819,yolo_x_cpu,1088
21820,yolo_x_cpu,1070
21821,yolo_x_cpu,1101
21822,yolo_x_cpu,1095
21823,yolo_x_cpu,1052
21824,yolo_x_cpu,996
21825,yolo_x_cpu,974
21826,yolo_x_cpu,987
21827,yolo_x_cpu,907
21828,yolo_x_cpu,884
21829,yolo_x_cpu,886
21830,yolo_x_cpu,954
21831,yolo_x_cpu,976
21832,yolo_x_cpu,931
21833,yolo_x_cpu,986
21834,yolo_x_cpu,975
21835,yolo_x_cpu,1019
21836,yolo_x_cpu,938
21837,yolo_x_cpu,924
21838,yolo_x_cpu,921
21839,yolo_x_cpu,913
21840,yolo_x_cpu,961
21841,yolo_x_cpu,925
21842,yolo_x_cpu,818
21843,yolo_x_cpu,830
21844,yolo_x_cpu,803
21845,yolo_x_cpu,861
21846,yolo_x_cpu,799
21847,yolo_x_cpu,842
21848,yolo_x_cpu,850
21849,yolo_x_cpu,858
21850,yolo_x_cpu,843
21851,yolo_x_cpu,804
21852,yolo_x_cpu,904
21853,yolo_x_cpu,864
21854,yolo_x_cpu,838
21855,yolo_x_cpu,768
21856,yolo_x_cpu,836
21857,yolo_x_cpu,831
21858,yolo_x_cpu,870
21859,yolo_x_cpu,890
21860,yolo_x_cpu,883
21861,yolo_x_cpu,944
21862,yolo_x_cpu,968
21863,yolo_x_cpu,930
21864,yolo_x_cpu,958
21865,yolo_x_cpu,919
21866,yolo_x_cpu,847
21867,yolo_x_cpu,825
21868,yolo_x_cpu,859
21869,yolo_x_cpu,849
21870,yolo_x_cpu,877
21871,yolo_x_cpu,852
21872,yolo_x_cpu,885
21873,yolo_x_cpu,957
21874,yolo_x_cpu,929
21875,yolo_x_cpu,923
21876,yolo_x_cpu,905
21877,yolo_x_cpu,923
21878,yolo_x_cpu,895
21879,yolo_x_cpu,912
21880,yolo_x_cpu,851
21881,yolo_x_cpu,825
21882,yolo_x_cpu,896
21883,yolo_x_cpu,867
21884,yolo_x_cpu,873
21885,yolo_x_cpu,899
21886,yolo_x_cpu,958
21887,yolo_x_cpu,908
21888,yolo_x_cpu,931
21889,yolo_x_cpu,945
21890,yolo_x_cpu,942
21891,yolo_x_cpu,936
21892,yolo_x_cpu,984
21893,yolo_x_cpu,967
21894,yolo_x_cpu,972
21895,yolo_x_cpu,958
21896,yolo_x_cpu,990
21897,yolo_x_cpu,975
21898,yolo_x_cpu,969
21899,yolo_x_cpu,912
21900,yolo_x_cpu,893
21901,yolo_x_cpu,988
21902,yolo_x_cpu,1003
21903,yolo_x_cpu,980
21904,yolo_x_cpu,973
21905,yolo_x_cpu,972
21906,yolo_x_cpu,943
21907,yolo_x_cpu,991
21908,yolo_x_cpu,903
21909,yolo_x_cpu,901
21910,yolo_x_cpu,927
21911,yolo_x_cpu,916
21912,yolo_x_cpu,962
21913,yolo_x_cpu,922
21914,yolo_x_cpu,916
21915,yolo_x_cpu,930
21916,yolo_x_cpu,898
21917,yolo_x_cpu,944
21918,yolo_x_cpu,925
21919,yolo_x_cpu,894
21920,yolo_x_cpu,909
21921,yolo_x_cpu,911
21922,yolo_x_cpu,946
21923,yolo_x_cpu,957
21924,yolo_x_cpu,981
21925,yolo_x_cpu,926
21926,yolo_x_cpu,934
21927,yolo_x_cpu,967
21928,yolo_x_cpu,945
21929,yolo_x_cpu,948
21930,yolo_x_cpu,969
21931,yolo_x_cpu,967
21932,yolo_x_cpu,961
21933,yolo_x_cpu,964
21934,yolo_x_cpu,944
21935,yolo_x_cpu,939
21936,yolo_x_cpu,879
21937,yolo_x_cpu,921
21938,yolo_x_cpu,874
21939,yolo_x_cpu,848
21940,yolo_x_cpu,959
21941,yolo_x_cpu,968
21942,yolo_x_cpu,1022
21943,yolo_x_cpu,974
21944,yolo_x_cpu,1022
21945,yolo_x_cpu,1002
21946,yolo_x_cpu,1014
21947,yolo_x_cpu,1079
21948,yolo_x_cpu,1043
21949,yolo_x_cpu,1086
21950,yolo_x_cpu,1019
21951,yolo_x_cpu,1027
21952,yolo_x_cpu,1026
21953,yolo_x_cpu,1073
21954,yolo_x_cpu,1064
21955,yolo_x_cpu,1028
21956,yolo_x_cpu,1018
21957,yolo_x_cpu,1020
21958,yolo_x_cpu,1005
21959,yolo_x_cpu,1085
21960,yolo_x_cpu,1096
21961,yolo_x_cpu,1040
21962,yolo_x_cpu,1096
21963,yolo_x_cpu,1125
21964,yolo_x_cpu,1089
21965,yolo_x_cpu,1094
21966,yolo_x_cpu,1091
21967,yolo_x_cpu,1085
21968,yolo_x_cpu,1162
21969,yolo_x_cpu,1162
21970,yolo_x_cpu,1224
21971,yolo_x_cpu,1199
21972,yolo_x_cpu,1188
21973,yolo_x_cpu,1156
21974,yolo_x_cpu,1172
21975,yolo_x_cpu,1133
21976,yolo_x_cpu,1088
21977,yolo_x_cpu,1104
21978,yolo_x_cpu,1096
21979,yolo_x_cpu,1138
21980,yolo_x_cpu,1114
21981,yolo_x_cpu,1051
21982,yolo_x_cpu,1060
21983,yolo_x_cpu,1071
21984,yolo_x_cpu,1076
21985,yolo_x_cpu,1132
21986,yolo_x_cpu,1170
21987,yolo_x_cpu,1139
21988,yolo_x_cpu,1163
21989,yolo_x_cpu,1190
21990,yolo_x_cpu,1123
21991,yolo_x_cpu,1134
21992,yolo_x_cpu,1150
21993,yolo_x_cpu,1127
21994,yolo_x_cpu,1086
21995,yolo_x_cpu,1095
21996,yolo_x_cpu,1067
21997,yolo_x_cpu,1101
21998,yolo_x_cpu,1070
21999,yolo_x_cpu,1027
22000,yolo_x_cpu,998
22001,yolo_x_cpu,998
22002,yolo_x_cpu,1007
22003,yolo_x_cpu,998
22004,yolo_x_cpu,1019
22005,yolo_x_cpu,1036
22006,yolo_x_cpu,1077
22007,yolo_x_cpu,1021
22008,yolo_x_cpu,1008
22009,yolo_x_cpu,1065
22010,yolo_x_cpu,1005
22011,yolo_x_cpu,1011
22012,yolo_x_cpu,1079
22013,yolo_x_cpu,1043
22014,yolo_x_cpu,1069
22015,yolo_x_cpu,1117
22016,yolo_x_cpu,1164
22017,yolo_x_cpu,1119
22018,yolo_x_cpu,1110
22019,yolo_x_cpu,1182
22020,yolo_x_cpu,1113
22021,yolo_x_cpu,1087
22022,yolo_x_cpu,1150
22023,yolo_x_cpu,1118
22024,yolo_x_cpu,1057
22025,yolo_x_cpu,1077
22026,yolo_x_cpu,1023
22027,yolo_x_cpu,1022
22028,yolo_x_cpu,1021
22029,yolo_x_cpu,1040
22030,yolo_x_cpu,1021
22031,yolo_x_cpu,1026
22032,yolo_x_cpu,1024
22033,yolo_x_cpu,1042
22034,yolo_x_cpu,1061
22035,yolo_x_cpu,1010
22036,yolo_x_cpu,1054
22037,yolo_x_cpu,1007
22038,yolo_x_cpu,988
22039,yolo_x_cpu,1021
22040,yolo_x_cpu,952
22041,yolo_x_cpu,973
22042,yolo_x_cpu,950
22043,yolo_x_cpu,1008
22044,yolo_x_cpu,998
22045,yolo_x_cpu,1030
22046,yolo_x_cpu,1004
22047,yolo_x_cpu,930
22048,yolo_x_cpu,971
22049,yolo_x_cpu,994
22050,yolo_x_cpu,982
22051,yolo_x_cpu,913
22052,yolo_x_cpu,965
22053,yolo_x_cpu,975
22054,yolo_x_cpu,944
22055,yolo_x_cpu,995
22056,yolo_x_cpu,963
22057,yolo_x_cpu,935
22058,yolo_x_cpu,1010
22059,yolo_x_cpu,976
22060,yolo_x_cpu,970
22061,yolo_x_cpu,903
22062,yolo_x_cpu,961
22063,yolo_x_cpu,933
22064,yolo_x_cpu,956
22065,yolo_x_cpu,921
22066,yolo_x_cpu,857
22067,yolo_x_cpu,983
22068,yolo_x_cpu,1049
22069,yolo_x_cpu,1045
22070,yolo_x_cpu,949
22071,yolo_x_cpu,1014
22072,yolo_x_cpu,933
22073,yolo_x_cpu,927
22074,yolo_x_cpu,953
22075,yolo_x_cpu,1007
22076,yolo_x_cpu,948
22077,yolo_x_cpu,994
22078,yolo_x_cpu,963
22079,yolo_x_cpu,1083
22080,yolo_x_cpu,1040
22081,yolo_x_cpu,1015
22082,yolo_x_cpu,1027
22083,yolo_x_cpu,1003
22084,yolo_x_cpu,951
22085,yolo_x_cpu,969
22086,yolo_x_cpu,988
22087,yolo_x_cpu,1032
22088,yolo_x_cpu,1027
22089,yolo_x_cpu,1024
22090,yolo_x_cpu,992
22091,yolo_x_cpu,1029
22092,yolo_x_cpu,955
22093,yolo_x_cpu,987
22094,yolo_x_cpu,1059
22095,yolo_x_cpu,1022
22096,yolo_x_cpu,976
22097,yolo_x_cpu,993
22098,yolo_x_cpu,1027
22099,yolo_x_cpu,1052
22100,yolo_x_cpu,984
22101,yolo_x_cpu,1021
22102,yolo_x_cpu,1003
22103,yolo_x_cpu,1024
22104,yolo_x_cpu,1043
22105,yolo_x_cpu,970
22106,yolo_x_cpu,998
22107,yolo_x_cpu,1069
22108,yolo_x_cpu,974
22109,yolo_x_cpu,924
22110,yolo_x_cpu,974
22111,yolo_x_cpu,966
22112,yolo_x_cpu,950
22113,yolo_x_cpu,936
22114,yolo_x_cpu,977
22115,yolo_x_cpu,927
22116,yolo_x_cpu,956
22117,yolo_x_cpu,953
22118,yolo_x_cpu,1031
22119,yolo_x_cpu,991
22120,yolo_x_cpu,1042
22121,yolo_x_cpu,937
22122,yolo_x_cpu,972
22123,yolo_x_cpu,1001
22124,yolo_x_cpu,1023
22125,yolo_x_cpu,1046
22126,yolo_x_cpu,1050
22127,yolo_x_cpu,1113
22128,yolo_x_cpu,1084
22129,yolo_x_cpu,1095
22130,yolo_x_cpu,1097
22131,yolo_x_cpu,1134
22132,yolo_x_cpu,1095
22133,yolo_x_cpu,1095
22134,yolo_x_cpu,1100
22135,yolo_x_cpu,1049
22136,yolo_x_cpu,1072
22137,yolo_x_cpu,1065
22138,yolo_x_cpu,1100
22139,yolo_x_cpu,1089
22140,yolo_x_cpu,1083
22141,yolo_x_cpu,1116
22142,yolo_x_cpu,1127
22143,yolo_x_cpu,1024
22144,yolo_x_cpu,1038
22145,yolo_x_cpu,993
22146,yolo_x_cpu,958
22147,yolo_x_cpu,1013
22148,yolo_x_cpu,1034
22149,yolo_x_cpu,1050
22150,yolo_x_cpu,1115
22151,yolo_x_cpu,1187
22152,yolo_x_cpu,1172
22153,yolo_x_cpu,1111
22154,yolo_x_cpu,1204
22155,yolo_x_cpu,1185
22156,yolo_x_cpu,1121
22157,yolo_x_cpu,1158
22158,yolo_x_cpu,1137
22159,yolo_x_cpu,1106
22160,yolo_x_cpu,1075
22161,yolo_x_cpu,1133
22162,yolo_x_cpu,1087
22163,yolo_x_cpu,1064
22164,yolo_x_cpu,1087
22165,yolo_x_cpu,1088
22166,yolo_x_cpu,1091
22167,yolo_x_cpu,1059
22168,yolo_x_cpu,1037
22169,yolo_x_cpu,1132
22170,yolo_x_cpu,1102
22171,yolo_x_cpu,1051
22172,yolo_x_cpu,996
22173,yolo_x_cpu,1050
22174,yolo_x_cpu,1033
22175,yolo_x_cpu,1111
22176,yolo_x_cpu,1073
22177,yolo_x_cpu,1027
22178,yolo_x_cpu,1052
22179,yolo_x_cpu,1016
22180,yolo_x_cpu,1071
22181,yolo_x_cpu,1077
22182,yolo_x_cpu,1010
22183,yolo_x_cpu,1062
22184,yolo_x_cpu,1062
22185,yolo_x_cpu,984
22186,yolo_x_cpu,920
22187,yolo_x_cpu,940
22188,yolo_x_cpu,959
22189,yolo_x_cpu,941
22190,yolo_x_cpu,934
22191,yolo_x_cpu,931
22192,yolo_x_cpu,961
22193,yolo_x_cpu,922
22194,yolo_x_cpu,902
22195,yolo_x_cpu,935
22196,yolo_x_cpu,971
22197,yolo_x_cpu,897
22198,yolo_x_cpu,922
22199,yolo_x_cpu,915
22200,yolo_x_cpu,977
22201,yolo_x_cpu,906
22202,yolo_x_cpu,871
22203,yolo_x_cpu,882
22204,yolo_x_cpu,909
22205,yolo_x_cpu,969
22206,yolo_x_cpu,943
22207,yolo_x_cpu,936
22208,yolo_x_cpu,930
22209,yolo_x_cpu,923
22210,yolo_x_cpu,912
22211,yolo_x_cpu,922
22212,yolo_x_cpu,903
22213,yolo_x_cpu,943
22214,yolo_x_cpu,941
22215,yolo_x_cpu,850
22216,yolo_x_cpu,903
22217,yolo_x_cpu,886
22218,yolo_x_cpu,902
22219,yolo_x_cpu,939
22220,yolo_x_cpu,934
22221,yolo_x_cpu,925
22222,yolo_x_cpu,880
22223,yolo_x_cpu,952
22224,yolo_x_cpu,901
22225,yolo_x_cpu,854
22226,yolo_x_cpu,836
22227,yolo_x_cpu,851
22228,yolo_x_cpu,860
22229,yolo_x_cpu,884
22230,yolo_x_cpu,865
22231,yolo_x_cpu,911
22232,yolo_x_cpu,854
22233,yolo_x_cpu,786
22234,yolo_x_cpu,797
22235,yolo_x_cpu,836
22236,yolo_x_cpu,844
22237,yolo_x_cpu,790
22238,yolo_x_cpu,873
22239,yolo_x_cpu,925
22240,yolo_x_cpu,944
22241,yolo_x_cpu,931
22242,yolo_x_cpu,909
22243,yolo_x_cpu,839
22244,yolo_x_cpu,792
22245,yolo_x_cpu,778
22246,yolo_x_cpu,757
22247,yolo_x_cpu,795
22248,yolo_x_cpu,794
22249,yolo_x_cpu,744
22250,yolo_x_cpu,783
22251,yolo_x_cpu,789
22252,yolo_x_cpu,743
22253,yolo_x_cpu,718
22254,yolo_x_cpu,720
22255,yolo_x_cpu,708
22256,yolo_x_cpu,729
22257,yolo_x_cpu,745
22258,yolo_x_cpu,708
22259,yolo_x_cpu,684
22260,yolo_x_cpu,756
22261,yolo_x_cpu,774
22262,yolo_x_cpu,744
22263,yolo_x_cpu,789
22264,yolo_x_cpu,801
22265,yolo_x_cpu,791
22266,yolo_x_cpu,780
22267,yolo_x_cpu,799
22268,yolo_x_cpu,798
22269,yolo_x_cpu,826
22270,yolo_x_cpu,808
22271,yolo_x_cpu,801
22272,yolo_x_cpu,801
22273,yolo_x_cpu,775
22274,yolo_x_cpu,745
22275,yolo_x_cpu,744
22276,yolo_x_cpu,748
22277,yolo_x_cpu,777
22278,yolo_x_cpu,770
22279,yolo_x_cpu,768
22280,yolo_x_cpu,870
22281,yolo_x_cpu,797
22282,yolo_x_cpu,837
22283,yolo_x_cpu,795
22284,yolo_x_cpu,814
22285,yolo_x_cpu,781
22286,yolo_x_cpu,799
22287,yolo_x_cpu,810
22288,yolo_x_cpu,854
22289,yolo_x_cpu,855
22290,yolo_x_cpu,758
22291,yolo_x_cpu,744
22292,yolo_x_cpu,732
22293,yolo_x_cpu,804
22294,yolo_x_cpu,801
22295,yolo_x_cpu,799
22296,yolo_x_cpu,812
22297,yolo_x_cpu,814
22298,yolo_x_cpu,748
22299,yolo_x_cpu,836
22300,yolo_x_cpu,873
22301,yolo_x_cpu,815
22302,yolo_x_cpu,819
22303,yolo_x_cpu,806
22304,yolo_x_cpu,702
22305,yolo_x_cpu,785
22306,yolo_x_cpu,789
22307,yolo_x_cpu,689
22308,yolo_x_cpu,722
22309,yolo_x_cpu,745
22310,yolo_x_cpu,746
22311,yolo_x_cpu,685
22312,yolo_x_cpu,644
22313,yolo_x_cpu,706
22314,yolo_x_cpu,714
22315,yolo_x_cpu,708
22316,yolo_x_cpu,706
22317,yolo_x_cpu,712
22318,yolo_x_cpu,715
22319,yolo_x_cpu,739
22320,yolo_x_cpu,722
22321,yolo_x_cpu,660
22322,yolo_x_cpu,655
22323,yolo_x_cpu,759
22324,yolo_x_cpu,733
22325,yolo_x_cpu,698
22326,yolo_x_cpu,695
22327,yolo_x_cpu,688
22328,yolo_x_cpu,638
22329,yolo_x_cpu,722
22330,yolo_x_cpu,730
22331,yolo_x_cpu,743
22332,yolo_x_cpu,741
22333,yolo_x_cpu,706
22334,yolo_x_cpu,752
22335,yolo_x_cpu,723
22336,yolo_x_cpu,782
22337,yolo_x_cpu,793
22338,yolo_x_cpu,801
22339,yolo_x_cpu,818
22340,yolo_x_cpu,757
22341,yolo_x_cpu,777
22342,yolo_x_cpu,715
22343,yolo_x_cpu,742
22344,yolo_x_cpu,657
22345,yolo_x_cpu,675
22346,yolo_x_cpu,698
22347,yolo_x_cpu,800
22348,yolo_x_cpu,748
22349,yolo_x_cpu,759
22350,yolo_x_cpu,779
22351,yolo_x_cpu,712
22352,yolo_x_cpu,717
22353,yolo_x_cpu,697
22354,yolo_x_cpu,686
22355,yolo_x_cpu,739
22356,yolo_x_cpu,778
22357,yolo_x_cpu,727
22358,yolo_x_cpu,750
22359,yolo_x_cpu,724
22360,yolo_x_cpu,768
22361,yolo_x_cpu,712
22362,yolo_x_cpu,740
22363,yolo_x_cpu,717
22364,yolo_x_cpu,722
22365,yolo_x_cpu,670
22366,yolo_x_cpu,668
22367,yolo_x_cpu,707
22368,yolo_x_cpu,722
22369,yolo_x_cpu,680
22370,yolo_x_cpu,713
22371,yolo_x_cpu,750
22372,yolo_x_cpu,687
22373,yolo_x_cpu,667
22374,yolo_x_cpu,703
22375,yolo_x_cpu,681
22376,yolo_x_cpu,685
22377,yolo_x_cpu,702
22378,yolo_x_cpu,702
22379,yolo_x_cpu,653
22380,yolo_x_cpu,644
22381,yolo_x_cpu,659
22382,yolo_x_cpu,592
22383,yolo_x_cpu,635
22384,yolo_x_cpu,699
22385,yolo_x_cpu,691
22386,yolo_x_cpu,669
22387,yolo_x_cpu,627
22388,yolo_x_cpu,634
22389,yolo_x_cpu,684
22390,yolo_x_cpu,678
22391,yolo_x_cpu,644
22392,yolo_x_cpu,699
22393,yolo_x_cpu,694
22394,yolo_x_cpu,689
22395,yolo_x_cpu,634
22396,yolo_x_cpu,621
22397,yolo_x_cpu,622
22398,yolo_x_cpu,600
22399,yolo_x_cpu,594
22400,yolo_x_cpu,650
22401,yolo_x_cpu,574
22402,yolo_x_cpu,565
22403,yolo_x_cpu,568
22404,yolo_x_cpu,549
22405,yolo_x_cpu,493
22406,yolo_x_cpu,496
22407,yolo_x_cpu,516
22408,yolo_x_cpu,500
22409,yolo_x_cpu,515
22410,yolo_x_cpu,501
22411,yolo_x_cpu,495
22412,yolo_x_cpu,592
22413,yolo_x_cpu,523
22414,yolo_x_cpu,491
22415,yolo_x_cpu,474
22416,yolo_x_cpu,552
22417,yolo_x_cpu,517
22418,yolo_x_cpu,510
22419,yolo_x_cpu,570
22420,yolo_x_cpu,556
22421,yolo_x_cpu,502
22422,yolo_x_cpu,558
22423,yolo_x_cpu,634
22424,yolo_x_cpu,612
22425,yolo_x_cpu,567
22426,yolo_x_cpu,567
22427,yolo_x_cpu,526
22428,yolo_x_cpu,546
22429,yolo_x_cpu,518
22430,yolo_x_cpu,536
22431,yolo_x_cpu,564
22432,yolo_x_cpu,525
22433,yolo_x_cpu,490
22434,yolo_x_cpu,558
22435,yolo_x_cpu,473
22436,yolo_x_cpu,521
22437,yolo_x_cpu,530
22438,yolo_x_cpu,548
22439,yolo_x_cpu,570
22440,yolo_x_cpu,527
22441,yolo_x_cpu,507
22442,yolo_x_cpu,502
22443,yolo_x_cpu,527
22444,yolo_x_cpu,577
22445,yolo_x_cpu,540
22446,yolo_x_cpu,527
22447,yolo_x_cpu,511
22448,yolo_x_cpu,557
22449,yolo_x_cpu,582
22450,yolo_x_cpu,543
22451,yolo_x_cpu,478
22452,yolo_x_cpu,458
22453,yolo_x_cpu,495
22454,yolo_x_cpu,459
22455,yolo_x_cpu,424
22456,yolo_x_cpu,446
22457,yolo_x_cpu,457
22458,yolo_x_cpu,422
22459,yolo_x_cpu,483
22460,yolo_x_cpu,418
22461,yolo_x_cpu,453
22462,yolo_x_cpu,460
22463,yolo_x_cpu,495
22464,yolo_x_cpu,458
22465,yolo_x_cpu,475
22466,yolo_x_cpu,454
22467,yolo_x_cpu,399
22468,yolo_x_cpu,419
22469,yolo_x_cpu,399
22470,yolo_x_cpu,432
22471,yolo_x_cpu,449
22472,yolo_x_cpu,456
22473,yolo_x_cpu,412
22474,yolo_x_cpu,435
22475,yolo_x_cpu,424
22476,yolo_x_cpu,436
22477,yolo_x_cpu,416
22478,yolo_x_cpu,402
22479,yolo_x_cpu,394
22480,yolo_x_cpu,382
22481,yolo_x_cpu,337
22482,yolo_x_cpu,377
22483,yolo_x_cpu,374
22484,yolo_x_cpu,366
22485,yolo_x_cpu,319
22486,yolo_x_cpu,357
22487,yolo_x_cpu,324
22488,yolo_x_cpu,460
22489,yolo_x_cpu,369
22490,yolo_x_cpu,398
22491,yolo_x_cpu,399
22492,yolo_x_cpu,390
22493,yolo_x_cpu,404
22494,yolo_x_cpu,410
22495,yolo_x_cpu,371
22496,yolo_x_cpu,407
22497,yolo_x_cpu,366
22498,yolo_x_cpu,388
22499,yolo_x_cpu,378
22500,yolo_x_cpu,390
22501,yolo_x_cpu,356
22502,yolo_x_cpu,382
22503,yolo_x_cpu,374
22504,yolo_x_cpu,327
22505,yolo_x_cpu,367
22506,yolo_x_cpu,342
22507,yolo_x_cpu,345
22508,yolo_x_cpu,340
22509,yolo_x_cpu,339
22510,yolo_x_cpu,331
22511,yolo_x_cpu,359
22512,yolo_x_cpu,349
22513,yolo_x_cpu,335
22514,yolo_x_cpu,327
22515,yolo_x_cpu,356
22516,yolo_x_cpu,344
22517,yolo_x_cpu,376
22518,yolo_x_cpu,384
22519,yolo_x_cpu,376
22520,yolo_x_cpu,324
22521,yolo_x_cpu,364
22522,yolo_x_cpu,352
22523,yolo_x_cpu,335
22524,yolo_x_cpu,308
22525,yolo_x_cpu,331
22526,yolo_x_cpu,317
22527,yolo_x_cpu,290
22528,yolo_x_cpu,287
22529,yolo_x_cpu,269
22530,yolo_x_cpu,338
22531,yolo_x_cpu,313
22532,yolo_x_cpu,263
22533,yolo_x_cpu,262
22534,yolo_x_cpu,259
22535,yolo_x_cpu,275
22536,yolo_x_cpu,307
22537,yolo_x_cpu,314
22538,yolo_x_cpu,271
22539,yolo_x_cpu,317
22540,yolo_x_cpu,275
22541,yolo_x_cpu,293
22542,yolo_x_cpu,320
22543,yolo_x_cpu,288
22544,yolo_x_cpu,285
22545,yolo_x_cpu,269
22546,yolo_x_cpu,262
22547,yolo_x_cpu,268
22548,yolo_x_cpu,263
22549,yolo_x_cpu,261
22550,yolo_x_cpu,269
22551,yolo_x_cpu,259
22552,yolo_x_cpu,279
22553,yolo_x_cpu,255
22554,yolo_x_cpu,267
22555,yolo_x_cpu,256
22556,yolo_x_cpu,226
22557,yolo_x_cpu,258
22558,yolo_x_cpu,251
22559,yolo_x_cpu,239
22560,yolo_x_cpu,222
22561,yolo_x_cpu,218
22562,yolo_x_cpu,234
22563,yolo_x_cpu,209
22564,yolo_x_cpu,237
22565,yolo_x_cpu,237
22566,yolo_x_cpu,228
22567,yolo_x_cpu,271
22568,yolo_x_cpu,228
22569,yolo_x_cpu,262
22570,yolo_x_cpu,226
22571,yolo_x_cpu,220
22572,yolo_x_cpu,203
22573,yolo_x_cpu,249
22574,yolo_x_cpu,246
22575,yolo_x_cpu,205
22576,yolo_x_cpu,197
22577,yolo_x_cpu,186
22578,yolo_x_cpu,191
22579,yolo_x_cpu,204
22580,yolo_x_cpu,229
22581,yolo_x_cpu,216
22582,yolo_x_cpu,151
22583,yolo_x_cpu,184
22584,yolo_x_cpu,183
22585,yolo_x_cpu,169
22586,yolo_x_cpu,184
22587,yolo_x_cpu,166
22588,yolo_x_cpu,175
22589,yolo_x_cpu,172
22590,yolo_x_cpu,170
22591,yolo_x_cpu,185
22592,yolo_x_cpu,182
22593,yolo_x_cpu,228
22594,yolo_x_cpu,168
22595,yolo_x_cpu,173
22596,yolo_x_cpu,159
22597,yolo_x_cpu,174
22598,yolo_x_cpu,189
22599,yolo_x_cpu,166
22600,yolo_x_cpu,162
22601,yolo_x_cpu,181
22602,yolo_x_cpu,189
22603,yolo_x_cpu,169
22604,yolo_x_cpu,187
22605,yolo_x_cpu,179
22606,yolo_x_cpu,161
22607,yolo_x_cpu,178
22608,yolo_x_cpu,145
22609,yolo_x_cpu,134
22610,yolo_x_cpu,144
22611,yolo_x_cpu,136
22612,yolo_x_cpu,134
22613,yolo_x_cpu,156
22614,yolo_x_cpu,133
22615,yolo_x_cpu,136
22616,yolo_x_cpu,116
22617,yolo_x_cpu,114
22618,yolo_x_cpu,141
22619,yolo_x_cpu,124
22620,yolo_x_cpu,162
22621,yolo_x_cpu,151
22622,yolo_x_cpu,131
22623,yolo_x_cpu,121
22624,yolo_x_cpu,129
22625,yolo_x_cpu,132
22626,yolo_x_cpu,115
22627,yolo_x_cpu,113
22628,yolo_x_cpu,142
22629,yolo_x_cpu,119
22630,yolo_x_cpu,150
22631,yolo_x_cpu,144
22632,yolo_x_cpu,131
22633,yolo_x_cpu,104
22634,yolo_x_cpu,141
22635,yolo_x_cpu,110
22636,yolo_x_cpu,100
22637,yolo_x_cpu,118
22638,yolo_x_cpu,110
22639,yolo_x_cpu,124
22640,yolo_x_cpu,122
22641,yolo_x_cpu,131
22642,yolo_x_cpu,133
22643,yolo_x_cpu,121
22644,yolo_x_cpu,126
22645,yolo_x_cpu,141
22646,yolo_x_cpu,149
22647,yolo_x_cpu,120
22648,yolo_x_cpu,118
22649,yolo_x_cpu,104
22650,yolo_x_cpu,123
22651,yolo_x_cpu,108
22652,yolo_x_cpu,80
22653,yolo_x_cpu,81
22654,yolo_x_cpu,89
22655,yolo_x_cpu,87
22656,yolo_x_cpu,95
22657,yolo_x_cpu,110
22658,yolo_x_cpu,99
22659,yolo_x_cpu,108
22660,yolo_x_cpu,93
22661,yolo_x_cpu,94
22662,yolo_x_cpu,77
22663,yolo_x_cpu,80
22664,yolo_x_cpu,67
22665,yolo_x_cpu,68
22666,yolo_x_cpu,66
22667,yolo_x_cpu,55
22668,yolo_x_cpu,67
22669,yolo_x_cpu,80
22670,yolo_x_cpu,64
22671,yolo_x_cpu,73
22672,yolo_x_cpu,77
22673,yolo_x_cpu,80
22674,yolo_x_cpu,77
22675,yolo_x_cpu,77
22676,yolo_x_cpu,90
22677,yolo_x_cpu,71
22678,yolo_x_cpu,76
22679,yolo_x_cpu,79
22680,yolo_x_cpu,91
22681,yolo_x_cpu,77
22682,yolo_x_cpu,102
22683,yolo_x_cpu,130
22684,yolo_x_cpu,93
22685,yolo_x_cpu,76
22686,yolo_x_cpu,76
22687,yolo_x_cpu,91
22688,yolo_x_cpu,90
22689,yolo_x_cpu,107
22690,yolo_x_cpu,94
22691,yolo_x_cpu,115
22692,yolo_x_cpu,100
22693,yolo_x_cpu,94
22694,yolo_x_cpu,92
22695,yolo_x_cpu,85
22696,yolo_x_cpu,101
22697,yolo_x_cpu,64
22698,yolo_x_cpu,72
22699,yolo_x_cpu,68
22700,yolo_x_cpu,60
22701,yolo_x_cpu,51
22702,yolo_x_cpu,60
22703,yolo_x_cpu,77
22704,yolo_x_cpu,74
22705,yolo_x_cpu,85
22706,yolo_x_cpu,75
22707,yolo_x_cpu,83
22708,yolo_x_cpu,77
22709,yolo_x_cpu,78
22710,yolo_x_cpu,80
22711,yolo_x_cpu,76
22712,yolo_x_cpu,77
22713,yolo_x_cpu,72
22714,yolo_x_cpu,68
22715,yolo_x_cpu,70
22716,yolo_x_cpu,72
22717,yolo_x_cpu,72
22718,yolo_x_cpu,73
22719,yolo_x_cpu,75
22720,yolo_x_cpu,77
22721,yolo_x_cpu,67
22722,yolo_x_cpu,78
22723,yolo_x_cpu,63
22724,yolo_x_cpu,60
22725,yolo_x_cpu,65
22726,yolo_x_cpu,60
22727,yolo_x_cpu,50
22728,yolo_x_cpu,40
22729,yolo_x_cpu,59
22730,yolo_x_cpu,69
22731,yolo_x_cpu,87
22732,yolo_x_cpu,78
22733,yolo_x_cpu,76
22734,yolo_x_cpu,95
22735,yolo_x_cpu,92
22736,yolo_x_cpu,75
22737,yolo_x_cpu,64
22738,yolo_x_cpu,55
22739,yolo_x_cpu,48
22740,yolo_x_cpu,108
22741,yolo_x_cpu,3161
22742,yolo_x_cpu,3380
22743,yolo_x_cpu,2605
22744,yolo_x_cpu,561
22745,yolo_x_cpu,561
22746,yolo_x_cpu,1167
22747,yolo_x_cpu,1145
22748,yolo_x_cpu,1124
22749,yolo_x_cpu,1168
22750,yolo_x_cpu,1071
22751,yolo_x_cpu,989
22752,yolo_x_cpu,914
22753,yolo_x_cpu,806
22754,yolo_x_cpu,786
22755,yolo_x_cpu,778
22756,yolo_x_cpu,784
22757,yolo_x_cpu,713
22758,yolo_x_cpu,671
22759,yolo_x_cpu,605
22760,yolo_x_cpu,519
22761,yolo_x_cpu,75
22762,yolo_x_cpu,75
22763,yolo_x_cpu,68
22764,yolo_x_cpu,76
22765,yolo_x_cpu,76
22766,yolo_x_cpu,80
22767,yolo_x_cpu,52
22768,yolo_x_cpu,65
22769,yolo_x_cpu,56
22770,yolo_x_cpu,57
22771,yolo_x_cpu,60
22772,yolo_x_cpu,62
22773,yolo_x_cpu,48
22774,yolo_x_cpu,51
22775,yolo_x_cpu,56
22776,yolo_x_cpu,56
22777,yolo_x_cpu,64
22778,yolo_x_cpu,51
22779,yolo_x_cpu,60
22780,yolo_x_cpu,54
22781,yolo_x_cpu,68
22782,yolo_x_cpu,79
22783,yolo_x_cpu,80
22784,yolo_x_cpu,86
22785,yolo_x_cpu,91
22786,yolo_x_cpu,79
22787,yolo_x_cpu,82
22788,yolo_x_cpu,68
22789,yolo_x_cpu,73
22790,yolo_x_cpu,76
22791,yolo_x_cpu,57
22792,yolo_x_cpu,65
22793,yolo_x_cpu,61
22794,yolo_x_cpu,60
22795,yolo_x_cpu,62
22796,yolo_x_cpu,62
22797,yolo_x_cpu,55
22798,yolo_x_cpu,46
22799,yolo_x_cpu,54
22800,yolo_x_cpu,49
22801,yolo_x_cpu,58
22802,yolo_x_cpu,62
22803,yolo_x_cpu,57
22804,yolo_x_cpu,61
22805,yolo_x_cpu,55
22806,yolo_x_cpu,54
22807,yolo_x_cpu,52
22808,yolo_x_cpu,54
22809,yolo_x_cpu,51
22810,yolo_x_cpu,50
22811,yolo_x_cpu,51
22812,yolo_x_cpu,49
22813,yolo_x_cpu,34
22814,yolo_x_cpu,42
22815,yolo_x_cpu,55
22816,yolo_x_cpu,55
22817,yolo_x_cpu,72
22818,yolo_x_cpu,65
22819,yolo_x_cpu,59
22820,yolo_x_cpu,41
22821,yolo_x_cpu,61
22822,yolo_x_cpu,64
22823,yolo_x_cpu,60
22824,yolo_x_cpu,66
22825,yolo_x_cpu,65
22826,yolo_x_cpu,66
22827,yolo_x_cpu,56
22828,yolo_x_cpu,49
22829,yolo_x_cpu,37
22830,yolo_x_cpu,32
22831,yolo_x_cpu,41
22832,yolo_x_cpu,41
22833,yolo_x_cpu,40
22834,yolo_x_cpu,47
22835,yolo_x_cpu,45
22836,yolo_x_cpu,44
22837,yolo_x_cpu,49
22838,yolo_x_cpu,33
22839,yolo_x_cpu,28
22840,yolo_x_cpu,46
22841,yolo_x_cpu,45
22842,yolo_x_cpu,42
22843,yolo_x_cpu,36
22844,yolo_x_cpu,45
22845,yolo_x_cpu,39
22846,yolo_x_cpu,38
22847,yolo_x_cpu,46
22848,yolo_x_cpu,53
22849,yolo_x_cpu,56
22850,yolo_x_cpu,57
22851,yolo_x_cpu,51
22852,yolo_x_cpu,42
22853,yolo_x_cpu,49
22854,yolo_x_cpu,43
22855,yolo_x_cpu,46
22856,yolo_x_cpu,44
22857,yolo_x_cpu,52
22858,yolo_x_cpu,51
22859,yolo_x_cpu,51
22860,yolo_x_cpu,48
22861,yolo_x_cpu,28
22862,yolo_x_cpu,31
22863,yolo_x_cpu,31
22864,yolo_x_cpu,33
22865,yolo_x_cpu,30
22866,yolo_x_cpu,40
22867,yolo_x_cpu,36
22868,yolo_x_cpu,55
22869,yolo_x_cpu,67
22870,yolo_x_cpu,69
22871,yolo_x_cpu,51
22872,yolo_x_cpu,59
22873,yolo_x_cpu,42
22874,yolo_x_cpu,56
22875,yolo_x_cpu,55
22876,yolo_x_cpu,55
22877,yolo_x_cpu,54
22878,yolo_x_cpu,50
22879,yolo_x_cpu,55
22880,yolo_x_cpu,56
22881,yolo_x_cpu,52
22882,yolo_x_cpu,73
22883,yolo_x_cpu,49
22884,yolo_x_cpu,47
22885,yolo_x_cpu,34
22886,yolo_x_cpu,39
22887,yolo_x_cpu,53
22888,yolo_x_cpu,55
22889,yolo_x_cpu,64
22890,yolo_x_cpu,59
22891,yolo_x_cpu,56
22892,yolo_x_cpu,56
22893,yolo_x_cpu,67
22894,yolo_x_cpu,53
22895,yolo_x_cpu,57
22896,yolo_x_cpu,63
22897,yolo_x_cpu,55
22898,yolo_x_cpu,63
22899,yolo_x_cpu,54
22900,yolo_x_cpu,49
22901,yolo_x_cpu,50
22902,yolo_x_cpu,30
22903,yolo_x_cpu,26
22904,yolo_x_cpu,36
22905,yolo_x_cpu,57
22906,yolo_x_cpu,46
22907,yolo_x_cpu,51
22908,yolo_x_cpu,63
22909,yolo_x_cpu,41
22910,yolo_x_cpu,51
22911,yolo_x_cpu,48
22912,yolo_x_cpu,55
22913,yolo_x_cpu,56
22914,yolo_x_cpu,37
22915,yolo_x_cpu,32
22916,yolo_x_cpu,55
22917,yolo_x_cpu,40
22918,yolo_x_cpu,55
22919,yolo_x_cpu,38
22920,yolo_x_cpu,51
22921,yolo_x_cpu,44
22922,yolo_x_cpu,73
22923,yolo_x_cpu,69
22924,yolo_x_cpu,48
22925,yolo_x_cpu,51
22926,yolo_x_cpu,55
22927,yolo_x_cpu,80
22928,yolo_x_cpu,60
22929,yolo_x_cpu,76
22930,yolo_x_cpu,76
22931,yolo_x_cpu,77
22932,yolo_x_cpu,83
22933,yolo_x_cpu,85
22934,yolo_x_cpu,88
22935,yolo_x_cpu,83
22936,yolo_x_cpu,83
22937,yolo_x_cpu,71
22938,yolo_x_cpu,76
22939,yolo_x_cpu,68
22940,yolo_x_cpu,67
22941,yolo_x_cpu,60
22942,yolo_x_cpu,64
22943,yolo_x_cpu,74
22944,yolo_x_cpu,82
22945,yolo_x_cpu,76
22946,yolo_x_cpu,92
22947,yolo_x_cpu,71
22948,yolo_x_cpu,70
22949,yolo_x_cpu,54
22950,yolo_x_cpu,47
22951,yolo_x_cpu,55
22952,yolo_x_cpu,57
22953,yolo_x_cpu,61
22954,yolo_x_cpu,51
22955,yolo_x_cpu,63
22956,yolo_x_cpu,60
22957,yolo_x_cpu,70
22958,yolo_x_cpu,74
22959,yolo_x_cpu,83
22960,yolo_x_cpu,84
22961,yolo_x_cpu,97
22962,yolo_x_cpu,102
22963,yolo_x_cpu,103
22964,yolo_x_cpu,113
22965,yolo_x_cpu,84
22966,yolo_x_cpu,88
22967,yolo_x_cpu,70
22968,yolo_x_cpu,74
22969,yolo_x_cpu,69
22970,yolo_x_cpu,85
22971,yolo_x_cpu,104
22972,yolo_x_cpu,81
22973,yolo_x_cpu,90
22974,yolo_x_cpu,108
22975,yolo_x_cpu,97
22976,yolo_x_cpu,99
22977,yolo_x_cpu,142
22978,yolo_x_cpu,118
22979,yolo_x_cpu,113
22980,yolo_x_cpu,112
22981,yolo_x_cpu,124
22982,yolo_x_cpu,123
22983,yolo_x_cpu,127
22984,yolo_x_cpu,131
22985,yolo_x_cpu,137
22986,yolo_x_cpu,127
22987,yolo_x_cpu,143
22988,yolo_x_cpu,127
22989,yolo_x_cpu,128
22990,yolo_x_cpu,145
22991,yolo_x_cpu,177
22992,yolo_x_cpu,183
22993,yolo_x_cpu,184
22994,yolo_x_cpu,176
22995,yolo_x_cpu,177
22996,yolo_x_cpu,140
22997,yolo_x_cpu,155
22998,yolo_x_cpu,168
22999,yolo_x_cpu,146
23000,yolo_x_cpu,130
23001,yolo_x_cpu,139
23002,yolo_x_cpu,138
23003,yolo_x_cpu,141
23004,yolo_x_cpu,160
23005,yolo_x_cpu,180
23006,yolo_x_cpu,158
23007,yolo_x_cpu,153
23008,yolo_x_cpu,179
23009,yolo_x_cpu,187
23010,yolo_x_cpu,181
23011,yolo_x_cpu,183
23012,yolo_x_cpu,190
23013,yolo_x_cpu,208
23014,yolo_x_cpu,204
23015,yolo_x_cpu,201
23016,yolo_x_cpu,196
23017,yolo_x_cpu,211
23018,yolo_x_cpu,199
23019,yolo_x_cpu,212
23020,yolo_x_cpu,233
23021,yolo_x_cpu,231
23022,yolo_x_cpu,189
23023,yolo_x_cpu,256
23024,yolo_x_cpu,211
23025,yolo_x_cpu,253
23026,yolo_x_cpu,289
23027,yolo_x_cpu,291
23028,yolo_x_cpu,337
23029,yolo_x_cpu,284
23030,yolo_x_cpu,316
23031,yolo_x_cpu,334
23032,yolo_x_cpu,360
23033,yolo_x_cpu,362
23034,yolo_x_cpu,344
23035,yolo_x_cpu,370
23036,yolo_x_cpu,389
23037,yolo_x_cpu,353
23038,yolo_x_cpu,333
23039,yolo_x_cpu,318
23040,yolo_x_cpu,358
23041,yolo_x_cpu,447
23042,yolo_x_cpu,380
23043,yolo_x_cpu,352
23044,yolo_x_cpu,350
23045,yolo_x_cpu,401
23046,yolo_x_cpu,399
23047,yolo_x_cpu,372
23048,yolo_x_cpu,421
23049,yolo_x_cpu,394
23050,yolo_x_cpu,440
23051,yolo_x_cpu,425
23052,yolo_x_cpu,468
23053,yolo_x_cpu,483
23054,yolo_x_cpu,448
23055,yolo_x_cpu,399
23056,yolo_x_cpu,426
23057,yolo_x_cpu,427
23058,yolo_x_cpu,379
23059,yolo_x_cpu,421
23060,yolo_x_cpu,397
23061,yolo_x_cpu,372
23062,yolo_x_cpu,454
23063,yolo_x_cpu,439
23064,yolo_x_cpu,435
23065,yolo_x_cpu,477
23066,yolo_x_cpu,459
23067,yolo_x_cpu,528
23068,yolo_x_cpu,495
23069,yolo_x_cpu,492
23070,yolo_x_cpu,437
23071,yolo_x_cpu,481
23072,yolo_x_cpu,443
23073,yolo_x_cpu,441
23074,yolo_x_cpu,441
23075,yolo_x_cpu,453
23076,yolo_x_cpu,458
23077,yolo_x_cpu,462
23078,yolo_x_cpu,504
23079,yolo_x_cpu,491
23080,yolo_x_cpu,535
23081,yolo_x_cpu,468
23082,yolo_x_cpu,467
23083,yolo_x_cpu,639
23084,yolo_x_cpu,524
23085,yolo_x_cpu,563
23086,yolo_x_cpu,591
23087,yolo_x_cpu,564
23088,yolo_x_cpu,622
23089,yolo_x_cpu,587
23090,yolo_x_cpu,623
23091,yolo_x_cpu,691
23092,yolo_x_cpu,656
23093,yolo_x_cpu,706
23094,yolo_x_cpu,676
23095,yolo_x_cpu,651
23096,yolo_x_cpu,683
23097,yolo_x_cpu,686
23098,yolo_x_cpu,749
23099,yolo_x_cpu,761
23100,yolo_x_cpu,739
23101,yolo_x_cpu,754
23102,yolo_x_cpu,758
23103,yolo_x_cpu,672
23104,yolo_x_cpu,707
23105,yolo_x_cpu,704
23106,yolo_x_cpu,731
23107,yolo_x_cpu,716
23108,yolo_x_cpu,678
23109,yolo_x_cpu,694
23110,yolo_x_cpu,735
23111,yolo_x_cpu,692
23112,yolo_x_cpu,655
23113,yolo_x_cpu,759
23114,yolo_x_cpu,719
23115,yolo_x_cpu,744
23116,yolo_x_cpu,707
23117,yolo_x_cpu,728
23118,yolo_x_cpu,733
23119,yolo_x_cpu,783
23120,yolo_x_cpu,763
23121,yolo_x_cpu,726
23122,yolo_x_cpu,735
23123,yolo_x_cpu,732
23124,yolo_x_cpu,783
23125,yolo_x_cpu,787
23126,yolo_x_cpu,759
23127,yolo_x_cpu,875
23128,yolo_x_cpu,871
23129,yolo_x_cpu,867
23130,yolo_x_cpu,899
23131,yolo_x_cpu,877
23132,yolo_x_cpu,871
23133,yolo_x_cpu,870
23134,yolo_x_cpu,865
23135,yolo_x_cpu,924
23136,yolo_x_cpu,884
23137,yolo_x_cpu,909
23138,yolo_x_cpu,830
23139,yolo_x_cpu,896
23140,yolo_x_cpu,952
23141,yolo_x_cpu,877
23142,yolo_x_cpu,886
23143,yolo_x_cpu,945
23144,yolo_x_cpu,909
23145,yolo_x_cpu,956
23146,yolo_x_cpu,974
23147,yolo_x_cpu,972
23148,yolo_x_cpu,1024
23149,yolo_x_cpu,1029
23150,yolo_x_cpu,1021
23151,yolo_x_cpu,1008
23152,yolo_x_cpu,999
23153,yolo_x_cpu,1019
23154,yolo_x_cpu,1019
23155,yolo_x_cpu,968
23156,yolo_x_cpu,1093
23157,yolo_x_cpu,1095
23158,yolo_x_cpu,1064
23159,yolo_x_cpu,1156
23160,yolo_x_cpu,1154
23161,yolo_x_cpu,1151
23162,yolo_x_cpu,1125
23163,yolo_x_cpu,1147
23164,yolo_x_cpu,1191
23165,yolo_x_cpu,1237
23166,yolo_x_cpu,1138
23167,yolo_x_cpu,1150
23168,yolo_x_cpu,1141
23169,yolo_x_cpu,1184
23170,yolo_x_cpu,1087
23171,yolo_x_cpu,1074
23172,yolo_x_cpu,1103
23173,yolo_x_cpu,1088
23174,yolo_x_cpu,1101
23175,yolo_x_cpu,1137
23176,yolo_x_cpu,1104
23177,yolo_x_cpu,1152
23178,yolo_x_cpu,1103
23179,yolo_x_cpu,1186
23180,yolo_x_cpu,1186
23181,yolo_x_cpu,1142
23182,yolo_x_cpu,1175
23183,yolo_x_cpu,1172
23184,yolo_x_cpu,1135
23185,yolo_x_cpu,1137
23186,yolo_x_cpu,1129
23187,yolo_x_cpu,1167
23188,yolo_x_cpu,1189
23189,yolo_x_cpu,1191
23190,yolo_x_cpu,1147
23191,yolo_x_cpu,1136
23192,yolo_x_cpu,1123
23193,yolo_x_cpu,1089
23194,yolo_x_cpu,1004
23195,yolo_x_cpu,1026
23196,yolo_x_cpu,1054
23197,yolo_x_cpu,1071
23198,yolo_x_cpu,1070
23199,yolo_x_cpu,1025
23200,yolo_x_cpu,1077
23201,yolo_x_cpu,1077
23202,yolo_x_cpu,1043
23203,yolo_x_cpu,1067
23204,yolo_x_cpu,1134
23205,yolo_x_cpu,1071
23206,yolo_x_cpu,1089
23207,yolo_x_cpu,1030
23208,yolo_x_cpu,1064
23209,yolo_x_cpu,1110
23210,yolo_x_cpu,1165
23211,yolo_x_cpu,1156
23212,yolo_x_cpu,1116
23213,yolo_x_cpu,1124
23214,yolo_x_cpu,1124
23215,yolo_x_cpu,1139
23216,yolo_x_cpu,1126
23217,yolo_x_cpu,1163
23218,yolo_x_cpu,1122
23219,yolo_x_cpu,1172
23220,yolo_x_cpu,1136
23221,yolo_x_cpu,1090
23222,yolo_x_cpu,1067
23223,yolo_x_cpu,1018
23224,yolo_x_cpu,1034
23225,yolo_x_cpu,996
23226,yolo_x_cpu,1077
23227,yolo_x_cpu,1062
23228,yolo_x_cpu,1030
23229,yolo_x_cpu,1061
23230,yolo_x_cpu,1007
23231,yolo_x_cpu,1076
23232,yolo_x_cpu,1062
23233,yolo_x_cpu,1023
23234,yolo_x_cpu,1012
23235,yolo_x_cpu,1027
23236,yolo_x_cpu,1082
23237,yolo_x_cpu,1057
23238,yolo_x_cpu,1068
23239,yolo_x_cpu,1049
23240,yolo_x_cpu,1026
23241,yolo_x_cpu,987
23242,yolo_x_cpu,1023
23243,yolo_x_cpu,958
23244,yolo_x_cpu,991
23245,yolo_x_cpu,1017
23246,yolo_x_cpu,994
23247,yolo_x_cpu,1000
23248,yolo_x_cpu,1015
23249,yolo_x_cpu,984
23250,yolo_x_cpu,991
23251,yolo_x_cpu,924
23252,yolo_x_cpu,969
23253,yolo_x_cpu,901
23254,yolo_x_cpu,951
23255,yolo_x_cpu,909
23256,yolo_x_cpu,935
23257,yolo_x_cpu,896
23258,yolo_x_cpu,973
23259,yolo_x_cpu,894
23260,yolo_x_cpu,865
23261,yolo_x_cpu,876
23262,yolo_x_cpu,822
23263,yolo_x_cpu,861
23264,yolo_x_cpu,890
23265,yolo_x_cpu,897
23266,yolo_x_cpu,879
23267,yolo_x_cpu,866
23268,yolo_x_cpu,885
23269,yolo_x_cpu,898
23270,yolo_x_cpu,934
23271,yolo_x_cpu,866
23272,yolo_x_cpu,974
23273,yolo_x_cpu,916
23274,yolo_x_cpu,980
23275,yolo_x_cpu,977
23276,yolo_x_cpu,961
23277,yolo_x_cpu,1004
23278,yolo_x_cpu,987
23279,yolo_x_cpu,954
23280,yolo_x_cpu,982
23281,yolo_x_cpu,948
23282,yolo_x_cpu,907
23283,yolo_x_cpu,876
23284,yolo_x_cpu,885
23285,yolo_x_cpu,927
23286,yolo_x_cpu,879
23287,yolo_x_cpu,961
23288,yolo_x_cpu,877
23289,yolo_x_cpu,862
23290,yolo_x_cpu,885
23291,yolo_x_cpu,825
23292,yolo_x_cpu,783
23293,yolo_x_cpu,801
23294,yolo_x_cpu,753
23295,yolo_x_cpu,746
23296,yolo_x_cpu,762
23297,yolo_x_cpu,748
23298,yolo_x_cpu,735
23299,yolo_x_cpu,796
23300,yolo_x_cpu,875
23301,yolo_x_cpu,883
23302,yolo_x_cpu,850
23303,yolo_x_cpu,804
23304,yolo_x_cpu,827
23305,yolo_x_cpu,843
23306,yolo_x_cpu,823
23307,yolo_x_cpu,770
23308,yolo_x_cpu,772
23309,yolo_x_cpu,827
23310,yolo_x_cpu,826
23311,yolo_x_cpu,851
23312,yolo_x_cpu,821
23313,yolo_x_cpu,846
23314,yolo_x_cpu,812
23315,yolo_x_cpu,904
23316,yolo_x_cpu,878
23317,yolo_x_cpu,916
23318,yolo_x_cpu,921
23319,yolo_x_cpu,931
23320,yolo_x_cpu,895
23321,yolo_x_cpu,846
23322,yolo_x_cpu,873
23323,yolo_x_cpu,821
23324,yolo_x_cpu,878
23325,yolo_x_cpu,844
23326,yolo_x_cpu,820
23327,yolo_x_cpu,831
23328,yolo_x_cpu,905
23329,yolo_x_cpu,873
23330,yolo_x_cpu,866
23331,yolo_x_cpu,942
23332,yolo_x_cpu,879
23333,yolo_x_cpu,854
23334,yolo_x_cpu,825
23335,yolo_x_cpu,844
23336,yolo_x_cpu,896
23337,yolo_x_cpu,814
23338,yolo_x_cpu,876
23339,yolo_x_cpu,871
23340,yolo_x_cpu,833
23341,yolo_x_cpu,857
23342,yolo_x_cpu,838
23343,yolo_x_cpu,844
23344,yolo_x_cpu,866
23345,yolo_x_cpu,920
23346,yolo_x_cpu,999
23347,yolo_x_cpu,891
23348,yolo_x_cpu,946
23349,yolo_x_cpu,925
23350,yolo_x_cpu,949
23351,yolo_x_cpu,931
23352,yolo_x_cpu,915
23353,yolo_x_cpu,966
23354,yolo_x_cpu,1043
23355,yolo_x_cpu,1050
23356,yolo_x_cpu,1009
23357,yolo_x_cpu,980
23358,yolo_x_cpu,984
23359,yolo_x_cpu,964
23360,yolo_x_cpu,921
23361,yolo_x_cpu,924
23362,yolo_x_cpu,921
23363,yolo_x_cpu,969
23364,yolo_x_cpu,1032
23365,yolo_x_cpu,1058
23366,yolo_x_cpu,993
23367,yolo_x_cpu,991
23368,yolo_x_cpu,993
23369,yolo_x_cpu,1017
23370,yolo_x_cpu,987
23371,yolo_x_cpu,963
23372,yolo_x_cpu,1043
23373,yolo_x_cpu,1076
23374,yolo_x_cpu,1031
23375,yolo_x_cpu,1027
23376,yolo_x_cpu,1022
23377,yolo_x_cpu,999
23378,yolo_x_cpu,1008
23379,yolo_x_cpu,994
23380,yolo_x_cpu,968
23381,yolo_x_cpu,986
23382,yolo_x_cpu,1022
23383,yolo_x_cpu,1009
23384,yolo_x_cpu,960
23385,yolo_x_cpu,1033
23386,yolo_x_cpu,1031
23387,yolo_x_cpu,1044
23388,yolo_x_cpu,1092
23389,yolo_x_cpu,1114
23390,yolo_x_cpu,1092
23391,yolo_x_cpu,1079
23392,yolo_x_cpu,1089
23393,yolo_x_cpu,1040
23394,yolo_x_cpu,1032
23395,yolo_x_cpu,1035
23396,yolo_x_cpu,1016
23397,yolo_x_cpu,988
23398,yolo_x_cpu,961
23399,yolo_x_cpu,973
23400,yolo_x_cpu,989
23401,yolo_x_cpu,915
23402,yolo_x_cpu,855
23403,yolo_x_cpu,881
23404,yolo_x_cpu,902
23405,yolo_x_cpu,977
23406,yolo_x_cpu,957
23407,yolo_x_cpu,986
23408,yolo_x_cpu,1064
23409,yolo_x_cpu,1001
23410,yolo_x_cpu,945
23411,yolo_x_cpu,927
23412,yolo_x_cpu,1002
23413,yolo_x_cpu,1007
23414,yolo_x_cpu,980
23415,yolo_x_cpu,921
23416,yolo_x_cpu,921
23417,yolo_x_cpu,931
23418,yolo_x_cpu,1004
23419,yolo_x_cpu,1001
23420,yolo_x_cpu,971
23421,yolo_x_cpu,979
23422,yolo_x_cpu,933
23423,yolo_x_cpu,867
23424,yolo_x_cpu,907
23425,yolo_x_cpu,924
23426,yolo_x_cpu,933
23427,yolo_x_cpu,970
23428,yolo_x_cpu,943
23429,yolo_x_cpu,899
23430,yolo_x_cpu,931
23431,yolo_x_cpu,888
23432,yolo_x_cpu,956
23433,yolo_x_cpu,911
23434,yolo_x_cpu,969
23435,yolo_x_cpu,986
23436,yolo_x_cpu,916
23437,yolo_x_cpu,926
23438,yolo_x_cpu,937
23439,yolo_x_cpu,971
23440,yolo_x_cpu,1002
23441,yolo_x_cpu,982
23442,yolo_x_cpu,967
23443,yolo_x_cpu,1001
23444,yolo_x_cpu,1025
23445,yolo_x_cpu,960
23446,yolo_x_cpu,948
23447,yolo_x_cpu,983
23448,yolo_x_cpu,1019
23449,yolo_x_cpu,1057
23450,yolo_x_cpu,1065
23451,yolo_x_cpu,1024
23452,yolo_x_cpu,1070
23453,yolo_x_cpu,1050
23454,yolo_x_cpu,1024
23455,yolo_x_cpu,993
23456,yolo_x_cpu,1009
23457,yolo_x_cpu,975
23458,yolo_x_cpu,1002
23459,yolo_x_cpu,984
23460,yolo_x_cpu,1040
23461,yolo_x_cpu,1014
23462,yolo_x_cpu,1038
23463,yolo_x_cpu,1103
23464,yolo_x_cpu,1126
23465,yolo_x_cpu,1124
23466,yolo_x_cpu,1120
23467,yolo_x_cpu,1081
23468,yolo_x_cpu,1092
23469,yolo_x_cpu,1114
23470,yolo_x_cpu,1066
23471,yolo_x_cpu,1116
23472,yolo_x_cpu,1103
23473,yolo_x_cpu,1061
23474,yolo_x_cpu,1004
23475,yolo_x_cpu,1014
23476,yolo_x_cpu,1016
23477,yolo_x_cpu,1004
23478,yolo_x_cpu,1079
23479,yolo_x_cpu,1066
23480,yolo_x_cpu,1071
23481,yolo_x_cpu,1116
23482,yolo_x_cpu,1065
23483,yolo_x_cpu,1020
23484,yolo_x_cpu,1060
23485,yolo_x_cpu,1058
23486,yolo_x_cpu,1058
23487,yolo_x_cpu,1089
23488,yolo_x_cpu,1082
23489,yolo_x_cpu,1007
23490,yolo_x_cpu,966
23491,yolo_x_cpu,991
23492,yolo_x_cpu,989
23493,yolo_x_cpu,928
23494,yolo_x_cpu,955
23495,yolo_x_cpu,1012
23496,yolo_x_cpu,1003
23497,yolo_x_cpu,952
23498,yolo_x_cpu,972
23499,yolo_x_cpu,968
23500,yolo_x_cpu,914
23501,yolo_x_cpu,980
23502,yolo_x_cpu,1018
23503,yolo_x_cpu,990
23504,yolo_x_cpu,1041
23505,yolo_x_cpu,973
23506,yolo_x_cpu,989
23507,yolo_x_cpu,992
23508,yolo_x_cpu,1012
23509,yolo_x_cpu,984
23510,yolo_x_cpu,946
23511,yolo_x_cpu,920
23512,yolo_x_cpu,959
23513,yolo_x_cpu,922
23514,yolo_x_cpu,954
23515,yolo_x_cpu,964
23516,yolo_x_cpu,1026
23517,yolo_x_cpu,1019
23518,yolo_x_cpu,1027
23519,yolo_x_cpu,1021
23520,yolo_x_cpu,1008
23521,yolo_x_cpu,1012
23522,yolo_x_cpu,1009
23523,yolo_x_cpu,1038
23524,yolo_x_cpu,1042
23525,yolo_x_cpu,1069
23526,yolo_x_cpu,1080
23527,yolo_x_cpu,1010
23528,yolo_x_cpu,1007
23529,yolo_x_cpu,1017
23530,yolo_x_cpu,998
23531,yolo_x_cpu,952
23532,yolo_x_cpu,938
23533,yolo_x_cpu,970
23534,yolo_x_cpu,950
23535,yolo_x_cpu,952
23536,yolo_x_cpu,902
23537,yolo_x_cpu,895
23538,yolo_x_cpu,977
23539,yolo_x_cpu,939
23540,yolo_x_cpu,963
23541,yolo_x_cpu,945
23542,yolo_x_cpu,891
23543,yolo_x_cpu,893
23544,yolo_x_cpu,926
23545,yolo_x_cpu,978
23546,yolo_x_cpu,989
23547,yolo_x_cpu,1028
23548,yolo_x_cpu,982
23549,yolo_x_cpu,999
23550,yolo_x_cpu,1047
23551,yolo_x_cpu,1012
23552,yolo_x_cpu,1003
23553,yolo_x_cpu,1031
23554,yolo_x_cpu,1005
23555,yolo_x_cpu,1050
23556,yolo_x_cpu,1063
23557,yolo_x_cpu,1045
23558,yolo_x_cpu,1083
23559,yolo_x_cpu,1075
23560,yolo_x_cpu,1158
23561,yolo_x_cpu,1086
23562,yolo_x_cpu,1049
23563,yolo_x_cpu,1040
23564,yolo_x_cpu,1013
23565,yolo_x_cpu,1065
23566,yolo_x_cpu,1042
23567,yolo_x_cpu,1002
23568,yolo_x_cpu,960
23569,yolo_x_cpu,939
23570,yolo_x_cpu,992
23571,yolo_x_cpu,976
23572,yolo_x_cpu,978
23573,yolo_x_cpu,1034
23574,yolo_x_cpu,1002
23575,yolo_x_cpu,1029
23576,yolo_x_cpu,1025
23577,yolo_x_cpu,994
23578,yolo_x_cpu,1015
23579,yolo_x_cpu,1025
23580,yolo_x_cpu,971
23581,yolo_x_cpu,996
23582,yolo_x_cpu,936
23583,yolo_x_cpu,927
23584,yolo_x_cpu,936
23585,yolo_x_cpu,996
23586,yolo_x_cpu,964
23587,yolo_x_cpu,989
23588,yolo_x_cpu,1011
23589,yolo_x_cpu,1033
23590,yolo_x_cpu,1026
23591,yolo_x_cpu,1047
23592,yolo_x_cpu,1114
23593,yolo_x_cpu,1090
23594,yolo_x_cpu,1115
23595,yolo_x_cpu,1097
23596,yolo_x_cpu,1107
23597,yolo_x_cpu,1109
23598,yolo_x_cpu,1084
23599,yolo_x_cpu,1073
23600,yolo_x_cpu,1094
23601,yolo_x_cpu,1081
23602,yolo_x_cpu,1078
23603,yolo_x_cpu,1030
23604,yolo_x_cpu,1006
23605,yolo_x_cpu,1024
23606,yolo_x_cpu,1011
23607,yolo_x_cpu,1005
23608,yolo_x_cpu,958
23609,yolo_x_cpu,1027
23610,yolo_x_cpu,1022
23611,yolo_x_cpu,979
23612,yolo_x_cpu,1006
23613,yolo_x_cpu,1030
23614,yolo_x_cpu,1025
23615,yolo_x_cpu,1017
23616,yolo_x_cpu,1049
23617,yolo_x_cpu,1056
23618,yolo_x_cpu,1121
23619,yolo_x_cpu,1035
23620,yolo_x_cpu,1042
23621,yolo_x_cpu,1087
23622,yolo_x_cpu,1101
23623,yolo_x_cpu,1052
23624,yolo_x_cpu,1087
23625,yolo_x_cpu,1004
23626,yolo_x_cpu,981
23627,yolo_x_cpu,1037
23628,yolo_x_cpu,1058
23629,yolo_x_cpu,1026
23630,yolo_x_cpu,1038
23631,yolo_x_cpu,1048
23632,yolo_x_cpu,995
23633,yolo_x_cpu,981
23634,yolo_x_cpu,1002
23635,yolo_x_cpu,952
23636,yolo_x_cpu,1001
23637,yolo_x_cpu,959
23638,yolo_x_cpu,945
23639,yolo_x_cpu,963
23640,yolo_x_cpu,942
23641,yolo_x_cpu,929
23642,yolo_x_cpu,977
23643,yolo_x_cpu,942
23644,yolo_x_cpu,970
23645,yolo_x_cpu,938
23646,yolo_x_cpu,854
23647,yolo_x_cpu,843
23648,yolo_x_cpu,917
23649,yolo_x_cpu,972
23650,yolo_x_cpu,844
23651,yolo_x_cpu,830
23652,yolo_x_cpu,885
23653,yolo_x_cpu,808
23654,yolo_x_cpu,874
23655,yolo_x_cpu,868
23656,yolo_x_cpu,821
23657,yolo_x_cpu,798
23658,yolo_x_cpu,798
23659,yolo_x_cpu,815
23660,yolo_x_cpu,837
23661,yolo_x_cpu,806
23662,yolo_x_cpu,820
23663,yolo_x_cpu,822
23664,yolo_x_cpu,810
23665,yolo_x_cpu,844
23666,yolo_x_cpu,818
23667,yolo_x_cpu,770
23668,yolo_x_cpu,802
23669,yolo_x_cpu,799
23670,yolo_x_cpu,826
23671,yolo_x_cpu,811
23672,yolo_x_cpu,711
23673,yolo_x_cpu,805
23674,yolo_x_cpu,829
23675,yolo_x_cpu,788
23676,yolo_x_cpu,806
23677,yolo_x_cpu,807
23678,yolo_x_cpu,897
23679,yolo_x_cpu,813
23680,yolo_x_cpu,855
23681,yolo_x_cpu,855
23682,yolo_x_cpu,840
23683,yolo_x_cpu,818
23684,yolo_x_cpu,814
23685,yolo_x_cpu,767
23686,yolo_x_cpu,730
23687,yolo_x_cpu,764
23688,yolo_x_cpu,756
23689,yolo_x_cpu,786
23690,yolo_x_cpu,783
23691,yolo_x_cpu,796
23692,yolo_x_cpu,802
23693,yolo_x_cpu,813
23694,yolo_x_cpu,746
23695,yolo_x_cpu,706
23696,yolo_x_cpu,693
23697,yolo_x_cpu,698
23698,yolo_x_cpu,697
23699,yolo_x_cpu,680
23700,yolo_x_cpu,735
23701,yolo_x_cpu,770
23702,yolo_x_cpu,752
23703,yolo_x_cpu,762
23704,yolo_x_cpu,753
23705,yolo_x_cpu,756
23706,yolo_x_cpu,715
23707,yolo_x_cpu,755
23708,yolo_x_cpu,753
23709,yolo_x_cpu,778
23710,yolo_x_cpu,768
23711,yolo_x_cpu,680
23712,yolo_x_cpu,735
23713,yolo_x_cpu,713
23714,yolo_x_cpu,706
23715,yolo_x_cpu,814
23716,yolo_x_cpu,807
23717,yolo_x_cpu,787
23718,yolo_x_cpu,738
23719,yolo_x_cpu,701
23720,yolo_x_cpu,706
23721,yolo_x_cpu,701
23722,yolo_x_cpu,675
23723,yolo_x_cpu,722
23724,yolo_x_cpu,739
23725,yolo_x_cpu,850
23726,yolo_x_cpu,846
23727,yolo_x_cpu,876
23728,yolo_x_cpu,882
23729,yolo_x_cpu,840
23730,yolo_x_cpu,836
23731,yolo_x_cpu,813
23732,yolo_x_cpu,805
23733,yolo_x_cpu,790
23734,yolo_x_cpu,814
23735,yolo_x_cpu,803
23736,yolo_x_cpu,747
23737,yolo_x_cpu,750
23738,yolo_x_cpu,736
23739,yolo_x_cpu,667
23740,yolo_x_cpu,677
23741,yolo_x_cpu,704
23742,yolo_x_cpu,668
23743,yolo_x_cpu,735
23744,yolo_x_cpu,687
23745,yolo_x_cpu,752
23746,yolo_x_cpu,773
23747,yolo_x_cpu,703
23748,yolo_x_cpu,693
23749,yolo_x_cpu,709
23750,yolo_x_cpu,682
23751,yolo_x_cpu,791
23752,yolo_x_cpu,764
23753,yolo_x_cpu,734
23754,yolo_x_cpu,738
23755,yolo_x_cpu,762
23756,yolo_x_cpu,760
23757,yolo_x_cpu,795
23758,yolo_x_cpu,785
23759,yolo_x_cpu,753
23760,yolo_x_cpu,722
23761,yolo_x_cpu,773
23762,yolo_x_cpu,762
23763,yolo_x_cpu,774
23764,yolo_x_cpu,862
23765,yolo_x_cpu,858
23766,yolo_x_cpu,894
23767,yolo_x_cpu,914
23768,yolo_x_cpu,886
23769,yolo_x_cpu,858
23770,yolo_x_cpu,879
23771,yolo_x_cpu,832
23772,yolo_x_cpu,777
23773,yolo_x_cpu,794
23774,yolo_x_cpu,767
23775,yolo_x_cpu,807
23776,yolo_x_cpu,748
23777,yolo_x_cpu,765
23778,yolo_x_cpu,826
23779,yolo_x_cpu,794
23780,yolo_x_cpu,771
23781,yolo_x_cpu,801
23782,yolo_x_cpu,715
23783,yolo_x_cpu,704
23784,yolo_x_cpu,720
23785,yolo_x_cpu,707
23786,yolo_x_cpu,726
23787,yolo_x_cpu,726
23788,yolo_x_cpu,649
23789,yolo_x_cpu,754
23790,yolo_x_cpu,779
23791,yolo_x_cpu,745
23792,yolo_x_cpu,708
23793,yolo_x_cpu,687
23794,yolo_x_cpu,680
23795,yolo_x_cpu,632
23796,yolo_x_cpu,680
23797,yolo_x_cpu,634
23798,yolo_x_cpu,629
23799,yolo_x_cpu,613
23800,yolo_x_cpu,625
23801,yolo_x_cpu,596
23802,yolo_x_cpu,569
23803,yolo_x_cpu,571
23804,yolo_x_cpu,632
23805,yolo_x_cpu,629
23806,yolo_x_cpu,611
23807,yolo_x_cpu,615
23808,yolo_x_cpu,652
23809,yolo_x_cpu,597
23810,yolo_x_cpu,554
23811,yolo_x_cpu,572
23812,yolo_x_cpu,592
23813,yolo_x_cpu,575
23814,yolo_x_cpu,607
23815,yolo_x_cpu,632
23816,yolo_x_cpu,636
23817,yolo_x_cpu,638
23818,yolo_x_cpu,591
23819,yolo_x_cpu,642
23820,yolo_x_cpu,578
23821,yolo_x_cpu,613
23822,yolo_x_cpu,576
23823,yolo_x_cpu,589
23824,yolo_x_cpu,574
23825,yolo_x_cpu,572
23826,yolo_x_cpu,518
23827,yolo_x_cpu,530
23828,yolo_x_cpu,565
23829,yolo_x_cpu,572
23830,yolo_x_cpu,593
23831,yolo_x_cpu,614
23832,yolo_x_cpu,580
23833,yolo_x_cpu,580
23834,yolo_x_cpu,623
23835,yolo_x_cpu,562
23836,yolo_x_cpu,568
23837,yolo_x_cpu,583
23838,yolo_x_cpu,565
23839,yolo_x_cpu,529
23840,yolo_x_cpu,535
23841,yolo_x_cpu,524
23842,yolo_x_cpu,533
23843,yolo_x_cpu,542
23844,yolo_x_cpu,553
23845,yolo_x_cpu,531
23846,yolo_x_cpu,478
23847,yolo_x_cpu,484
23848,yolo_x_cpu,478
23849,yolo_x_cpu,422
23850,yolo_x_cpu,449
23851,yolo_x_cpu,460
23852,yolo_x_cpu,492
23853,yolo_x_cpu,483
23854,yolo_x_cpu,485
23855,yolo_x_cpu,530
23856,yolo_x_cpu,499
23857,yolo_x_cpu,538
23858,yolo_x_cpu,619
23859,yolo_x_cpu,582
23860,yolo_x_cpu,550
23861,yolo_x_cpu,622
23862,yolo_x_cpu,553
23863,yolo_x_cpu,536
23864,yolo_x_cpu,565
23865,yolo_x_cpu,600
23866,yolo_x_cpu,576
23867,yolo_x_cpu,531
23868,yolo_x_cpu,534
23869,yolo_x_cpu,581
23870,yolo_x_cpu,602
23871,yolo_x_cpu,542
23872,yolo_x_cpu,584
23873,yolo_x_cpu,591
23874,yolo_x_cpu,519
23875,yolo_x_cpu,600
23876,yolo_x_cpu,551
23877,yolo_x_cpu,582
23878,yolo_x_cpu,525
23879,yolo_x_cpu,556
23880,yolo_x_cpu,553
23881,yolo_x_cpu,544
23882,yolo_x_cpu,593
23883,yolo_x_cpu,517
23884,yolo_x_cpu,542
23885,yolo_x_cpu,588
23886,yolo_x_cpu,548
23887,yolo_x_cpu,548
23888,yolo_x_cpu,540
23889,yolo_x_cpu,527
23890,yolo_x_cpu,516
23891,yolo_x_cpu,517
23892,yolo_x_cpu,476
23893,yolo_x_cpu,497
23894,yolo_x_cpu,534
23895,yolo_x_cpu,568
23896,yolo_x_cpu,537
23897,yolo_x_cpu,503
23898,yolo_x_cpu,493
23899,yolo_x_cpu,518
23900,yolo_x_cpu,498
23901,yolo_x_cpu,450
23902,yolo_x_cpu,494
23903,yolo_x_cpu,447
23904,yolo_x_cpu,481
23905,yolo_x_cpu,479
23906,yolo_x_cpu,458
23907,yolo_x_cpu,436
23908,yolo_x_cpu,462
23909,yolo_x_cpu,480
23910,yolo_x_cpu,473
23911,yolo_x_cpu,444
23912,yolo_x_cpu,422
23913,yolo_x_cpu,417
23914,yolo_x_cpu,454
23915,yolo_x_cpu,413
23916,yolo_x_cpu,386
23917,yolo_x_cpu,344
23918,yolo_x_cpu,389
23919,yolo_x_cpu,374
23920,yolo_x_cpu,400
23921,yolo_x_cpu,392
23922,yolo_x_cpu,376
23923,yolo_x_cpu,415
23924,yolo_x_cpu,380
23925,yolo_x_cpu,364
23926,yolo_x_cpu,411
23927,yolo_x_cpu,366
23928,yolo_x_cpu,318
23929,yolo_x_cpu,344
23930,yolo_x_cpu,333
23931,yolo_x_cpu,311
23932,yolo_x_cpu,329
23933,yolo_x_cpu,305
23934,yolo_x_cpu,319
23935,yolo_x_cpu,279
23936,yolo_x_cpu,276
23937,yolo_x_cpu,262
23938,yolo_x_cpu,305
23939,yolo_x_cpu,292
23940,yolo_x_cpu,267
23941,yolo_x_cpu,252
23942,yolo_x_cpu,236
23943,yolo_x_cpu,306
23944,yolo_x_cpu,301
23945,yolo_x_cpu,311
23946,yolo_x_cpu,308
23947,yolo_x_cpu,337
23948,yolo_x_cpu,312
23949,yolo_x_cpu,281
23950,yolo_x_cpu,332
23951,yolo_x_cpu,313
23952,yolo_x_cpu,332
23953,yolo_x_cpu,325
23954,yolo_x_cpu,343
23955,yolo_x_cpu,305
23956,yolo_x_cpu,313
23957,yolo_x_cpu,336
23958,yolo_x_cpu,313
23959,yolo_x_cpu,316
23960,yolo_x_cpu,277
23961,yolo_x_cpu,294
23962,yolo_x_cpu,237
23963,yolo_x_cpu,237
23964,yolo_x_cpu,282
23965,yolo_x_cpu,284
23966,yolo_x_cpu,267
23967,yolo_x_cpu,284
23968,yolo_x_cpu,273
23969,yolo_x_cpu,279
23970,yolo_x_cpu,304
23971,yolo_x_cpu,325
23972,yolo_x_cpu,289
23973,yolo_x_cpu,299
23974,yolo_x_cpu,286
23975,yolo_x_cpu,309
23976,yolo_x_cpu,285
23977,yolo_x_cpu,230
23978,yolo_x_cpu,229
23979,yolo_x_cpu,286
23980,yolo_x_cpu,243
23981,yolo_x_cpu,270
23982,yolo_x_cpu,225
23983,yolo_x_cpu,279
23984,yolo_x_cpu,237
23985,yolo_x_cpu,270
23986,yolo_x_cpu,221
23987,yolo_x_cpu,221
23988,yolo_x_cpu,269
23989,yolo_x_cpu,292
23990,yolo_x_cpu,249
23991,yolo_x_cpu,244
23992,yolo_x_cpu,224
23993,yolo_x_cpu,253
23994,yolo_x_cpu,228
23995,yolo_x_cpu,232
23996,yolo_x_cpu,238
23997,yolo_x_cpu,242
23998,yolo_x_cpu,221
23999,yolo_x_cpu,214
24000,yolo_x_cpu,215
24001,yolo_x_cpu,196
24002,yolo_x_cpu,215
24003,yolo_x_cpu,226
24004,yolo_x_cpu,212
24005,yolo_x_cpu,209
24006,yolo_x_cpu,187
24007,yolo_x_cpu,190
24008,yolo_x_cpu,182
24009,yolo_x_cpu,177
24010,yolo_x_cpu,183
24011,yolo_x_cpu,191
24012,yolo_x_cpu,211
24013,yolo_x_cpu,149
24014,yolo_x_cpu,182
24015,yolo_x_cpu,233
24016,yolo_x_cpu,222
24017,yolo_x_cpu,209
24018,yolo_x_cpu,178
24019,yolo_x_cpu,176
24020,yolo_x_cpu,140
24021,yolo_x_cpu,169
24022,yolo_x_cpu,148
24023,yolo_x_cpu,157
24024,yolo_x_cpu,151
24025,yolo_x_cpu,174
24026,yolo_x_cpu,173
24027,yolo_x_cpu,187
24028,yolo_x_cpu,191
24029,yolo_x_cpu,178
24030,yolo_x_cpu,168
24031,yolo_x_cpu,154
24032,yolo_x_cpu,155
24033,yolo_x_cpu,138
24034,yolo_x_cpu,155
24035,yolo_x_cpu,160
24036,yolo_x_cpu,146
24037,yolo_x_cpu,174
24038,yolo_x_cpu,157
24039,yolo_x_cpu,168
24040,yolo_x_cpu,145
24041,yolo_x_cpu,154
24042,yolo_x_cpu,191
24043,yolo_x_cpu,167
24044,yolo_x_cpu,148
24045,yolo_x_cpu,159
24046,yolo_x_cpu,171
24047,yolo_x_cpu,183
24048,yolo_x_cpu,187
24049,yolo_x_cpu,162
24050,yolo_x_cpu,155
24051,yolo_x_cpu,162
24052,yolo_x_cpu,183
24053,yolo_x_cpu,164
24054,yolo_x_cpu,183
24055,yolo_x_cpu,144
24056,yolo_x_cpu,119
24057,yolo_x_cpu,136
24058,yolo_x_cpu,137
24059,yolo_x_cpu,137
24060,yolo_x_cpu,139
24061,yolo_x_cpu,147
24062,yolo_x_cpu,152
24063,yolo_x_cpu,131
24064,yolo_x_cpu,136
24065,yolo_x_cpu,135
24066,yolo_x_cpu,119
24067,yolo_x_cpu,138
24068,yolo_x_cpu,177
24069,yolo_x_cpu,158
24070,yolo_x_cpu,142
24071,yolo_x_cpu,142
24072,yolo_x_cpu,162
24073,yolo_x_cpu,158
24074,yolo_x_cpu,141
24075,yolo_x_cpu,146
24076,yolo_x_cpu,148
24077,yolo_x_cpu,156
24078,yolo_x_cpu,176
24079,yolo_x_cpu,154
24080,yolo_x_cpu,155
24081,yolo_x_cpu,150
24082,yolo_x_cpu,127
24083,yolo_x_cpu,135
24084,yolo_x_cpu,140
24085,yolo_x_cpu,129
24086,yolo_x_cpu,136
24087,yolo_x_cpu,137
24088,yolo_x_cpu,119
24089,yolo_x_cpu,118
24090,yolo_x_cpu,117
24091,yolo_x_cpu,106
24092,yolo_x_cpu,86
24093,yolo_x_cpu,96
24094,yolo_x_cpu,90
24095,yolo_x_cpu,72
24096,yolo_x_cpu,94
24097,yolo_x_cpu,92
24098,yolo_x_cpu,111
24099,yolo_x_cpu,95
24100,yolo_x_cpu,91
24101,yolo_x_cpu,87
24102,yolo_x_cpu,71
24103,yolo_x_cpu,85
24104,yolo_x_cpu,73
24105,yolo_x_cpu,69
24106,yolo_x_cpu,69
24107,yolo_x_cpu,84
24108,yolo_x_cpu,92
24109,yolo_x_cpu,80
24110,yolo_x_cpu,88
24111,yolo_x_cpu,80
24112,yolo_x_cpu,88
24113,yolo_x_cpu,87
24114,yolo_x_cpu,74
24115,yolo_x_cpu,87
24116,yolo_x_cpu,104
24117,yolo_x_cpu,89
24118,yolo_x_cpu,81
24119,yolo_x_cpu,104
24120,yolo_x_cpu,108
24121,yolo_x_cpu,99
24122,yolo_x_cpu,104
24123,yolo_x_cpu,88
24124,yolo_x_cpu,71
24125,yolo_x_cpu,70
24126,yolo_x_cpu,62
24127,yolo_x_cpu,67
24128,yolo_x_cpu,64
24129,yolo_x_cpu,68
24130,yolo_x_cpu,56
24131,yolo_x_cpu,55
24132,yolo_x_cpu,65
24133,yolo_x_cpu,59
24134,yolo_x_cpu,58
24135,yolo_x_cpu,65
24136,yolo_x_cpu,49
24137,yolo_x_cpu,67
24138,yolo_x_cpu,56
24139,yolo_x_cpu,50
24140,yolo_x_cpu,50
24141,yolo_x_cpu,43
24142,yolo_x_cpu,50
24143,yolo_x_cpu,59
24144,yolo_x_cpu,60
24145,yolo_x_cpu,57
24146,yolo_x_cpu,53
24147,yolo_x_cpu,61
24148,yolo_x_cpu,69
24149,yolo_x_cpu,62
24150,yolo_x_cpu,48
24151,yolo_x_cpu,50
24152,yolo_x_cpu,36
24153,yolo_x_cpu,39
24154,yolo_x_cpu,46
24155,yolo_x_cpu,21
24156,yolo_x_cpu,10
24157,yolo_x_cpu,8
24158,yolo_x_cpu,23
24159,yolo_x_cpu,31
24160,yolo_x_cpu,25
24161,yolo_x_cpu,15
24162,yolo_x_cpu,13
24163,yolo_x_cpu,11
24164,yolo_x_cpu,24
24165,yolo_x_cpu,26
24166,yolo_x_cpu,31
24167,yolo_x_cpu,33
24168,yolo_x_cpu,32
24169,yolo_x_cpu,36
24170,yolo_x_cpu,30
24171,yolo_x_cpu,36
24172,yolo_x_cpu,39
24173,yolo_x_cpu,40
24174,yolo_x_cpu,30
24175,yolo_x_cpu,19
24176,yolo_x_cpu,23
24177,yolo_x_cpu,25
24178,yolo_x_cpu,22
24179,yolo_x_cpu,22
24180,yolo_x_cpu,37
24181,yolo_x_cpu,2682
24182,yolo_x_cpu,3146
24183,yolo_x_cpu,2312
24184,yolo_x_cpu,564
24185,yolo_x_cpu,551
24186,yolo_x_cpu,1057
24187,yolo_x_cpu,994
24188,yolo_x_cpu,1022
24189,yolo_x_cpu,1027
24190,yolo_x_cpu,1017
24191,yolo_x_cpu,923
24192,yolo_x_cpu,827
24193,yolo_x_cpu,793
24194,yolo_x_cpu,740
24195,yolo_x_cpu,684
24196,yolo_x_cpu,633
24197,yolo_x_cpu,573
24198,yolo_x_cpu,578
24199,yolo_x_cpu,555
24200,yolo_x_cpu,333
24201,yolo_x_cpu,91
24202,yolo_x_cpu,68
24203,yolo_x_cpu,77
24204,yolo_x_cpu,73
24205,yolo_x_cpu,62
24206,yolo_x_cpu,43
24207,yolo_x_cpu,34
24208,yolo_x_cpu,34
24209,yolo_x_cpu,50
24210,yolo_x_cpu,57
24211,yolo_x_cpu,59
24212,yolo_x_cpu,74
24213,yolo_x_cpu,57
24214,yolo_x_cpu,56
24215,yolo_x_cpu,61
24216,yolo_x_cpu,48
24217,yolo_x_cpu,37
24218,yolo_x_cpu,30
24219,yolo_x_cpu,40
24220,yolo_x_cpu,41
24221,yolo_x_cpu,48
24222,yolo_x_cpu,45
24223,yolo_x_cpu,40
24224,yolo_x_cpu,62
24225,yolo_x_cpu,44
24226,yolo_x_cpu,62
24227,yolo_x_cpu,53
24228,yolo_x_cpu,76
24229,yolo_x_cpu,80
24230,yolo_x_cpu,71
24231,yolo_x_cpu,54
24232,yolo_x_cpu,46
24233,yolo_x_cpu,38
24234,yolo_x_cpu,51
24235,yolo_x_cpu,38
24236,yolo_x_cpu,42
24237,yolo_x_cpu,36
24238,yolo_x_cpu,41
24239,yolo_x_cpu,33
24240,yolo_x_cpu,35
24241,yolo_x_cpu,40
24242,yolo_x_cpu,41
24243,yolo_x_cpu,52
24244,yolo_x_cpu,59
24245,yolo_x_cpu,49
24246,yolo_x_cpu,44
24247,yolo_x_cpu,43
24248,yolo_x_cpu,36
24249,yolo_x_cpu,31
24250,yolo_x_cpu,35
24251,yolo_x_cpu,45
24252,yolo_x_cpu,56
24253,yolo_x_cpu,56
24254,yolo_x_cpu,39
24255,yolo_x_cpu,43
24256,yolo_x_cpu,42
24257,yolo_x_cpu,29
24258,yolo_x_cpu,33
24259,yolo_x_cpu,39
24260,yolo_x_cpu,40
24261,yolo_x_cpu,41
24262,yolo_x_cpu,36
24263,yolo_x_cpu,38
24264,yolo_x_cpu,59
24265,yolo_x_cpu,62
24266,yolo_x_cpu,71
24267,yolo_x_cpu,48
24268,yolo_x_cpu,53
24269,yolo_x_cpu,57
24270,yolo_x_cpu,40
24271,yolo_x_cpu,26
24272,yolo_x_cpu,32
24273,yolo_x_cpu,38
24274,yolo_x_cpu,24
24275,yolo_x_cpu,18
24276,yolo_x_cpu,25
24277,yolo_x_cpu,21
24278,yolo_x_cpu,28
24279,yolo_x_cpu,18
24280,yolo_x_cpu,18
24281,yolo_x_cpu,22
24282,yolo_x_cpu,22
24283,yolo_x_cpu,17
24284,yolo_x_cpu,21
24285,yolo_x_cpu,23
24286,yolo_x_cpu,34
24287,yolo_x_cpu,41
24288,yolo_x_cpu,44
24289,yolo_x_cpu,30
24290,yolo_x_cpu,30
24291,yolo_x_cpu,48
24292,yolo_x_cpu,37
24293,yolo_x_cpu,34
24294,yolo_x_cpu,31
24295,yolo_x_cpu,21
24296,yolo_x_cpu,23
24297,yolo_x_cpu,24
24298,yolo_x_cpu,28
24299,yolo_x_cpu,31
24300,yolo_x_cpu,17
24301,yolo_x_cpu,38
24302,yolo_x_cpu,32
24303,yolo_x_cpu,31
24304,yolo_x_cpu,17
24305,yolo_x_cpu,24
24306,yolo_x_cpu,31
24307,yolo_x_cpu,22
24308,yolo_x_cpu,25
24309,yolo_x_cpu,31
24310,yolo_x_cpu,45
24311,yolo_x_cpu,42
24312,yolo_x_cpu,39
24313,yolo_x_cpu,36
24314,yolo_x_cpu,53
24315,yolo_x_cpu,66
24316,yolo_x_cpu,62
24317,yolo_x_cpu,55
24318,yolo_x_cpu,50
24319,yolo_x_cpu,55
24320,yolo_x_cpu,47
24321,yolo_x_cpu,50
24322,yolo_x_cpu,51
24323,yolo_x_cpu,32
24324,yolo_x_cpu,32
24325,yolo_x_cpu,34
24326,yolo_x_cpu,35
24327,yolo_x_cpu,55
24328,yolo_x_cpu,43
24329,yolo_x_cpu,44
24330,yolo_x_cpu,44
24331,yolo_x_cpu,36
24332,yolo_x_cpu,54
24333,yolo_x_cpu,38
24334,yolo_x_cpu,43
24335,yolo_x_cpu,61
24336,yolo_x_cpu,80
24337,yolo_x_cpu,51
24338,yolo_x_cpu,40
24339,yolo_x_cpu,32
24340,yolo_x_cpu,34
24341,yolo_x_cpu,35
24342,yolo_x_cpu,39
24343,yolo_x_cpu,37
24344,yolo_x_cpu,42
24345,yolo_x_cpu,46
24346,yolo_x_cpu,47
24347,yolo_x_cpu,49
24348,yolo_x_cpu,33
24349,yolo_x_cpu,30
24350,yolo_x_cpu,38
24351,yolo_x_cpu,40
24352,yolo_x_cpu,56
24353,yolo_x_cpu,53
24354,yolo_x_cpu,44
24355,yolo_x_cpu,54
24356,yolo_x_cpu,53
24357,yolo_x_cpu,61
24358,yolo_x_cpu,61
24359,yolo_x_cpu,46
24360,yolo_x_cpu,46
24361,yolo_x_cpu,47
24362,yolo_x_cpu,45
24363,yolo_x_cpu,66
24364,yolo_x_cpu,78
24365,yolo_x_cpu,69
24366,yolo_x_cpu,84
24367,yolo_x_cpu,91
24368,yolo_x_cpu,84
24369,yolo_x_cpu,72
24370,yolo_x_cpu,80
24371,yolo_x_cpu,95
24372,yolo_x_cpu,85
24373,yolo_x_cpu,76
24374,yolo_x_cpu,61
24375,yolo_x_cpu,79
24376,yolo_x_cpu,89
24377,yolo_x_cpu,74
24378,yolo_x_cpu,89
24379,yolo_x_cpu,77
24380,yolo_x_cpu,72
24381,yolo_x_cpu,76
24382,yolo_x_cpu,104
24383,yolo_x_cpu,99
24384,yolo_x_cpu,91
24385,yolo_x_cpu,91
24386,yolo_x_cpu,93
24387,yolo_x_cpu,89
24388,yolo_x_cpu,75
24389,yolo_x_cpu,78
24390,yolo_x_cpu,106
24391,yolo_x_cpu,84
24392,yolo_x_cpu,93
24393,yolo_x_cpu,92
24394,yolo_x_cpu,101
24395,yolo_x_cpu,70
24396,yolo_x_cpu,74
24397,yolo_x_cpu,94
24398,yolo_x_cpu,89
24399,yolo_x_cpu,94
24400,yolo_x_cpu,107
24401,yolo_x_cpu,120
24402,yolo_x_cpu,129
24403,yolo_x_cpu,139
24404,yolo_x_cpu,134
24405,yolo_x_cpu,120
24406,yolo_x_cpu,129
24407,yolo_x_cpu,117
24408,yolo_x_cpu,115
24409,yolo_x_cpu,123
24410,yolo_x_cpu,120
24411,yolo_x_cpu,132
24412,yolo_x_cpu,140
24413,yolo_x_cpu,138
24414,yolo_x_cpu,142
24415,yolo_x_cpu,141
24416,yolo_x_cpu,121
24417,yolo_x_cpu,160
24418,yolo_x_cpu,156
24419,yolo_x_cpu,147
24420,yolo_x_cpu,148
24421,yolo_x_cpu,152
24422,yolo_x_cpu,147
24423,yolo_x_cpu,153
24424,yolo_x_cpu,143
24425,yolo_x_cpu,128
24426,yolo_x_cpu,143
24427,yolo_x_cpu,158
24428,yolo_x_cpu,157
24429,yolo_x_cpu,169
24430,yolo_x_cpu,174
24431,yolo_x_cpu,171
24432,yolo_x_cpu,177
24433,yolo_x_cpu,192
24434,yolo_x_cpu,181
24435,yolo_x_cpu,154
24436,yolo_x_cpu,192
24437,yolo_x_cpu,187
24438,yolo_x_cpu,175
24439,yolo_x_cpu,206
24440,yolo_x_cpu,206
24441,yolo_x_cpu,204
24442,yolo_x_cpu,199
24443,yolo_x_cpu,234
24444,yolo_x_cpu,232
24445,yolo_x_cpu,228
24446,yolo_x_cpu,228
24447,yolo_x_cpu,228
24448,yolo_x_cpu,222
24449,yolo_x_cpu,253
24450,yolo_x_cpu,260
24451,yolo_x_cpu,275
24452,yolo_x_cpu,267
24453,yolo_x_cpu,265
24454,yolo_x_cpu,261
24455,yolo_x_cpu,267
24456,yolo_x_cpu,267
24457,yolo_x_cpu,271
24458,yolo_x_cpu,298
24459,yolo_x_cpu,292
24460,yolo_x_cpu,289
24461,yolo_x_cpu,312
24462,yolo_x_cpu,295
24463,yolo_x_cpu,295
24464,yolo_x_cpu,287
24465,yolo_x_cpu,299
24466,yolo_x_cpu,303
24467,yolo_x_cpu,307
24468,yolo_x_cpu,311
24469,yolo_x_cpu,295
24470,yolo_x_cpu,280
24471,yolo_x_cpu,290
24472,yolo_x_cpu,288
24473,yolo_x_cpu,302
24474,yolo_x_cpu,326
24475,yolo_x_cpu,317
24476,yolo_x_cpu,315
24477,yolo_x_cpu,309
24478,yolo_x_cpu,299
24479,yolo_x_cpu,309
24480,yolo_x_cpu,324
24481,yolo_x_cpu,357
24482,yolo_x_cpu,338
24483,yolo_x_cpu,328
24484,yolo_x_cpu,318
24485,yolo_x_cpu,335
24486,yolo_x_cpu,356
24487,yolo_x_cpu,396
24488,yolo_x_cpu,376
24489,yolo_x_cpu,390
24490,yolo_x_cpu,383
24491,yolo_x_cpu,368
24492,yolo_x_cpu,344
24493,yolo_x_cpu,383
24494,yolo_x_cpu,372
24495,yolo_x_cpu,376
24496,yolo_x_cpu,429
24497,yolo_x_cpu,416
24498,yolo_x_cpu,427
24499,yolo_x_cpu,384
24500,yolo_x_cpu,385
24501,yolo_x_cpu,433
24502,yolo_x_cpu,424
24503,yolo_x_cpu,453
24504,yolo_x_cpu,488
24505,yolo_x_cpu,467
24506,yolo_x_cpu,513
24507,yolo_x_cpu,537
24508,yolo_x_cpu,525
24509,yolo_x_cpu,537
24510,yolo_x_cpu,568
24511,yolo_x_cpu,570
24512,yolo_x_cpu,504
24513,yolo_x_cpu,509
24514,yolo_x_cpu,515
24515,yolo_x_cpu,428
24516,yolo_x_cpu,535
24517,yolo_x_cpu,509
24518,yolo_x_cpu,503
24519,yolo_x_cpu,497
24520,yolo_x_cpu,538
24521,yolo_x_cpu,519
24522,yolo_x_cpu,500
24523,yolo_x_cpu,504
24524,yolo_x_cpu,573
24525,yolo_x_cpu,600
24526,yolo_x_cpu,610
24527,yolo_x_cpu,590
24528,yolo_x_cpu,584
24529,yolo_x_cpu,514
24530,yolo_x_cpu,629
24531,yolo_x_cpu,563
24532,yolo_x_cpu,640
24533,yolo_x_cpu,636
24534,yolo_x_cpu,629
24535,yolo_x_cpu,662
24536,yolo_x_cpu,719
24537,yolo_x_cpu,721
24538,yolo_x_cpu,714
24539,yolo_x_cpu,743
24540,yolo_x_cpu,710
24541,yolo_x_cpu,741
24542,yolo_x_cpu,781
24543,yolo_x_cpu,709
24544,yolo_x_cpu,741
24545,yolo_x_cpu,699
24546,yolo_x_cpu,718
24547,yolo_x_cpu,725
24548,yolo_x_cpu,719
24549,yolo_x_cpu,717
24550,yolo_x_cpu,700
24551,yolo_x_cpu,747
24552,yolo_x_cpu,735
24553,yolo_x_cpu,768
24554,yolo_x_cpu,867
24555,yolo_x_cpu,831
24556,yolo_x_cpu,852
24557,yolo_x_cpu,862
24558,yolo_x_cpu,876
24559,yolo_x_cpu,859
24560,yolo_x_cpu,823
24561,yolo_x_cpu,829
24562,yolo_x_cpu,828
24563,yolo_x_cpu,805
24564,yolo_x_cpu,828
24565,yolo_x_cpu,838
24566,yolo_x_cpu,859
24567,yolo_x_cpu,800
24568,yolo_x_cpu,889
24569,yolo_x_cpu,814
24570,yolo_x_cpu,814
24571,yolo_x_cpu,929
24572,yolo_x_cpu,914
24573,yolo_x_cpu,946
24574,yolo_x_cpu,940
24575,yolo_x_cpu,977
24576,yolo_x_cpu,907
24577,yolo_x_cpu,968
24578,yolo_x_cpu,971
24579,yolo_x_cpu,957
24580,yolo_x_cpu,1003
24581,yolo_x_cpu,1089
24582,yolo_x_cpu,1031
24583,yolo_x_cpu,1101
24584,yolo_x_cpu,1040
24585,yolo_x_cpu,1037
24586,yolo_x_cpu,1102
24587,yolo_x_cpu,1129
24588,yolo_x_cpu,1117
24589,yolo_x_cpu,1151
24590,yolo_x_cpu,1086
24591,yolo_x_cpu,1065
24592,yolo_x_cpu,1095
24593,yolo_x_cpu,1038
24594,yolo_x_cpu,1084
24595,yolo_x_cpu,1043
24596,yolo_x_cpu,1070
24597,yolo_x_cpu,1078
24598,yolo_x_cpu,1116
24599,yolo_x_cpu,1162
24600,yolo_x_cpu,1136
24601,yolo_x_cpu,1151
24602,yolo_x_cpu,1094
24603,yolo_x_cpu,1120
24604,yolo_x_cpu,1085
24605,yolo_x_cpu,1045
24606,yolo_x_cpu,1105
24607,yolo_x_cpu,1080
24608,yolo_x_cpu,1110
24609,yolo_x_cpu,1081
24610,yolo_x_cpu,1120
24611,yolo_x_cpu,1149
24612,yolo_x_cpu,1075
24613,yolo_x_cpu,1116
24614,yolo_x_cpu,1096
24615,yolo_x_cpu,1097
24616,yolo_x_cpu,1036
24617,yolo_x_cpu,1034
24618,yolo_x_cpu,996
24619,yolo_x_cpu,1030
24620,yolo_x_cpu,1077
24621,yolo_x_cpu,1125
24622,yolo_x_cpu,1119
24623,yolo_x_cpu,1229
24624,yolo_x_cpu,1136
24625,yolo_x_cpu,1123
24626,yolo_x_cpu,1114
24627,yolo_x_cpu,1196
24628,yolo_x_cpu,1117
24629,yolo_x_cpu,1123
24630,yolo_x_cpu,1141
24631,yolo_x_cpu,1137
24632,yolo_x_cpu,1171
24633,yolo_x_cpu,1177
24634,yolo_x_cpu,1164
24635,yolo_x_cpu,1216
24636,yolo_x_cpu,1148
24637,yolo_x_cpu,1160
24638,yolo_x_cpu,1134
24639,yolo_x_cpu,1129
24640,yolo_x_cpu,1138
24641,yolo_x_cpu,1122
24642,yolo_x_cpu,1062
24643,yolo_x_cpu,1098
24644,yolo_x_cpu,1059
24645,yolo_x_cpu,1073
24646,yolo_x_cpu,1122
24647,yolo_x_cpu,1086
24648,yolo_x_cpu,1088
24649,yolo_x_cpu,1115
24650,yolo_x_cpu,1119
24651,yolo_x_cpu,1133
24652,yolo_x_cpu,1086
24653,yolo_x_cpu,1100
24654,yolo_x_cpu,1098
24655,yolo_x_cpu,1136
24656,yolo_x_cpu,1128
24657,yolo_x_cpu,1107
24658,yolo_x_cpu,1106
24659,yolo_x_cpu,1121
24660,yolo_x_cpu,1081
24661,yolo_x_cpu,1142
24662,yolo_x_cpu,1047
24663,yolo_x_cpu,1075
24664,yolo_x_cpu,1050
24665,yolo_x_cpu,1092
24666,yolo_x_cpu,1089
24667,yolo_x_cpu,1123
24668,yolo_x_cpu,1071
24669,yolo_x_cpu,1031
24670,yolo_x_cpu,1001
24671,yolo_x_cpu,961
24672,yolo_x_cpu,1019
24673,yolo_x_cpu,1007
24674,yolo_x_cpu,1033
24675,yolo_x_cpu,1020
24676,yolo_x_cpu,1043
24677,yolo_x_cpu,1026
24678,yolo_x_cpu,1085
24679,yolo_x_cpu,1056
24680,yolo_x_cpu,1069
24681,yolo_x_cpu,1087
24682,yolo_x_cpu,1159
24683,yolo_x_cpu,1105
24684,yolo_x_cpu,1040
24685,yolo_x_cpu,1078
24686,yolo_x_cpu,1088
24687,yolo_x_cpu,1159
24688,yolo_x_cpu,1050
24689,yolo_x_cpu,1009
24690,yolo_x_cpu,1043
24691,yolo_x_cpu,1061
24692,yolo_x_cpu,1003
24693,yolo_x_cpu,1031
24694,yolo_x_cpu,956
24695,yolo_x_cpu,987
24696,yolo_x_cpu,946
24697,yolo_x_cpu,939
24698,yolo_x_cpu,994
24699,yolo_x_cpu,960
24700,yolo_x_cpu,973
24701,yolo_x_cpu,925
24702,yolo_x_cpu,939
24703,yolo_x_cpu,927
24704,yolo_x_cpu,928
24705,yolo_x_cpu,901
24706,yolo_x_cpu,882
24707,yolo_x_cpu,902
24708,yolo_x_cpu,872
24709,yolo_x_cpu,891
24710,yolo_x_cpu,940
24711,yolo_x_cpu,976
24712,yolo_x_cpu,993
24713,yolo_x_cpu,976
24714,yolo_x_cpu,974
24715,yolo_x_cpu,970
24716,yolo_x_cpu,959
24717,yolo_x_cpu,960
24718,yolo_x_cpu,913
24719,yolo_x_cpu,927
24720,yolo_x_cpu,889
24721,yolo_x_cpu,924
24722,yolo_x_cpu,953
24723,yolo_x_cpu,905
24724,yolo_x_cpu,877
24725,yolo_x_cpu,844
24726,yolo_x_cpu,855
24727,yolo_x_cpu,925
24728,yolo_x_cpu,875
24729,yolo_x_cpu,861
24730,yolo_x_cpu,785
24731,yolo_x_cpu,777
24732,yolo_x_cpu,801
24733,yolo_x_cpu,804
24734,yolo_x_cpu,849
24735,yolo_x_cpu,875
24736,yolo_x_cpu,837
24737,yolo_x_cpu,811
24738,yolo_x_cpu,850
24739,yolo_x_cpu,851
24740,yolo_x_cpu,825
24741,yolo_x_cpu,862
24742,yolo_x_cpu,839
24743,yolo_x_cpu,847
24744,yolo_x_cpu,833
24745,yolo_x_cpu,792
24746,yolo_x_cpu,793
24747,yolo_x_cpu,830
24748,yolo_x_cpu,785
24749,yolo_x_cpu,829
24750,yolo_x_cpu,847
24751,yolo_x_cpu,836
24752,yolo_x_cpu,802
24753,yolo_x_cpu,846
24754,yolo_x_cpu,832
24755,yolo_x_cpu,808
24756,yolo_x_cpu,844
24757,yolo_x_cpu,836
24758,yolo_x_cpu,762
24759,yolo_x_cpu,800
24760,yolo_x_cpu,830
24761,yolo_x_cpu,867
24762,yolo_x_cpu,784
24763,yolo_x_cpu,850
24764,yolo_x_cpu,903
24765,yolo_x_cpu,849
24766,yolo_x_cpu,792
24767,yolo_x_cpu,837
24768,yolo_x_cpu,809
24769,yolo_x_cpu,872
24770,yolo_x_cpu,848
24771,yolo_x_cpu,901
24772,yolo_x_cpu,828
24773,yolo_x_cpu,863
24774,yolo_x_cpu,820
24775,yolo_x_cpu,861
24776,yolo_x_cpu,821
24777,yolo_x_cpu,898
24778,yolo_x_cpu,839
24779,yolo_x_cpu,865
24780,yolo_x_cpu,891
24781,yolo_x_cpu,845
24782,yolo_x_cpu,852
24783,yolo_x_cpu,828
24784,yolo_x_cpu,886
24785,yolo_x_cpu,840
24786,yolo_x_cpu,865
24787,yolo_x_cpu,813
24788,yolo_x_cpu,859
24789,yolo_x_cpu,887
24790,yolo_x_cpu,903
24791,yolo_x_cpu,937
24792,yolo_x_cpu,931
24793,yolo_x_cpu,890
24794,yolo_x_cpu,850
24795,yolo_x_cpu,866
24796,yolo_x_cpu,830
24797,yolo_x_cpu,861
24798,yolo_x_cpu,862
24799,yolo_x_cpu,903
24800,yolo_x_cpu,911
24801,yolo_x_cpu,915
24802,yolo_x_cpu,1020
24803,yolo_x_cpu,967
24804,yolo_x_cpu,993
24805,yolo_x_cpu,1017
24806,yolo_x_cpu,986
24807,yolo_x_cpu,975
24808,yolo_x_cpu,938
24809,yolo_x_cpu,999
24810,yolo_x_cpu,1027
24811,yolo_x_cpu,983
24812,yolo_x_cpu,1004
24813,yolo_x_cpu,977
24814,yolo_x_cpu,930
24815,yolo_x_cpu,997
24816,yolo_x_cpu,976
24817,yolo_x_cpu,993
24818,yolo_x_cpu,1027
24819,yolo_x_cpu,975
24820,yolo_x_cpu,1006
24821,yolo_x_cpu,1057
24822,yolo_x_cpu,1068
24823,yolo_x_cpu,1071
24824,yolo_x_cpu,1146
24825,yolo_x_cpu,1166
24826,yolo_x_cpu,1184
24827,yolo_x_cpu,1178
24828,yolo_x_cpu,1189
24829,yolo_x_cpu,1179
24830,yolo_x_cpu,1141
24831,yolo_x_cpu,1177
24832,yolo_x_cpu,1081
24833,yolo_x_cpu,1105
24834,yolo_x_cpu,1127
24835,yolo_x_cpu,1133
24836,yolo_x_cpu,1114
24837,yolo_x_cpu,1107
24838,yolo_x_cpu,1056
24839,yolo_x_cpu,1056
24840,yolo_x_cpu,1002
24841,yolo_x_cpu,1021
24842,yolo_x_cpu,995
24843,yolo_x_cpu,1022
24844,yolo_x_cpu,1024
24845,yolo_x_cpu,1011
24846,yolo_x_cpu,960
24847,yolo_x_cpu,945
24848,yolo_x_cpu,961
24849,yolo_x_cpu,919
24850,yolo_x_cpu,895
24851,yolo_x_cpu,1029
24852,yolo_x_cpu,942
24853,yolo_x_cpu,1013
24854,yolo_x_cpu,992
24855,yolo_x_cpu,1004
24856,yolo_x_cpu,1041
24857,yolo_x_cpu,1002
24858,yolo_x_cpu,1014
24859,yolo_x_cpu,1010
24860,yolo_x_cpu,1031
24861,yolo_x_cpu,968
24862,yolo_x_cpu,1027
24863,yolo_x_cpu,1012
24864,yolo_x_cpu,1054
24865,yolo_x_cpu,1066
24866,yolo_x_cpu,1018
24867,yolo_x_cpu,1049
24868,yolo_x_cpu,1126
24869,yolo_x_cpu,1106
24870,yolo_x_cpu,1074
24871,yolo_x_cpu,1093
24872,yolo_x_cpu,1101
24873,yolo_x_cpu,1084
24874,yolo_x_cpu,1071
24875,yolo_x_cpu,1038
24876,yolo_x_cpu,1039
24877,yolo_x_cpu,1053
24878,yolo_x_cpu,1059
24879,yolo_x_cpu,1128
24880,yolo_x_cpu,1040
24881,yolo_x_cpu,1108
24882,yolo_x_cpu,1020
24883,yolo_x_cpu,1027
24884,yolo_x_cpu,1082
24885,yolo_x_cpu,1102
24886,yolo_x_cpu,1091
24887,yolo_x_cpu,1074
24888,yolo_x_cpu,1049
24889,yolo_x_cpu,1041
24890,yolo_x_cpu,1062
24891,yolo_x_cpu,1044
24892,yolo_x_cpu,1085
24893,yolo_x_cpu,1053
24894,yolo_x_cpu,1060
24895,yolo_x_cpu,1070
24896,yolo_x_cpu,1084
24897,yolo_x_cpu,1150
24898,yolo_x_cpu,1142
24899,yolo_x_cpu,1145
24900,yolo_x_cpu,1097
24901,yolo_x_cpu,1093
24902,yolo_x_cpu,1132
24903,yolo_x_cpu,1095
24904,yolo_x_cpu,1077
24905,yolo_x_cpu,1076
24906,yolo_x_cpu,1088
24907,yolo_x_cpu,1071
24908,yolo_x_cpu,1062
24909,yolo_x_cpu,1098
24910,yolo_x_cpu,1106
24911,yolo_x_cpu,1046
24912,yolo_x_cpu,1056
24913,yolo_x_cpu,1079
24914,yolo_x_cpu,1077
24915,yolo_x_cpu,1046
24916,yolo_x_cpu,992
24917,yolo_x_cpu,1010
24918,yolo_x_cpu,1007
24919,yolo_x_cpu,988
24920,yolo_x_cpu,1040
24921,yolo_x_cpu,1047
24922,yolo_x_cpu,1043
24923,yolo_x_cpu,1059
24924,yolo_x_cpu,1074
24925,yolo_x_cpu,1093
24926,yolo_x_cpu,1009
24927,yolo_x_cpu,1024
24928,yolo_x_cpu,987
24929,yolo_x_cpu,909
24930,yolo_x_cpu,929
24931,yolo_x_cpu,1000
24932,yolo_x_cpu,1010
24933,yolo_x_cpu,958
24934,yolo_x_cpu,917
24935,yolo_x_cpu,1018
24936,yolo_x_cpu,936
24937,yolo_x_cpu,1016
24938,yolo_x_cpu,974
24939,yolo_x_cpu,990
24940,yolo_x_cpu,979
24941,yolo_x_cpu,979
24942,yolo_x_cpu,1049
24943,yolo_x_cpu,1040
24944,yolo_x_cpu,1050
24945,yolo_x_cpu,1078
24946,yolo_x_cpu,994
24947,yolo_x_cpu,1069
24948,yolo_x_cpu,1057
24949,yolo_x_cpu,1041
24950,yolo_x_cpu,999
24951,yolo_x_cpu,995
24952,yolo_x_cpu,991
24953,yolo_x_cpu,1015
24954,yolo_x_cpu,1051
24955,yolo_x_cpu,1103
24956,yolo_x_cpu,1043
24957,yolo_x_cpu,1051
24958,yolo_x_cpu,1019
24959,yolo_x_cpu,1025
24960,yolo_x_cpu,957
24961,yolo_x_cpu,977
24962,yolo_x_cpu,1047
24963,yolo_x_cpu,1052
24964,yolo_x_cpu,1081
24965,yolo_x_cpu,1121
24966,yolo_x_cpu,1076
24967,yolo_x_cpu,1107
24968,yolo_x_cpu,1061
24969,yolo_x_cpu,1089
24970,yolo_x_cpu,1054
24971,yolo_x_cpu,985
24972,yolo_x_cpu,1004
24973,yolo_x_cpu,1046
24974,yolo_x_cpu,1087
24975,yolo_x_cpu,1126
24976,yolo_x_cpu,1047
24977,yolo_x_cpu,1036
24978,yolo_x_cpu,1062
24979,yolo_x_cpu,1089
24980,yolo_x_cpu,1037
24981,yolo_x_cpu,1046
24982,yolo_x_cpu,978
24983,yolo_x_cpu,993
24984,yolo_x_cpu,1015
24985,yolo_x_cpu,1030
24986,yolo_x_cpu,991
24987,yolo_x_cpu,974
24988,yolo_x_cpu,985
24989,yolo_x_cpu,984
24990,yolo_x_cpu,988
24991,yolo_x_cpu,1022
24992,yolo_x_cpu,1107
24993,yolo_x_cpu,1064
24994,yolo_x_cpu,1028
24995,yolo_x_cpu,998
24996,yolo_x_cpu,1005
24997,yolo_x_cpu,1084
24998,yolo_x_cpu,1054
24999,yolo_x_cpu,1084
25000,yolo_x_cpu,1046
25001,yolo_x_cpu,1089
25002,yolo_x_cpu,1061
25003,yolo_x_cpu,1073
25004,yolo_x_cpu,1073
25005,yolo_x_cpu,1062
25006,yolo_x_cpu,1022
25007,yolo_x_cpu,988
25008,yolo_x_cpu,1003
25009,yolo_x_cpu,1039
25010,yolo_x_cpu,999
25011,yolo_x_cpu,1000
25012,yolo_x_cpu,974
25013,yolo_x_cpu,974
25014,yolo_x_cpu,1018
25015,yolo_x_cpu,954
25016,yolo_x_cpu,978
25017,yolo_x_cpu,1039
25018,yolo_x_cpu,1066
25019,yolo_x_cpu,997
25020,yolo_x_cpu,1057
25021,yolo_x_cpu,968
25022,yolo_x_cpu,931
25023,yolo_x_cpu,870
25024,yolo_x_cpu,940
25025,yolo_x_cpu,930
25026,yolo_x_cpu,901
25027,yolo_x_cpu,980
25028,yolo_x_cpu,986
25029,yolo_x_cpu,1011
25030,yolo_x_cpu,962
25031,yolo_x_cpu,928
25032,yolo_x_cpu,921
25033,yolo_x_cpu,963
25034,yolo_x_cpu,987
25035,yolo_x_cpu,1007
25036,yolo_x_cpu,1011
25037,yolo_x_cpu,977
25038,yolo_x_cpu,982
25039,yolo_x_cpu,1004
25040,yolo_x_cpu,982
25041,yolo_x_cpu,966
25042,yolo_x_cpu,991
25043,yolo_x_cpu,1057
25044,yolo_x_cpu,1086
25045,yolo_x_cpu,1016
25046,yolo_x_cpu,1060
25047,yolo_x_cpu,1028
25048,yolo_x_cpu,992
25049,yolo_x_cpu,943
25050,yolo_x_cpu,956
25051,yolo_x_cpu,970
25052,yolo_x_cpu,920
25053,yolo_x_cpu,911
25054,yolo_x_cpu,941
25055,yolo_x_cpu,933
25056,yolo_x_cpu,890
25057,yolo_x_cpu,941
25058,yolo_x_cpu,943
25059,yolo_x_cpu,972
25060,yolo_x_cpu,959
25061,yolo_x_cpu,1028
25062,yolo_x_cpu,993
25063,yolo_x_cpu,957
25064,yolo_x_cpu,1015
25065,yolo_x_cpu,1037
25066,yolo_x_cpu,1000
25067,yolo_x_cpu,998
25068,yolo_x_cpu,1056
25069,yolo_x_cpu,1030
25070,yolo_x_cpu,996
25071,yolo_x_cpu,1079
25072,yolo_x_cpu,971
25073,yolo_x_cpu,995
25074,yolo_x_cpu,920
25075,yolo_x_cpu,948
25076,yolo_x_cpu,908
25077,yolo_x_cpu,966
25078,yolo_x_cpu,945
25079,yolo_x_cpu,962
25080,yolo_x_cpu,944
25081,yolo_x_cpu,958
25082,yolo_x_cpu,986
25083,yolo_x_cpu,976
25084,yolo_x_cpu,939
25085,yolo_x_cpu,911
25086,yolo_x_cpu,903
25087,yolo_x_cpu,945
25088,yolo_x_cpu,911
25089,yolo_x_cpu,915
25090,yolo_x_cpu,871
25091,yolo_x_cpu,898
25092,yolo_x_cpu,865
25093,yolo_x_cpu,894
25094,yolo_x_cpu,913
25095,yolo_x_cpu,926
25096,yolo_x_cpu,936
25097,yolo_x_cpu,936
25098,yolo_x_cpu,990
25099,yolo_x_cpu,943
25100,yolo_x_cpu,917
25101,yolo_x_cpu,906
25102,yolo_x_cpu,897
25103,yolo_x_cpu,903
25104,yolo_x_cpu,855
25105,yolo_x_cpu,869
25106,yolo_x_cpu,862
25107,yolo_x_cpu,873
25108,yolo_x_cpu,897
25109,yolo_x_cpu,913
25110,yolo_x_cpu,864
25111,yolo_x_cpu,841
25112,yolo_x_cpu,858
25113,yolo_x_cpu,814
25114,yolo_x_cpu,781
25115,yolo_x_cpu,792
25116,yolo_x_cpu,757
25117,yolo_x_cpu,757
25118,yolo_x_cpu,772
25119,yolo_x_cpu,787
25120,yolo_x_cpu,726
25121,yolo_x_cpu,749
25122,yolo_x_cpu,775
25123,yolo_x_cpu,808
25124,yolo_x_cpu,770
25125,yolo_x_cpu,765
25126,yolo_x_cpu,736
25127,yolo_x_cpu,720
25128,yolo_x_cpu,803
25129,yolo_x_cpu,780
25130,yolo_x_cpu,797
25131,yolo_x_cpu,854
25132,yolo_x_cpu,762
25133,yolo_x_cpu,797
25134,yolo_x_cpu,794
25135,yolo_x_cpu,781
25136,yolo_x_cpu,739
25137,yolo_x_cpu,751
25138,yolo_x_cpu,752
25139,yolo_x_cpu,750
25140,yolo_x_cpu,707
25141,yolo_x_cpu,760
25142,yolo_x_cpu,745
25143,yolo_x_cpu,793
25144,yolo_x_cpu,794
25145,yolo_x_cpu,761
25146,yolo_x_cpu,783
25147,yolo_x_cpu,770
25148,yolo_x_cpu,785
25149,yolo_x_cpu,802
25150,yolo_x_cpu,761
25151,yolo_x_cpu,749
25152,yolo_x_cpu,778
25153,yolo_x_cpu,756
25154,yolo_x_cpu,738
25155,yolo_x_cpu,787
25156,yolo_x_cpu,837
25157,yolo_x_cpu,743
25158,yolo_x_cpu,710
25159,yolo_x_cpu,712
25160,yolo_x_cpu,670
25161,yolo_x_cpu,686
25162,yolo_x_cpu,658
25163,yolo_x_cpu,678
25164,yolo_x_cpu,564
25165,yolo_x_cpu,600
25166,yolo_x_cpu,657
25167,yolo_x_cpu,694
25168,yolo_x_cpu,705
25169,yolo_x_cpu,669
25170,yolo_x_cpu,674
25171,yolo_x_cpu,640
25172,yolo_x_cpu,651
25173,yolo_x_cpu,641
25174,yolo_x_cpu,686
25175,yolo_x_cpu,725
25176,yolo_x_cpu,687
25177,yolo_x_cpu,710
25178,yolo_x_cpu,687
25179,yolo_x_cpu,704
25180,yolo_x_cpu,664
25181,yolo_x_cpu,732
25182,yolo_x_cpu,678
25183,yolo_x_cpu,661
25184,yolo_x_cpu,682
25185,yolo_x_cpu,697
25186,yolo_x_cpu,678
25187,yolo_x_cpu,695
25188,yolo_x_cpu,676
25189,yolo_x_cpu,666
25190,yolo_x_cpu,669
25191,yolo_x_cpu,679
25192,yolo_x_cpu,702
25193,yolo_x_cpu,685
25194,yolo_x_cpu,705
25195,yolo_x_cpu,707
25196,yolo_x_cpu,688
25197,yolo_x_cpu,645
25198,yolo_x_cpu,690
25199,yolo_x_cpu,719
25200,yolo_x_cpu,679
25201,yolo_x_cpu,658
25202,yolo_x_cpu,679
25203,yolo_x_cpu,654
25204,yolo_x_cpu,664
25205,yolo_x_cpu,653
25206,yolo_x_cpu,669
25207,yolo_x_cpu,683
25208,yolo_x_cpu,640
25209,yolo_x_cpu,668
25210,yolo_x_cpu,633
25211,yolo_x_cpu,658
25212,yolo_x_cpu,704
25213,yolo_x_cpu,678
25214,yolo_x_cpu,670
25215,yolo_x_cpu,679
25216,yolo_x_cpu,690
25217,yolo_x_cpu,684
25218,yolo_x_cpu,697
25219,yolo_x_cpu,682
25220,yolo_x_cpu,651
25221,yolo_x_cpu,647
25222,yolo_x_cpu,697
25223,yolo_x_cpu,693
25224,yolo_x_cpu,692
25225,yolo_x_cpu,733
25226,yolo_x_cpu,760
25227,yolo_x_cpu,713
25228,yolo_x_cpu,716
25229,yolo_x_cpu,663
25230,yolo_x_cpu,655
25231,yolo_x_cpu,689
25232,yolo_x_cpu,667
25233,yolo_x_cpu,667
25234,yolo_x_cpu,719
25235,yolo_x_cpu,731
25236,yolo_x_cpu,702
25237,yolo_x_cpu,640
25238,yolo_x_cpu,618
25239,yolo_x_cpu,622
25240,yolo_x_cpu,662
25241,yolo_x_cpu,646
25242,yolo_x_cpu,691
25243,yolo_x_cpu,627
25244,yolo_x_cpu,611
25245,yolo_x_cpu,641
25246,yolo_x_cpu,598
25247,yolo_x_cpu,600
25248,yolo_x_cpu,589
25249,yolo_x_cpu,663
25250,yolo_x_cpu,547
25251,yolo_x_cpu,642
25252,yolo_x_cpu,630
25253,yolo_x_cpu,625
25254,yolo_x_cpu,652
25255,yolo_x_cpu,668
25256,yolo_x_cpu,741
25257,yolo_x_cpu,791
25258,yolo_x_cpu,728
25259,yolo_x_cpu,698
25260,yolo_x_cpu,670
25261,yolo_x_cpu,680
25262,yolo_x_cpu,676
25263,yolo_x_cpu,647
25264,yolo_x_cpu,653
25265,yolo_x_cpu,618
25266,yolo_x_cpu,649
25267,yolo_x_cpu,678
25268,yolo_x_cpu,683
25269,yolo_x_cpu,649
25270,yolo_x_cpu,654
25271,yolo_x_cpu,665
25272,yolo_x_cpu,667
25273,yolo_x_cpu,730
25274,yolo_x_cpu,662
25275,yolo_x_cpu,664
25276,yolo_x_cpu,665
25277,yolo_x_cpu,646
25278,yolo_x_cpu,652
25279,yolo_x_cpu,638
25280,yolo_x_cpu,606
25281,yolo_x_cpu,657
25282,yolo_x_cpu,600
25283,yolo_x_cpu,636
25284,yolo_x_cpu,592
25285,yolo_x_cpu,587
25286,yolo_x_cpu,563
25287,yolo_x_cpu,578
25288,yolo_x_cpu,586
25289,yolo_x_cpu,578
25290,yolo_x_cpu,570
25291,yolo_x_cpu,601
25292,yolo_x_cpu,580
25293,yolo_x_cpu,530
25294,yolo_x_cpu,518
25295,yolo_x_cpu,485
25296,yolo_x_cpu,480
25297,yolo_x_cpu,527
25298,yolo_x_cpu,472
25299,yolo_x_cpu,463
25300,yolo_x_cpu,463
25301,yolo_x_cpu,537
25302,yolo_x_cpu,507
25303,yolo_x_cpu,513
25304,yolo_x_cpu,527
25305,yolo_x_cpu,540
25306,yolo_x_cpu,481
25307,yolo_x_cpu,539
25308,yolo_x_cpu,528
25309,yolo_x_cpu,502
25310,yolo_x_cpu,539
25311,yolo_x_cpu,577
25312,yolo_x_cpu,530
25313,yolo_x_cpu,506
25314,yolo_x_cpu,536
25315,yolo_x_cpu,536
25316,yolo_x_cpu,501
25317,yolo_x_cpu,485
25318,yolo_x_cpu,596
25319,yolo_x_cpu,523
25320,yolo_x_cpu,535
25321,yolo_x_cpu,596
25322,yolo_x_cpu,470
25323,yolo_x_cpu,530
25324,yolo_x_cpu,525
25325,yolo_x_cpu,540
25326,yolo_x_cpu,546
25327,yolo_x_cpu,527
25328,yolo_x_cpu,515
25329,yolo_x_cpu,509
25330,yolo_x_cpu,508
25331,yolo_x_cpu,536
25332,yolo_x_cpu,550
25333,yolo_x_cpu,512
25334,yolo_x_cpu,533
25335,yolo_x_cpu,499
25336,yolo_x_cpu,529
25337,yolo_x_cpu,480
25338,yolo_x_cpu,481
25339,yolo_x_cpu,465
25340,yolo_x_cpu,448
25341,yolo_x_cpu,465
25342,yolo_x_cpu,482
25343,yolo_x_cpu,474
25344,yolo_x_cpu,471
25345,yolo_x_cpu,471
25346,yolo_x_cpu,454
25347,yolo_x_cpu,452
25348,yolo_x_cpu,392
25349,yolo_x_cpu,421
25350,yolo_x_cpu,402
25351,yolo_x_cpu,423
25352,yolo_x_cpu,388
25353,yolo_x_cpu,440
25354,yolo_x_cpu,444
25355,yolo_x_cpu,444
25356,yolo_x_cpu,493
25357,yolo_x_cpu,455
25358,yolo_x_cpu,410
25359,yolo_x_cpu,403
25360,yolo_x_cpu,354
25361,yolo_x_cpu,341
25362,yolo_x_cpu,336
25363,yolo_x_cpu,353
25364,yolo_x_cpu,308
25365,yolo_x_cpu,325
25366,yolo_x_cpu,303
25367,yolo_x_cpu,315
25368,yolo_x_cpu,319
25369,yolo_x_cpu,327
25370,yolo_x_cpu,312
25371,yolo_x_cpu,317
25372,yolo_x_cpu,290
25373,yolo_x_cpu,303
25374,yolo_x_cpu,292
25375,yolo_x_cpu,297
25376,yolo_x_cpu,247
25377,yolo_x_cpu,262
25378,yolo_x_cpu,240
25379,yolo_x_cpu,280
25380,yolo_x_cpu,261
25381,yolo_x_cpu,218
25382,yolo_x_cpu,232
25383,yolo_x_cpu,276
25384,yolo_x_cpu,244
25385,yolo_x_cpu,311
25386,yolo_x_cpu,283
25387,yolo_x_cpu,248
25388,yolo_x_cpu,281
25389,yolo_x_cpu,247
25390,yolo_x_cpu,208
25391,yolo_x_cpu,216
25392,yolo_x_cpu,251
25393,yolo_x_cpu,279
25394,yolo_x_cpu,289
25395,yolo_x_cpu,276
25396,yolo_x_cpu,265
25397,yolo_x_cpu,305
25398,yolo_x_cpu,265
25399,yolo_x_cpu,283
25400,yolo_x_cpu,267
25401,yolo_x_cpu,256
25402,yolo_x_cpu,242
25403,yolo_x_cpu,274
25404,yolo_x_cpu,237
25405,yolo_x_cpu,245
25406,yolo_x_cpu,241
25407,yolo_x_cpu,243
25408,yolo_x_cpu,233
25409,yolo_x_cpu,208
25410,yolo_x_cpu,228
25411,yolo_x_cpu,219
25412,yolo_x_cpu,205
25413,yolo_x_cpu,211
25414,yolo_x_cpu,222
25415,yolo_x_cpu,233
25416,yolo_x_cpu,254
25417,yolo_x_cpu,252
25418,yolo_x_cpu,297
25419,yolo_x_cpu,269
25420,yolo_x_cpu,261
25421,yolo_x_cpu,280
25422,yolo_x_cpu,277
25423,yolo_x_cpu,291
25424,yolo_x_cpu,299
25425,yolo_x_cpu,323
25426,yolo_x_cpu,304
25427,yolo_x_cpu,352
25428,yolo_x_cpu,323
25429,yolo_x_cpu,302
25430,yolo_x_cpu,265
25431,yolo_x_cpu,263
25432,yolo_x_cpu,287
25433,yolo_x_cpu,250
25434,yolo_x_cpu,274
25435,yolo_x_cpu,232
25436,yolo_x_cpu,239
25437,yolo_x_cpu,267
25438,yolo_x_cpu,268
25439,yolo_x_cpu,257
25440,yolo_x_cpu,248
25441,yolo_x_cpu,231
25442,yolo_x_cpu,217
25443,yolo_x_cpu,207
25444,yolo_x_cpu,232
25445,yolo_x_cpu,241
25446,yolo_x_cpu,226
25447,yolo_x_cpu,211
25448,yolo_x_cpu,245
25449,yolo_x_cpu,229
25450,yolo_x_cpu,213
25451,yolo_x_cpu,225
25452,yolo_x_cpu,215
25453,yolo_x_cpu,247
25454,yolo_x_cpu,230
25455,yolo_x_cpu,205
25456,yolo_x_cpu,220
25457,yolo_x_cpu,205
25458,yolo_x_cpu,183
25459,yolo_x_cpu,208
25460,yolo_x_cpu,246
25461,yolo_x_cpu,227
25462,yolo_x_cpu,205
25463,yolo_x_cpu,204
25464,yolo_x_cpu,201
25465,yolo_x_cpu,215
25466,yolo_x_cpu,276
25467,yolo_x_cpu,212
25468,yolo_x_cpu,210
25469,yolo_x_cpu,204
25470,yolo_x_cpu,216
25471,yolo_x_cpu,218
25472,yolo_x_cpu,233
25473,yolo_x_cpu,231
25474,yolo_x_cpu,223
25475,yolo_x_cpu,216
25476,yolo_x_cpu,220
25477,yolo_x_cpu,211
25478,yolo_x_cpu,190
25479,yolo_x_cpu,190
25480,yolo_x_cpu,218
25481,yolo_x_cpu,188
25482,yolo_x_cpu,187
25483,yolo_x_cpu,157
25484,yolo_x_cpu,195
25485,yolo_x_cpu,174
25486,yolo_x_cpu,196
25487,yolo_x_cpu,177
25488,yolo_x_cpu,188
25489,yolo_x_cpu,190
25490,yolo_x_cpu,201
25491,yolo_x_cpu,190
25492,yolo_x_cpu,183
25493,yolo_x_cpu,204
25494,yolo_x_cpu,165
25495,yolo_x_cpu,188
25496,yolo_x_cpu,190
25497,yolo_x_cpu,160
25498,yolo_x_cpu,163
25499,yolo_x_cpu,177
25500,yolo_x_cpu,157
25501,yolo_x_cpu,139
25502,yolo_x_cpu,140
25503,yolo_x_cpu,125
25504,yolo_x_cpu,151
25505,yolo_x_cpu,122
25506,yolo_x_cpu,120
25507,yolo_x_cpu,119
25508,yolo_x_cpu,140
25509,yolo_x_cpu,144
25510,yolo_x_cpu,153
25511,yolo_x_cpu,160
25512,yolo_x_cpu,151
25513,yolo_x_cpu,152
25514,yolo_x_cpu,140
25515,yolo_x_cpu,122
25516,yolo_x_cpu,129
25517,yolo_x_cpu,123
25518,yolo_x_cpu,103
25519,yolo_x_cpu,118
25520,yolo_x_cpu,112
25521,yolo_x_cpu,107
25522,yolo_x_cpu,79
25523,yolo_x_cpu,103
25524,yolo_x_cpu,119
25525,yolo_x_cpu,109
25526,yolo_x_cpu,100
25527,yolo_x_cpu,79
25528,yolo_x_cpu,95
25529,yolo_x_cpu,104
25530,yolo_x_cpu,90
25531,yolo_x_cpu,77
25532,yolo_x_cpu,81
25533,yolo_x_cpu,69
25534,yolo_x_cpu,76
25535,yolo_x_cpu,91
25536,yolo_x_cpu,90
25537,yolo_x_cpu,78
25538,yolo_x_cpu,70
25539,yolo_x_cpu,87
25540,yolo_x_cpu,103
25541,yolo_x_cpu,105
25542,yolo_x_cpu,110
25543,yolo_x_cpu,97
25544,yolo_x_cpu,98
25545,yolo_x_cpu,102
25546,yolo_x_cpu,80
25547,yolo_x_cpu,87
25548,yolo_x_cpu,73
25549,yolo_x_cpu,85
25550,yolo_x_cpu,75
25551,yolo_x_cpu,66
25552,yolo_x_cpu,54
25553,yolo_x_cpu,79
25554,yolo_x_cpu,68
25555,yolo_x_cpu,70
25556,yolo_x_cpu,66
25557,yolo_x_cpu,54
25558,yolo_x_cpu,54
25559,yolo_x_cpu,71
25560,yolo_x_cpu,52
25561,yolo_x_cpu,57
25562,yolo_x_cpu,62
25563,yolo_x_cpu,54
25564,yolo_x_cpu,69
25565,yolo_x_cpu,64
25566,yolo_x_cpu,82
25567,yolo_x_cpu,55
25568,yolo_x_cpu,64
25569,yolo_x_cpu,71
25570,yolo_x_cpu,75
25571,yolo_x_cpu,101
25572,yolo_x_cpu,97
25573,yolo_x_cpu,109
25574,yolo_x_cpu,77
25575,yolo_x_cpu,79
25576,yolo_x_cpu,83
25577,yolo_x_cpu,67
25578,yolo_x_cpu,73
25579,yolo_x_cpu,68
25580,yolo_x_cpu,77
25581,yolo_x_cpu,72
25582,yolo_x_cpu,87
25583,yolo_x_cpu,81
25584,yolo_x_cpu,80
25585,yolo_x_cpu,77
25586,yolo_x_cpu,88
25587,yolo_x_cpu,73
25588,yolo_x_cpu,70
25589,yolo_x_cpu,76
25590,yolo_x_cpu,85
25591,yolo_x_cpu,87
25592,yolo_x_cpu,89
25593,yolo_x_cpu,83
25594,yolo_x_cpu,64
25595,yolo_x_cpu,60
25596,yolo_x_cpu,65
25597,yolo_x_cpu,61
25598,yolo_x_cpu,73
25599,yolo_x_cpu,78
25600,yolo_x_cpu,68
25601,yolo_x_cpu,70
25602,yolo_x_cpu,65
25603,yolo_x_cpu,61
25604,yolo_x_cpu,72
25605,yolo_x_cpu,69
25606,yolo_x_cpu,70
25607,yolo_x_cpu,69
25608,yolo_x_cpu,70
25609,yolo_x_cpu,83
25610,yolo_x_cpu,83
25611,yolo_x_cpu,91
25612,yolo_x_cpu,87
25613,yolo_x_cpu,89
25614,yolo_x_cpu,76
25615,yolo_x_cpu,70
25616,yolo_x_cpu,58
25617,yolo_x_cpu,50
25618,yolo_x_cpu,62
25619,yolo_x_cpu,58
25620,yolo_x_cpu,92
25621,yolo_x_cpu,2147
25622,yolo_x_cpu,2326
25623,yolo_x_cpu,1625
25624,yolo_x_cpu,373
25625,yolo_x_cpu,402
25626,yolo_x_cpu,593
25627,yolo_x_cpu,524
25628,yolo_x_cpu,550
25629,yolo_x_cpu,509
25630,yolo_x_cpu,488
25631,yolo_x_cpu,460
25632,yolo_x_cpu,435
25633,yolo_x_cpu,439
25634,yolo_x_cpu,370
25635,yolo_x_cpu,355
25636,yolo_x_cpu,351
25637,yolo_x_cpu,320
25638,yolo_x_cpu,296
25639,yolo_x_cpu,266
25640,yolo_x_cpu,204
25641,yolo_x_cpu,88
25642,yolo_x_cpu,81
25643,yolo_x_cpu,65
25644,yolo_x_cpu,65
25645,yolo_x_cpu,63
25646,yolo_x_cpu,64
25647,yolo_x_cpu,79
25648,yolo_x_cpu,71
25649,yolo_x_cpu,75
25650,yolo_x_cpu,77
25651,yolo_x_cpu,80
25652,yolo_x_cpu,83
25653,yolo_x_cpu,65
25654,yolo_x_cpu,81
25655,yolo_x_cpu,83
25656,yolo_x_cpu,55
25657,yolo_x_cpu,43
25658,yolo_x_cpu,40
25659,yolo_x_cpu,45
25660,yolo_x_cpu,33
25661,yolo_x_cpu,50
25662,yolo_x_cpu,45
25663,yolo_x_cpu,35
25664,yolo_x_cpu,53
25665,yolo_x_cpu,26
25666,yolo_x_cpu,40
25667,yolo_x_cpu,40
25668,yolo_x_cpu,57
25669,yolo_x_cpu,60
25670,yolo_x_cpu,47
25671,yolo_x_cpu,40
25672,yolo_x_cpu,36
25673,yolo_x_cpu,37
25674,yolo_x_cpu,48
25675,yolo_x_cpu,54
25676,yolo_x_cpu,57
25677,yolo_x_cpu,38
25678,yolo_x_cpu,63
25679,yolo_x_cpu,48
25680,yolo_x_cpu,42
25681,yolo_x_cpu,40
25682,yolo_x_cpu,39
25683,yolo_x_cpu,26
25684,yolo_x_cpu,20
25685,yolo_x_cpu,27
25686,yolo_x_cpu,41
25687,yolo_x_cpu,45
25688,yolo_x_cpu,43
25689,yolo_x_cpu,35
25690,yolo_x_cpu,40
25691,yolo_x_cpu,41
25692,yolo_x_cpu,34
25693,yolo_x_cpu,52
25694,yolo_x_cpu,40
25695,yolo_x_cpu,39
25696,yolo_x_cpu,36
25697,yolo_x_cpu,40
25698,yolo_x_cpu,38
25699,yolo_x_cpu,37
25700,yolo_x_cpu,69
25701,yolo_x_cpu,41
25702,yolo_x_cpu,45
25703,yolo_x_cpu,47
25704,yolo_x_cpu,45
25705,yolo_x_cpu,43
25706,yolo_x_cpu,28
25707,yolo_x_cpu,30
25708,yolo_x_cpu,38
25709,yolo_x_cpu,29
25710,yolo_x_cpu,21
25711,yolo_x_cpu,23
25712,yolo_x_cpu,25
25713,yolo_x_cpu,32
25714,yolo_x_cpu,33
25715,yolo_x_cpu,20
25716,yolo_x_cpu,21
25717,yolo_x_cpu,30
25718,yolo_x_cpu,18
25719,yolo_x_cpu,31
25720,yolo_x_cpu,19
25721,yolo_x_cpu,32
25722,yolo_x_cpu,15
25723,yolo_x_cpu,19
25724,yolo_x_cpu,36
25725,yolo_x_cpu,19
25726,yolo_x_cpu,16
25727,yolo_x_cpu,16
25728,yolo_x_cpu,20
25729,yolo_x_cpu,23
25730,yolo_x_cpu,36
25731,yolo_x_cpu,40
25732,yolo_x_cpu,26
25733,yolo_x_cpu,29
25734,yolo_x_cpu,36
25735,yolo_x_cpu,31
25736,yolo_x_cpu,34
25737,yolo_x_cpu,29
25738,yolo_x_cpu,40
25739,yolo_x_cpu,38
25740,yolo_x_cpu,27
25741,yolo_x_cpu,23
25742,yolo_x_cpu,18
25743,yolo_x_cpu,23
25744,yolo_x_cpu,17
25745,yolo_x_cpu,22
25746,yolo_x_cpu,14
25747,yolo_x_cpu,27
25748,yolo_x_cpu,26
25749,yolo_x_cpu,29
25750,yolo_x_cpu,31
25751,yolo_x_cpu,25
25752,yolo_x_cpu,33
25753,yolo_x_cpu,29
25754,yolo_x_cpu,35
25755,yolo_x_cpu,30
25756,yolo_x_cpu,34
25757,yolo_x_cpu,41
25758,yolo_x_cpu,38
25759,yolo_x_cpu,43
25760,yolo_x_cpu,36
25761,yolo_x_cpu,47
25762,yolo_x_cpu,45
25763,yolo_x_cpu,47
25764,yolo_x_cpu,28
25765,yolo_x_cpu,30
25766,yolo_x_cpu,44
25767,yolo_x_cpu,43
25768,yolo_x_cpu,35
25769,yolo_x_cpu,35
25770,yolo_x_cpu,55
25771,yolo_x_cpu,38
25772,yolo_x_cpu,31
25773,yolo_x_cpu,32
25774,yolo_x_cpu,32
25775,yolo_x_cpu,18
25776,yolo_x_cpu,12
25777,yolo_x_cpu,24
25778,yolo_x_cpu,37
25779,yolo_x_cpu,27
25780,yolo_x_cpu,28
25781,yolo_x_cpu,31
25782,yolo_x_cpu,31
25783,yolo_x_cpu,39
25784,yolo_x_cpu,38
25785,yolo_x_cpu,48
25786,yolo_x_cpu,44
25787,yolo_x_cpu,35
25788,yolo_x_cpu,32
25789,yolo_x_cpu,22
25790,yolo_x_cpu,47
25791,yolo_x_cpu,45
25792,yolo_x_cpu,55
25793,yolo_x_cpu,47
25794,yolo_x_cpu,40
25795,yolo_x_cpu,32
25796,yolo_x_cpu,26
25797,yolo_x_cpu,31
25798,yolo_x_cpu,40
25799,yolo_x_cpu,50
25800,yolo_x_cpu,53
25801,yolo_x_cpu,44
25802,yolo_x_cpu,37
25803,yolo_x_cpu,45
25804,yolo_x_cpu,46
25805,yolo_x_cpu,43
25806,yolo_x_cpu,35
25807,yolo_x_cpu,42
25808,yolo_x_cpu,45
25809,yolo_x_cpu,42
25810,yolo_x_cpu,33
25811,yolo_x_cpu,36
25812,yolo_x_cpu,42
25813,yolo_x_cpu,49
25814,yolo_x_cpu,39
25815,yolo_x_cpu,35
25816,yolo_x_cpu,48
25817,yolo_x_cpu,54
25818,yolo_x_cpu,49
25819,yolo_x_cpu,47
25820,yolo_x_cpu,51
25821,yolo_x_cpu,49
25822,yolo_x_cpu,48
25823,yolo_x_cpu,52
25824,yolo_x_cpu,58
25825,yolo_x_cpu,45
25826,yolo_x_cpu,47
25827,yolo_x_cpu,48
25828,yolo_x_cpu,67
25829,yolo_x_cpu,73
25830,yolo_x_cpu,77
25831,yolo_x_cpu,72
25832,yolo_x_cpu,66
25833,yolo_x_cpu,72
25834,yolo_x_cpu,75
25835,yolo_x_cpu,87
25836,yolo_x_cpu,69
25837,yolo_x_cpu,87
25838,yolo_x_cpu,68
25839,yolo_x_cpu,81
25840,yolo_x_cpu,78
25841,yolo_x_cpu,63
25842,yolo_x_cpu,64
25843,yolo_x_cpu,84
25844,yolo_x_cpu,98
25845,yolo_x_cpu,104
25846,yolo_x_cpu,110
25847,yolo_x_cpu,112
25848,yolo_x_cpu,132
25849,yolo_x_cpu,116
25850,yolo_x_cpu,109
25851,yolo_x_cpu,123
25852,yolo_x_cpu,124
25853,yolo_x_cpu,117
25854,yolo_x_cpu,133
25855,yolo_x_cpu,132
25856,yolo_x_cpu,118
25857,yolo_x_cpu,122
25858,yolo_x_cpu,120
25859,yolo_x_cpu,126
25860,yolo_x_cpu,135
25861,yolo_x_cpu,141
25862,yolo_x_cpu,148
25863,yolo_x_cpu,151
25864,yolo_x_cpu,153
25865,yolo_x_cpu,145
25866,yolo_x_cpu,161
25867,yolo_x_cpu,157
25868,yolo_x_cpu,170
25869,yolo_x_cpu,175
25870,yolo_x_cpu,190
25871,yolo_x_cpu,168
25872,yolo_x_cpu,157
25873,yolo_x_cpu,141
25874,yolo_x_cpu,164
25875,yolo_x_cpu,183
25876,yolo_x_cpu,227
25877,yolo_x_cpu,207
25878,yolo_x_cpu,208
25879,yolo_x_cpu,187
25880,yolo_x_cpu,206
25881,yolo_x_cpu,204
25882,yolo_x_cpu,205
25883,yolo_x_cpu,226
25884,yolo_x_cpu,216
25885,yolo_x_cpu,204
25886,yolo_x_cpu,215
25887,yolo_x_cpu,208
25888,yolo_x_cpu,233
25889,yolo_x_cpu,209
25890,yolo_x_cpu,229
25891,yolo_x_cpu,227
25892,yolo_x_cpu,216
25893,yolo_x_cpu,270
25894,yolo_x_cpu,246
25895,yolo_x_cpu,267
25896,yolo_x_cpu,254
25897,yolo_x_cpu,259
25898,yolo_x_cpu,270
25899,yolo_x_cpu,233
25900,yolo_x_cpu,231
25901,yolo_x_cpu,262
25902,yolo_x_cpu,281
25903,yolo_x_cpu,285
25904,yolo_x_cpu,318
25905,yolo_x_cpu,312
25906,yolo_x_cpu,371
25907,yolo_x_cpu,339
25908,yolo_x_cpu,343
25909,yolo_x_cpu,340
25910,yolo_x_cpu,384
25911,yolo_x_cpu,343
25912,yolo_x_cpu,360
25913,yolo_x_cpu,344
25914,yolo_x_cpu,346
25915,yolo_x_cpu,337
25916,yolo_x_cpu,318
25917,yolo_x_cpu,291
25918,yolo_x_cpu,317
25919,yolo_x_cpu,305
25920,yolo_x_cpu,315
25921,yolo_x_cpu,282
25922,yolo_x_cpu,286
25923,yolo_x_cpu,290
25924,yolo_x_cpu,317
25925,yolo_x_cpu,306
25926,yolo_x_cpu,303
25927,yolo_x_cpu,334
25928,yolo_x_cpu,360
25929,yolo_x_cpu,328
25930,yolo_x_cpu,319
25931,yolo_x_cpu,359
25932,yolo_x_cpu,380
25933,yolo_x_cpu,394
25934,yolo_x_cpu,409
25935,yolo_x_cpu,416
25936,yolo_x_cpu,428
25937,yolo_x_cpu,433
25938,yolo_x_cpu,396
25939,yolo_x_cpu,400
25940,yolo_x_cpu,422
25941,yolo_x_cpu,483
25942,yolo_x_cpu,429
25943,yolo_x_cpu,456
25944,yolo_x_cpu,467
25945,yolo_x_cpu,482
25946,yolo_x_cpu,447
25947,yolo_x_cpu,467
25948,yolo_x_cpu,485
25949,yolo_x_cpu,452
25950,yolo_x_cpu,451
25951,yolo_x_cpu,518
25952,yolo_x_cpu,518
25953,yolo_x_cpu,533
25954,yolo_x_cpu,470
25955,yolo_x_cpu,470
25956,yolo_x_cpu,498
25957,yolo_x_cpu,493
25958,yolo_x_cpu,499
25959,yolo_x_cpu,539
25960,yolo_x_cpu,509
25961,yolo_x_cpu,480
25962,yolo_x_cpu,494
25963,yolo_x_cpu,497
25964,yolo_x_cpu,513
25965,yolo_x_cpu,486
25966,yolo_x_cpu,514
25967,yolo_x_cpu,567
25968,yolo_x_cpu,517
25969,yolo_x_cpu,511
25970,yolo_x_cpu,534
25971,yolo_x_cpu,519
25972,yolo_x_cpu,521
25973,yolo_x_cpu,618
25974,yolo_x_cpu,585
25975,yolo_x_cpu,576
25976,yolo_x_cpu,594
25977,yolo_x_cpu,563
25978,yolo_x_cpu,573
25979,yolo_x_cpu,640
25980,yolo_x_cpu,648
25981,yolo_x_cpu,671
25982,yolo_x_cpu,644
25983,yolo_x_cpu,648
25984,yolo_x_cpu,671
25985,yolo_x_cpu,705
25986,yolo_x_cpu,699
25987,yolo_x_cpu,707
25988,yolo_x_cpu,703
25989,yolo_x_cpu,702
25990,yolo_x_cpu,712
25991,yolo_x_cpu,745
25992,yolo_x_cpu,675
25993,yolo_x_cpu,735
25994,yolo_x_cpu,756
25995,yolo_x_cpu,751
25996,yolo_x_cpu,777
25997,yolo_x_cpu,750
25998,yolo_x_cpu,748
25999,yolo_x_cpu,812
26000,yolo_x_cpu,773
26001,yolo_x_cpu,829
26002,yolo_x_cpu,828
26003,yolo_x_cpu,872
26004,yolo_x_cpu,832
26005,yolo_x_cpu,877
26006,yolo_x_cpu,864
26007,yolo_x_cpu,892
26008,yolo_x_cpu,824
26009,yolo_x_cpu,836
26010,yolo_x_cpu,841
26011,yolo_x_cpu,808
26012,yolo_x_cpu,811
26013,yolo_x_cpu,882
26014,yolo_x_cpu,899
26015,yolo_x_cpu,892
26016,yolo_x_cpu,890
26017,yolo_x_cpu,924
26018,yolo_x_cpu,943
26019,yolo_x_cpu,979
26020,yolo_x_cpu,955
26021,yolo_x_cpu,1016
26022,yolo_x_cpu,965
26023,yolo_x_cpu,1000
26024,yolo_x_cpu,1006
26025,yolo_x_cpu,1035
26026,yolo_x_cpu,1050
26027,yolo_x_cpu,1057
26028,yolo_x_cpu,1053
26029,yolo_x_cpu,1092
26030,yolo_x_cpu,1104
26031,yolo_x_cpu,1066
26032,yolo_x_cpu,1129
26033,yolo_x_cpu,1098
26034,yolo_x_cpu,1141
26035,yolo_x_cpu,1125
26036,yolo_x_cpu,1154
26037,yolo_x_cpu,1192
26038,yolo_x_cpu,1120
26039,yolo_x_cpu,1048
26040,yolo_x_cpu,1078
26041,yolo_x_cpu,1035
26042,yolo_x_cpu,1109
26043,yolo_x_cpu,1075
26044,yolo_x_cpu,1127
26045,yolo_x_cpu,1027
26046,yolo_x_cpu,1058
26047,yolo_x_cpu,1063
26048,yolo_x_cpu,1103
26049,yolo_x_cpu,1037
26050,yolo_x_cpu,1037
26051,yolo_x_cpu,1051
26052,yolo_x_cpu,1055
26053,yolo_x_cpu,1043
26054,yolo_x_cpu,1088
26055,yolo_x_cpu,1090
26056,yolo_x_cpu,1008
26057,yolo_x_cpu,1011
26058,yolo_x_cpu,1035
26059,yolo_x_cpu,1094
26060,yolo_x_cpu,1059
26061,yolo_x_cpu,1081
26062,yolo_x_cpu,1116
26063,yolo_x_cpu,1082
26064,yolo_x_cpu,1123
26065,yolo_x_cpu,1072
26066,yolo_x_cpu,1035
26067,yolo_x_cpu,1114
26068,yolo_x_cpu,1095
26069,yolo_x_cpu,1085
26070,yolo_x_cpu,1084
26071,yolo_x_cpu,1110
26072,yolo_x_cpu,1129
26073,yolo_x_cpu,1091
26074,yolo_x_cpu,1083
26075,yolo_x_cpu,1074
26076,yolo_x_cpu,1149
26077,yolo_x_cpu,1163
26078,yolo_x_cpu,1137
26079,yolo_x_cpu,1150
26080,yolo_x_cpu,1179
26081,yolo_x_cpu,1121
26082,yolo_x_cpu,1212
26083,yolo_x_cpu,1106
26084,yolo_x_cpu,1097
26085,yolo_x_cpu,1096
26086,yolo_x_cpu,1114
26087,yolo_x_cpu,1128
26088,yolo_x_cpu,1058
26089,yolo_x_cpu,1084
26090,yolo_x_cpu,1077
26091,yolo_x_cpu,1109
26092,yolo_x_cpu,1073
26093,yolo_x_cpu,1057
26094,yolo_x_cpu,1053
26095,yolo_x_cpu,1055
26096,yolo_x_cpu,1045
26097,yolo_x_cpu,1005
26098,yolo_x_cpu,1014
26099,yolo_x_cpu,961
26100,yolo_x_cpu,984
26101,yolo_x_cpu,950
26102,yolo_x_cpu,943
26103,yolo_x_cpu,1000
26104,yolo_x_cpu,977
26105,yolo_x_cpu,998
26106,yolo_x_cpu,1000
26107,yolo_x_cpu,1023
26108,yolo_x_cpu,994
26109,yolo_x_cpu,1026
26110,yolo_x_cpu,969
26111,yolo_x_cpu,1022
26112,yolo_x_cpu,1003
26113,yolo_x_cpu,1028
26114,yolo_x_cpu,1033
26115,yolo_x_cpu,969
26116,yolo_x_cpu,1081
26117,yolo_x_cpu,1033
26118,yolo_x_cpu,1066
26119,yolo_x_cpu,1030
26120,yolo_x_cpu,1018
26121,yolo_x_cpu,1043
26122,yolo_x_cpu,1029
26123,yolo_x_cpu,983
26124,yolo_x_cpu,1035
26125,yolo_x_cpu,958
26126,yolo_x_cpu,977
26127,yolo_x_cpu,976
26128,yolo_x_cpu,955
26129,yolo_x_cpu,973
26130,yolo_x_cpu,1052
26131,yolo_x_cpu,1086
26132,yolo_x_cpu,1102
26133,yolo_x_cpu,1150
26134,yolo_x_cpu,1146
26135,yolo_x_cpu,1169
26136,yolo_x_cpu,1122
26137,yolo_x_cpu,1113
26138,yolo_x_cpu,1010
26139,yolo_x_cpu,1041
26140,yolo_x_cpu,1061
26141,yolo_x_cpu,1001
26142,yolo_x_cpu,1035
26143,yolo_x_cpu,1062
26144,yolo_x_cpu,993
26145,yolo_x_cpu,1018
26146,yolo_x_cpu,1015
26147,yolo_x_cpu,1021
26148,yolo_x_cpu,982
26149,yolo_x_cpu,998
26150,yolo_x_cpu,1043
26151,yolo_x_cpu,970
26152,yolo_x_cpu,981
26153,yolo_x_cpu,1013
26154,yolo_x_cpu,962
26155,yolo_x_cpu,939
26156,yolo_x_cpu,1017
26157,yolo_x_cpu,1034
26158,yolo_x_cpu,1017
26159,yolo_x_cpu,963
26160,yolo_x_cpu,936
26161,yolo_x_cpu,946
26162,yolo_x_cpu,922
26163,yolo_x_cpu,962
26164,yolo_x_cpu,921
26165,yolo_x_cpu,948
26166,yolo_x_cpu,931
26167,yolo_x_cpu,924
26168,yolo_x_cpu,862
26169,yolo_x_cpu,870
26170,yolo_x_cpu,861
26171,yolo_x_cpu,840
26172,yolo_x_cpu,931
26173,yolo_x_cpu,913
26174,yolo_x_cpu,867
26175,yolo_x_cpu,844
26176,yolo_x_cpu,815
26177,yolo_x_cpu,827
26178,yolo_x_cpu,817
26179,yolo_x_cpu,856
26180,yolo_x_cpu,853
26181,yolo_x_cpu,826
26182,yolo_x_cpu,869
26183,yolo_x_cpu,842
26184,yolo_x_cpu,842
26185,yolo_x_cpu,829
26186,yolo_x_cpu,873
26187,yolo_x_cpu,885
26188,yolo_x_cpu,816
26189,yolo_x_cpu,795
26190,yolo_x_cpu,831
26191,yolo_x_cpu,804
26192,yolo_x_cpu,808
26193,yolo_x_cpu,895
26194,yolo_x_cpu,917
26195,yolo_x_cpu,897
26196,yolo_x_cpu,843
26197,yolo_x_cpu,932
26198,yolo_x_cpu,886
26199,yolo_x_cpu,869
26200,yolo_x_cpu,853
26201,yolo_x_cpu,766
26202,yolo_x_cpu,794
26203,yolo_x_cpu,802
26204,yolo_x_cpu,759
26205,yolo_x_cpu,818
26206,yolo_x_cpu,840
26207,yolo_x_cpu,861
26208,yolo_x_cpu,876
26209,yolo_x_cpu,884
26210,yolo_x_cpu,868
26211,yolo_x_cpu,880
26212,yolo_x_cpu,923
26213,yolo_x_cpu,920
26214,yolo_x_cpu,854
26215,yolo_x_cpu,844
26216,yolo_x_cpu,832
26217,yolo_x_cpu,793
26218,yolo_x_cpu,855
26219,yolo_x_cpu,819
26220,yolo_x_cpu,923
26221,yolo_x_cpu,924
26222,yolo_x_cpu,885
26223,yolo_x_cpu,926
26224,yolo_x_cpu,875
26225,yolo_x_cpu,924
26226,yolo_x_cpu,912
26227,yolo_x_cpu,950
26228,yolo_x_cpu,976
26229,yolo_x_cpu,995
26230,yolo_x_cpu,976
26231,yolo_x_cpu,981
26232,yolo_x_cpu,950
26233,yolo_x_cpu,936
26234,yolo_x_cpu,898
26235,yolo_x_cpu,973
26236,yolo_x_cpu,927
26237,yolo_x_cpu,910
26238,yolo_x_cpu,878
26239,yolo_x_cpu,926
26240,yolo_x_cpu,1008
26241,yolo_x_cpu,940
26242,yolo_x_cpu,1052
26243,yolo_x_cpu,932
26244,yolo_x_cpu,959
26245,yolo_x_cpu,938
26246,yolo_x_cpu,962
26247,yolo_x_cpu,936
26248,yolo_x_cpu,922
26249,yolo_x_cpu,916
26250,yolo_x_cpu,899
26251,yolo_x_cpu,947
26252,yolo_x_cpu,951
26253,yolo_x_cpu,940
26254,yolo_x_cpu,948
26255,yolo_x_cpu,989
26256,yolo_x_cpu,976
26257,yolo_x_cpu,963
26258,yolo_x_cpu,998
26259,yolo_x_cpu,1014
26260,yolo_x_cpu,1076
26261,yolo_x_cpu,1079
26262,yolo_x_cpu,1075
26263,yolo_x_cpu,1085
26264,yolo_x_cpu,1051
26265,yolo_x_cpu,1074
26266,yolo_x_cpu,1099
26267,yolo_x_cpu,1136
26268,yolo_x_cpu,1145
26269,yolo_x_cpu,1124
26270,yolo_x_cpu,1061
26271,yolo_x_cpu,1064
26272,yolo_x_cpu,1067
26273,yolo_x_cpu,1030
26274,yolo_x_cpu,1011
26275,yolo_x_cpu,1053
26276,yolo_x_cpu,1072
26277,yolo_x_cpu,1035
26278,yolo_x_cpu,1007
26279,yolo_x_cpu,1010
26280,yolo_x_cpu,1025
26281,yolo_x_cpu,984
26282,yolo_x_cpu,1029
26283,yolo_x_cpu,1070
26284,yolo_x_cpu,1018
26285,yolo_x_cpu,1093
26286,yolo_x_cpu,1107
26287,yolo_x_cpu,1062
26288,yolo_x_cpu,1047
26289,yolo_x_cpu,1083
26290,yolo_x_cpu,1073
26291,yolo_x_cpu,1100
26292,yolo_x_cpu,1108
26293,yolo_x_cpu,1121
26294,yolo_x_cpu,1077
26295,yolo_x_cpu,1082
26296,yolo_x_cpu,1020
26297,yolo_x_cpu,1075
26298,yolo_x_cpu,1058
26299,yolo_x_cpu,1088
26300,yolo_x_cpu,1107
26301,yolo_x_cpu,1115
26302,yolo_x_cpu,1100
26303,yolo_x_cpu,1082
26304,yolo_x_cpu,1136
26305,yolo_x_cpu,1129
26306,yolo_x_cpu,1156
26307,yolo_x_cpu,1138
26308,yolo_x_cpu,1171
26309,yolo_x_cpu,1215
26310,yolo_x_cpu,1166
26311,yolo_x_cpu,1203
26312,yolo_x_cpu,1246
26313,yolo_x_cpu,1231
26314,yolo_x_cpu,1202
26315,yolo_x_cpu,1142
26316,yolo_x_cpu,1162
26317,yolo_x_cpu,1143
26318,yolo_x_cpu,1219
26319,yolo_x_cpu,1181
26320,yolo_x_cpu,1153
26321,yolo_x_cpu,1105
26322,yolo_x_cpu,1149
26323,yolo_x_cpu,1161
26324,yolo_x_cpu,1134
26325,yolo_x_cpu,1180
26326,yolo_x_cpu,1164
26327,yolo_x_cpu,1146
26328,yolo_x_cpu,1209
26329,yolo_x_cpu,1143
26330,yolo_x_cpu,1125
26331,yolo_x_cpu,1102
26332,yolo_x_cpu,1045
26333,yolo_x_cpu,1028
26334,yolo_x_cpu,1050
26335,yolo_x_cpu,1027
26336,yolo_x_cpu,1057
26337,yolo_x_cpu,1046
26338,yolo_x_cpu,1026
26339,yolo_x_cpu,1034
26340,yolo_x_cpu,1120
26341,yolo_x_cpu,1071
26342,yolo_x_cpu,1093
26343,yolo_x_cpu,1061
26344,yolo_x_cpu,1008
26345,yolo_x_cpu,1003
26346,yolo_x_cpu,1006
26347,yolo_x_cpu,974
26348,yolo_x_cpu,998
26349,yolo_x_cpu,1061
26350,yolo_x_cpu,999
26351,yolo_x_cpu,1012
26352,yolo_x_cpu,1047
26353,yolo_x_cpu,1023
26354,yolo_x_cpu,1071
26355,yolo_x_cpu,994
26356,yolo_x_cpu,1009
26357,yolo_x_cpu,1025
26358,yolo_x_cpu,995
26359,yolo_x_cpu,942
26360,yolo_x_cpu,931
26361,yolo_x_cpu,964
26362,yolo_x_cpu,986
26363,yolo_x_cpu,995
26364,yolo_x_cpu,988
26365,yolo_x_cpu,1024
26366,yolo_x_cpu,1022
26367,yolo_x_cpu,1052
26368,yolo_x_cpu,1046
26369,yolo_x_cpu,1039
26370,yolo_x_cpu,1032
26371,yolo_x_cpu,1035
26372,yolo_x_cpu,1016
26373,yolo_x_cpu,1069
26374,yolo_x_cpu,1047
26375,yolo_x_cpu,1053
26376,yolo_x_cpu,1076
26377,yolo_x_cpu,1077
26378,yolo_x_cpu,994
26379,yolo_x_cpu,1030
26380,yolo_x_cpu,989
26381,yolo_x_cpu,1009
26382,yolo_x_cpu,938
26383,yolo_x_cpu,1019
26384,yolo_x_cpu,999
26385,yolo_x_cpu,973
26386,yolo_x_cpu,968
26387,yolo_x_cpu,961
26388,yolo_x_cpu,1045
26389,yolo_x_cpu,1018
26390,yolo_x_cpu,1020
26391,yolo_x_cpu,943
26392,yolo_x_cpu,1003
26393,yolo_x_cpu,1048
26394,yolo_x_cpu,1033
26395,yolo_x_cpu,1038
26396,yolo_x_cpu,1038
26397,yolo_x_cpu,1029
26398,yolo_x_cpu,1043
26399,yolo_x_cpu,1001
26400,yolo_x_cpu,977
26401,yolo_x_cpu,1011
26402,yolo_x_cpu,945
26403,yolo_x_cpu,927
26404,yolo_x_cpu,929
26405,yolo_x_cpu,847
26406,yolo_x_cpu,886
26407,yolo_x_cpu,906
26408,yolo_x_cpu,943
26409,yolo_x_cpu,928
26410,yolo_x_cpu,957
26411,yolo_x_cpu,949
26412,yolo_x_cpu,980
26413,yolo_x_cpu,946
26414,yolo_x_cpu,952
26415,yolo_x_cpu,960
26416,yolo_x_cpu,1003
26417,yolo_x_cpu,1028
26418,yolo_x_cpu,950
26419,yolo_x_cpu,943
26420,yolo_x_cpu,928
26421,yolo_x_cpu,985
26422,yolo_x_cpu,1022
26423,yolo_x_cpu,990
26424,yolo_x_cpu,956
26425,yolo_x_cpu,961
26426,yolo_x_cpu,1010
26427,yolo_x_cpu,944
26428,yolo_x_cpu,951
26429,yolo_x_cpu,948
26430,yolo_x_cpu,966
26431,yolo_x_cpu,967
26432,yolo_x_cpu,956
26433,yolo_x_cpu,956
26434,yolo_x_cpu,1035
26435,yolo_x_cpu,989
26436,yolo_x_cpu,982
26437,yolo_x_cpu,993
26438,yolo_x_cpu,994
26439,yolo_x_cpu,974
26440,yolo_x_cpu,946
26441,yolo_x_cpu,967
26442,yolo_x_cpu,964
26443,yolo_x_cpu,993
26444,yolo_x_cpu,1047
26445,yolo_x_cpu,1118
26446,yolo_x_cpu,1050
26447,yolo_x_cpu,1014
26448,yolo_x_cpu,1090
26449,yolo_x_cpu,1135
26450,yolo_x_cpu,1124
26451,yolo_x_cpu,1122
26452,yolo_x_cpu,1184
26453,yolo_x_cpu,1059
26454,yolo_x_cpu,1105
26455,yolo_x_cpu,1078
26456,yolo_x_cpu,1031
26457,yolo_x_cpu,1004
26458,yolo_x_cpu,1024
26459,yolo_x_cpu,1039
26460,yolo_x_cpu,959
26461,yolo_x_cpu,948
26462,yolo_x_cpu,939
26463,yolo_x_cpu,1040
26464,yolo_x_cpu,1064
26465,yolo_x_cpu,963
26466,yolo_x_cpu,1061
26467,yolo_x_cpu,1055
26468,yolo_x_cpu,1020
26469,yolo_x_cpu,1061
26470,yolo_x_cpu,1097
26471,yolo_x_cpu,1090
26472,yolo_x_cpu,1146
26473,yolo_x_cpu,1128
26474,yolo_x_cpu,1120
26475,yolo_x_cpu,1088
26476,yolo_x_cpu,1143
26477,yolo_x_cpu,1110
26478,yolo_x_cpu,1130
26479,yolo_x_cpu,1114
26480,yolo_x_cpu,1082
26481,yolo_x_cpu,1097
26482,yolo_x_cpu,1078
26483,yolo_x_cpu,1088
26484,yolo_x_cpu,1094
26485,yolo_x_cpu,1095
26486,yolo_x_cpu,1042
26487,yolo_x_cpu,1105
26488,yolo_x_cpu,1094
26489,yolo_x_cpu,1022
26490,yolo_x_cpu,1024
26491,yolo_x_cpu,1017
26492,yolo_x_cpu,990
26493,yolo_x_cpu,993
26494,yolo_x_cpu,956
26495,yolo_x_cpu,967
26496,yolo_x_cpu,1037
26497,yolo_x_cpu,1009
26498,yolo_x_cpu,950
26499,yolo_x_cpu,972
26500,yolo_x_cpu,954
26501,yolo_x_cpu,950
26502,yolo_x_cpu,924
26503,yolo_x_cpu,941
26504,yolo_x_cpu,952
26505,yolo_x_cpu,972
26506,yolo_x_cpu,1012
26507,yolo_x_cpu,1045
26508,yolo_x_cpu,1063
26509,yolo_x_cpu,1017
26510,yolo_x_cpu,1034
26511,yolo_x_cpu,945
26512,yolo_x_cpu,1050
26513,yolo_x_cpu,1058
26514,yolo_x_cpu,1042
26515,yolo_x_cpu,1027
26516,yolo_x_cpu,1009
26517,yolo_x_cpu,970
26518,yolo_x_cpu,950
26519,yolo_x_cpu,975
26520,yolo_x_cpu,987
26521,yolo_x_cpu,975
26522,yolo_x_cpu,976
26523,yolo_x_cpu,943
26524,yolo_x_cpu,919
26525,yolo_x_cpu,954
26526,yolo_x_cpu,878
26527,yolo_x_cpu,940
26528,yolo_x_cpu,878
26529,yolo_x_cpu,967
26530,yolo_x_cpu,993
26531,yolo_x_cpu,874
26532,yolo_x_cpu,882
26533,yolo_x_cpu,908
26534,yolo_x_cpu,847
26535,yolo_x_cpu,918
26536,yolo_x_cpu,919
26537,yolo_x_cpu,965
26538,yolo_x_cpu,904
26539,yolo_x_cpu,984
26540,yolo_x_cpu,951
26541,yolo_x_cpu,858
26542,yolo_x_cpu,891
26543,yolo_x_cpu,893
26544,yolo_x_cpu,860
26545,yolo_x_cpu,945
26546,yolo_x_cpu,847
26547,yolo_x_cpu,951
26548,yolo_x_cpu,846
26549,yolo_x_cpu,882
26550,yolo_x_cpu,905
26551,yolo_x_cpu,867
26552,yolo_x_cpu,880
26553,yolo_x_cpu,914
26554,yolo_x_cpu,873
26555,yolo_x_cpu,866
26556,yolo_x_cpu,904
26557,yolo_x_cpu,945
26558,yolo_x_cpu,945
26559,yolo_x_cpu,868
26560,yolo_x_cpu,902
26561,yolo_x_cpu,893
26562,yolo_x_cpu,853
26563,yolo_x_cpu,880
26564,yolo_x_cpu,844
26565,yolo_x_cpu,835
26566,yolo_x_cpu,849
26567,yolo_x_cpu,822
26568,yolo_x_cpu,832
26569,yolo_x_cpu,796
26570,yolo_x_cpu,834
26571,yolo_x_cpu,835
26572,yolo_x_cpu,821
26573,yolo_x_cpu,852
26574,yolo_x_cpu,810
26575,yolo_x_cpu,765
26576,yolo_x_cpu,778
26577,yolo_x_cpu,784
26578,yolo_x_cpu,762
26579,yolo_x_cpu,727
26580,yolo_x_cpu,801
26581,yolo_x_cpu,729
26582,yolo_x_cpu,720
26583,yolo_x_cpu,700
26584,yolo_x_cpu,653
26585,yolo_x_cpu,707
26586,yolo_x_cpu,699
26587,yolo_x_cpu,701
26588,yolo_x_cpu,730
26589,yolo_x_cpu,700
26590,yolo_x_cpu,741
26591,yolo_x_cpu,710
26592,yolo_x_cpu,779
26593,yolo_x_cpu,794
26594,yolo_x_cpu,729
26595,yolo_x_cpu,775
26596,yolo_x_cpu,757
26597,yolo_x_cpu,782
26598,yolo_x_cpu,738
26599,yolo_x_cpu,748
26600,yolo_x_cpu,790
26601,yolo_x_cpu,721
26602,yolo_x_cpu,700
26603,yolo_x_cpu,783
26604,yolo_x_cpu,746
26605,yolo_x_cpu,693
26606,yolo_x_cpu,701
26607,yolo_x_cpu,653
26608,yolo_x_cpu,737
26609,yolo_x_cpu,758
26610,yolo_x_cpu,664
26611,yolo_x_cpu,675
26612,yolo_x_cpu,734
26613,yolo_x_cpu,735
26614,yolo_x_cpu,739
26615,yolo_x_cpu,691
26616,yolo_x_cpu,680
26617,yolo_x_cpu,678
26618,yolo_x_cpu,705
26619,yolo_x_cpu,770
26620,yolo_x_cpu,788
26621,yolo_x_cpu,829
26622,yolo_x_cpu,827
26623,yolo_x_cpu,807
26624,yolo_x_cpu,817
26625,yolo_x_cpu,835
26626,yolo_x_cpu,796
26627,yolo_x_cpu,810
26628,yolo_x_cpu,711
26629,yolo_x_cpu,718
26630,yolo_x_cpu,746
26631,yolo_x_cpu,700
26632,yolo_x_cpu,721
26633,yolo_x_cpu,759
26634,yolo_x_cpu,809
26635,yolo_x_cpu,822
26636,yolo_x_cpu,807
26637,yolo_x_cpu,752
26638,yolo_x_cpu,748
26639,yolo_x_cpu,753
26640,yolo_x_cpu,726
26641,yolo_x_cpu,680
26642,yolo_x_cpu,727
26643,yolo_x_cpu,706
26644,yolo_x_cpu,720
26645,yolo_x_cpu,771
26646,yolo_x_cpu,757
26647,yolo_x_cpu,835
26648,yolo_x_cpu,780
26649,yolo_x_cpu,752
26650,yolo_x_cpu,813
26651,yolo_x_cpu,782
26652,yolo_x_cpu,737
26653,yolo_x_cpu,647
26654,yolo_x_cpu,696
26655,yolo_x_cpu,737
26656,yolo_x_cpu,741
26657,yolo_x_cpu,693
26658,yolo_x_cpu,702
26659,yolo_x_cpu,649
26660,yolo_x_cpu,620
26661,yolo_x_cpu,661
26662,yolo_x_cpu,724
26663,yolo_x_cpu,756
26664,yolo_x_cpu,686
26665,yolo_x_cpu,663
26666,yolo_x_cpu,672
26667,yolo_x_cpu,681
26668,yolo_x_cpu,689
26669,yolo_x_cpu,692
26670,yolo_x_cpu,724
26671,yolo_x_cpu,693
26672,yolo_x_cpu,724
26673,yolo_x_cpu,728
26674,yolo_x_cpu,667
26675,yolo_x_cpu,684
26676,yolo_x_cpu,690
26677,yolo_x_cpu,658
26678,yolo_x_cpu,694
26679,yolo_x_cpu,648
26680,yolo_x_cpu,667
26681,yolo_x_cpu,689
26682,yolo_x_cpu,713
26683,yolo_x_cpu,699
26684,yolo_x_cpu,693
26685,yolo_x_cpu,657
26686,yolo_x_cpu,648
26687,yolo_x_cpu,694
26688,yolo_x_cpu,728
26689,yolo_x_cpu,731
26690,yolo_x_cpu,678
26691,yolo_x_cpu,653
26692,yolo_x_cpu,658
26693,yolo_x_cpu,622
26694,yolo_x_cpu,599
26695,yolo_x_cpu,642
26696,yolo_x_cpu,649
26697,yolo_x_cpu,599
26698,yolo_x_cpu,651
26699,yolo_x_cpu,641
26700,yolo_x_cpu,631
26701,yolo_x_cpu,631
26702,yolo_x_cpu,632
26703,yolo_x_cpu,793
26704,yolo_x_cpu,654
26705,yolo_x_cpu,662
26706,yolo_x_cpu,694
26707,yolo_x_cpu,729
26708,yolo_x_cpu,669
26709,yolo_x_cpu,731
26710,yolo_x_cpu,709
26711,yolo_x_cpu,726
26712,yolo_x_cpu,716
26713,yolo_x_cpu,685
26714,yolo_x_cpu,743
26715,yolo_x_cpu,672
26716,yolo_x_cpu,668
26717,yolo_x_cpu,699
26718,yolo_x_cpu,629
26719,yolo_x_cpu,661
26720,yolo_x_cpu,713
26721,yolo_x_cpu,690
26722,yolo_x_cpu,618
26723,yolo_x_cpu,586
26724,yolo_x_cpu,622
26725,yolo_x_cpu,552
26726,yolo_x_cpu,674
26727,yolo_x_cpu,614
26728,yolo_x_cpu,609
26729,yolo_x_cpu,659
26730,yolo_x_cpu,616
26731,yolo_x_cpu,620
26732,yolo_x_cpu,667
26733,yolo_x_cpu,652
26734,yolo_x_cpu,638
26735,yolo_x_cpu,603
26736,yolo_x_cpu,592
26737,yolo_x_cpu,665
26738,yolo_x_cpu,577
26739,yolo_x_cpu,577
26740,yolo_x_cpu,633
26741,yolo_x_cpu,581
26742,yolo_x_cpu,582
26743,yolo_x_cpu,585
26744,yolo_x_cpu,555
26745,yolo_x_cpu,597
26746,yolo_x_cpu,559
26747,yolo_x_cpu,549
26748,yolo_x_cpu,561
26749,yolo_x_cpu,487
26750,yolo_x_cpu,513
26751,yolo_x_cpu,503
26752,yolo_x_cpu,499
26753,yolo_x_cpu,411
26754,yolo_x_cpu,527
26755,yolo_x_cpu,520
26756,yolo_x_cpu,492
26757,yolo_x_cpu,490
26758,yolo_x_cpu,497
26759,yolo_x_cpu,487
26760,yolo_x_cpu,539
26761,yolo_x_cpu,515
26762,yolo_x_cpu,481
26763,yolo_x_cpu,513
26764,yolo_x_cpu,482
26765,yolo_x_cpu,479
26766,yolo_x_cpu,498
26767,yolo_x_cpu,506
26768,yolo_x_cpu,511
26769,yolo_x_cpu,446
26770,yolo_x_cpu,421
26771,yolo_x_cpu,468
26772,yolo_x_cpu,465
26773,yolo_x_cpu,477
26774,yolo_x_cpu,471
26775,yolo_x_cpu,438
26776,yolo_x_cpu,418
26777,yolo_x_cpu,388
26778,yolo_x_cpu,417
26779,yolo_x_cpu,530
26780,yolo_x_cpu,482
26781,yolo_x_cpu,454
26782,yolo_x_cpu,420
26783,yolo_x_cpu,498
26784,yolo_x_cpu,453
26785,yolo_x_cpu,404
26786,yolo_x_cpu,433
26787,yolo_x_cpu,408
26788,yolo_x_cpu,432
26789,yolo_x_cpu,529
26790,yolo_x_cpu,481
26791,yolo_x_cpu,458
26792,yolo_x_cpu,493
26793,yolo_x_cpu,506
26794,yolo_x_cpu,427
26795,yolo_x_cpu,543
26796,yolo_x_cpu,522
26797,yolo_x_cpu,466
26798,yolo_x_cpu,497
26799,yolo_x_cpu,486
26800,yolo_x_cpu,461
26801,yolo_x_cpu,450
26802,yolo_x_cpu,479
26803,yolo_x_cpu,410
26804,yolo_x_cpu,440
26805,yolo_x_cpu,414
26806,yolo_x_cpu,401
26807,yolo_x_cpu,429
26808,yolo_x_cpu,409
26809,yolo_x_cpu,504
26810,yolo_x_cpu,392
26811,yolo_x_cpu,382
26812,yolo_x_cpu,333
26813,yolo_x_cpu,380
26814,yolo_x_cpu,347
26815,yolo_x_cpu,405
26816,yolo_x_cpu,394
26817,yolo_x_cpu,366
26818,yolo_x_cpu,332
26819,yolo_x_cpu,379
26820,yolo_x_cpu,353
26821,yolo_x_cpu,319
26822,yolo_x_cpu,299
26823,yolo_x_cpu,339
26824,yolo_x_cpu,359
26825,yolo_x_cpu,382
26826,yolo_x_cpu,373
26827,yolo_x_cpu,360
26828,yolo_x_cpu,332
26829,yolo_x_cpu,340
26830,yolo_x_cpu,357
26831,yolo_x_cpu,324
26832,yolo_x_cpu,294
26833,yolo_x_cpu,330
26834,yolo_x_cpu,329
26835,yolo_x_cpu,272
26836,yolo_x_cpu,350
26837,yolo_x_cpu,347
26838,yolo_x_cpu,328
26839,yolo_x_cpu,316
26840,yolo_x_cpu,353
26841,yolo_x_cpu,352
26842,yolo_x_cpu,318
26843,yolo_x_cpu,326
26844,yolo_x_cpu,316
26845,yolo_x_cpu,284
26846,yolo_x_cpu,279
26847,yolo_x_cpu,271
26848,yolo_x_cpu,304
26849,yolo_x_cpu,281
26850,yolo_x_cpu,257
26851,yolo_x_cpu,236
26852,yolo_x_cpu,300
26853,yolo_x_cpu,282
26854,yolo_x_cpu,257
26855,yolo_x_cpu,278
26856,yolo_x_cpu,290
26857,yolo_x_cpu,269
26858,yolo_x_cpu,244
26859,yolo_x_cpu,292
26860,yolo_x_cpu,320
26861,yolo_x_cpu,292
26862,yolo_x_cpu,280
26863,yolo_x_cpu,316
26864,yolo_x_cpu,289
26865,yolo_x_cpu,276
26866,yolo_x_cpu,242
26867,yolo_x_cpu,269
26868,yolo_x_cpu,280
26869,yolo_x_cpu,277
26870,yolo_x_cpu,297
26871,yolo_x_cpu,261
26872,yolo_x_cpu,286
26873,yolo_x_cpu,301
26874,yolo_x_cpu,275
26875,yolo_x_cpu,265
26876,yolo_x_cpu,248
26877,yolo_x_cpu,221
26878,yolo_x_cpu,233
26879,yolo_x_cpu,245
26880,yolo_x_cpu,251
26881,yolo_x_cpu,241
26882,yolo_x_cpu,282
26883,yolo_x_cpu,246
26884,yolo_x_cpu,232
26885,yolo_x_cpu,244
26886,yolo_x_cpu,230
26887,yolo_x_cpu,223
26888,yolo_x_cpu,239
26889,yolo_x_cpu,212
26890,yolo_x_cpu,207
26891,yolo_x_cpu,209
26892,yolo_x_cpu,219
26893,yolo_x_cpu,216
26894,yolo_x_cpu,218
26895,yolo_x_cpu,227
26896,yolo_x_cpu,220
26897,yolo_x_cpu,241
26898,yolo_x_cpu,245
26899,yolo_x_cpu,262
26900,yolo_x_cpu,268
26901,yolo_x_cpu,237
26902,yolo_x_cpu,250
26903,yolo_x_cpu,246
26904,yolo_x_cpu,259
26905,yolo_x_cpu,224
26906,yolo_x_cpu,205
26907,yolo_x_cpu,237
26908,yolo_x_cpu,241
26909,yolo_x_cpu,208
26910,yolo_x_cpu,212
26911,yolo_x_cpu,231
26912,yolo_x_cpu,230
26913,yolo_x_cpu,215
26914,yolo_x_cpu,207
26915,yolo_x_cpu,230
26916,yolo_x_cpu,227
26917,yolo_x_cpu,206
26918,yolo_x_cpu,208
26919,yolo_x_cpu,223
26920,yolo_x_cpu,193
26921,yolo_x_cpu,179
26922,yolo_x_cpu,180
26923,yolo_x_cpu,180
26924,yolo_x_cpu,160
26925,yolo_x_cpu,162
26926,yolo_x_cpu,159
26927,yolo_x_cpu,144
26928,yolo_x_cpu,144
26929,yolo_x_cpu,157
26930,yolo_x_cpu,155
26931,yolo_x_cpu,161
26932,yolo_x_cpu,177
26933,yolo_x_cpu,171
26934,yolo_x_cpu,173
26935,yolo_x_cpu,178
26936,yolo_x_cpu,186
26937,yolo_x_cpu,171
26938,yolo_x_cpu,133
26939,yolo_x_cpu,168
26940,yolo_x_cpu,176
26941,yolo_x_cpu,173
26942,yolo_x_cpu,174
26943,yolo_x_cpu,170
26944,yolo_x_cpu,179
26945,yolo_x_cpu,194
26946,yolo_x_cpu,190
26947,yolo_x_cpu,177
26948,yolo_x_cpu,161
26949,yolo_x_cpu,167
26950,yolo_x_cpu,149
26951,yolo_x_cpu,126
26952,yolo_x_cpu,108
26953,yolo_x_cpu,115
26954,yolo_x_cpu,133
26955,yolo_x_cpu,173
26956,yolo_x_cpu,149
26957,yolo_x_cpu,139
26958,yolo_x_cpu,113
26959,yolo_x_cpu,133
26960,yolo_x_cpu,114
26961,yolo_x_cpu,151
26962,yolo_x_cpu,153
26963,yolo_x_cpu,151
26964,yolo_x_cpu,139
26965,yolo_x_cpu,136
26966,yolo_x_cpu,124
26967,yolo_x_cpu,135
26968,yolo_x_cpu,123
26969,yolo_x_cpu,115
26970,yolo_x_cpu,107
26971,yolo_x_cpu,106
26972,yolo_x_cpu,112
26973,yolo_x_cpu,110
26974,yolo_x_cpu,124
26975,yolo_x_cpu,142
26976,yolo_x_cpu,117
26977,yolo_x_cpu,100
26978,yolo_x_cpu,86
26979,yolo_x_cpu,100
26980,yolo_x_cpu,90
26981,yolo_x_cpu,104
26982,yolo_x_cpu,126
26983,yolo_x_cpu,106
26984,yolo_x_cpu,85
26985,yolo_x_cpu,90
26986,yolo_x_cpu,110
26987,yolo_x_cpu,115
26988,yolo_x_cpu,115
26989,yolo_x_cpu,101
26990,yolo_x_cpu,104
26991,yolo_x_cpu,83
26992,yolo_x_cpu,78
26993,yolo_x_cpu,75
26994,yolo_x_cpu,67
26995,yolo_x_cpu,79
26996,yolo_x_cpu,69
26997,yolo_x_cpu,70
26998,yolo_x_cpu,74
26999,yolo_x_cpu,84
27000,yolo_x_cpu,77
27001,yolo_x_cpu,105
27002,yolo_x_cpu,76
27003,yolo_x_cpu,62
27004,yolo_x_cpu,58
27005,yolo_x_cpu,44
27006,yolo_x_cpu,47
27007,yolo_x_cpu,63
27008,yolo_x_cpu,48
27009,yolo_x_cpu,55
27010,yolo_x_cpu,46
27011,yolo_x_cpu,44
27012,yolo_x_cpu,49
27013,yolo_x_cpu,59
27014,yolo_x_cpu,61
27015,yolo_x_cpu,74
27016,yolo_x_cpu,65
27017,yolo_x_cpu,65
27018,yolo_x_cpu,64
27019,yolo_x_cpu,65
27020,yolo_x_cpu,74
27021,yolo_x_cpu,59
27022,yolo_x_cpu,74
27023,yolo_x_cpu,69
27024,yolo_x_cpu,58
27025,yolo_x_cpu,49
27026,yolo_x_cpu,51
27027,yolo_x_cpu,51
27028,yolo_x_cpu,44
27029,yolo_x_cpu,42
27030,yolo_x_cpu,28
27031,yolo_x_cpu,21
27032,yolo_x_cpu,22
27033,yolo_x_cpu,21
27034,yolo_x_cpu,22
27035,yolo_x_cpu,21
27036,yolo_x_cpu,17
27037,yolo_x_cpu,16
27038,yolo_x_cpu,12
27039,yolo_x_cpu,22
27040,yolo_x_cpu,33
27041,yolo_x_cpu,33
27042,yolo_x_cpu,27
27043,yolo_x_cpu,31
27044,yolo_x_cpu,34
27045,yolo_x_cpu,23
27046,yolo_x_cpu,23
27047,yolo_x_cpu,31
27048,yolo_x_cpu,32
27049,yolo_x_cpu,29
27050,yolo_x_cpu,47
27051,yolo_x_cpu,41
27052,yolo_x_cpu,54
27053,yolo_x_cpu,61
27054,yolo_x_cpu,55
27055,yolo_x_cpu,54
27056,yolo_x_cpu,71
27057,yolo_x_cpu,63
27058,yolo_x_cpu,62
27059,yolo_x_cpu,62
27060,yolo_x_cpu,72
27061,yolo_x_cpu,1779
27062,yolo_x_cpu,1958
27063,yolo_x_cpu,1345
27064,yolo_x_cpu,261
27065,yolo_x_cpu,221
27066,yolo_x_cpu,292
27067,yolo_x_cpu,276
27068,yolo_x_cpu,234
27069,yolo_x_cpu,230
27070,yolo_x_cpu,202
27071,yolo_x_cpu,187
27072,yolo_x_cpu,170
27073,yolo_x_cpu,156
27074,yolo_x_cpu,165
27075,yolo_x_cpu,137
27076,yolo_x_cpu,135
27077,yolo_x_cpu,154
27078,yolo_x_cpu,109
27079,yolo_x_cpu,119
27080,yolo_x_cpu,107
27081,yolo_x_cpu,57
27082,yolo_x_cpu,56
27083,yolo_x_cpu,34
27084,yolo_x_cpu,47
27085,yolo_x_cpu,42
27086,yolo_x_cpu,44
27087,yolo_x_cpu,46
27088,yolo_x_cpu,45
27089,yolo_x_cpu,56
27090,yolo_x_cpu,48
27091,yolo_x_cpu,58
27092,yolo_x_cpu,74
27093,yolo_x_cpu,65
27094,yolo_x_cpu,50
27095,yolo_x_cpu,64
27096,yolo_x_cpu,53
27097,yolo_x_cpu,42
27098,yolo_x_cpu,41
27099,yolo_x_cpu,34
27100,yolo_x_cpu,33
27101,yolo_x_cpu,30
27102,yolo_x_cpu,29
27103,yolo_x_cpu,24
27104,yolo_x_cpu,21
27105,yolo_x_cpu,48
27106,yolo_x_cpu,34
27107,yolo_x_cpu,36
27108,yolo_x_cpu,34
27109,yolo_x_cpu,29
27110,yolo_x_cpu,25
27111,yolo_x_cpu,22
27112,yolo_x_cpu,24
27113,yolo_x_cpu,26
27114,yolo_x_cpu,21
27115,yolo_x_cpu,23
27116,yolo_x_cpu,34
27117,yolo_x_cpu,29
27118,yolo_x_cpu,53
27119,yolo_x_cpu,37
27120,yolo_x_cpu,28
27121,yolo_x_cpu,24
27122,yolo_x_cpu,37
27123,yolo_x_cpu,43
27124,yolo_x_cpu,41
27125,yolo_x_cpu,40
27126,yolo_x_cpu,49
27127,yolo_x_cpu,31
27128,yolo_x_cpu,26
27129,yolo_x_cpu,23
27130,yolo_x_cpu,19
27131,yolo_x_cpu,26
27132,yolo_x_cpu,30
27133,yolo_x_cpu,26
27134,yolo_x_cpu,35
27135,yolo_x_cpu,37
27136,yolo_x_cpu,16
27137,yolo_x_cpu,14
27138,yolo_x_cpu,15
27139,yolo_x_cpu,16
27140,yolo_x_cpu,18
27141,yolo_x_cpu,19
27142,yolo_x_cpu,27
27143,yolo_x_cpu,28
27144,yolo_x_cpu,25
27145,yolo_x_cpu,42
27146,yolo_x_cpu,30
27147,yolo_x_cpu,24
27148,yolo_x_cpu,24
27149,yolo_x_cpu,34
27150,yolo_x_cpu,21
27151,yolo_x_cpu,28
27152,yolo_x_cpu,28
27153,yolo_x_cpu,25
27154,yolo_x_cpu,32
27155,yolo_x_cpu,40
27156,yolo_x_cpu,22
27157,yolo_x_cpu,15
27158,yolo_x_cpu,12
27159,yolo_x_cpu,15
27160,yolo_x_cpu,18
27161,yolo_x_cpu,11
27162,yolo_x_cpu,8
27163,yolo_x_cpu,12
27164,yolo_x_cpu,12
27165,yolo_x_cpu,7
27166,yolo_x_cpu,19
27167,yolo_x_cpu,11
27168,yolo_x_cpu,13
27169,yolo_x_cpu,13
27170,yolo_x_cpu,15
27171,yolo_x_cpu,24
27172,yolo_x_cpu,19
27173,yolo_x_cpu,15
27174,yolo_x_cpu,20
27175,yolo_x_cpu,15
27176,yolo_x_cpu,17
27177,yolo_x_cpu,23
27178,yolo_x_cpu,28
27179,yolo_x_cpu,23
27180,yolo_x_cpu,34
27181,yolo_x_cpu,47
27182,yolo_x_cpu,45
27183,yolo_x_cpu,40
27184,yolo_x_cpu,37
27185,yolo_x_cpu,44
27186,yolo_x_cpu,33
27187,yolo_x_cpu,26
27188,yolo_x_cpu,27
27189,yolo_x_cpu,33
27190,yolo_x_cpu,44
27191,yolo_x_cpu,37
27192,yolo_x_cpu,51
27193,yolo_x_cpu,44
27194,yolo_x_cpu,45
27195,yolo_x_cpu,60
27196,yolo_x_cpu,51
27197,yolo_x_cpu,58
27198,yolo_x_cpu,53
27199,yolo_x_cpu,52
27200,yolo_x_cpu,51
27201,yolo_x_cpu,44
27202,yolo_x_cpu,40
27203,yolo_x_cpu,48
27204,yolo_x_cpu,37
27205,yolo_x_cpu,26
27206,yolo_x_cpu,30
27207,yolo_x_cpu,35
27208,yolo_x_cpu,34
27209,yolo_x_cpu,25
27210,yolo_x_cpu,25
27211,yolo_x_cpu,23
27212,yolo_x_cpu,27
27213,yolo_x_cpu,23
27214,yolo_x_cpu,39
27215,yolo_x_cpu,31
27216,yolo_x_cpu,25
27217,yolo_x_cpu,23
27218,yolo_x_cpu,22
27219,yolo_x_cpu,34
27220,yolo_x_cpu,35
27221,yolo_x_cpu,21
27222,yolo_x_cpu,22
27223,yolo_x_cpu,49
27224,yolo_x_cpu,49
27225,yolo_x_cpu,36
27226,yolo_x_cpu,33
27227,yolo_x_cpu,41
27228,yolo_x_cpu,35
27229,yolo_x_cpu,42
27230,yolo_x_cpu,48
27231,yolo_x_cpu,44
27232,yolo_x_cpu,47
27233,yolo_x_cpu,52
27234,yolo_x_cpu,42
27235,yolo_x_cpu,28
27236,yolo_x_cpu,34
27237,yolo_x_cpu,31
27238,yolo_x_cpu,22
27239,yolo_x_cpu,21
27240,yolo_x_cpu,32
27241,yolo_x_cpu,30
27242,yolo_x_cpu,25
27243,yolo_x_cpu,19
27244,yolo_x_cpu,33
27245,yolo_x_cpu,49
27246,yolo_x_cpu,48
27247,yolo_x_cpu,32
27248,yolo_x_cpu,36
27249,yolo_x_cpu,33
27250,yolo_x_cpu,43
27251,yolo_x_cpu,41
27252,yolo_x_cpu,38
27253,yolo_x_cpu,45
27254,yolo_x_cpu,58
27255,yolo_x_cpu,63
27256,yolo_x_cpu,61
27257,yolo_x_cpu,58
27258,yolo_x_cpu,58
27259,yolo_x_cpu,53
27260,yolo_x_cpu,56
27261,yolo_x_cpu,61
27262,yolo_x_cpu,64
27263,yolo_x_cpu,56
27264,yolo_x_cpu,58
27265,yolo_x_cpu,64
27266,yolo_x_cpu,67
27267,yolo_x_cpu,55
27268,yolo_x_cpu,69
27269,yolo_x_cpu,59
27270,yolo_x_cpu,63
27271,yolo_x_cpu,72
27272,yolo_x_cpu,67
27273,yolo_x_cpu,70
27274,yolo_x_cpu,90
27275,yolo_x_cpu,61
27276,yolo_x_cpu,69
27277,yolo_x_cpu,78
27278,yolo_x_cpu,79
27279,yolo_x_cpu,79
27280,yolo_x_cpu,83
27281,yolo_x_cpu,83
27282,yolo_x_cpu,60
27283,yolo_x_cpu,76
27284,yolo_x_cpu,81
27285,yolo_x_cpu,96
27286,yolo_x_cpu,84
27287,yolo_x_cpu,68
27288,yolo_x_cpu,65
27289,yolo_x_cpu,64
27290,yolo_x_cpu,75
27291,yolo_x_cpu,82
27292,yolo_x_cpu,85
27293,yolo_x_cpu,99
27294,yolo_x_cpu,107
27295,yolo_x_cpu,122
27296,yolo_x_cpu,142
27297,yolo_x_cpu,141
27298,yolo_x_cpu,119
27299,yolo_x_cpu,109
27300,yolo_x_cpu,98
27301,yolo_x_cpu,104
27302,yolo_x_cpu,116
27303,yolo_x_cpu,162
27304,yolo_x_cpu,141
27305,yolo_x_cpu,133
27306,yolo_x_cpu,137
27307,yolo_x_cpu,128
27308,yolo_x_cpu,131
27309,yolo_x_cpu,130
27310,yolo_x_cpu,157
27311,yolo_x_cpu,157
27312,yolo_x_cpu,150
27313,yolo_x_cpu,148
27314,yolo_x_cpu,177
27315,yolo_x_cpu,177
27316,yolo_x_cpu,174
27317,yolo_x_cpu,191
27318,yolo_x_cpu,199
27319,yolo_x_cpu,181
27320,yolo_x_cpu,200
27321,yolo_x_cpu,214
27322,yolo_x_cpu,222
27323,yolo_x_cpu,213
27324,yolo_x_cpu,209
27325,yolo_x_cpu,211
27326,yolo_x_cpu,203
27327,yolo_x_cpu,230
27328,yolo_x_cpu,229
27329,yolo_x_cpu,235
27330,yolo_x_cpu,228
27331,yolo_x_cpu,236
27332,yolo_x_cpu,226
27333,yolo_x_cpu,231
27334,yolo_x_cpu,263
27335,yolo_x_cpu,248
27336,yolo_x_cpu,260
27337,yolo_x_cpu,241
27338,yolo_x_cpu,249
27339,yolo_x_cpu,242
27340,yolo_x_cpu,257
27341,yolo_x_cpu,232
27342,yolo_x_cpu,248
27343,yolo_x_cpu,252
27344,yolo_x_cpu,263
27345,yolo_x_cpu,266
27346,yolo_x_cpu,246
27347,yolo_x_cpu,281
27348,yolo_x_cpu,266
27349,yolo_x_cpu,317
27350,yolo_x_cpu,345
27351,yolo_x_cpu,319
27352,yolo_x_cpu,310
27353,yolo_x_cpu,299
27354,yolo_x_cpu,314
27355,yolo_x_cpu,333
27356,yolo_x_cpu,325
27357,yolo_x_cpu,355
27358,yolo_x_cpu,366
27359,yolo_x_cpu,327
27360,yolo_x_cpu,337
27361,yolo_x_cpu,305
27362,yolo_x_cpu,303
27363,yolo_x_cpu,351
27364,yolo_x_cpu,323
27365,yolo_x_cpu,319
27366,yolo_x_cpu,325
27367,yolo_x_cpu,399
27368,yolo_x_cpu,384
27369,yolo_x_cpu,390
27370,yolo_x_cpu,345
27371,yolo_x_cpu,416
27372,yolo_x_cpu,348
27373,yolo_x_cpu,422
27374,yolo_x_cpu,386
27375,yolo_x_cpu,379
27376,yolo_x_cpu,391
27377,yolo_x_cpu,447
27378,yolo_x_cpu,445
27379,yolo_x_cpu,496
27380,yolo_x_cpu,482
27381,yolo_x_cpu,467
27382,yolo_x_cpu,418
27383,yolo_x_cpu,408
27384,yolo_x_cpu,404
27385,yolo_x_cpu,401
27386,yolo_x_cpu,446
27387,yolo_x_cpu,461
27388,yolo_x_cpu,417
27389,yolo_x_cpu,461
27390,yolo_x_cpu,498
27391,yolo_x_cpu,482
27392,yolo_x_cpu,511
27393,yolo_x_cpu,522
27394,yolo_x_cpu,544
27395,yolo_x_cpu,502
27396,yolo_x_cpu,558
27397,yolo_x_cpu,567
27398,yolo_x_cpu,534
27399,yolo_x_cpu,550
27400,yolo_x_cpu,577
27401,yolo_x_cpu,553
27402,yolo_x_cpu,530
27403,yolo_x_cpu,509
27404,yolo_x_cpu,552
27405,yolo_x_cpu,587
27406,yolo_x_cpu,614
27407,yolo_x_cpu,561
27408,yolo_x_cpu,649
27409,yolo_x_cpu,674
27410,yolo_x_cpu,624
27411,yolo_x_cpu,683
27412,yolo_x_cpu,613
27413,yolo_x_cpu,656
27414,yolo_x_cpu,670
27415,yolo_x_cpu,676
27416,yolo_x_cpu,714
27417,yolo_x_cpu,691
27418,yolo_x_cpu,697
27419,yolo_x_cpu,690
27420,yolo_x_cpu,680
27421,yolo_x_cpu,715
27422,yolo_x_cpu,587
27423,yolo_x_cpu,684
27424,yolo_x_cpu,662
27425,yolo_x_cpu,712
27426,yolo_x_cpu,662
27427,yolo_x_cpu,736
27428,yolo_x_cpu,687
27429,yolo_x_cpu,750
27430,yolo_x_cpu,789
27431,yolo_x_cpu,787
27432,yolo_x_cpu,791
27433,yolo_x_cpu,792
27434,yolo_x_cpu,725
27435,yolo_x_cpu,707
27436,yolo_x_cpu,794
27437,yolo_x_cpu,779
27438,yolo_x_cpu,826
27439,yolo_x_cpu,807
27440,yolo_x_cpu,823
27441,yolo_x_cpu,832
27442,yolo_x_cpu,793
27443,yolo_x_cpu,910
27444,yolo_x_cpu,863
27445,yolo_x_cpu,833
27446,yolo_x_cpu,812
27447,yolo_x_cpu,839
27448,yolo_x_cpu,891
27449,yolo_x_cpu,893
27450,yolo_x_cpu,903
27451,yolo_x_cpu,924
27452,yolo_x_cpu,896
27453,yolo_x_cpu,932
27454,yolo_x_cpu,926
27455,yolo_x_cpu,957
27456,yolo_x_cpu,933
27457,yolo_x_cpu,945
27458,yolo_x_cpu,938
27459,yolo_x_cpu,945
27460,yolo_x_cpu,926
27461,yolo_x_cpu,946
27462,yolo_x_cpu,923
27463,yolo_x_cpu,901
27464,yolo_x_cpu,967
27465,yolo_x_cpu,959
27466,yolo_x_cpu,894
27467,yolo_x_cpu,877
27468,yolo_x_cpu,959
27469,yolo_x_cpu,890
27470,yolo_x_cpu,879
27471,yolo_x_cpu,896
27472,yolo_x_cpu,898
27473,yolo_x_cpu,849
27474,yolo_x_cpu,906
27475,yolo_x_cpu,934
27476,yolo_x_cpu,980
27477,yolo_x_cpu,988
27478,yolo_x_cpu,1003
27479,yolo_x_cpu,937
27480,yolo_x_cpu,893
27481,yolo_x_cpu,904
27482,yolo_x_cpu,953
27483,yolo_x_cpu,947
27484,yolo_x_cpu,959
27485,yolo_x_cpu,990
27486,yolo_x_cpu,926
27487,yolo_x_cpu,959
27488,yolo_x_cpu,972
27489,yolo_x_cpu,970
27490,yolo_x_cpu,955
27491,yolo_x_cpu,980
27492,yolo_x_cpu,911
27493,yolo_x_cpu,933
27494,yolo_x_cpu,889
27495,yolo_x_cpu,838
27496,yolo_x_cpu,909
27497,yolo_x_cpu,939
27498,yolo_x_cpu,942
27499,yolo_x_cpu,939
27500,yolo_x_cpu,946
27501,yolo_x_cpu,915
27502,yolo_x_cpu,881
27503,yolo_x_cpu,962
27504,yolo_x_cpu,958
27505,yolo_x_cpu,962
27506,yolo_x_cpu,957
27507,yolo_x_cpu,967
27508,yolo_x_cpu,929
27509,yolo_x_cpu,947
27510,yolo_x_cpu,911
27511,yolo_x_cpu,952
27512,yolo_x_cpu,964
27513,yolo_x_cpu,954
27514,yolo_x_cpu,932
27515,yolo_x_cpu,936
27516,yolo_x_cpu,909
27517,yolo_x_cpu,924
27518,yolo_x_cpu,838
27519,yolo_x_cpu,837
27520,yolo_x_cpu,859
27521,yolo_x_cpu,851
27522,yolo_x_cpu,888
27523,yolo_x_cpu,947
27524,yolo_x_cpu,937
27525,yolo_x_cpu,887
27526,yolo_x_cpu,884
27527,yolo_x_cpu,872
27528,yolo_x_cpu,884
27529,yolo_x_cpu,891
27530,yolo_x_cpu,890
27531,yolo_x_cpu,927
27532,yolo_x_cpu,971
27533,yolo_x_cpu,967
27534,yolo_x_cpu,971
27535,yolo_x_cpu,984
27536,yolo_x_cpu,954
27537,yolo_x_cpu,969
27538,yolo_x_cpu,949
27539,yolo_x_cpu,973
27540,yolo_x_cpu,985
27541,yolo_x_cpu,1007
27542,yolo_x_cpu,958
27543,yolo_x_cpu,979
27544,yolo_x_cpu,884
27545,yolo_x_cpu,974
27546,yolo_x_cpu,949
27547,yolo_x_cpu,934
27548,yolo_x_cpu,983
27549,yolo_x_cpu,1018
27550,yolo_x_cpu,988
27551,yolo_x_cpu,933
27552,yolo_x_cpu,970
27553,yolo_x_cpu,943
27554,yolo_x_cpu,921
27555,yolo_x_cpu,936
27556,yolo_x_cpu,930
27557,yolo_x_cpu,1001
27558,yolo_x_cpu,914
27559,yolo_x_cpu,981
27560,yolo_x_cpu,1045
27561,yolo_x_cpu,1048
27562,yolo_x_cpu,1100
27563,yolo_x_cpu,1070
27564,yolo_x_cpu,1035
27565,yolo_x_cpu,1020
27566,yolo_x_cpu,1025
27567,yolo_x_cpu,996
27568,yolo_x_cpu,971
27569,yolo_x_cpu,956
27570,yolo_x_cpu,985
27571,yolo_x_cpu,1009
27572,yolo_x_cpu,970
27573,yolo_x_cpu,961
27574,yolo_x_cpu,993
27575,yolo_x_cpu,964
27576,yolo_x_cpu,978
27577,yolo_x_cpu,917
27578,yolo_x_cpu,913
27579,yolo_x_cpu,943
27580,yolo_x_cpu,937
27581,yolo_x_cpu,890
27582,yolo_x_cpu,875
27583,yolo_x_cpu,993
27584,yolo_x_cpu,964
27585,yolo_x_cpu,901
27586,yolo_x_cpu,901
27587,yolo_x_cpu,898
27588,yolo_x_cpu,902
27589,yolo_x_cpu,821
27590,yolo_x_cpu,898
27591,yolo_x_cpu,888
27592,yolo_x_cpu,920
27593,yolo_x_cpu,878
27594,yolo_x_cpu,860
27595,yolo_x_cpu,857
27596,yolo_x_cpu,883
27597,yolo_x_cpu,914
27598,yolo_x_cpu,901
27599,yolo_x_cpu,908
27600,yolo_x_cpu,928
27601,yolo_x_cpu,915
27602,yolo_x_cpu,921
27603,yolo_x_cpu,890
27604,yolo_x_cpu,886
27605,yolo_x_cpu,893
27606,yolo_x_cpu,938
27607,yolo_x_cpu,945
27608,yolo_x_cpu,963
27609,yolo_x_cpu,974
27610,yolo_x_cpu,987
27611,yolo_x_cpu,949
27612,yolo_x_cpu,957
27613,yolo_x_cpu,912
27614,yolo_x_cpu,943
27615,yolo_x_cpu,970
27616,yolo_x_cpu,971
27617,yolo_x_cpu,1017
27618,yolo_x_cpu,1021
27619,yolo_x_cpu,1040
27620,yolo_x_cpu,1019
27621,yolo_x_cpu,1006
27622,yolo_x_cpu,1011
27623,yolo_x_cpu,970
27624,yolo_x_cpu,933
27625,yolo_x_cpu,859
27626,yolo_x_cpu,952
27627,yolo_x_cpu,920
27628,yolo_x_cpu,908
27629,yolo_x_cpu,938
27630,yolo_x_cpu,905
27631,yolo_x_cpu,866
27632,yolo_x_cpu,885
27633,yolo_x_cpu,831
27634,yolo_x_cpu,885
27635,yolo_x_cpu,820
27636,yolo_x_cpu,835
27637,yolo_x_cpu,778
27638,yolo_x_cpu,868
27639,yolo_x_cpu,860
27640,yolo_x_cpu,860
27641,yolo_x_cpu,847
27642,yolo_x_cpu,800
27643,yolo_x_cpu,847
27644,yolo_x_cpu,837
27645,yolo_x_cpu,848
27646,yolo_x_cpu,838
27647,yolo_x_cpu,883
27648,yolo_x_cpu,896
27649,yolo_x_cpu,931
27650,yolo_x_cpu,892
27651,yolo_x_cpu,888
27652,yolo_x_cpu,864
27653,yolo_x_cpu,912
27654,yolo_x_cpu,936
27655,yolo_x_cpu,921
27656,yolo_x_cpu,906
27657,yolo_x_cpu,914
27658,yolo_x_cpu,878
27659,yolo_x_cpu,920
27660,yolo_x_cpu,894
27661,yolo_x_cpu,970
27662,yolo_x_cpu,946
27663,yolo_x_cpu,999
27664,yolo_x_cpu,1003
27665,yolo_x_cpu,1020
27666,yolo_x_cpu,992
27667,yolo_x_cpu,1045
27668,yolo_x_cpu,936
27669,yolo_x_cpu,1017
27670,yolo_x_cpu,998
27671,yolo_x_cpu,936
27672,yolo_x_cpu,925
27673,yolo_x_cpu,960
27674,yolo_x_cpu,976
27675,yolo_x_cpu,956
27676,yolo_x_cpu,968
27677,yolo_x_cpu,992
27678,yolo_x_cpu,975
27679,yolo_x_cpu,999
27680,yolo_x_cpu,1004
27681,yolo_x_cpu,1026
27682,yolo_x_cpu,1034
27683,yolo_x_cpu,953
27684,yolo_x_cpu,973
27685,yolo_x_cpu,979
27686,yolo_x_cpu,1035
27687,yolo_x_cpu,1045
27688,yolo_x_cpu,1061
27689,yolo_x_cpu,1070
27690,yolo_x_cpu,1087
27691,yolo_x_cpu,1073
27692,yolo_x_cpu,1028
27693,yolo_x_cpu,1053
27694,yolo_x_cpu,1048
27695,yolo_x_cpu,1007
27696,yolo_x_cpu,954
27697,yolo_x_cpu,990
27698,yolo_x_cpu,1058
27699,yolo_x_cpu,1061
27700,yolo_x_cpu,1099
27701,yolo_x_cpu,1044
27702,yolo_x_cpu,1056
27703,yolo_x_cpu,1049
27704,yolo_x_cpu,1000
27705,yolo_x_cpu,982
27706,yolo_x_cpu,1043
27707,yolo_x_cpu,998
27708,yolo_x_cpu,1007
27709,yolo_x_cpu,1017
27710,yolo_x_cpu,1045
27711,yolo_x_cpu,1029
27712,yolo_x_cpu,1042
27713,yolo_x_cpu,969
27714,yolo_x_cpu,971
27715,yolo_x_cpu,1015
27716,yolo_x_cpu,1075
27717,yolo_x_cpu,1086
27718,yolo_x_cpu,1061
27719,yolo_x_cpu,1061
27720,yolo_x_cpu,1126
27721,yolo_x_cpu,1090
27722,yolo_x_cpu,1083
27723,yolo_x_cpu,1081
27724,yolo_x_cpu,1083
27725,yolo_x_cpu,1077
27726,yolo_x_cpu,1079
27727,yolo_x_cpu,1094
27728,yolo_x_cpu,1092
27729,yolo_x_cpu,1115
27730,yolo_x_cpu,1078
27731,yolo_x_cpu,1012
27732,yolo_x_cpu,1087
27733,yolo_x_cpu,1109
27734,yolo_x_cpu,1067
27735,yolo_x_cpu,1106
27736,yolo_x_cpu,1126
27737,yolo_x_cpu,1158
27738,yolo_x_cpu,1143
27739,yolo_x_cpu,1101
27740,yolo_x_cpu,1155
27741,yolo_x_cpu,1128
27742,yolo_x_cpu,1160
27743,yolo_x_cpu,1133
27744,yolo_x_cpu,1059
27745,yolo_x_cpu,1075
27746,yolo_x_cpu,1112
27747,yolo_x_cpu,1056
27748,yolo_x_cpu,1114
27749,yolo_x_cpu,1048
27750,yolo_x_cpu,1077
27751,yolo_x_cpu,1111
27752,yolo_x_cpu,1098
27753,yolo_x_cpu,1099
27754,yolo_x_cpu,1038
27755,yolo_x_cpu,960
27756,yolo_x_cpu,1028
27757,yolo_x_cpu,1006
27758,yolo_x_cpu,1003
27759,yolo_x_cpu,980
27760,yolo_x_cpu,1025
27761,yolo_x_cpu,1045
27762,yolo_x_cpu,1035
27763,yolo_x_cpu,1009
27764,yolo_x_cpu,1004
27765,yolo_x_cpu,1054
27766,yolo_x_cpu,1032
27767,yolo_x_cpu,1085
27768,yolo_x_cpu,1063
27769,yolo_x_cpu,1142
27770,yolo_x_cpu,1083
27771,yolo_x_cpu,1070
27772,yolo_x_cpu,1086
27773,yolo_x_cpu,1094
27774,yolo_x_cpu,1100
27775,yolo_x_cpu,1154
27776,yolo_x_cpu,1080
27777,yolo_x_cpu,1027
27778,yolo_x_cpu,1073
27779,yolo_x_cpu,1047
27780,yolo_x_cpu,1030
27781,yolo_x_cpu,965
27782,yolo_x_cpu,904
27783,yolo_x_cpu,967
27784,yolo_x_cpu,1021
27785,yolo_x_cpu,987
27786,yolo_x_cpu,1021
27787,yolo_x_cpu,1036
27788,yolo_x_cpu,1058
27789,yolo_x_cpu,1054
27790,yolo_x_cpu,1086
27791,yolo_x_cpu,1098
27792,yolo_x_cpu,1184
27793,yolo_x_cpu,1104
27794,yolo_x_cpu,1107
27795,yolo_x_cpu,1091
27796,yolo_x_cpu,1088
27797,yolo_x_cpu,1102
27798,yolo_x_cpu,1036
27799,yolo_x_cpu,1045
27800,yolo_x_cpu,1009
27801,yolo_x_cpu,1041
27802,yolo_x_cpu,983
27803,yolo_x_cpu,957
27804,yolo_x_cpu,1015
27805,yolo_x_cpu,942
27806,yolo_x_cpu,966
27807,yolo_x_cpu,973
27808,yolo_x_cpu,986
27809,yolo_x_cpu,1013
27810,yolo_x_cpu,999
27811,yolo_x_cpu,982
27812,yolo_x_cpu,936
27813,yolo_x_cpu,1003
27814,yolo_x_cpu,993
27815,yolo_x_cpu,959
27816,yolo_x_cpu,957
27817,yolo_x_cpu,975
27818,yolo_x_cpu,987
27819,yolo_x_cpu,997
27820,yolo_x_cpu,984
27821,yolo_x_cpu,1026
27822,yolo_x_cpu,993
27823,yolo_x_cpu,1040
27824,yolo_x_cpu,1034
27825,yolo_x_cpu,1093
27826,yolo_x_cpu,1065
27827,yolo_x_cpu,1076
27828,yolo_x_cpu,1068
27829,yolo_x_cpu,1007
27830,yolo_x_cpu,1055
27831,yolo_x_cpu,1053
27832,yolo_x_cpu,1015
27833,yolo_x_cpu,979
27834,yolo_x_cpu,992
27835,yolo_x_cpu,968
27836,yolo_x_cpu,962
27837,yolo_x_cpu,1022
27838,yolo_x_cpu,1055
27839,yolo_x_cpu,1008
27840,yolo_x_cpu,1066
27841,yolo_x_cpu,991
27842,yolo_x_cpu,1008
27843,yolo_x_cpu,1010
27844,yolo_x_cpu,968
27845,yolo_x_cpu,1047
27846,yolo_x_cpu,1005
27847,yolo_x_cpu,1016
27848,yolo_x_cpu,973
27849,yolo_x_cpu,984
27850,yolo_x_cpu,949
27851,yolo_x_cpu,1009
27852,yolo_x_cpu,1007
27853,yolo_x_cpu,951
27854,yolo_x_cpu,992
27855,yolo_x_cpu,945
27856,yolo_x_cpu,957
27857,yolo_x_cpu,946
27858,yolo_x_cpu,903
27859,yolo_x_cpu,945
27860,yolo_x_cpu,958
27861,yolo_x_cpu,933
27862,yolo_x_cpu,937
27863,yolo_x_cpu,960
27864,yolo_x_cpu,963
27865,yolo_x_cpu,945
27866,yolo_x_cpu,951
27867,yolo_x_cpu,960
27868,yolo_x_cpu,965
27869,yolo_x_cpu,1024
27870,yolo_x_cpu,1056
27871,yolo_x_cpu,1030
27872,yolo_x_cpu,1038
27873,yolo_x_cpu,1001
27874,yolo_x_cpu,993
27875,yolo_x_cpu,1039
27876,yolo_x_cpu,1021
27877,yolo_x_cpu,1001
27878,yolo_x_cpu,963
27879,yolo_x_cpu,1006
27880,yolo_x_cpu,1101
27881,yolo_x_cpu,1138
27882,yolo_x_cpu,1085
27883,yolo_x_cpu,1098
27884,yolo_x_cpu,1058
27885,yolo_x_cpu,1017
27886,yolo_x_cpu,980
27887,yolo_x_cpu,981
27888,yolo_x_cpu,1020
27889,yolo_x_cpu,992
27890,yolo_x_cpu,956
27891,yolo_x_cpu,1028
27892,yolo_x_cpu,1017
27893,yolo_x_cpu,1079
27894,yolo_x_cpu,1035
27895,yolo_x_cpu,1042
27896,yolo_x_cpu,1008
27897,yolo_x_cpu,1033
27898,yolo_x_cpu,1006
27899,yolo_x_cpu,993
27900,yolo_x_cpu,1023
27901,yolo_x_cpu,979
27902,yolo_x_cpu,987
27903,yolo_x_cpu,1045
27904,yolo_x_cpu,1064
27905,yolo_x_cpu,1112
27906,yolo_x_cpu,1104
27907,yolo_x_cpu,1103
27908,yolo_x_cpu,1099
27909,yolo_x_cpu,1114
27910,yolo_x_cpu,1069
27911,yolo_x_cpu,1071
27912,yolo_x_cpu,1123
27913,yolo_x_cpu,1071
27914,yolo_x_cpu,1129
27915,yolo_x_cpu,1135
27916,yolo_x_cpu,1071
27917,yolo_x_cpu,1070
27918,yolo_x_cpu,1019
27919,yolo_x_cpu,1105
27920,yolo_x_cpu,1090
27921,yolo_x_cpu,1111
27922,yolo_x_cpu,1108
27923,yolo_x_cpu,1122
27924,yolo_x_cpu,1156
27925,yolo_x_cpu,1142
27926,yolo_x_cpu,1192
27927,yolo_x_cpu,1102
27928,yolo_x_cpu,1067
27929,yolo_x_cpu,1084
27930,yolo_x_cpu,1082
27931,yolo_x_cpu,1058
27932,yolo_x_cpu,1001
27933,yolo_x_cpu,998
27934,yolo_x_cpu,980
27935,yolo_x_cpu,948
27936,yolo_x_cpu,1008
27937,yolo_x_cpu,959
27938,yolo_x_cpu,994
27939,yolo_x_cpu,934
27940,yolo_x_cpu,1026
27941,yolo_x_cpu,1074
27942,yolo_x_cpu,1088
27943,yolo_x_cpu,1052
27944,yolo_x_cpu,1010
27945,yolo_x_cpu,964
27946,yolo_x_cpu,997
27947,yolo_x_cpu,1003
27948,yolo_x_cpu,1001
27949,yolo_x_cpu,1029
27950,yolo_x_cpu,962
27951,yolo_x_cpu,1002
27952,yolo_x_cpu,996
27953,yolo_x_cpu,1003
27954,yolo_x_cpu,1028
27955,yolo_x_cpu,959
27956,yolo_x_cpu,993
27957,yolo_x_cpu,847
27958,yolo_x_cpu,879
27959,yolo_x_cpu,842
27960,yolo_x_cpu,856
27961,yolo_x_cpu,862
27962,yolo_x_cpu,892
27963,yolo_x_cpu,905
27964,yolo_x_cpu,902
27965,yolo_x_cpu,887
27966,yolo_x_cpu,896
27967,yolo_x_cpu,869
27968,yolo_x_cpu,915
27969,yolo_x_cpu,912
27970,yolo_x_cpu,893
27971,yolo_x_cpu,870
27972,yolo_x_cpu,932
27973,yolo_x_cpu,929
27974,yolo_x_cpu,912
27975,yolo_x_cpu,902
27976,yolo_x_cpu,865
27977,yolo_x_cpu,838
27978,yolo_x_cpu,875
27979,yolo_x_cpu,919
27980,yolo_x_cpu,924
27981,yolo_x_cpu,879
27982,yolo_x_cpu,872
27983,yolo_x_cpu,819
27984,yolo_x_cpu,827
27985,yolo_x_cpu,794
27986,yolo_x_cpu,825
27987,yolo_x_cpu,804
27988,yolo_x_cpu,772
27989,yolo_x_cpu,728
27990,yolo_x_cpu,725
27991,yolo_x_cpu,746
27992,yolo_x_cpu,788
27993,yolo_x_cpu,812
27994,yolo_x_cpu,836
27995,yolo_x_cpu,773
27996,yolo_x_cpu,777
27997,yolo_x_cpu,809
27998,yolo_x_cpu,797
27999,yolo_x_cpu,766
28000,yolo_x_cpu,805
28001,yolo_x_cpu,812
28002,yolo_x_cpu,789
28003,yolo_x_cpu,793
28004,yolo_x_cpu,759
28005,yolo_x_cpu,700
28006,yolo_x_cpu,703
28007,yolo_x_cpu,732
28008,yolo_x_cpu,728
28009,yolo_x_cpu,721
28010,yolo_x_cpu,702
28011,yolo_x_cpu,676
28012,yolo_x_cpu,659
28013,yolo_x_cpu,709
28014,yolo_x_cpu,726
28015,yolo_x_cpu,760
28016,yolo_x_cpu,764
28017,yolo_x_cpu,709
28018,yolo_x_cpu,719
28019,yolo_x_cpu,710
28020,yolo_x_cpu,658
28021,yolo_x_cpu,698
28022,yolo_x_cpu,770
28023,yolo_x_cpu,718
28024,yolo_x_cpu,718
28025,yolo_x_cpu,666
28026,yolo_x_cpu,661
28027,yolo_x_cpu,626
28028,yolo_x_cpu,594
28029,yolo_x_cpu,660
28030,yolo_x_cpu,670
28031,yolo_x_cpu,678
28032,yolo_x_cpu,730
28033,yolo_x_cpu,712
28034,yolo_x_cpu,671
28035,yolo_x_cpu,704
28036,yolo_x_cpu,697
28037,yolo_x_cpu,683
28038,yolo_x_cpu,704
28039,yolo_x_cpu,712
28040,yolo_x_cpu,771
28041,yolo_x_cpu,769
28042,yolo_x_cpu,807
28043,yolo_x_cpu,763
28044,yolo_x_cpu,758
28045,yolo_x_cpu,786
28046,yolo_x_cpu,821
28047,yolo_x_cpu,753
28048,yolo_x_cpu,745
28049,yolo_x_cpu,778
28050,yolo_x_cpu,827
28051,yolo_x_cpu,776
28052,yolo_x_cpu,761
28053,yolo_x_cpu,756
28054,yolo_x_cpu,798
28055,yolo_x_cpu,801
28056,yolo_x_cpu,839
28057,yolo_x_cpu,807
28058,yolo_x_cpu,793
28059,yolo_x_cpu,802
28060,yolo_x_cpu,775
28061,yolo_x_cpu,755
28062,yolo_x_cpu,776
28063,yolo_x_cpu,722
28064,yolo_x_cpu,749
28065,yolo_x_cpu,746
28066,yolo_x_cpu,807
28067,yolo_x_cpu,731
28068,yolo_x_cpu,771
28069,yolo_x_cpu,759
28070,yolo_x_cpu,758
28071,yolo_x_cpu,757
28072,yolo_x_cpu,733
28073,yolo_x_cpu,761
28074,yolo_x_cpu,770
28075,yolo_x_cpu,723
28076,yolo_x_cpu,708
28077,yolo_x_cpu,737
28078,yolo_x_cpu,743
28079,yolo_x_cpu,760
28080,yolo_x_cpu,773
28081,yolo_x_cpu,741
28082,yolo_x_cpu,749
28083,yolo_x_cpu,766
28084,yolo_x_cpu,781
28085,yolo_x_cpu,778
28086,yolo_x_cpu,810
28087,yolo_x_cpu,770
28088,yolo_x_cpu,753
28089,yolo_x_cpu,805
28090,yolo_x_cpu,811
28091,yolo_x_cpu,834
28092,yolo_x_cpu,806
28093,yolo_x_cpu,811
28094,yolo_x_cpu,740
28095,yolo_x_cpu,735
28096,yolo_x_cpu,706
28097,yolo_x_cpu,759
28098,yolo_x_cpu,707
28099,yolo_x_cpu,731
28100,yolo_x_cpu,763
28101,yolo_x_cpu,795
28102,yolo_x_cpu,745
28103,yolo_x_cpu,738
28104,yolo_x_cpu,713
28105,yolo_x_cpu,700
28106,yolo_x_cpu,692
28107,yolo_x_cpu,689
28108,yolo_x_cpu,679
28109,yolo_x_cpu,663
28110,yolo_x_cpu,653
28111,yolo_x_cpu,608
28112,yolo_x_cpu,679
28113,yolo_x_cpu,703
28114,yolo_x_cpu,713
28115,yolo_x_cpu,709
28116,yolo_x_cpu,686
28117,yolo_x_cpu,637
28118,yolo_x_cpu,632
28119,yolo_x_cpu,607
28120,yolo_x_cpu,662
28121,yolo_x_cpu,586
28122,yolo_x_cpu,628
28123,yolo_x_cpu,657
28124,yolo_x_cpu,588
28125,yolo_x_cpu,638
28126,yolo_x_cpu,599
28127,yolo_x_cpu,636
28128,yolo_x_cpu,663
28129,yolo_x_cpu,688
28130,yolo_x_cpu,660
28131,yolo_x_cpu,619
28132,yolo_x_cpu,667
28133,yolo_x_cpu,717
28134,yolo_x_cpu,646
28135,yolo_x_cpu,706
28136,yolo_x_cpu,704
28137,yolo_x_cpu,628
28138,yolo_x_cpu,604
28139,yolo_x_cpu,644
28140,yolo_x_cpu,593
28141,yolo_x_cpu,658
28142,yolo_x_cpu,669
28143,yolo_x_cpu,683
28144,yolo_x_cpu,732
28145,yolo_x_cpu,744
28146,yolo_x_cpu,737
28147,yolo_x_cpu,648
28148,yolo_x_cpu,701
28149,yolo_x_cpu,686
28150,yolo_x_cpu,655
28151,yolo_x_cpu,649
28152,yolo_x_cpu,654
28153,yolo_x_cpu,662
28154,yolo_x_cpu,677
28155,yolo_x_cpu,649
28156,yolo_x_cpu,628
28157,yolo_x_cpu,617
28158,yolo_x_cpu,558
28159,yolo_x_cpu,592
28160,yolo_x_cpu,549
28161,yolo_x_cpu,574
28162,yolo_x_cpu,565
28163,yolo_x_cpu,631
28164,yolo_x_cpu,672
28165,yolo_x_cpu,605
28166,yolo_x_cpu,599
28167,yolo_x_cpu,578
28168,yolo_x_cpu,621
28169,yolo_x_cpu,665
28170,yolo_x_cpu,600
28171,yolo_x_cpu,579
28172,yolo_x_cpu,573
28173,yolo_x_cpu,600
28174,yolo_x_cpu,576
28175,yolo_x_cpu,532
28176,yolo_x_cpu,567
28177,yolo_x_cpu,563
28178,yolo_x_cpu,486
28179,yolo_x_cpu,526
28180,yolo_x_cpu,497
28181,yolo_x_cpu,436
28182,yolo_x_cpu,500
28183,yolo_x_cpu,499
28184,yolo_x_cpu,480
28185,yolo_x_cpu,528
28186,yolo_x_cpu,502
28187,yolo_x_cpu,511
28188,yolo_x_cpu,508
28189,yolo_x_cpu,528
28190,yolo_x_cpu,515
28191,yolo_x_cpu,490
28192,yolo_x_cpu,531
28193,yolo_x_cpu,503
28194,yolo_x_cpu,499
28195,yolo_x_cpu,532
28196,yolo_x_cpu,548
28197,yolo_x_cpu,512
28198,yolo_x_cpu,563
28199,yolo_x_cpu,478
28200,yolo_x_cpu,557
28201,yolo_x_cpu,520
28202,yolo_x_cpu,533
28203,yolo_x_cpu,577
28204,yolo_x_cpu,537
28205,yolo_x_cpu,517
28206,yolo_x_cpu,522
28207,yolo_x_cpu,502
28208,yolo_x_cpu,496
28209,yolo_x_cpu,548
28210,yolo_x_cpu,511
28211,yolo_x_cpu,519
28212,yolo_x_cpu,516
28213,yolo_x_cpu,524
28214,yolo_x_cpu,490
28215,yolo_x_cpu,493
28216,yolo_x_cpu,549
28217,yolo_x_cpu,494
28218,yolo_x_cpu,464
28219,yolo_x_cpu,518
28220,yolo_x_cpu,477
28221,yolo_x_cpu,526
28222,yolo_x_cpu,463
28223,yolo_x_cpu,477
28224,yolo_x_cpu,411
28225,yolo_x_cpu,397
28226,yolo_x_cpu,406
28227,yolo_x_cpu,396
28228,yolo_x_cpu,414
28229,yolo_x_cpu,433
28230,yolo_x_cpu,366
28231,yolo_x_cpu,460
28232,yolo_x_cpu,375
28233,yolo_x_cpu,501
28234,yolo_x_cpu,447
28235,yolo_x_cpu,428
28236,yolo_x_cpu,397
28237,yolo_x_cpu,435
28238,yolo_x_cpu,430
28239,yolo_x_cpu,392
28240,yolo_x_cpu,398
28241,yolo_x_cpu,382
28242,yolo_x_cpu,428
28243,yolo_x_cpu,422
28244,yolo_x_cpu,429
28245,yolo_x_cpu,413
28246,yolo_x_cpu,451
28247,yolo_x_cpu,433
28248,yolo_x_cpu,362
28249,yolo_x_cpu,374
28250,yolo_x_cpu,334
28251,yolo_x_cpu,361
28252,yolo_x_cpu,417
28253,yolo_x_cpu,378
28254,yolo_x_cpu,364
28255,yolo_x_cpu,375
28256,yolo_x_cpu,414
28257,yolo_x_cpu,342
28258,yolo_x_cpu,307
28259,yolo_x_cpu,310
28260,yolo_x_cpu,326
28261,yolo_x_cpu,295
28262,yolo_x_cpu,305
28263,yolo_x_cpu,309
28264,yolo_x_cpu,322
28265,yolo_x_cpu,300
28266,yolo_x_cpu,297
28267,yolo_x_cpu,281
28268,yolo_x_cpu,292
28269,yolo_x_cpu,271
28270,yolo_x_cpu,244
28271,yolo_x_cpu,233
28272,yolo_x_cpu,254
28273,yolo_x_cpu,244
28274,yolo_x_cpu,301
28275,yolo_x_cpu,293
28276,yolo_x_cpu,292
28277,yolo_x_cpu,257
28278,yolo_x_cpu,264
28279,yolo_x_cpu,275
28280,yolo_x_cpu,293
28281,yolo_x_cpu,277
28282,yolo_x_cpu,267
28283,yolo_x_cpu,241
28284,yolo_x_cpu,281
28285,yolo_x_cpu,283
28286,yolo_x_cpu,286
28287,yolo_x_cpu,288
28288,yolo_x_cpu,275
28289,yolo_x_cpu,356
28290,yolo_x_cpu,298
28291,yolo_x_cpu,303
28292,yolo_x_cpu,322
28293,yolo_x_cpu,318
28294,yolo_x_cpu,280
28295,yolo_x_cpu,329
28296,yolo_x_cpu,320
28297,yolo_x_cpu,341
28298,yolo_x_cpu,320
28299,yolo_x_cpu,313
28300,yolo_x_cpu,311
28301,yolo_x_cpu,311
28302,yolo_x_cpu,275
28303,yolo_x_cpu,312
28304,yolo_x_cpu,282
28305,yolo_x_cpu,275
28306,yolo_x_cpu,282
28307,yolo_x_cpu,269
28308,yolo_x_cpu,220
28309,yolo_x_cpu,231
28310,yolo_x_cpu,236
28311,yolo_x_cpu,259
28312,yolo_x_cpu,247
28313,yolo_x_cpu,230
28314,yolo_x_cpu,268
28315,yolo_x_cpu,263
28316,yolo_x_cpu,285
28317,yolo_x_cpu,221
28318,yolo_x_cpu,246
28319,yolo_x_cpu,265
28320,yolo_x_cpu,242
28321,yolo_x_cpu,257
28322,yolo_x_cpu,248
28323,yolo_x_cpu,255
28324,yolo_x_cpu,277
28325,yolo_x_cpu,265
28326,yolo_x_cpu,258
28327,yolo_x_cpu,256
28328,yolo_x_cpu,250
28329,yolo_x_cpu,236
28330,yolo_x_cpu,205
28331,yolo_x_cpu,233
28332,yolo_x_cpu,208
28333,yolo_x_cpu,248
28334,yolo_x_cpu,236
28335,yolo_x_cpu,232
28336,yolo_x_cpu,223
28337,yolo_x_cpu,204
28338,yolo_x_cpu,208
28339,yolo_x_cpu,196
28340,yolo_x_cpu,210
28341,yolo_x_cpu,199
28342,yolo_x_cpu,175
28343,yolo_x_cpu,189
28344,yolo_x_cpu,197
28345,yolo_x_cpu,175
28346,yolo_x_cpu,200
28347,yolo_x_cpu,226
28348,yolo_x_cpu,182
28349,yolo_x_cpu,161
28350,yolo_x_cpu,165
28351,yolo_x_cpu,199
28352,yolo_x_cpu,182
28353,yolo_x_cpu,193
28354,yolo_x_cpu,187
28355,yolo_x_cpu,143
28356,yolo_x_cpu,165
28357,yolo_x_cpu,168
28358,yolo_x_cpu,203
28359,yolo_x_cpu,199
28360,yolo_x_cpu,191
28361,yolo_x_cpu,164
28362,yolo_x_cpu,180
28363,yolo_x_cpu,203
28364,yolo_x_cpu,190
28365,yolo_x_cpu,195
28366,yolo_x_cpu,170
28367,yolo_x_cpu,146
28368,yolo_x_cpu,148
28369,yolo_x_cpu,171
28370,yolo_x_cpu,180
28371,yolo_x_cpu,187
28372,yolo_x_cpu,154
28373,yolo_x_cpu,167
28374,yolo_x_cpu,134
28375,yolo_x_cpu,144
28376,yolo_x_cpu,146
28377,yolo_x_cpu,169
28378,yolo_x_cpu,191
28379,yolo_x_cpu,191
28380,yolo_x_cpu,191
28381,yolo_x_cpu,157
28382,yolo_x_cpu,143
28383,yolo_x_cpu,122
28384,yolo_x_cpu,114
28385,yolo_x_cpu,125
28386,yolo_x_cpu,115
28387,yolo_x_cpu,106
28388,yolo_x_cpu,138
28389,yolo_x_cpu,133
28390,yolo_x_cpu,147
28391,yolo_x_cpu,126
28392,yolo_x_cpu,99
28393,yolo_x_cpu,114
28394,yolo_x_cpu,99
28395,yolo_x_cpu,111
28396,yolo_x_cpu,117
28397,yolo_x_cpu,122
28398,yolo_x_cpu,155
28399,yolo_x_cpu,153
28400,yolo_x_cpu,120
28401,yolo_x_cpu,119
28402,yolo_x_cpu,109
28403,yolo_x_cpu,95
28404,yolo_x_cpu,91
28405,yolo_x_cpu,78
28406,yolo_x_cpu,70
28407,yolo_x_cpu,64
28408,yolo_x_cpu,85
28409,yolo_x_cpu,84
28410,yolo_x_cpu,87
28411,yolo_x_cpu,74
28412,yolo_x_cpu,82
28413,yolo_x_cpu,73
28414,yolo_x_cpu,59
28415,yolo_x_cpu,56
28416,yolo_x_cpu,90
28417,yolo_x_cpu,100
28418,yolo_x_cpu,73
28419,yolo_x_cpu,82
28420,yolo_x_cpu,76
28421,yolo_x_cpu,86
28422,yolo_x_cpu,68
28423,yolo_x_cpu,55
28424,yolo_x_cpu,45
28425,yolo_x_cpu,61
28426,yolo_x_cpu,73
28427,yolo_x_cpu,95
28428,yolo_x_cpu,94
28429,yolo_x_cpu,75
28430,yolo_x_cpu,71
28431,yolo_x_cpu,61
28432,yolo_x_cpu,67
28433,yolo_x_cpu,64
28434,yolo_x_cpu,69
28435,yolo_x_cpu,92
28436,yolo_x_cpu,84
28437,yolo_x_cpu,74
28438,yolo_x_cpu,100
28439,yolo_x_cpu,91
28440,yolo_x_cpu,97
28441,yolo_x_cpu,118
28442,yolo_x_cpu,120
28443,yolo_x_cpu,93
28444,yolo_x_cpu,96
28445,yolo_x_cpu,84
28446,yolo_x_cpu,70
28447,yolo_x_cpu,74
28448,yolo_x_cpu,75
28449,yolo_x_cpu,71
28450,yolo_x_cpu,55
28451,yolo_x_cpu,65
28452,yolo_x_cpu,75
28453,yolo_x_cpu,90
28454,yolo_x_cpu,71
28455,yolo_x_cpu,60
28456,yolo_x_cpu,72
28457,yolo_x_cpu,69
28458,yolo_x_cpu,80
28459,yolo_x_cpu,93
28460,yolo_x_cpu,103
28461,yolo_x_cpu,95
28462,yolo_x_cpu,67
28463,yolo_x_cpu,54
28464,yolo_x_cpu,59
28465,yolo_x_cpu,73
28466,yolo_x_cpu,78
28467,yolo_x_cpu,72
28468,yolo_x_cpu,79
28469,yolo_x_cpu,75
28470,yolo_x_cpu,69
28471,yolo_x_cpu,68
28472,yolo_x_cpu,65
28473,yolo_x_cpu,83
28474,yolo_x_cpu,65
28475,yolo_x_cpu,61
28476,yolo_x_cpu,61
28477,yolo_x_cpu,51
28478,yolo_x_cpu,58
28479,yolo_x_cpu,54
28480,yolo_x_cpu,79
28481,yolo_x_cpu,56
28482,yolo_x_cpu,37
28483,yolo_x_cpu,43
28484,yolo_x_cpu,38
28485,yolo_x_cpu,44
28486,yolo_x_cpu,53
28487,yolo_x_cpu,56
28488,yolo_x_cpu,58
28489,yolo_x_cpu,47
28490,yolo_x_cpu,51
28491,yolo_x_cpu,68
28492,yolo_x_cpu,85
28493,yolo_x_cpu,93
28494,yolo_x_cpu,71
28495,yolo_x_cpu,79
28496,yolo_x_cpu,59
28497,yolo_x_cpu,48
28498,yolo_x_cpu,57
28499,yolo_x_cpu,64
28500,yolo_x_cpu,84
28501,yolo_x_cpu,1671
28502,yolo_x_cpu,1914
28503,yolo_x_cpu,1166
28504,yolo_x_cpu,202
28505,yolo_x_cpu,177
28506,yolo_x_cpu,190
28507,yolo_x_cpu,194
28508,yolo_x_cpu,161
28509,yolo_x_cpu,135
28510,yolo_x_cpu,138
28511,yolo_x_cpu,132
28512,yolo_x_cpu,145
28513,yolo_x_cpu,144
28514,yolo_x_cpu,126
28515,yolo_x_cpu,152
28516,yolo_x_cpu,134
28517,yolo_x_cpu,136
28518,yolo_x_cpu,130
28519,yolo_x_cpu,124
28520,yolo_x_cpu,127
28521,yolo_x_cpu,101
28522,yolo_x_cpu,93
28523,yolo_x_cpu,80
28524,yolo_x_cpu,68
28525,yolo_x_cpu,60
28526,yolo_x_cpu,65
28527,yolo_x_cpu,88
28528,yolo_x_cpu,71
28529,yolo_x_cpu,85
28530,yolo_x_cpu,74
28531,yolo_x_cpu,63
28532,yolo_x_cpu,65
28533,yolo_x_cpu,67
28534,yolo_x_cpu,73
28535,yolo_x_cpu,87
28536,yolo_x_cpu,75
28537,yolo_x_cpu,88
28538,yolo_x_cpu,85
28539,yolo_x_cpu,70
28540,yolo_x_cpu,65
28541,yolo_x_cpu,61
28542,yolo_x_cpu,63
28543,yolo_x_cpu,60
28544,yolo_x_cpu,59
28545,yolo_x_cpu,82
28546,yolo_x_cpu,78
28547,yolo_x_cpu,46
28548,yolo_x_cpu,74
28549,yolo_x_cpu,77
28550,yolo_x_cpu,78
28551,yolo_x_cpu,72
28552,yolo_x_cpu,56
28553,yolo_x_cpu,54
28554,yolo_x_cpu,67
28555,yolo_x_cpu,56
28556,yolo_x_cpu,41
28557,yolo_x_cpu,55
28558,yolo_x_cpu,33
28559,yolo_x_cpu,43
28560,yolo_x_cpu,59
28561,yolo_x_cpu,30
28562,yolo_x_cpu,39
28563,yolo_x_cpu,57
28564,yolo_x_cpu,37
28565,yolo_x_cpu,40
28566,yolo_x_cpu,39
28567,yolo_x_cpu,41
28568,yolo_x_cpu,43
28569,yolo_x_cpu,58
28570,yolo_x_cpu,37
28571,yolo_x_cpu,56
28572,yolo_x_cpu,74
28573,yolo_x_cpu,53
28574,yolo_x_cpu,32
28575,yolo_x_cpu,33
28576,yolo_x_cpu,44
28577,yolo_x_cpu,38
28578,yolo_x_cpu,42
28579,yolo_x_cpu,39
28580,yolo_x_cpu,36
28581,yolo_x_cpu,37
28582,yolo_x_cpu,48
28583,yolo_x_cpu,46
28584,yolo_x_cpu,41
28585,yolo_x_cpu,60
28586,yolo_x_cpu,50
28587,yolo_x_cpu,51
28588,yolo_x_cpu,45
28589,yolo_x_cpu,55
28590,yolo_x_cpu,54
28591,yolo_x_cpu,32
28592,yolo_x_cpu,29
28593,yolo_x_cpu,31
28594,yolo_x_cpu,30
28595,yolo_x_cpu,35
28596,yolo_x_cpu,29
28597,yolo_x_cpu,33
28598,yolo_x_cpu,29
28599,yolo_x_cpu,43
28600,yolo_x_cpu,34
28601,yolo_x_cpu,34
28602,yolo_x_cpu,23
28603,yolo_x_cpu,33
28604,yolo_x_cpu,35
28605,yolo_x_cpu,32
28606,yolo_x_cpu,24
28607,yolo_x_cpu,22
28608,yolo_x_cpu,22
28609,yolo_x_cpu,21
28610,yolo_x_cpu,27
28611,yolo_x_cpu,30
28612,yolo_x_cpu,27
28613,yolo_x_cpu,32
28614,yolo_x_cpu,19
28615,yolo_x_cpu,31
28616,yolo_x_cpu,38
28617,yolo_x_cpu,42
28618,yolo_x_cpu,39
28619,yolo_x_cpu,41
28620,yolo_x_cpu,45
28621,yolo_x_cpu,40
28622,yolo_x_cpu,40
28623,yolo_x_cpu,29
28624,yolo_x_cpu,26
28625,yolo_x_cpu,28
28626,yolo_x_cpu,26
28627,yolo_x_cpu,25
28628,yolo_x_cpu,27
28629,yolo_x_cpu,19
28630,yolo_x_cpu,18
28631,yolo_x_cpu,19
28632,yolo_x_cpu,26
28633,yolo_x_cpu,23
28634,yolo_x_cpu,19
28635,yolo_x_cpu,21
28636,yolo_x_cpu,28
28637,yolo_x_cpu,26
28638,yolo_x_cpu,25
28639,yolo_x_cpu,49
28640,yolo_x_cpu,38
28641,yolo_x_cpu,35
28642,yolo_x_cpu,39
28643,yolo_x_cpu,44
28644,yolo_x_cpu,26
28645,yolo_x_cpu,27
28646,yolo_x_cpu,25
28647,yolo_x_cpu,33
28648,yolo_x_cpu,34
28649,yolo_x_cpu,32
28650,yolo_x_cpu,24
28651,yolo_x_cpu,14
28652,yolo_x_cpu,21
28653,yolo_x_cpu,31
28654,yolo_x_cpu,25
28655,yolo_x_cpu,17
28656,yolo_x_cpu,24
28657,yolo_x_cpu,29
28658,yolo_x_cpu,20
28659,yolo_x_cpu,21
28660,yolo_x_cpu,16
28661,yolo_x_cpu,17
28662,yolo_x_cpu,24
28663,yolo_x_cpu,24
28664,yolo_x_cpu,21
28665,yolo_x_cpu,20
28666,yolo_x_cpu,27
28667,yolo_x_cpu,37
28668,yolo_x_cpu,53
28669,yolo_x_cpu,52
28670,yolo_x_cpu,46
28671,yolo_x_cpu,36
28672,yolo_x_cpu,44
28673,yolo_x_cpu,43
28674,yolo_x_cpu,48
28675,yolo_x_cpu,39
28676,yolo_x_cpu,35
28677,yolo_x_cpu,39
28678,yolo_x_cpu,46
28679,yolo_x_cpu,34
28680,yolo_x_cpu,44
28681,yolo_x_cpu,45
28682,yolo_x_cpu,37
28683,yolo_x_cpu,26
28684,yolo_x_cpu,29
28685,yolo_x_cpu,30
28686,yolo_x_cpu,40
28687,yolo_x_cpu,35
28688,yolo_x_cpu,45
28689,yolo_x_cpu,53
28690,yolo_x_cpu,45
28691,yolo_x_cpu,53
28692,yolo_x_cpu,63
28693,yolo_x_cpu,57
28694,yolo_x_cpu,59
28695,yolo_x_cpu,52
28696,yolo_x_cpu,74
28697,yolo_x_cpu,60
28698,yolo_x_cpu,53
28699,yolo_x_cpu,49
28700,yolo_x_cpu,33
28701,yolo_x_cpu,41
28702,yolo_x_cpu,54
28703,yolo_x_cpu,68
28704,yolo_x_cpu,59
28705,yolo_x_cpu,59
28706,yolo_x_cpu,51
28707,yolo_x_cpu,60
28708,yolo_x_cpu,86
28709,yolo_x_cpu,70
28710,yolo_x_cpu,76
28711,yolo_x_cpu,75
28712,yolo_x_cpu,70
28713,yolo_x_cpu,83
28714,yolo_x_cpu,81
28715,yolo_x_cpu,85
28716,yolo_x_cpu,84
28717,yolo_x_cpu,95
28718,yolo_x_cpu,79
28719,yolo_x_cpu,89
28720,yolo_x_cpu,78
28721,yolo_x_cpu,97
28722,yolo_x_cpu,111
28723,yolo_x_cpu,98
28724,yolo_x_cpu,87
28725,yolo_x_cpu,75
28726,yolo_x_cpu,91
28727,yolo_x_cpu,82
28728,yolo_x_cpu,99
28729,yolo_x_cpu,113
28730,yolo_x_cpu,127
28731,yolo_x_cpu,133
28732,yolo_x_cpu,107
28733,yolo_x_cpu,127
28734,yolo_x_cpu,120
28735,yolo_x_cpu,115
28736,yolo_x_cpu,134
28737,yolo_x_cpu,133
28738,yolo_x_cpu,125
28739,yolo_x_cpu,140
28740,yolo_x_cpu,113
28741,yolo_x_cpu,127
28742,yolo_x_cpu,120
28743,yolo_x_cpu,134
28744,yolo_x_cpu,127
28745,yolo_x_cpu,112
28746,yolo_x_cpu,117
28747,yolo_x_cpu,130
28748,yolo_x_cpu,144
28749,yolo_x_cpu,136
28750,yolo_x_cpu,151
28751,yolo_x_cpu,154
28752,yolo_x_cpu,184
28753,yolo_x_cpu,184
28754,yolo_x_cpu,174
28755,yolo_x_cpu,192
28756,yolo_x_cpu,180
28757,yolo_x_cpu,191
28758,yolo_x_cpu,202
28759,yolo_x_cpu,196
28760,yolo_x_cpu,159
28761,yolo_x_cpu,152
28762,yolo_x_cpu,187
28763,yolo_x_cpu,184
28764,yolo_x_cpu,192
28765,yolo_x_cpu,200
28766,yolo_x_cpu,190
28767,yolo_x_cpu,190
28768,yolo_x_cpu,219
28769,yolo_x_cpu,218
28770,yolo_x_cpu,220
28771,yolo_x_cpu,216
28772,yolo_x_cpu,229
28773,yolo_x_cpu,227
28774,yolo_x_cpu,232
28775,yolo_x_cpu,209
28776,yolo_x_cpu,267
28777,yolo_x_cpu,284
28778,yolo_x_cpu,277
28779,yolo_x_cpu,295
28780,yolo_x_cpu,280
28781,yolo_x_cpu,288
28782,yolo_x_cpu,310
28783,yolo_x_cpu,324
28784,yolo_x_cpu,303
28785,yolo_x_cpu,305
28786,yolo_x_cpu,360
28787,yolo_x_cpu,361
28788,yolo_x_cpu,339
28789,yolo_x_cpu,347
28790,yolo_x_cpu,368
28791,yolo_x_cpu,277
28792,yolo_x_cpu,370
28793,yolo_x_cpu,329
28794,yolo_x_cpu,283
28795,yolo_x_cpu,305
28796,yolo_x_cpu,319
28797,yolo_x_cpu,324
28798,yolo_x_cpu,342
28799,yolo_x_cpu,325
28800,yolo_x_cpu,382
28801,yolo_x_cpu,405
28802,yolo_x_cpu,357
28803,yolo_x_cpu,321
28804,yolo_x_cpu,374
28805,yolo_x_cpu,383
28806,yolo_x_cpu,441
28807,yolo_x_cpu,425
28808,yolo_x_cpu,399
28809,yolo_x_cpu,427
28810,yolo_x_cpu,365
28811,yolo_x_cpu,362
28812,yolo_x_cpu,437
28813,yolo_x_cpu,437
28814,yolo_x_cpu,458
28815,yolo_x_cpu,453
28816,yolo_x_cpu,430
28817,yolo_x_cpu,461
28818,yolo_x_cpu,428
28819,yolo_x_cpu,450
28820,yolo_x_cpu,445
28821,yolo_x_cpu,495
28822,yolo_x_cpu,435
28823,yolo_x_cpu,448
28824,yolo_x_cpu,410
28825,yolo_x_cpu,446
28826,yolo_x_cpu,436
28827,yolo_x_cpu,451
28828,yolo_x_cpu,485
28829,yolo_x_cpu,440
28830,yolo_x_cpu,479
28831,yolo_x_cpu,449
28832,yolo_x_cpu,495
28833,yolo_x_cpu,441
28834,yolo_x_cpu,455
28835,yolo_x_cpu,430
28836,yolo_x_cpu,542
28837,yolo_x_cpu,442
28838,yolo_x_cpu,489
28839,yolo_x_cpu,506
28840,yolo_x_cpu,546
28841,yolo_x_cpu,540
28842,yolo_x_cpu,572
28843,yolo_x_cpu,569
28844,yolo_x_cpu,584
28845,yolo_x_cpu,598
28846,yolo_x_cpu,621
28847,yolo_x_cpu,626
28848,yolo_x_cpu,638
28849,yolo_x_cpu,687
28850,yolo_x_cpu,681
28851,yolo_x_cpu,673
28852,yolo_x_cpu,732
28853,yolo_x_cpu,685
28854,yolo_x_cpu,708
28855,yolo_x_cpu,704
28856,yolo_x_cpu,756
28857,yolo_x_cpu,761
28858,yolo_x_cpu,741
28859,yolo_x_cpu,816
28860,yolo_x_cpu,791
28861,yolo_x_cpu,783
28862,yolo_x_cpu,773
28863,yolo_x_cpu,798
28864,yolo_x_cpu,708
28865,yolo_x_cpu,830
28866,yolo_x_cpu,776
28867,yolo_x_cpu,724
28868,yolo_x_cpu,813
28869,yolo_x_cpu,738
28870,yolo_x_cpu,832
28871,yolo_x_cpu,880
28872,yolo_x_cpu,824
28873,yolo_x_cpu,828
28874,yolo_x_cpu,843
28875,yolo_x_cpu,829
28876,yolo_x_cpu,760
28877,yolo_x_cpu,718
28878,yolo_x_cpu,766
28879,yolo_x_cpu,736
28880,yolo_x_cpu,791
28881,yolo_x_cpu,806
28882,yolo_x_cpu,823
28883,yolo_x_cpu,786
28884,yolo_x_cpu,794
28885,yolo_x_cpu,846
28886,yolo_x_cpu,851
28887,yolo_x_cpu,786
28888,yolo_x_cpu,799
28889,yolo_x_cpu,855
28890,yolo_x_cpu,892
28891,yolo_x_cpu,900
28892,yolo_x_cpu,917
28893,yolo_x_cpu,900
28894,yolo_x_cpu,912
28895,yolo_x_cpu,896
28896,yolo_x_cpu,944
28897,yolo_x_cpu,924
28898,yolo_x_cpu,959
28899,yolo_x_cpu,920
28900,yolo_x_cpu,1000
28901,yolo_x_cpu,940
28902,yolo_x_cpu,1003
28903,yolo_x_cpu,1063
28904,yolo_x_cpu,1024
28905,yolo_x_cpu,1017
28906,yolo_x_cpu,1043
28907,yolo_x_cpu,1028
28908,yolo_x_cpu,1050
28909,yolo_x_cpu,1074
28910,yolo_x_cpu,1022
28911,yolo_x_cpu,1018
28912,yolo_x_cpu,1055
28913,yolo_x_cpu,1027
28914,yolo_x_cpu,1057
28915,yolo_x_cpu,1045
28916,yolo_x_cpu,1049
28917,yolo_x_cpu,1036
28918,yolo_x_cpu,1106
28919,yolo_x_cpu,1091
28920,yolo_x_cpu,1061
28921,yolo_x_cpu,1037
28922,yolo_x_cpu,1029
28923,yolo_x_cpu,1036
28924,yolo_x_cpu,1025
28925,yolo_x_cpu,1111
28926,yolo_x_cpu,1189
28927,yolo_x_cpu,1122
28928,yolo_x_cpu,1113
28929,yolo_x_cpu,1090
28930,yolo_x_cpu,1119
28931,yolo_x_cpu,1059
28932,yolo_x_cpu,1036
28933,yolo_x_cpu,1022
28934,yolo_x_cpu,1089
28935,yolo_x_cpu,1125
28936,yolo_x_cpu,1227
28937,yolo_x_cpu,1184
28938,yolo_x_cpu,1157
28939,yolo_x_cpu,1209
28940,yolo_x_cpu,1210
28941,yolo_x_cpu,1162
28942,yolo_x_cpu,1050
28943,yolo_x_cpu,1043
28944,yolo_x_cpu,1166
28945,yolo_x_cpu,1134
28946,yolo_x_cpu,1147
28947,yolo_x_cpu,1045
28948,yolo_x_cpu,1070
28949,yolo_x_cpu,1094
28950,yolo_x_cpu,1115
28951,yolo_x_cpu,1151
28952,yolo_x_cpu,1098
28953,yolo_x_cpu,1082
28954,yolo_x_cpu,1091
28955,yolo_x_cpu,1090
28956,yolo_x_cpu,1062
28957,yolo_x_cpu,1074
28958,yolo_x_cpu,1081
28959,yolo_x_cpu,1103
28960,yolo_x_cpu,1084
28961,yolo_x_cpu,1038
28962,yolo_x_cpu,971
28963,yolo_x_cpu,1011
28964,yolo_x_cpu,1048
28965,yolo_x_cpu,1089
28966,yolo_x_cpu,1067
28967,yolo_x_cpu,1111
28968,yolo_x_cpu,1098
28969,yolo_x_cpu,1120
28970,yolo_x_cpu,1194
28971,yolo_x_cpu,1242
28972,yolo_x_cpu,1132
28973,yolo_x_cpu,1157
28974,yolo_x_cpu,1120
28975,yolo_x_cpu,1151
28976,yolo_x_cpu,1224
28977,yolo_x_cpu,1213
28978,yolo_x_cpu,1249
28979,yolo_x_cpu,1242
28980,yolo_x_cpu,1265
28981,yolo_x_cpu,1281
28982,yolo_x_cpu,1199
28983,yolo_x_cpu,1098
28984,yolo_x_cpu,1151
28985,yolo_x_cpu,1163
28986,yolo_x_cpu,1216
28987,yolo_x_cpu,1173
28988,yolo_x_cpu,1194
28989,yolo_x_cpu,1203
28990,yolo_x_cpu,1205
28991,yolo_x_cpu,1208
28992,yolo_x_cpu,1201
28993,yolo_x_cpu,1209
28994,yolo_x_cpu,1183
28995,yolo_x_cpu,1137
28996,yolo_x_cpu,1147
28997,yolo_x_cpu,1095
28998,yolo_x_cpu,1056
28999,yolo_x_cpu,1086
29000,yolo_x_cpu,1048
29001,yolo_x_cpu,1056
29002,yolo_x_cpu,1028
29003,yolo_x_cpu,1048
29004,yolo_x_cpu,1066
29005,yolo_x_cpu,1016
29006,yolo_x_cpu,1034
29007,yolo_x_cpu,1050
29008,yolo_x_cpu,1103
29009,yolo_x_cpu,1079
29010,yolo_x_cpu,1043
29011,yolo_x_cpu,1018
29012,yolo_x_cpu,1005
29013,yolo_x_cpu,1011
29014,yolo_x_cpu,1048
29015,yolo_x_cpu,1128
29016,yolo_x_cpu,1096
29017,yolo_x_cpu,1122
29018,yolo_x_cpu,1142
29019,yolo_x_cpu,1145
29020,yolo_x_cpu,1101
29021,yolo_x_cpu,1088
29022,yolo_x_cpu,1078
29023,yolo_x_cpu,1067
29024,yolo_x_cpu,998
29025,yolo_x_cpu,1065
29026,yolo_x_cpu,1066
29027,yolo_x_cpu,1025
29028,yolo_x_cpu,1043
29029,yolo_x_cpu,936
29030,yolo_x_cpu,950
29031,yolo_x_cpu,1039
29032,yolo_x_cpu,1059
29033,yolo_x_cpu,1003
29034,yolo_x_cpu,996
29035,yolo_x_cpu,1048
29036,yolo_x_cpu,973
29037,yolo_x_cpu,1034
29038,yolo_x_cpu,1003
29039,yolo_x_cpu,974
29040,yolo_x_cpu,997
29041,yolo_x_cpu,935
29042,yolo_x_cpu,927
29043,yolo_x_cpu,976
29044,yolo_x_cpu,978
29045,yolo_x_cpu,966
29046,yolo_x_cpu,982
29047,yolo_x_cpu,1037
29048,yolo_x_cpu,946
29049,yolo_x_cpu,966
29050,yolo_x_cpu,990
29051,yolo_x_cpu,1002
29052,yolo_x_cpu,1042
29053,yolo_x_cpu,1067
29054,yolo_x_cpu,1004
29055,yolo_x_cpu,934
29056,yolo_x_cpu,920
29057,yolo_x_cpu,912
29058,yolo_x_cpu,922
29059,yolo_x_cpu,884
29060,yolo_x_cpu,887
29061,yolo_x_cpu,837
29062,yolo_x_cpu,934
29063,yolo_x_cpu,914
29064,yolo_x_cpu,862
29065,yolo_x_cpu,907
29066,yolo_x_cpu,894
29067,yolo_x_cpu,943
29068,yolo_x_cpu,908
29069,yolo_x_cpu,885
29070,yolo_x_cpu,873
29071,yolo_x_cpu,902
29072,yolo_x_cpu,943
29073,yolo_x_cpu,920
29074,yolo_x_cpu,973
29075,yolo_x_cpu,924
29076,yolo_x_cpu,935
29077,yolo_x_cpu,899
29078,yolo_x_cpu,892
29079,yolo_x_cpu,824
29080,yolo_x_cpu,834
29081,yolo_x_cpu,881
29082,yolo_x_cpu,826
29083,yolo_x_cpu,834
29084,yolo_x_cpu,824
29085,yolo_x_cpu,850
29086,yolo_x_cpu,895
29087,yolo_x_cpu,812
29088,yolo_x_cpu,847
29089,yolo_x_cpu,895
29090,yolo_x_cpu,904
29091,yolo_x_cpu,876
29092,yolo_x_cpu,872
29093,yolo_x_cpu,930
29094,yolo_x_cpu,953
29095,yolo_x_cpu,1021
29096,yolo_x_cpu,989
29097,yolo_x_cpu,968
29098,yolo_x_cpu,927
29099,yolo_x_cpu,887
29100,yolo_x_cpu,916
29101,yolo_x_cpu,895
29102,yolo_x_cpu,964
29103,yolo_x_cpu,1032
29104,yolo_x_cpu,968
29105,yolo_x_cpu,907
29106,yolo_x_cpu,957
29107,yolo_x_cpu,981
29108,yolo_x_cpu,959
29109,yolo_x_cpu,928
29110,yolo_x_cpu,914
29111,yolo_x_cpu,952
29112,yolo_x_cpu,979
29113,yolo_x_cpu,970
29114,yolo_x_cpu,959
29115,yolo_x_cpu,935
29116,yolo_x_cpu,941
29117,yolo_x_cpu,963
29118,yolo_x_cpu,1012
29119,yolo_x_cpu,1071
29120,yolo_x_cpu,1073
29121,yolo_x_cpu,1101
29122,yolo_x_cpu,1032
29123,yolo_x_cpu,1061
29124,yolo_x_cpu,1089
29125,yolo_x_cpu,1107
29126,yolo_x_cpu,1097
29127,yolo_x_cpu,1110
29128,yolo_x_cpu,1168
29129,yolo_x_cpu,1180
29130,yolo_x_cpu,1168
29131,yolo_x_cpu,1194
29132,yolo_x_cpu,1165
29133,yolo_x_cpu,1124
29134,yolo_x_cpu,1134
29135,yolo_x_cpu,1175
29136,yolo_x_cpu,1166
29137,yolo_x_cpu,1136
29138,yolo_x_cpu,1184
29139,yolo_x_cpu,1139
29140,yolo_x_cpu,1123
29141,yolo_x_cpu,1044
29142,yolo_x_cpu,1113
29143,yolo_x_cpu,1074
29144,yolo_x_cpu,1105
29145,yolo_x_cpu,1068
29146,yolo_x_cpu,1057
29147,yolo_x_cpu,1048
29148,yolo_x_cpu,1112
29149,yolo_x_cpu,1137
29150,yolo_x_cpu,1136
29151,yolo_x_cpu,1148
29152,yolo_x_cpu,1142
29153,yolo_x_cpu,1131
29154,yolo_x_cpu,1100
29155,yolo_x_cpu,1134
29156,yolo_x_cpu,1101
29157,yolo_x_cpu,1061
29158,yolo_x_cpu,1132
29159,yolo_x_cpu,1113
29160,yolo_x_cpu,1021
29161,yolo_x_cpu,1096
29162,yolo_x_cpu,1077
29163,yolo_x_cpu,1075
29164,yolo_x_cpu,1059
29165,yolo_x_cpu,1050
29166,yolo_x_cpu,1114
29167,yolo_x_cpu,1069
29168,yolo_x_cpu,1093
29169,yolo_x_cpu,1152
29170,yolo_x_cpu,1125
29171,yolo_x_cpu,1204
29172,yolo_x_cpu,1109
29173,yolo_x_cpu,1210
29174,yolo_x_cpu,1172
29175,yolo_x_cpu,1162
29176,yolo_x_cpu,1162
29177,yolo_x_cpu,1088
29178,yolo_x_cpu,1111
29179,yolo_x_cpu,1086
29180,yolo_x_cpu,1032
29181,yolo_x_cpu,1083
29182,yolo_x_cpu,1049
29183,yolo_x_cpu,1156
29184,yolo_x_cpu,1116
29185,yolo_x_cpu,1102
29186,yolo_x_cpu,1086
29187,yolo_x_cpu,1136
29188,yolo_x_cpu,1175
29189,yolo_x_cpu,1241
29190,yolo_x_cpu,1184
29191,yolo_x_cpu,1224
29192,yolo_x_cpu,1230
29193,yolo_x_cpu,1181
29194,yolo_x_cpu,1144
29195,yolo_x_cpu,1107
29196,yolo_x_cpu,1083
29197,yolo_x_cpu,1146
29198,yolo_x_cpu,1102
29199,yolo_x_cpu,1091
29200,yolo_x_cpu,1128
29201,yolo_x_cpu,1120
29202,yolo_x_cpu,1185
29203,yolo_x_cpu,1131
29204,yolo_x_cpu,1129
29205,yolo_x_cpu,1114
29206,yolo_x_cpu,1111
29207,yolo_x_cpu,1138
29208,yolo_x_cpu,1086
29209,yolo_x_cpu,1061
29210,yolo_x_cpu,1078
29211,yolo_x_cpu,1065
29212,yolo_x_cpu,1067
29213,yolo_x_cpu,1090
29214,yolo_x_cpu,1122
29215,yolo_x_cpu,1065
29216,yolo_x_cpu,1043
29217,yolo_x_cpu,1063
29218,yolo_x_cpu,1105
29219,yolo_x_cpu,1116
29220,yolo_x_cpu,1091
29221,yolo_x_cpu,1133
29222,yolo_x_cpu,1098
29223,yolo_x_cpu,1128
29224,yolo_x_cpu,1152
29225,yolo_x_cpu,1169
29226,yolo_x_cpu,1142
29227,yolo_x_cpu,1130
29228,yolo_x_cpu,1141
29229,yolo_x_cpu,1172
29230,yolo_x_cpu,1172
29231,yolo_x_cpu,1110
29232,yolo_x_cpu,1057
29233,yolo_x_cpu,1142
29234,yolo_x_cpu,1126
29235,yolo_x_cpu,1122
29236,yolo_x_cpu,1149
29237,yolo_x_cpu,1125
29238,yolo_x_cpu,1144
29239,yolo_x_cpu,1156
29240,yolo_x_cpu,1120
29241,yolo_x_cpu,1117
29242,yolo_x_cpu,1193
29243,yolo_x_cpu,1161
29244,yolo_x_cpu,1133
29245,yolo_x_cpu,1130
29246,yolo_x_cpu,1191
29247,yolo_x_cpu,1123
29248,yolo_x_cpu,1133
29249,yolo_x_cpu,1088
29250,yolo_x_cpu,1035
29251,yolo_x_cpu,1030
29252,yolo_x_cpu,1164
29253,yolo_x_cpu,1187
29254,yolo_x_cpu,1172
29255,yolo_x_cpu,1154
29256,yolo_x_cpu,1097
29257,yolo_x_cpu,1065
29258,yolo_x_cpu,1103
29259,yolo_x_cpu,1093
29260,yolo_x_cpu,1066
29261,yolo_x_cpu,1167
29262,yolo_x_cpu,1156
29263,yolo_x_cpu,1193
29264,yolo_x_cpu,1191
29265,yolo_x_cpu,1125
29266,yolo_x_cpu,1093
29267,yolo_x_cpu,1145
29268,yolo_x_cpu,1093
29269,yolo_x_cpu,1134
29270,yolo_x_cpu,1111
29271,yolo_x_cpu,1091
29272,yolo_x_cpu,1084
29273,yolo_x_cpu,1067
29274,yolo_x_cpu,1106
29275,yolo_x_cpu,1080
29276,yolo_x_cpu,1041
29277,yolo_x_cpu,1068
29278,yolo_x_cpu,1071
29279,yolo_x_cpu,1087
29280,yolo_x_cpu,1114
29281,yolo_x_cpu,1070
29282,yolo_x_cpu,1019
29283,yolo_x_cpu,1029
29284,yolo_x_cpu,1084
29285,yolo_x_cpu,1103
29286,yolo_x_cpu,1106
29287,yolo_x_cpu,1111
29288,yolo_x_cpu,1069
29289,yolo_x_cpu,1097
29290,yolo_x_cpu,1087
29291,yolo_x_cpu,1034
29292,yolo_x_cpu,1026
29293,yolo_x_cpu,1067
29294,yolo_x_cpu,1023
29295,yolo_x_cpu,1058
29296,yolo_x_cpu,1064
29297,yolo_x_cpu,1008
29298,yolo_x_cpu,1011
29299,yolo_x_cpu,970
29300,yolo_x_cpu,1012
29301,yolo_x_cpu,969
29302,yolo_x_cpu,997
29303,yolo_x_cpu,1102
29304,yolo_x_cpu,1076
29305,yolo_x_cpu,1058
29306,yolo_x_cpu,1069
29307,yolo_x_cpu,1086
29308,yolo_x_cpu,1065
29309,yolo_x_cpu,1047
29310,yolo_x_cpu,1087
29311,yolo_x_cpu,1045
29312,yolo_x_cpu,1105
29313,yolo_x_cpu,1160
29314,yolo_x_cpu,1156
29315,yolo_x_cpu,1183
29316,yolo_x_cpu,1122
29317,yolo_x_cpu,1112
29318,yolo_x_cpu,1144
29319,yolo_x_cpu,1148
29320,yolo_x_cpu,1127
29321,yolo_x_cpu,1118
29322,yolo_x_cpu,1092
29323,yolo_x_cpu,1120
29324,yolo_x_cpu,1141
29325,yolo_x_cpu,1147
29326,yolo_x_cpu,1149
29327,yolo_x_cpu,1112
29328,yolo_x_cpu,1124
29329,yolo_x_cpu,1108
29330,yolo_x_cpu,1177
29331,yolo_x_cpu,1219
29332,yolo_x_cpu,1162
29333,yolo_x_cpu,1250
29334,yolo_x_cpu,1182
29335,yolo_x_cpu,1201
29336,yolo_x_cpu,1181
29337,yolo_x_cpu,1179
29338,yolo_x_cpu,1168
29339,yolo_x_cpu,1216
29340,yolo_x_cpu,1196
29341,yolo_x_cpu,1208
29342,yolo_x_cpu,1199
29343,yolo_x_cpu,1191
29344,yolo_x_cpu,1195
29345,yolo_x_cpu,1151
29346,yolo_x_cpu,1143
29347,yolo_x_cpu,1198
29348,yolo_x_cpu,1208
29349,yolo_x_cpu,1179
29350,yolo_x_cpu,1130
29351,yolo_x_cpu,1151
29352,yolo_x_cpu,1099
29353,yolo_x_cpu,1039
29354,yolo_x_cpu,1050
29355,yolo_x_cpu,1105
29356,yolo_x_cpu,1114
29357,yolo_x_cpu,1101
29358,yolo_x_cpu,1095
29359,yolo_x_cpu,1082
29360,yolo_x_cpu,1066
29361,yolo_x_cpu,1081
29362,yolo_x_cpu,1017
29363,yolo_x_cpu,1012
29364,yolo_x_cpu,1039
29365,yolo_x_cpu,1091
29366,yolo_x_cpu,1120
29367,yolo_x_cpu,1021
29368,yolo_x_cpu,964
29369,yolo_x_cpu,1019
29370,yolo_x_cpu,1033
29371,yolo_x_cpu,1062
29372,yolo_x_cpu,1020
29373,yolo_x_cpu,1036
29374,yolo_x_cpu,1018
29375,yolo_x_cpu,1023
29376,yolo_x_cpu,1061
29377,yolo_x_cpu,1046
29378,yolo_x_cpu,1016
29379,yolo_x_cpu,992
29380,yolo_x_cpu,1039
29381,yolo_x_cpu,1002
29382,yolo_x_cpu,1053
29383,yolo_x_cpu,1085
29384,yolo_x_cpu,1142
29385,yolo_x_cpu,1112
29386,yolo_x_cpu,1162
29387,yolo_x_cpu,1141
29388,yolo_x_cpu,1177
29389,yolo_x_cpu,1176
29390,yolo_x_cpu,1155
29391,yolo_x_cpu,1132
29392,yolo_x_cpu,1090
29393,yolo_x_cpu,1009
29394,yolo_x_cpu,981
29395,yolo_x_cpu,1026
29396,yolo_x_cpu,1006
29397,yolo_x_cpu,1097
29398,yolo_x_cpu,1151
29399,yolo_x_cpu,1067
29400,yolo_x_cpu,1068
29401,yolo_x_cpu,1032
29402,yolo_x_cpu,1066
29403,yolo_x_cpu,1068
29404,yolo_x_cpu,1046
29405,yolo_x_cpu,1037
29406,yolo_x_cpu,1051
29407,yolo_x_cpu,1002
29408,yolo_x_cpu,997
29409,yolo_x_cpu,996
29410,yolo_x_cpu,987
29411,yolo_x_cpu,907
29412,yolo_x_cpu,975
29413,yolo_x_cpu,965
29414,yolo_x_cpu,986
29415,yolo_x_cpu,942
29416,yolo_x_cpu,891
29417,yolo_x_cpu,915
29418,yolo_x_cpu,977
29419,yolo_x_cpu,940
29420,yolo_x_cpu,940
29421,yolo_x_cpu,923
29422,yolo_x_cpu,933
29423,yolo_x_cpu,920
29424,yolo_x_cpu,950
29425,yolo_x_cpu,912
29426,yolo_x_cpu,913
29427,yolo_x_cpu,948
29428,yolo_x_cpu,966
29429,yolo_x_cpu,904
29430,yolo_x_cpu,923
29431,yolo_x_cpu,923
29432,yolo_x_cpu,882
29433,yolo_x_cpu,814
29434,yolo_x_cpu,824
29435,yolo_x_cpu,860
29436,yolo_x_cpu,898
29437,yolo_x_cpu,899
29438,yolo_x_cpu,902
29439,yolo_x_cpu,949
29440,yolo_x_cpu,850
29441,yolo_x_cpu,874
29442,yolo_x_cpu,832
29443,yolo_x_cpu,869
29444,yolo_x_cpu,854
29445,yolo_x_cpu,765
29446,yolo_x_cpu,803
29447,yolo_x_cpu,800
29448,yolo_x_cpu,782
29449,yolo_x_cpu,785
29450,yolo_x_cpu,827
29451,yolo_x_cpu,839
29452,yolo_x_cpu,803
29453,yolo_x_cpu,814
29454,yolo_x_cpu,886
29455,yolo_x_cpu,883
29456,yolo_x_cpu,892
29457,yolo_x_cpu,883
29458,yolo_x_cpu,894
29459,yolo_x_cpu,785
29460,yolo_x_cpu,812
29461,yolo_x_cpu,818
29462,yolo_x_cpu,783
29463,yolo_x_cpu,724
29464,yolo_x_cpu,731
29465,yolo_x_cpu,789
29466,yolo_x_cpu,774
29467,yolo_x_cpu,756
29468,yolo_x_cpu,739
29469,yolo_x_cpu,686
29470,yolo_x_cpu,716
29471,yolo_x_cpu,753
29472,yolo_x_cpu,806
29473,yolo_x_cpu,805
29474,yolo_x_cpu,803
29475,yolo_x_cpu,800
29476,yolo_x_cpu,793
29477,yolo_x_cpu,789
29478,yolo_x_cpu,786
29479,yolo_x_cpu,773
29480,yolo_x_cpu,739
29481,yolo_x_cpu,753
29482,yolo_x_cpu,726
29483,yolo_x_cpu,773
29484,yolo_x_cpu,742
29485,yolo_x_cpu,723
29486,yolo_x_cpu,722
29487,yolo_x_cpu,643
29488,yolo_x_cpu,734
29489,yolo_x_cpu,650
29490,yolo_x_cpu,706
29491,yolo_x_cpu,668
29492,yolo_x_cpu,711
29493,yolo_x_cpu,693
29494,yolo_x_cpu,716
29495,yolo_x_cpu,695
29496,yolo_x_cpu,702
29497,yolo_x_cpu,699
29498,yolo_x_cpu,656
29499,yolo_x_cpu,621
29500,yolo_x_cpu,557
29501,yolo_x_cpu,608
29502,yolo_x_cpu,660
29503,yolo_x_cpu,723
29504,yolo_x_cpu,637
29505,yolo_x_cpu,645
29506,yolo_x_cpu,640
29507,yolo_x_cpu,602
29508,yolo_x_cpu,639
29509,yolo_x_cpu,595
29510,yolo_x_cpu,659
29511,yolo_x_cpu,661
29512,yolo_x_cpu,705
29513,yolo_x_cpu,676
29514,yolo_x_cpu,673
29515,yolo_x_cpu,658
29516,yolo_x_cpu,653
29517,yolo_x_cpu,658
29518,yolo_x_cpu,685
29519,yolo_x_cpu,690
29520,yolo_x_cpu,683
29521,yolo_x_cpu,679
29522,yolo_x_cpu,697
29523,yolo_x_cpu,723
29524,yolo_x_cpu,811
29525,yolo_x_cpu,816
29526,yolo_x_cpu,832
29527,yolo_x_cpu,804
29528,yolo_x_cpu,813
29529,yolo_x_cpu,800
29530,yolo_x_cpu,802
29531,yolo_x_cpu,866
29532,yolo_x_cpu,889
29533,yolo_x_cpu,835
29534,yolo_x_cpu,793
29535,yolo_x_cpu,766
29536,yolo_x_cpu,814
29537,yolo_x_cpu,751
29538,yolo_x_cpu,700
29539,yolo_x_cpu,769
29540,yolo_x_cpu,732
29541,yolo_x_cpu,760
29542,yolo_x_cpu,739
29543,yolo_x_cpu,734
29544,yolo_x_cpu,766
29545,yolo_x_cpu,791
29546,yolo_x_cpu,737
29547,yolo_x_cpu,780
29548,yolo_x_cpu,822
29549,yolo_x_cpu,828
29550,yolo_x_cpu,838
29551,yolo_x_cpu,788
29552,yolo_x_cpu,800
29553,yolo_x_cpu,796
29554,yolo_x_cpu,797
29555,yolo_x_cpu,786
29556,yolo_x_cpu,792
29557,yolo_x_cpu,751
29558,yolo_x_cpu,812
29559,yolo_x_cpu,803
29560,yolo_x_cpu,798
29561,yolo_x_cpu,811
29562,yolo_x_cpu,821
29563,yolo_x_cpu,842
29564,yolo_x_cpu,796
29565,yolo_x_cpu,757
29566,yolo_x_cpu,737
29567,yolo_x_cpu,717
29568,yolo_x_cpu,697
29569,yolo_x_cpu,735
29570,yolo_x_cpu,762
29571,yolo_x_cpu,777
29572,yolo_x_cpu,807
29573,yolo_x_cpu,817
29574,yolo_x_cpu,785
29575,yolo_x_cpu,713
29576,yolo_x_cpu,778
29577,yolo_x_cpu,733
29578,yolo_x_cpu,688
29579,yolo_x_cpu,683
29580,yolo_x_cpu,741
29581,yolo_x_cpu,741
29582,yolo_x_cpu,797
29583,yolo_x_cpu,749
29584,yolo_x_cpu,734
29585,yolo_x_cpu,722
29586,yolo_x_cpu,703
29587,yolo_x_cpu,631
29588,yolo_x_cpu,667
29589,yolo_x_cpu,623
29590,yolo_x_cpu,629
29591,yolo_x_cpu,625
29592,yolo_x_cpu,618
29593,yolo_x_cpu,602
29594,yolo_x_cpu,639
29595,yolo_x_cpu,615
29596,yolo_x_cpu,651
29597,yolo_x_cpu,593
29598,yolo_x_cpu,543
29599,yolo_x_cpu,542
29600,yolo_x_cpu,614
29601,yolo_x_cpu,576
29602,yolo_x_cpu,584
29603,yolo_x_cpu,585
29604,yolo_x_cpu,575
29605,yolo_x_cpu,594
29606,yolo_x_cpu,581
29607,yolo_x_cpu,565
29608,yolo_x_cpu,557
29609,yolo_x_cpu,610
29610,yolo_x_cpu,622
29611,yolo_x_cpu,638
29612,yolo_x_cpu,606
29613,yolo_x_cpu,564
29614,yolo_x_cpu,543
29615,yolo_x_cpu,588
29616,yolo_x_cpu,542
29617,yolo_x_cpu,533
29618,yolo_x_cpu,580
29619,yolo_x_cpu,564
29620,yolo_x_cpu,588
29621,yolo_x_cpu,602
29622,yolo_x_cpu,595
29623,yolo_x_cpu,548
29624,yolo_x_cpu,569
29625,yolo_x_cpu,543
29626,yolo_x_cpu,543
29627,yolo_x_cpu,545
29628,yolo_x_cpu,552
29629,yolo_x_cpu,555
29630,yolo_x_cpu,579
29631,yolo_x_cpu,532
29632,yolo_x_cpu,602
29633,yolo_x_cpu,572
29634,yolo_x_cpu,559
29635,yolo_x_cpu,619
29636,yolo_x_cpu,580
29637,yolo_x_cpu,606
29638,yolo_x_cpu,602
29639,yolo_x_cpu,563
29640,yolo_x_cpu,564
29641,yolo_x_cpu,585
29642,yolo_x_cpu,577
29643,yolo_x_cpu,553
29644,yolo_x_cpu,579
29645,yolo_x_cpu,552
29646,yolo_x_cpu,576
29647,yolo_x_cpu,553
29648,yolo_x_cpu,526
29649,yolo_x_cpu,546
29650,yolo_x_cpu,499
29651,yolo_x_cpu,497
29652,yolo_x_cpu,527
29653,yolo_x_cpu,530
29654,yolo_x_cpu,536
29655,yolo_x_cpu,541
29656,yolo_x_cpu,527
29657,yolo_x_cpu,503
29658,yolo_x_cpu,491
29659,yolo_x_cpu,517
29660,yolo_x_cpu,558
29661,yolo_x_cpu,529
29662,yolo_x_cpu,641
29663,yolo_x_cpu,631
29664,yolo_x_cpu,600
29665,yolo_x_cpu,628
29666,yolo_x_cpu,579
29667,yolo_x_cpu,505
29668,yolo_x_cpu,526
29669,yolo_x_cpu,530
29670,yolo_x_cpu,535
29671,yolo_x_cpu,476
29672,yolo_x_cpu,467
29673,yolo_x_cpu,447
29674,yolo_x_cpu,450
29675,yolo_x_cpu,472
29676,yolo_x_cpu,488
29677,yolo_x_cpu,495
29678,yolo_x_cpu,520
29679,yolo_x_cpu,450
29680,yolo_x_cpu,432
29681,yolo_x_cpu,458
29682,yolo_x_cpu,393
29683,yolo_x_cpu,427
29684,yolo_x_cpu,429
29685,yolo_x_cpu,426
29686,yolo_x_cpu,419
29687,yolo_x_cpu,378
29688,yolo_x_cpu,378
29689,yolo_x_cpu,455
29690,yolo_x_cpu,418
29691,yolo_x_cpu,423
29692,yolo_x_cpu,405
29693,yolo_x_cpu,403
29694,yolo_x_cpu,395
29695,yolo_x_cpu,396
29696,yolo_x_cpu,396
29697,yolo_x_cpu,369
29698,yolo_x_cpu,362
29699,yolo_x_cpu,347
29700,yolo_x_cpu,348
29701,yolo_x_cpu,324
29702,yolo_x_cpu,341
29703,yolo_x_cpu,337
29704,yolo_x_cpu,331
29705,yolo_x_cpu,299
29706,yolo_x_cpu,331
29707,yolo_x_cpu,296
29708,yolo_x_cpu,327
29709,yolo_x_cpu,276
29710,yolo_x_cpu,247
29711,yolo_x_cpu,284
29712,yolo_x_cpu,280
29713,yolo_x_cpu,259
29714,yolo_x_cpu,294
29715,yolo_x_cpu,312
29716,yolo_x_cpu,319
29717,yolo_x_cpu,299
29718,yolo_x_cpu,260
29719,yolo_x_cpu,285
29720,yolo_x_cpu,284
29721,yolo_x_cpu,302
29722,yolo_x_cpu,317
29723,yolo_x_cpu,306
29724,yolo_x_cpu,318
29725,yolo_x_cpu,307
29726,yolo_x_cpu,268
29727,yolo_x_cpu,271
29728,yolo_x_cpu,315
29729,yolo_x_cpu,314
29730,yolo_x_cpu,301
29731,yolo_x_cpu,292
29732,yolo_x_cpu,357
29733,yolo_x_cpu,265
29734,yolo_x_cpu,252
29735,yolo_x_cpu,314
29736,yolo_x_cpu,289
29737,yolo_x_cpu,256
29738,yolo_x_cpu,294
29739,yolo_x_cpu,278
29740,yolo_x_cpu,300
29741,yolo_x_cpu,264
29742,yolo_x_cpu,294
29743,yolo_x_cpu,270
29744,yolo_x_cpu,263
29745,yolo_x_cpu,268
29746,yolo_x_cpu,281
29747,yolo_x_cpu,229
29748,yolo_x_cpu,227
29749,yolo_x_cpu,257
29750,yolo_x_cpu,240
29751,yolo_x_cpu,227
29752,yolo_x_cpu,211
29753,yolo_x_cpu,227
29754,yolo_x_cpu,250
29755,yolo_x_cpu,192
29756,yolo_x_cpu,250
29757,yolo_x_cpu,235
29758,yolo_x_cpu,215
29759,yolo_x_cpu,254
29760,yolo_x_cpu,247
29761,yolo_x_cpu,200
29762,yolo_x_cpu,269
29763,yolo_x_cpu,208
29764,yolo_x_cpu,239
29765,yolo_x_cpu,234
29766,yolo_x_cpu,228
29767,yolo_x_cpu,237
29768,yolo_x_cpu,248
29769,yolo_x_cpu,211
29770,yolo_x_cpu,189
29771,yolo_x_cpu,238
29772,yolo_x_cpu,226
29773,yolo_x_cpu,229
29774,yolo_x_cpu,214
29775,yolo_x_cpu,199
29776,yolo_x_cpu,219
29777,yolo_x_cpu,203
29778,yolo_x_cpu,185
29779,yolo_x_cpu,250
29780,yolo_x_cpu,251
29781,yolo_x_cpu,214
29782,yolo_x_cpu,190
29783,yolo_x_cpu,209
29784,yolo_x_cpu,238
29785,yolo_x_cpu,225
29786,yolo_x_cpu,238
29787,yolo_x_cpu,215
29788,yolo_x_cpu,203
29789,yolo_x_cpu,212
29790,yolo_x_cpu,221
29791,yolo_x_cpu,195
29792,yolo_x_cpu,204
29793,yolo_x_cpu,185
29794,yolo_x_cpu,172
29795,yolo_x_cpu,162
29796,yolo_x_cpu,141
29797,yolo_x_cpu,149
29798,yolo_x_cpu,136
29799,yolo_x_cpu,148
29800,yolo_x_cpu,149
29801,yolo_x_cpu,168
29802,yolo_x_cpu,183
29803,yolo_x_cpu,180
29804,yolo_x_cpu,181
29805,yolo_x_cpu,172
29806,yolo_x_cpu,162
29807,yolo_x_cpu,154
29808,yolo_x_cpu,154
29809,yolo_x_cpu,152
29810,yolo_x_cpu,164
29811,yolo_x_cpu,193
29812,yolo_x_cpu,183
29813,yolo_x_cpu,176
29814,yolo_x_cpu,178
29815,yolo_x_cpu,173
29816,yolo_x_cpu,160
29817,yolo_x_cpu,169
29818,yolo_x_cpu,169
29819,yolo_x_cpu,156
29820,yolo_x_cpu,180
29821,yolo_x_cpu,158
29822,yolo_x_cpu,143
29823,yolo_x_cpu,139
29824,yolo_x_cpu,124
29825,yolo_x_cpu,145
29826,yolo_x_cpu,144
29827,yolo_x_cpu,153
29828,yolo_x_cpu,144
29829,yolo_x_cpu,168
29830,yolo_x_cpu,148
29831,yolo_x_cpu,139
29832,yolo_x_cpu,123
29833,yolo_x_cpu,135
29834,yolo_x_cpu,111
29835,yolo_x_cpu,104
29836,yolo_x_cpu,110
29837,yolo_x_cpu,168
29838,yolo_x_cpu,160
29839,yolo_x_cpu,146
29840,yolo_x_cpu,150
29841,yolo_x_cpu,169
29842,yolo_x_cpu,139
29843,yolo_x_cpu,129
29844,yolo_x_cpu,125
29845,yolo_x_cpu,128
29846,yolo_x_cpu,146
29847,yolo_x_cpu,106
29848,yolo_x_cpu,133
29849,yolo_x_cpu,126
29850,yolo_x_cpu,131
29851,yolo_x_cpu,122
29852,yolo_x_cpu,151
29853,yolo_x_cpu,134
29854,yolo_x_cpu,127
29855,yolo_x_cpu,141
29856,yolo_x_cpu,144
29857,yolo_x_cpu,148
29858,yolo_x_cpu,115
29859,yolo_x_cpu,129
29860,yolo_x_cpu,117
29861,yolo_x_cpu,106
29862,yolo_x_cpu,110
29863,yolo_x_cpu,118
29864,yolo_x_cpu,104
29865,yolo_x_cpu,101
29866,yolo_x_cpu,104
29867,yolo_x_cpu,104
29868,yolo_x_cpu,99
29869,yolo_x_cpu,117
29870,yolo_x_cpu,118
29871,yolo_x_cpu,101
29872,yolo_x_cpu,93
29873,yolo_x_cpu,83
29874,yolo_x_cpu,103
29875,yolo_x_cpu,98
29876,yolo_x_cpu,96
29877,yolo_x_cpu,115
29878,yolo_x_cpu,109
29879,yolo_x_cpu,113
29880,yolo_x_cpu,115
29881,yolo_x_cpu,91
29882,yolo_x_cpu,109
29883,yolo_x_cpu,101
29884,yolo_x_cpu,109
29885,yolo_x_cpu,91
29886,yolo_x_cpu,111
29887,yolo_x_cpu,93
29888,yolo_x_cpu,98
29889,yolo_x_cpu,79
29890,yolo_x_cpu,63
29891,yolo_x_cpu,62
29892,yolo_x_cpu,45
29893,yolo_x_cpu,62
29894,yolo_x_cpu,56
29895,yolo_x_cpu,60
29896,yolo_x_cpu,58
29897,yolo_x_cpu,47
29898,yolo_x_cpu,60
29899,yolo_x_cpu,43
29900,yolo_x_cpu,41
29901,yolo_x_cpu,43
29902,yolo_x_cpu,49
29903,yolo_x_cpu,48
29904,yolo_x_cpu,57
29905,yolo_x_cpu,55
29906,yolo_x_cpu,55
29907,yolo_x_cpu,49
29908,yolo_x_cpu,49
29909,yolo_x_cpu,58
29910,yolo_x_cpu,65
29911,yolo_x_cpu,67
29912,yolo_x_cpu,81
29913,yolo_x_cpu,78
29914,yolo_x_cpu,82
29915,yolo_x_cpu,76
29916,yolo_x_cpu,67
29917,yolo_x_cpu,54
29918,yolo_x_cpu,66
29919,yolo_x_cpu,58
29920,yolo_x_cpu,63
29921,yolo_x_cpu,61
29922,yolo_x_cpu,61
29923,yolo_x_cpu,48
29924,yolo_x_cpu,57
29925,yolo_x_cpu,46
29926,yolo_x_cpu,68
29927,yolo_x_cpu,85
29928,yolo_x_cpu,74
29929,yolo_x_cpu,92
29930,yolo_x_cpu,60
29931,yolo_x_cpu,68
29932,yolo_x_cpu,66
29933,yolo_x_cpu,62
29934,yolo_x_cpu,63
29935,yolo_x_cpu,63
29936,yolo_x_cpu,55
29937,yolo_x_cpu,70
29938,yolo_x_cpu,76
29939,yolo_x_cpu,59
29940,yolo_x_cpu,98
29941,yolo_x_cpu,1690
29942,yolo_x_cpu,1777
29943,yolo_x_cpu,1290
29944,yolo_x_cpu,215
29945,yolo_x_cpu,190
29946,yolo_x_cpu,184
29947,yolo_x_cpu,152
29948,yolo_x_cpu,162
29949,yolo_x_cpu,151
29950,yolo_x_cpu,144
29951,yolo_x_cpu,156
29952,yolo_x_cpu,126
29953,yolo_x_cpu,147
29954,yolo_x_cpu,137
29955,yolo_x_cpu,146
29956,yolo_x_cpu,132
29957,yolo_x_cpu,123
29958,yolo_x_cpu,128
29959,yolo_x_cpu,108
29960,yolo_x_cpu,120
29961,yolo_x_cpu,104
29962,yolo_x_cpu,71
29963,yolo_x_cpu,61
29964,yolo_x_cpu,54
29965,yolo_x_cpu,34
29966,yolo_x_cpu,40
29967,yolo_x_cpu,55
29968,yolo_x_cpu,55
29969,yolo_x_cpu,69
29970,yolo_x_cpu,58
29971,yolo_x_cpu,71
29972,yolo_x_cpu,70
29973,yolo_x_cpu,73
29974,yolo_x_cpu,67
29975,yolo_x_cpu,63
29976,yolo_x_cpu,47
29977,yolo_x_cpu,48
29978,yolo_x_cpu,59
29979,yolo_x_cpu,58
29980,yolo_x_cpu,56
29981,yolo_x_cpu,46
29982,yolo_x_cpu,51
29983,yolo_x_cpu,38
29984,yolo_x_cpu,36
29985,yolo_x_cpu,44
29986,yolo_x_cpu,55
29987,yolo_x_cpu,37
29988,yolo_x_cpu,39
29989,yolo_x_cpu,57
29990,yolo_x_cpu,75
29991,yolo_x_cpu,67
29992,yolo_x_cpu,57
29993,yolo_x_cpu,48
29994,yolo_x_cpu,29
29995,yolo_x_cpu,35
29996,yolo_x_cpu,24
29997,yolo_x_cpu,31
29998,yolo_x_cpu,31
29999,yolo_x_cpu,33
30000,yolo_x_cpu,38
30001,yolo_x_cpu,27
30002,yolo_x_cpu,29
30003,yolo_x_cpu,36
30004,yolo_x_cpu,43
30005,yolo_x_cpu,34
30006,yolo_x_cpu,32
30007,yolo_x_cpu,36
30008,yolo_x_cpu,29
30009,yolo_x_cpu,30
30010,yolo_x_cpu,42
30011,yolo_x_cpu,45
30012,yolo_x_cpu,37
30013,yolo_x_cpu,37
30014,yolo_x_cpu,43
30015,yolo_x_cpu,37
30016,yolo_x_cpu,40
30017,yolo_x_cpu,35
30018,yolo_x_cpu,43
30019,yolo_x_cpu,48
30020,yolo_x_cpu,50
30021,yolo_x_cpu,42
30022,yolo_x_cpu,48
30023,yolo_x_cpu,40
30024,yolo_x_cpu,24
30025,yolo_x_cpu,39
30026,yolo_x_cpu,33
30027,yolo_x_cpu,50
30028,yolo_x_cpu,53
30029,yolo_x_cpu,41
30030,yolo_x_cpu,41
30031,yolo_x_cpu,33
30032,yolo_x_cpu,36
30033,yolo_x_cpu,37
30034,yolo_x_cpu,30
30035,yolo_x_cpu,44
30036,yolo_x_cpu,26
30037,yolo_x_cpu,27
30038,yolo_x_cpu,15
30039,yolo_x_cpu,18
30040,yolo_x_cpu,22
30041,yolo_x_cpu,15
30042,yolo_x_cpu,15
30043,yolo_x_cpu,14
30044,yolo_x_cpu,35
30045,yolo_x_cpu,34
30046,yolo_x_cpu,40
30047,yolo_x_cpu,43
30048,yolo_x_cpu,37
30049,yolo_x_cpu,38
30050,yolo_x_cpu,35
30051,yolo_x_cpu,40
30052,yolo_x_cpu,33
30053,yolo_x_cpu,29
30054,yolo_x_cpu,42
30055,yolo_x_cpu,21
30056,yolo_x_cpu,27
30057,yolo_x_cpu,13
30058,yolo_x_cpu,15
30059,yolo_x_cpu,24
30060,yolo_x_cpu,18
30061,yolo_x_cpu,20
30062,yolo_x_cpu,16
30063,yolo_x_cpu,26
30064,yolo_x_cpu,18
30065,yolo_x_cpu,14
30066,yolo_x_cpu,28
30067,yolo_x_cpu,27
30068,yolo_x_cpu,30
30069,yolo_x_cpu,27
30070,yolo_x_cpu,17
30071,yolo_x_cpu,23
30072,yolo_x_cpu,17
30073,yolo_x_cpu,17
30074,yolo_x_cpu,17
30075,yolo_x_cpu,18
30076,yolo_x_cpu,17
30077,yolo_x_cpu,11
30078,yolo_x_cpu,11
30079,yolo_x_cpu,21
30080,yolo_x_cpu,27
30081,yolo_x_cpu,21
30082,yolo_x_cpu,7
30083,yolo_x_cpu,28
30084,yolo_x_cpu,16
30085,yolo_x_cpu,14
30086,yolo_x_cpu,15
30087,yolo_x_cpu,28
30088,yolo_x_cpu,25
30089,yolo_x_cpu,20
30090,yolo_x_cpu,18
30091,yolo_x_cpu,19
30092,yolo_x_cpu,24
30093,yolo_x_cpu,27
30094,yolo_x_cpu,18
30095,yolo_x_cpu,16
30096,yolo_x_cpu,15
30097,yolo_x_cpu,20
30098,yolo_x_cpu,23
30099,yolo_x_cpu,17
30100,yolo_x_cpu,20
30101,yolo_x_cpu,14
30102,yolo_x_cpu,14
30103,yolo_x_cpu,9
30104,yolo_x_cpu,31
30105,yolo_x_cpu,31
30106,yolo_x_cpu,19
30107,yolo_x_cpu,23
30108,yolo_x_cpu,24
30109,yolo_x_cpu,14
30110,yolo_x_cpu,22
30111,yolo_x_cpu,20
30112,yolo_x_cpu,15
30113,yolo_x_cpu,16
30114,yolo_x_cpu,17
30115,yolo_x_cpu,22
30116,yolo_x_cpu,18
30117,yolo_x_cpu,11
30118,yolo_x_cpu,12
30119,yolo_x_cpu,15
30120,yolo_x_cpu,21
30121,yolo_x_cpu,21
30122,yolo_x_cpu,7
30123,yolo_x_cpu,19
30124,yolo_x_cpu,26
30125,yolo_x_cpu,32
30126,yolo_x_cpu,22
30127,yolo_x_cpu,25
30128,yolo_x_cpu,21
30129,yolo_x_cpu,29
30130,yolo_x_cpu,36
30131,yolo_x_cpu,28
30132,yolo_x_cpu,41
30133,yolo_x_cpu,38
30134,yolo_x_cpu,30
30135,yolo_x_cpu,33
30136,yolo_x_cpu,46
30137,yolo_x_cpu,46
30138,yolo_x_cpu,44
30139,yolo_x_cpu,45
30140,yolo_x_cpu,43
30141,yolo_x_cpu,43
30142,yolo_x_cpu,53
30143,yolo_x_cpu,51
30144,yolo_x_cpu,46
30145,yolo_x_cpu,50
30146,yolo_x_cpu,46
30147,yolo_x_cpu,67
30148,yolo_x_cpu,72
30149,yolo_x_cpu,47
30150,yolo_x_cpu,63
30151,yolo_x_cpu,63
30152,yolo_x_cpu,55
30153,yolo_x_cpu,61
30154,yolo_x_cpu,70
30155,yolo_x_cpu,65
30156,yolo_x_cpu,67
30157,yolo_x_cpu,58
30158,yolo_x_cpu,74
30159,yolo_x_cpu,74
30160,yolo_x_cpu,61
30161,yolo_x_cpu,86
30162,yolo_x_cpu,66
30163,yolo_x_cpu,95
30164,yolo_x_cpu,76
30165,yolo_x_cpu,81
30166,yolo_x_cpu,106
30167,yolo_x_cpu,104
30168,yolo_x_cpu,92
30169,yolo_x_cpu,102
30170,yolo_x_cpu,104
30171,yolo_x_cpu,84
30172,yolo_x_cpu,74
30173,yolo_x_cpu,76
30174,yolo_x_cpu,64
30175,yolo_x_cpu,91
30176,yolo_x_cpu,83
30177,yolo_x_cpu,89
30178,yolo_x_cpu,89
30179,yolo_x_cpu,99
30180,yolo_x_cpu,84
30181,yolo_x_cpu,90
30182,yolo_x_cpu,89
30183,yolo_x_cpu,103
30184,yolo_x_cpu,108
30185,yolo_x_cpu,123
30186,yolo_x_cpu,103
30187,yolo_x_cpu,80
30188,yolo_x_cpu,100
30189,yolo_x_cpu,95
30190,yolo_x_cpu,125
30191,yolo_x_cpu,137
30192,yolo_x_cpu,136
30193,yolo_x_cpu,145
30194,yolo_x_cpu,152
30195,yolo_x_cpu,145
30196,yolo_x_cpu,135
30197,yolo_x_cpu,156
30198,yolo_x_cpu,156
30199,yolo_x_cpu,160
30200,yolo_x_cpu,189
30201,yolo_x_cpu,176
30202,yolo_x_cpu,196
30203,yolo_x_cpu,183
30204,yolo_x_cpu,176
30205,yolo_x_cpu,178
30206,yolo_x_cpu,177
30207,yolo_x_cpu,217
30208,yolo_x_cpu,204
30209,yolo_x_cpu,233
30210,yolo_x_cpu,211
30211,yolo_x_cpu,213
30212,yolo_x_cpu,178
30213,yolo_x_cpu,172
30214,yolo_x_cpu,160
30215,yolo_x_cpu,196
30216,yolo_x_cpu,219
30217,yolo_x_cpu,231
30218,yolo_x_cpu,268
30219,yolo_x_cpu,306
30220,yolo_x_cpu,229
30221,yolo_x_cpu,245
30222,yolo_x_cpu,251
30223,yolo_x_cpu,290
30224,yolo_x_cpu,274
30225,yolo_x_cpu,280
30226,yolo_x_cpu,279
30227,yolo_x_cpu,303
30228,yolo_x_cpu,305
30229,yolo_x_cpu,328
30230,yolo_x_cpu,291
30231,yolo_x_cpu,322
30232,yolo_x_cpu,306
30233,yolo_x_cpu,293
30234,yolo_x_cpu,318
30235,yolo_x_cpu,321
30236,yolo_x_cpu,335
30237,yolo_x_cpu,363
30238,yolo_x_cpu,409
30239,yolo_x_cpu,330
30240,yolo_x_cpu,354
30241,yolo_x_cpu,407
30242,yolo_x_cpu,357
30243,yolo_x_cpu,355
30244,yolo_x_cpu,372
30245,yolo_x_cpu,374
30246,yolo_x_cpu,380
30247,yolo_x_cpu,373
30248,yolo_x_cpu,409
30249,yolo_x_cpu,379
30250,yolo_x_cpu,376
30251,yolo_x_cpu,381
30252,yolo_x_cpu,407
30253,yolo_x_cpu,396
30254,yolo_x_cpu,409
30255,yolo_x_cpu,391
30256,yolo_x_cpu,399
30257,yolo_x_cpu,419
30258,yolo_x_cpu,391
30259,yolo_x_cpu,354
30260,yolo_x_cpu,380
30261,yolo_x_cpu,347
30262,yolo_x_cpu,352
30263,yolo_x_cpu,360
30264,yolo_x_cpu,378
30265,yolo_x_cpu,421
30266,yolo_x_cpu,444
30267,yolo_x_cpu,452
30268,yolo_x_cpu,427
30269,yolo_x_cpu,451
30270,yolo_x_cpu,480
30271,yolo_x_cpu,530
30272,yolo_x_cpu,484
30273,yolo_x_cpu,548
30274,yolo_x_cpu,521
30275,yolo_x_cpu,600
30276,yolo_x_cpu,554
30277,yolo_x_cpu,548
30278,yolo_x_cpu,554
30279,yolo_x_cpu,579
30280,yolo_x_cpu,567
30281,yolo_x_cpu,661
30282,yolo_x_cpu,587
30283,yolo_x_cpu,591
30284,yolo_x_cpu,620
30285,yolo_x_cpu,574
30286,yolo_x_cpu,604
30287,yolo_x_cpu,659
30288,yolo_x_cpu,701
30289,yolo_x_cpu,729
30290,yolo_x_cpu,700
30291,yolo_x_cpu,695
30292,yolo_x_cpu,701
30293,yolo_x_cpu,800
30294,yolo_x_cpu,711
30295,yolo_x_cpu,803
30296,yolo_x_cpu,699
30297,yolo_x_cpu,722
30298,yolo_x_cpu,736
30299,yolo_x_cpu,733
30300,yolo_x_cpu,741
30301,yolo_x_cpu,760
30302,yolo_x_cpu,755
30303,yolo_x_cpu,736
30304,yolo_x_cpu,779
30305,yolo_x_cpu,752
30306,yolo_x_cpu,736
30307,yolo_x_cpu,831
30308,yolo_x_cpu,795
30309,yolo_x_cpu,834
30310,yolo_x_cpu,825
30311,yolo_x_cpu,788
30312,yolo_x_cpu,768
30313,yolo_x_cpu,753
30314,yolo_x_cpu,777
30315,yolo_x_cpu,746
30316,yolo_x_cpu,769
30317,yolo_x_cpu,761
30318,yolo_x_cpu,722
30319,yolo_x_cpu,756
30320,yolo_x_cpu,712
30321,yolo_x_cpu,735
30322,yolo_x_cpu,718
30323,yolo_x_cpu,713
30324,yolo_x_cpu,750
30325,yolo_x_cpu,794
30326,yolo_x_cpu,815
30327,yolo_x_cpu,799
30328,yolo_x_cpu,822
30329,yolo_x_cpu,813
30330,yolo_x_cpu,868
30331,yolo_x_cpu,837
30332,yolo_x_cpu,834
30333,yolo_x_cpu,838
30334,yolo_x_cpu,861
30335,yolo_x_cpu,846
30336,yolo_x_cpu,869
30337,yolo_x_cpu,911
30338,yolo_x_cpu,925
30339,yolo_x_cpu,888
30340,yolo_x_cpu,955
30341,yolo_x_cpu,968
30342,yolo_x_cpu,1019
30343,yolo_x_cpu,1020
30344,yolo_x_cpu,1023
30345,yolo_x_cpu,1017
30346,yolo_x_cpu,1047
30347,yolo_x_cpu,1007
30348,yolo_x_cpu,974
30349,yolo_x_cpu,1025
30350,yolo_x_cpu,980
30351,yolo_x_cpu,1022
30352,yolo_x_cpu,991
30353,yolo_x_cpu,973
30354,yolo_x_cpu,964
30355,yolo_x_cpu,965
30356,yolo_x_cpu,990
30357,yolo_x_cpu,1021
30358,yolo_x_cpu,1006
30359,yolo_x_cpu,1006
30360,yolo_x_cpu,1075
30361,yolo_x_cpu,1048
30362,yolo_x_cpu,1053
30363,yolo_x_cpu,1087
30364,yolo_x_cpu,1075
30365,yolo_x_cpu,1043
30366,yolo_x_cpu,994
30367,yolo_x_cpu,1007
30368,yolo_x_cpu,975
30369,yolo_x_cpu,961
30370,yolo_x_cpu,1051
30371,yolo_x_cpu,1037
30372,yolo_x_cpu,1019
30373,yolo_x_cpu,1028
30374,yolo_x_cpu,988
30375,yolo_x_cpu,1030
30376,yolo_x_cpu,995
30377,yolo_x_cpu,1028
30378,yolo_x_cpu,992
30379,yolo_x_cpu,973
30380,yolo_x_cpu,1014
30381,yolo_x_cpu,1008
30382,yolo_x_cpu,1036
30383,yolo_x_cpu,1113
30384,yolo_x_cpu,1022
30385,yolo_x_cpu,1071
30386,yolo_x_cpu,1061
30387,yolo_x_cpu,1059
30388,yolo_x_cpu,1083
30389,yolo_x_cpu,1117
30390,yolo_x_cpu,1101
30391,yolo_x_cpu,1074
30392,yolo_x_cpu,1066
30393,yolo_x_cpu,1112
30394,yolo_x_cpu,1078
30395,yolo_x_cpu,1052
30396,yolo_x_cpu,1043
30397,yolo_x_cpu,1067
30398,yolo_x_cpu,1084
30399,yolo_x_cpu,1124
30400,yolo_x_cpu,1044
30401,yolo_x_cpu,1023
30402,yolo_x_cpu,1056
30403,yolo_x_cpu,1100
30404,yolo_x_cpu,1127
30405,yolo_x_cpu,1088
30406,yolo_x_cpu,1085
30407,yolo_x_cpu,1057
30408,yolo_x_cpu,976
30409,yolo_x_cpu,1000
30410,yolo_x_cpu,951
30411,yolo_x_cpu,956
30412,yolo_x_cpu,930
30413,yolo_x_cpu,1008
30414,yolo_x_cpu,1004
30415,yolo_x_cpu,969
30416,yolo_x_cpu,1027
30417,yolo_x_cpu,1024
30418,yolo_x_cpu,992
30419,yolo_x_cpu,1024
30420,yolo_x_cpu,1068
30421,yolo_x_cpu,1086
30422,yolo_x_cpu,1095
30423,yolo_x_cpu,1036
30424,yolo_x_cpu,1060
30425,yolo_x_cpu,1120
30426,yolo_x_cpu,1141
30427,yolo_x_cpu,1060
30428,yolo_x_cpu,1042
30429,yolo_x_cpu,1038
30430,yolo_x_cpu,1058
30431,yolo_x_cpu,1062
30432,yolo_x_cpu,1044
30433,yolo_x_cpu,1032
30434,yolo_x_cpu,1018
30435,yolo_x_cpu,1033
30436,yolo_x_cpu,1021
30437,yolo_x_cpu,1109
30438,yolo_x_cpu,1075
30439,yolo_x_cpu,1113
30440,yolo_x_cpu,1064
30441,yolo_x_cpu,1113
30442,yolo_x_cpu,1034
30443,yolo_x_cpu,1044
30444,yolo_x_cpu,1044
30445,yolo_x_cpu,1029
30446,yolo_x_cpu,995
30447,yolo_x_cpu,1015
30448,yolo_x_cpu,1025
30449,yolo_x_cpu,1036
30450,yolo_x_cpu,1007
30451,yolo_x_cpu,1003
30452,yolo_x_cpu,1002
30453,yolo_x_cpu,996
30454,yolo_x_cpu,999
30455,yolo_x_cpu,1047
30456,yolo_x_cpu,1033
30457,yolo_x_cpu,1071
30458,yolo_x_cpu,1092
30459,yolo_x_cpu,1095
30460,yolo_x_cpu,1046
30461,yolo_x_cpu,1066
30462,yolo_x_cpu,1066
30463,yolo_x_cpu,1114
30464,yolo_x_cpu,1086
30465,yolo_x_cpu,1113
30466,yolo_x_cpu,1182
30467,yolo_x_cpu,1151
30468,yolo_x_cpu,1084
30469,yolo_x_cpu,1113
30470,yolo_x_cpu,1086
30471,yolo_x_cpu,1056
30472,yolo_x_cpu,1037
30473,yolo_x_cpu,1035
30474,yolo_x_cpu,987
30475,yolo_x_cpu,983
30476,yolo_x_cpu,1015
30477,yolo_x_cpu,1040
30478,yolo_x_cpu,1010
30479,yolo_x_cpu,1026
30480,yolo_x_cpu,949
30481,yolo_x_cpu,945
30482,yolo_x_cpu,930
30483,yolo_x_cpu,1012
30484,yolo_x_cpu,976
30485,yolo_x_cpu,980
30486,yolo_x_cpu,938
30487,yolo_x_cpu,936
30488,yolo_x_cpu,964
30489,yolo_x_cpu,1017
30490,yolo_x_cpu,999
30491,yolo_x_cpu,1021
30492,yolo_x_cpu,926
30493,yolo_x_cpu,934
30494,yolo_x_cpu,923
30495,yolo_x_cpu,943
30496,yolo_x_cpu,948
30497,yolo_x_cpu,940
30498,yolo_x_cpu,938
30499,yolo_x_cpu,1035
30500,yolo_x_cpu,996
30501,yolo_x_cpu,1017
30502,yolo_x_cpu,909
30503,yolo_x_cpu,1005
30504,yolo_x_cpu,1009
30505,yolo_x_cpu,1012
30506,yolo_x_cpu,1051
30507,yolo_x_cpu,1012
30508,yolo_x_cpu,969
30509,yolo_x_cpu,987
30510,yolo_x_cpu,1002
30511,yolo_x_cpu,1005
30512,yolo_x_cpu,966
30513,yolo_x_cpu,978
30514,yolo_x_cpu,987
30515,yolo_x_cpu,949
30516,yolo_x_cpu,1020
30517,yolo_x_cpu,969
30518,yolo_x_cpu,960
30519,yolo_x_cpu,956
30520,yolo_x_cpu,1017
30521,yolo_x_cpu,987
30522,yolo_x_cpu,973
30523,yolo_x_cpu,1041
30524,yolo_x_cpu,986
30525,yolo_x_cpu,990
30526,yolo_x_cpu,937
30527,yolo_x_cpu,959
30528,yolo_x_cpu,997
30529,yolo_x_cpu,982
30530,yolo_x_cpu,943
30531,yolo_x_cpu,949
30532,yolo_x_cpu,974
30533,yolo_x_cpu,973
30534,yolo_x_cpu,900
30535,yolo_x_cpu,963
30536,yolo_x_cpu,941
30537,yolo_x_cpu,916
30538,yolo_x_cpu,904
30539,yolo_x_cpu,1017
30540,yolo_x_cpu,980
30541,yolo_x_cpu,1024
30542,yolo_x_cpu,1063
30543,yolo_x_cpu,965
30544,yolo_x_cpu,962
30545,yolo_x_cpu,1052
30546,yolo_x_cpu,1063
30547,yolo_x_cpu,1099
30548,yolo_x_cpu,1050
30549,yolo_x_cpu,1057
30550,yolo_x_cpu,1090
30551,yolo_x_cpu,1100
30552,yolo_x_cpu,1078
30553,yolo_x_cpu,1021
30554,yolo_x_cpu,1059
30555,yolo_x_cpu,1109
30556,yolo_x_cpu,1149
30557,yolo_x_cpu,1128
30558,yolo_x_cpu,1102
30559,yolo_x_cpu,1144
30560,yolo_x_cpu,1147
30561,yolo_x_cpu,1163
30562,yolo_x_cpu,1110
30563,yolo_x_cpu,1120
30564,yolo_x_cpu,1111
30565,yolo_x_cpu,1135
30566,yolo_x_cpu,1187
30567,yolo_x_cpu,1152
30568,yolo_x_cpu,1196
30569,yolo_x_cpu,1216
30570,yolo_x_cpu,1223
30571,yolo_x_cpu,1235
30572,yolo_x_cpu,1240
30573,yolo_x_cpu,1231
30574,yolo_x_cpu,1183
30575,yolo_x_cpu,1212
30576,yolo_x_cpu,1199
30577,yolo_x_cpu,1184
30578,yolo_x_cpu,1173
30579,yolo_x_cpu,1187
30580,yolo_x_cpu,1223
30581,yolo_x_cpu,1197
30582,yolo_x_cpu,1185
30583,yolo_x_cpu,1176
30584,yolo_x_cpu,1209
30585,yolo_x_cpu,1142
30586,yolo_x_cpu,1145
30587,yolo_x_cpu,1204
30588,yolo_x_cpu,1173
30589,yolo_x_cpu,1117
30590,yolo_x_cpu,1127
30591,yolo_x_cpu,1161
30592,yolo_x_cpu,1213
30593,yolo_x_cpu,1202
30594,yolo_x_cpu,1197
30595,yolo_x_cpu,1148
30596,yolo_x_cpu,1190
30597,yolo_x_cpu,1195
30598,yolo_x_cpu,1107
30599,yolo_x_cpu,1077
30600,yolo_x_cpu,1118
30601,yolo_x_cpu,1126
30602,yolo_x_cpu,1127
30603,yolo_x_cpu,1079
30604,yolo_x_cpu,1164
30605,yolo_x_cpu,1177
30606,yolo_x_cpu,1179
30607,yolo_x_cpu,1125
30608,yolo_x_cpu,1061
30609,yolo_x_cpu,1043
30610,yolo_x_cpu,1064
30611,yolo_x_cpu,1061
30612,yolo_x_cpu,1184
30613,yolo_x_cpu,1115
30614,yolo_x_cpu,1143
30615,yolo_x_cpu,1126
30616,yolo_x_cpu,1164
30617,yolo_x_cpu,1191
30618,yolo_x_cpu,1175
30619,yolo_x_cpu,1145
30620,yolo_x_cpu,1146
30621,yolo_x_cpu,1096
30622,yolo_x_cpu,1122
30623,yolo_x_cpu,1166
30624,yolo_x_cpu,1127
30625,yolo_x_cpu,1123
30626,yolo_x_cpu,1113
30627,yolo_x_cpu,1182
30628,yolo_x_cpu,1178
30629,yolo_x_cpu,1182
30630,yolo_x_cpu,1123
30631,yolo_x_cpu,1102
30632,yolo_x_cpu,1113
30633,yolo_x_cpu,1029
30634,yolo_x_cpu,1050
30635,yolo_x_cpu,1043
30636,yolo_x_cpu,1068
30637,yolo_x_cpu,1134
30638,yolo_x_cpu,1155
30639,yolo_x_cpu,1164
30640,yolo_x_cpu,1188
30641,yolo_x_cpu,1175
30642,yolo_x_cpu,1037
30643,yolo_x_cpu,1098
30644,yolo_x_cpu,1092
30645,yolo_x_cpu,1091
30646,yolo_x_cpu,1049
30647,yolo_x_cpu,1038
30648,yolo_x_cpu,1056
30649,yolo_x_cpu,1062
30650,yolo_x_cpu,1089
30651,yolo_x_cpu,1084
30652,yolo_x_cpu,1085
30653,yolo_x_cpu,1094
30654,yolo_x_cpu,1077
30655,yolo_x_cpu,1081
30656,yolo_x_cpu,1066
30657,yolo_x_cpu,1072
30658,yolo_x_cpu,1092
30659,yolo_x_cpu,1030
30660,yolo_x_cpu,944
30661,yolo_x_cpu,1072
30662,yolo_x_cpu,1021
30663,yolo_x_cpu,1087
30664,yolo_x_cpu,1069
30665,yolo_x_cpu,1050
30666,yolo_x_cpu,1051
30667,yolo_x_cpu,1036
30668,yolo_x_cpu,1040
30669,yolo_x_cpu,1071
30670,yolo_x_cpu,1108
30671,yolo_x_cpu,1126
30672,yolo_x_cpu,1099
30673,yolo_x_cpu,1169
30674,yolo_x_cpu,1051
30675,yolo_x_cpu,1044
30676,yolo_x_cpu,913
30677,yolo_x_cpu,1034
30678,yolo_x_cpu,1065
30679,yolo_x_cpu,1079
30680,yolo_x_cpu,1137
30681,yolo_x_cpu,1175
30682,yolo_x_cpu,1114
30683,yolo_x_cpu,1098
30684,yolo_x_cpu,1088
30685,yolo_x_cpu,1029
30686,yolo_x_cpu,1058
30687,yolo_x_cpu,1088
30688,yolo_x_cpu,1081
30689,yolo_x_cpu,991
30690,yolo_x_cpu,1052
30691,yolo_x_cpu,1141
30692,yolo_x_cpu,1237
30693,yolo_x_cpu,1189
30694,yolo_x_cpu,1223
30695,yolo_x_cpu,1185
30696,yolo_x_cpu,1178
30697,yolo_x_cpu,1202
30698,yolo_x_cpu,1118
30699,yolo_x_cpu,1163
30700,yolo_x_cpu,1153
30701,yolo_x_cpu,1206
30702,yolo_x_cpu,1193
30703,yolo_x_cpu,1177
30704,yolo_x_cpu,1180
30705,yolo_x_cpu,1166
30706,yolo_x_cpu,1153
30707,yolo_x_cpu,1198
30708,yolo_x_cpu,1154
30709,yolo_x_cpu,1132
30710,yolo_x_cpu,1056
30711,yolo_x_cpu,1156
30712,yolo_x_cpu,1099
30713,yolo_x_cpu,1086
30714,yolo_x_cpu,1059
30715,yolo_x_cpu,1038
30716,yolo_x_cpu,1072
30717,yolo_x_cpu,1040
30718,yolo_x_cpu,1017
30719,yolo_x_cpu,1052
30720,yolo_x_cpu,1186
30721,yolo_x_cpu,1088
30722,yolo_x_cpu,1059
30723,yolo_x_cpu,1060
30724,yolo_x_cpu,958
30725,yolo_x_cpu,1004
30726,yolo_x_cpu,1056
30727,yolo_x_cpu,1120
30728,yolo_x_cpu,1134
30729,yolo_x_cpu,1078
30730,yolo_x_cpu,1041
30731,yolo_x_cpu,1025
30732,yolo_x_cpu,1069
30733,yolo_x_cpu,1138
30734,yolo_x_cpu,1124
30735,yolo_x_cpu,1144
30736,yolo_x_cpu,1147
30737,yolo_x_cpu,1183
30738,yolo_x_cpu,1256
30739,yolo_x_cpu,1234
30740,yolo_x_cpu,1221
30741,yolo_x_cpu,1225
30742,yolo_x_cpu,1230
30743,yolo_x_cpu,1196
30744,yolo_x_cpu,1198
30745,yolo_x_cpu,1095
30746,yolo_x_cpu,1166
30747,yolo_x_cpu,1144
30748,yolo_x_cpu,1113
30749,yolo_x_cpu,1180
30750,yolo_x_cpu,1076
30751,yolo_x_cpu,1075
30752,yolo_x_cpu,1196
30753,yolo_x_cpu,1183
30754,yolo_x_cpu,1240
30755,yolo_x_cpu,1220
30756,yolo_x_cpu,1220
30757,yolo_x_cpu,1151
30758,yolo_x_cpu,1119
30759,yolo_x_cpu,1103
30760,yolo_x_cpu,1160
30761,yolo_x_cpu,1162
30762,yolo_x_cpu,1182
30763,yolo_x_cpu,1138
30764,yolo_x_cpu,1119
30765,yolo_x_cpu,1074
30766,yolo_x_cpu,1082
30767,yolo_x_cpu,1130
30768,yolo_x_cpu,1087
30769,yolo_x_cpu,974
30770,yolo_x_cpu,1112
30771,yolo_x_cpu,1098
30772,yolo_x_cpu,1080
30773,yolo_x_cpu,1009
30774,yolo_x_cpu,1014
30775,yolo_x_cpu,1084
30776,yolo_x_cpu,1066
30777,yolo_x_cpu,1054
30778,yolo_x_cpu,1102
30779,yolo_x_cpu,1121
30780,yolo_x_cpu,1109
30781,yolo_x_cpu,1088
30782,yolo_x_cpu,1157
30783,yolo_x_cpu,1163
30784,yolo_x_cpu,1210
30785,yolo_x_cpu,1241
30786,yolo_x_cpu,1281
30787,yolo_x_cpu,1179
30788,yolo_x_cpu,1180
30789,yolo_x_cpu,1205
30790,yolo_x_cpu,1211
30791,yolo_x_cpu,1166
30792,yolo_x_cpu,1221
30793,yolo_x_cpu,1241
30794,yolo_x_cpu,1227
30795,yolo_x_cpu,1283
30796,yolo_x_cpu,1273
30797,yolo_x_cpu,1203
30798,yolo_x_cpu,1141
30799,yolo_x_cpu,1098
30800,yolo_x_cpu,1086
30801,yolo_x_cpu,1066
30802,yolo_x_cpu,1058
30803,yolo_x_cpu,1006
30804,yolo_x_cpu,1029
30805,yolo_x_cpu,960
30806,yolo_x_cpu,1008
30807,yolo_x_cpu,962
30808,yolo_x_cpu,1054
30809,yolo_x_cpu,1062
30810,yolo_x_cpu,1027
30811,yolo_x_cpu,1060
30812,yolo_x_cpu,1048
30813,yolo_x_cpu,1095
30814,yolo_x_cpu,1053
30815,yolo_x_cpu,1046
30816,yolo_x_cpu,1026
30817,yolo_x_cpu,1066
30818,yolo_x_cpu,1073
30819,yolo_x_cpu,1041
30820,yolo_x_cpu,1057
30821,yolo_x_cpu,1103
30822,yolo_x_cpu,1027
30823,yolo_x_cpu,1092
30824,yolo_x_cpu,1026
30825,yolo_x_cpu,1010
30826,yolo_x_cpu,1002
30827,yolo_x_cpu,1024
30828,yolo_x_cpu,1084
30829,yolo_x_cpu,1079
30830,yolo_x_cpu,1067
30831,yolo_x_cpu,1071
30832,yolo_x_cpu,1071
30833,yolo_x_cpu,1043
30834,yolo_x_cpu,1004
30835,yolo_x_cpu,974
30836,yolo_x_cpu,999
30837,yolo_x_cpu,993
30838,yolo_x_cpu,1008
30839,yolo_x_cpu,1063
30840,yolo_x_cpu,1047
30841,yolo_x_cpu,1037
30842,yolo_x_cpu,966
30843,yolo_x_cpu,946
30844,yolo_x_cpu,941
30845,yolo_x_cpu,1007
30846,yolo_x_cpu,925
30847,yolo_x_cpu,922
30848,yolo_x_cpu,946
30849,yolo_x_cpu,979
30850,yolo_x_cpu,1071
30851,yolo_x_cpu,1017
30852,yolo_x_cpu,1004
30853,yolo_x_cpu,974
30854,yolo_x_cpu,959
30855,yolo_x_cpu,940
30856,yolo_x_cpu,955
30857,yolo_x_cpu,959
30858,yolo_x_cpu,915
30859,yolo_x_cpu,888
30860,yolo_x_cpu,917
30861,yolo_x_cpu,917
30862,yolo_x_cpu,897
30863,yolo_x_cpu,851
30864,yolo_x_cpu,839
30865,yolo_x_cpu,886
30866,yolo_x_cpu,842
30867,yolo_x_cpu,851
30868,yolo_x_cpu,892
30869,yolo_x_cpu,831
30870,yolo_x_cpu,818
30871,yolo_x_cpu,869
30872,yolo_x_cpu,897
30873,yolo_x_cpu,922
30874,yolo_x_cpu,900
30875,yolo_x_cpu,951
30876,yolo_x_cpu,923
30877,yolo_x_cpu,910
30878,yolo_x_cpu,977
30879,yolo_x_cpu,944
30880,yolo_x_cpu,976
30881,yolo_x_cpu,958
30882,yolo_x_cpu,1021
30883,yolo_x_cpu,990
30884,yolo_x_cpu,945
30885,yolo_x_cpu,889
30886,yolo_x_cpu,878
30887,yolo_x_cpu,916
30888,yolo_x_cpu,896
30889,yolo_x_cpu,881
30890,yolo_x_cpu,850
30891,yolo_x_cpu,890
30892,yolo_x_cpu,852
30893,yolo_x_cpu,799
30894,yolo_x_cpu,777
30895,yolo_x_cpu,744
30896,yolo_x_cpu,799
30897,yolo_x_cpu,798
30898,yolo_x_cpu,871
30899,yolo_x_cpu,870
30900,yolo_x_cpu,836
30901,yolo_x_cpu,848
30902,yolo_x_cpu,869
30903,yolo_x_cpu,866
30904,yolo_x_cpu,879
30905,yolo_x_cpu,787
30906,yolo_x_cpu,781
30907,yolo_x_cpu,773
30908,yolo_x_cpu,799
30909,yolo_x_cpu,824
30910,yolo_x_cpu,802
30911,yolo_x_cpu,758
30912,yolo_x_cpu,763
30913,yolo_x_cpu,791
30914,yolo_x_cpu,863
30915,yolo_x_cpu,880
30916,yolo_x_cpu,898
30917,yolo_x_cpu,831
30918,yolo_x_cpu,894
30919,yolo_x_cpu,845
30920,yolo_x_cpu,838
30921,yolo_x_cpu,773
30922,yolo_x_cpu,797
30923,yolo_x_cpu,759
30924,yolo_x_cpu,719
30925,yolo_x_cpu,705
30926,yolo_x_cpu,723
30927,yolo_x_cpu,741
30928,yolo_x_cpu,772
30929,yolo_x_cpu,772
30930,yolo_x_cpu,766
30931,yolo_x_cpu,819
30932,yolo_x_cpu,832
30933,yolo_x_cpu,756
30934,yolo_x_cpu,789
30935,yolo_x_cpu,781
30936,yolo_x_cpu,796
30937,yolo_x_cpu,835
30938,yolo_x_cpu,818
30939,yolo_x_cpu,824
30940,yolo_x_cpu,824
30941,yolo_x_cpu,833
30942,yolo_x_cpu,813
30943,yolo_x_cpu,842
30944,yolo_x_cpu,867
30945,yolo_x_cpu,856
30946,yolo_x_cpu,843
30947,yolo_x_cpu,829
30948,yolo_x_cpu,821
30949,yolo_x_cpu,817
30950,yolo_x_cpu,796
30951,yolo_x_cpu,792
30952,yolo_x_cpu,791
30953,yolo_x_cpu,779
30954,yolo_x_cpu,789
30955,yolo_x_cpu,762
30956,yolo_x_cpu,751
30957,yolo_x_cpu,665
30958,yolo_x_cpu,707
30959,yolo_x_cpu,732
30960,yolo_x_cpu,754
30961,yolo_x_cpu,725
30962,yolo_x_cpu,710
30963,yolo_x_cpu,733
30964,yolo_x_cpu,778
30965,yolo_x_cpu,784
30966,yolo_x_cpu,766
30967,yolo_x_cpu,719
30968,yolo_x_cpu,765
30969,yolo_x_cpu,721
30970,yolo_x_cpu,711
30971,yolo_x_cpu,741
30972,yolo_x_cpu,752
30973,yolo_x_cpu,756
30974,yolo_x_cpu,742
30975,yolo_x_cpu,744
30976,yolo_x_cpu,700
30977,yolo_x_cpu,722
30978,yolo_x_cpu,741
30979,yolo_x_cpu,703
30980,yolo_x_cpu,693
30981,yolo_x_cpu,704
30982,yolo_x_cpu,654
30983,yolo_x_cpu,712
30984,yolo_x_cpu,707
30985,yolo_x_cpu,717
30986,yolo_x_cpu,678
30987,yolo_x_cpu,630
30988,yolo_x_cpu,689
30989,yolo_x_cpu,710
30990,yolo_x_cpu,736
30991,yolo_x_cpu,716
30992,yolo_x_cpu,714
30993,yolo_x_cpu,711
30994,yolo_x_cpu,644
30995,yolo_x_cpu,669
30996,yolo_x_cpu,648
30997,yolo_x_cpu,722
30998,yolo_x_cpu,696
30999,yolo_x_cpu,675
31000,yolo_x_cpu,640
31001,yolo_x_cpu,629
31002,yolo_x_cpu,747
31003,yolo_x_cpu,728
31004,yolo_x_cpu,696
31005,yolo_x_cpu,699
31006,yolo_x_cpu,720
31007,yolo_x_cpu,693
31008,yolo_x_cpu,687
31009,yolo_x_cpu,653
31010,yolo_x_cpu,654
31011,yolo_x_cpu,628
31012,yolo_x_cpu,650
31013,yolo_x_cpu,654
31014,yolo_x_cpu,698
31015,yolo_x_cpu,738
31016,yolo_x_cpu,730
31017,yolo_x_cpu,699
31018,yolo_x_cpu,681
31019,yolo_x_cpu,723
31020,yolo_x_cpu,660
31021,yolo_x_cpu,637
31022,yolo_x_cpu,602
31023,yolo_x_cpu,636
31024,yolo_x_cpu,675
31025,yolo_x_cpu,618
31026,yolo_x_cpu,632
31027,yolo_x_cpu,601
31028,yolo_x_cpu,597
31029,yolo_x_cpu,567
31030,yolo_x_cpu,572
31031,yolo_x_cpu,532
31032,yolo_x_cpu,549
31033,yolo_x_cpu,611
31034,yolo_x_cpu,639
31035,yolo_x_cpu,623
31036,yolo_x_cpu,572
31037,yolo_x_cpu,586
31038,yolo_x_cpu,528
31039,yolo_x_cpu,488
31040,yolo_x_cpu,484
31041,yolo_x_cpu,547
31042,yolo_x_cpu,542
31043,yolo_x_cpu,556
31044,yolo_x_cpu,575
31045,yolo_x_cpu,545
31046,yolo_x_cpu,514
31047,yolo_x_cpu,540
31048,yolo_x_cpu,472
31049,yolo_x_cpu,525
31050,yolo_x_cpu,510
31051,yolo_x_cpu,514
31052,yolo_x_cpu,460
31053,yolo_x_cpu,618
31054,yolo_x_cpu,480
31055,yolo_x_cpu,499
31056,yolo_x_cpu,426
31057,yolo_x_cpu,480
31058,yolo_x_cpu,496
31059,yolo_x_cpu,474
31060,yolo_x_cpu,470
31061,yolo_x_cpu,552
31062,yolo_x_cpu,479
31063,yolo_x_cpu,504
31064,yolo_x_cpu,460
31065,yolo_x_cpu,529
31066,yolo_x_cpu,477
31067,yolo_x_cpu,519
31068,yolo_x_cpu,498
31069,yolo_x_cpu,465
31070,yolo_x_cpu,469
31071,yolo_x_cpu,439
31072,yolo_x_cpu,478
31073,yolo_x_cpu,516
31074,yolo_x_cpu,483
31075,yolo_x_cpu,480
31076,yolo_x_cpu,532
31077,yolo_x_cpu,557
31078,yolo_x_cpu,513
31079,yolo_x_cpu,535
31080,yolo_x_cpu,517
31081,yolo_x_cpu,483
31082,yolo_x_cpu,509
31083,yolo_x_cpu,448
31084,yolo_x_cpu,486
31085,yolo_x_cpu,475
31086,yolo_x_cpu,453
31087,yolo_x_cpu,422
31088,yolo_x_cpu,509
31089,yolo_x_cpu,498
31090,yolo_x_cpu,432
31091,yolo_x_cpu,464
31092,yolo_x_cpu,386
31093,yolo_x_cpu,476
31094,yolo_x_cpu,414
31095,yolo_x_cpu,424
31096,yolo_x_cpu,421
31097,yolo_x_cpu,351
31098,yolo_x_cpu,409
31099,yolo_x_cpu,427
31100,yolo_x_cpu,363
31101,yolo_x_cpu,355
31102,yolo_x_cpu,360
31103,yolo_x_cpu,344
31104,yolo_x_cpu,369
31105,yolo_x_cpu,374
31106,yolo_x_cpu,361
31107,yolo_x_cpu,391
31108,yolo_x_cpu,340
31109,yolo_x_cpu,347
31110,yolo_x_cpu,338
31111,yolo_x_cpu,345
31112,yolo_x_cpu,338
31113,yolo_x_cpu,348
31114,yolo_x_cpu,290
31115,yolo_x_cpu,309
31116,yolo_x_cpu,302
31117,yolo_x_cpu,305
31118,yolo_x_cpu,325
31119,yolo_x_cpu,343
31120,yolo_x_cpu,270
31121,yolo_x_cpu,336
31122,yolo_x_cpu,326
31123,yolo_x_cpu,331
31124,yolo_x_cpu,301
31125,yolo_x_cpu,291
31126,yolo_x_cpu,307
31127,yolo_x_cpu,267
31128,yolo_x_cpu,304
31129,yolo_x_cpu,322
31130,yolo_x_cpu,329
31131,yolo_x_cpu,305
31132,yolo_x_cpu,326
31133,yolo_x_cpu,286
31134,yolo_x_cpu,297
31135,yolo_x_cpu,292
31136,yolo_x_cpu,268
31137,yolo_x_cpu,268
31138,yolo_x_cpu,252
31139,yolo_x_cpu,265
31140,yolo_x_cpu,246
31141,yolo_x_cpu,251
31142,yolo_x_cpu,252
31143,yolo_x_cpu,252
31144,yolo_x_cpu,220
31145,yolo_x_cpu,244
31146,yolo_x_cpu,272
31147,yolo_x_cpu,267
31148,yolo_x_cpu,238
31149,yolo_x_cpu,230
31150,yolo_x_cpu,225
31151,yolo_x_cpu,264
31152,yolo_x_cpu,244
31153,yolo_x_cpu,241
31154,yolo_x_cpu,223
31155,yolo_x_cpu,239
31156,yolo_x_cpu,250
31157,yolo_x_cpu,263
31158,yolo_x_cpu,246
31159,yolo_x_cpu,227
31160,yolo_x_cpu,230
31161,yolo_x_cpu,253
31162,yolo_x_cpu,221
31163,yolo_x_cpu,219
31164,yolo_x_cpu,231
31165,yolo_x_cpu,231
31166,yolo_x_cpu,197
31167,yolo_x_cpu,207
31168,yolo_x_cpu,214
31169,yolo_x_cpu,171
31170,yolo_x_cpu,176
31171,yolo_x_cpu,202
31172,yolo_x_cpu,224
31173,yolo_x_cpu,184
31174,yolo_x_cpu,214
31175,yolo_x_cpu,204
31176,yolo_x_cpu,198
31177,yolo_x_cpu,210
31178,yolo_x_cpu,206
31179,yolo_x_cpu,193
31180,yolo_x_cpu,184
31181,yolo_x_cpu,189
31182,yolo_x_cpu,182
31183,yolo_x_cpu,192
31184,yolo_x_cpu,156
31185,yolo_x_cpu,192
31186,yolo_x_cpu,180
31187,yolo_x_cpu,166
31188,yolo_x_cpu,152
31189,yolo_x_cpu,161
31190,yolo_x_cpu,171
31191,yolo_x_cpu,180
31192,yolo_x_cpu,177
31193,yolo_x_cpu,187
31194,yolo_x_cpu,196
31195,yolo_x_cpu,202
31196,yolo_x_cpu,183
31197,yolo_x_cpu,174
31198,yolo_x_cpu,155
31199,yolo_x_cpu,161
31200,yolo_x_cpu,136
31201,yolo_x_cpu,162
31202,yolo_x_cpu,159
31203,yolo_x_cpu,161
31204,yolo_x_cpu,166
31205,yolo_x_cpu,162
31206,yolo_x_cpu,175
31207,yolo_x_cpu,147
31208,yolo_x_cpu,187
31209,yolo_x_cpu,194
31210,yolo_x_cpu,151
31211,yolo_x_cpu,161
31212,yolo_x_cpu,193
31213,yolo_x_cpu,174
31214,yolo_x_cpu,139
31215,yolo_x_cpu,141
31216,yolo_x_cpu,146
31217,yolo_x_cpu,153
31218,yolo_x_cpu,172
31219,yolo_x_cpu,158
31220,yolo_x_cpu,128
31221,yolo_x_cpu,162
31222,yolo_x_cpu,158
31223,yolo_x_cpu,133
31224,yolo_x_cpu,160
31225,yolo_x_cpu,148
31226,yolo_x_cpu,162
31227,yolo_x_cpu,163
31228,yolo_x_cpu,139
31229,yolo_x_cpu,134
31230,yolo_x_cpu,98
31231,yolo_x_cpu,102
31232,yolo_x_cpu,101
31233,yolo_x_cpu,103
31234,yolo_x_cpu,105
31235,yolo_x_cpu,94
31236,yolo_x_cpu,106
31237,yolo_x_cpu,108
31238,yolo_x_cpu,94
31239,yolo_x_cpu,100
31240,yolo_x_cpu,104
31241,yolo_x_cpu,95
31242,yolo_x_cpu,113
31243,yolo_x_cpu,131
31244,yolo_x_cpu,107
31245,yolo_x_cpu,113
31246,yolo_x_cpu,117
31247,yolo_x_cpu,136
31248,yolo_x_cpu,138
31249,yolo_x_cpu,141
31250,yolo_x_cpu,139
31251,yolo_x_cpu,130
31252,yolo_x_cpu,133
31253,yolo_x_cpu,142
31254,yolo_x_cpu,113
31255,yolo_x_cpu,138
31256,yolo_x_cpu,126
31257,yolo_x_cpu,119
31258,yolo_x_cpu,110
31259,yolo_x_cpu,105
31260,yolo_x_cpu,91
31261,yolo_x_cpu,91
31262,yolo_x_cpu,107
31263,yolo_x_cpu,100
31264,yolo_x_cpu,102
31265,yolo_x_cpu,98
31266,yolo_x_cpu,99
31267,yolo_x_cpu,101
31268,yolo_x_cpu,125
31269,yolo_x_cpu,84
31270,yolo_x_cpu,105
31271,yolo_x_cpu,95
31272,yolo_x_cpu,95
31273,yolo_x_cpu,91
31274,yolo_x_cpu,80
31275,yolo_x_cpu,76
31276,yolo_x_cpu,92
31277,yolo_x_cpu,95
31278,yolo_x_cpu,100
31279,yolo_x_cpu,76
31280,yolo_x_cpu,94
31281,yolo_x_cpu,103
31282,yolo_x_cpu,77
31283,yolo_x_cpu,82
31284,yolo_x_cpu,59
31285,yolo_x_cpu,61
31286,yolo_x_cpu,69
31287,yolo_x_cpu,65
31288,yolo_x_cpu,59
31289,yolo_x_cpu,79
31290,yolo_x_cpu,57
31291,yolo_x_cpu,84
31292,yolo_x_cpu,85
31293,yolo_x_cpu,90
31294,yolo_x_cpu,74
31295,yolo_x_cpu,71
31296,yolo_x_cpu,87
31297,yolo_x_cpu,75
31298,yolo_x_cpu,70
31299,yolo_x_cpu,52
31300,yolo_x_cpu,48
31301,yolo_x_cpu,52
31302,yolo_x_cpu,63
31303,yolo_x_cpu,63
31304,yolo_x_cpu,66
31305,yolo_x_cpu,56
31306,yolo_x_cpu,62
31307,yolo_x_cpu,62
31308,yolo_x_cpu,75
31309,yolo_x_cpu,59
31310,yolo_x_cpu,72
31311,yolo_x_cpu,76
31312,yolo_x_cpu,62
31313,yolo_x_cpu,58
31314,yolo_x_cpu,60
31315,yolo_x_cpu,62
31316,yolo_x_cpu,64
31317,yolo_x_cpu,66
31318,yolo_x_cpu,60
31319,yolo_x_cpu,68
31320,yolo_x_cpu,76
31321,yolo_x_cpu,90
31322,yolo_x_cpu,94
31323,yolo_x_cpu,84
31324,yolo_x_cpu,68
31325,yolo_x_cpu,55
31326,yolo_x_cpu,54
31327,yolo_x_cpu,65
31328,yolo_x_cpu,59
31329,yolo_x_cpu,81
31330,yolo_x_cpu,73
31331,yolo_x_cpu,54
31332,yolo_x_cpu,52
31333,yolo_x_cpu,51
31334,yolo_x_cpu,75
31335,yolo_x_cpu,74
31336,yolo_x_cpu,53
31337,yolo_x_cpu,60
31338,yolo_x_cpu,46
31339,yolo_x_cpu,50
31340,yolo_x_cpu,75
31341,yolo_x_cpu,69
31342,yolo_x_cpu,75
31343,yolo_x_cpu,65
31344,yolo_x_cpu,52
31345,yolo_x_cpu,55
31346,yolo_x_cpu,46
31347,yolo_x_cpu,47
31348,yolo_x_cpu,54
31349,yolo_x_cpu,39
31350,yolo_x_cpu,34
31351,yolo_x_cpu,41
31352,yolo_x_cpu,36
31353,yolo_x_cpu,41
31354,yolo_x_cpu,40
31355,yolo_x_cpu,31
31356,yolo_x_cpu,40
31357,yolo_x_cpu,30
31358,yolo_x_cpu,27
31359,yolo_x_cpu,32
31360,yolo_x_cpu,33
31361,yolo_x_cpu,40
31362,yolo_x_cpu,37
31363,yolo_x_cpu,44
31364,yolo_x_cpu,39
31365,yolo_x_cpu,41
31366,yolo_x_cpu,44
31367,yolo_x_cpu,54
31368,yolo_x_cpu,59
31369,yolo_x_cpu,62
31370,yolo_x_cpu,45
31371,yolo_x_cpu,32
31372,yolo_x_cpu,23
31373,yolo_x_cpu,20
31374,yolo_x_cpu,23
31375,yolo_x_cpu,25
31376,yolo_x_cpu,21
31377,yolo_x_cpu,28
31378,yolo_x_cpu,35
31379,yolo_x_cpu,23
31380,yolo_x_cpu,59
31381,yolo_x_cpu,1628
31382,yolo_x_cpu,1744
31383,yolo_x_cpu,1190
31384,yolo_x_cpu,230
31385,yolo_x_cpu,140
31386,yolo_x_cpu,140
31387,yolo_x_cpu,132
31388,yolo_x_cpu,106
31389,yolo_x_cpu,92
31390,yolo_x_cpu,129
31391,yolo_x_cpu,128
31392,yolo_x_cpu,121
31393,yolo_x_cpu,153
31394,yolo_x_cpu,138
31395,yolo_x_cpu,138
31396,yolo_x_cpu,132
31397,yolo_x_cpu,110
31398,yolo_x_cpu,126
31399,yolo_x_cpu,133
31400,yolo_x_cpu,125
31401,yolo_x_cpu,112
31402,yolo_x_cpu,92
31403,yolo_x_cpu,80
31404,yolo_x_cpu,87
31405,yolo_x_cpu,74
31406,yolo_x_cpu,61
31407,yolo_x_cpu,60
31408,yolo_x_cpu,67
31409,yolo_x_cpu,67
31410,yolo_x_cpu,71
31411,yolo_x_cpu,79
31412,yolo_x_cpu,85
31413,yolo_x_cpu,92
31414,yolo_x_cpu,90
31415,yolo_x_cpu,79
31416,yolo_x_cpu,72
31417,yolo_x_cpu,70
31418,yolo_x_cpu,72
31419,yolo_x_cpu,48
31420,yolo_x_cpu,64
31421,yolo_x_cpu,73
31422,yolo_x_cpu,91
31423,yolo_x_cpu,61
31424,yolo_x_cpu,69
31425,yolo_x_cpu,75
31426,yolo_x_cpu,75
31427,yolo_x_cpu,64
31428,yolo_x_cpu,61
31429,yolo_x_cpu,70
31430,yolo_x_cpu,70
31431,yolo_x_cpu,59
31432,yolo_x_cpu,58
31433,yolo_x_cpu,37
31434,yolo_x_cpu,44
31435,yolo_x_cpu,42
31436,yolo_x_cpu,44
31437,yolo_x_cpu,48
31438,yolo_x_cpu,42
31439,yolo_x_cpu,38
31440,yolo_x_cpu,53
31441,yolo_x_cpu,59
31442,yolo_x_cpu,42
31443,yolo_x_cpu,39
31444,yolo_x_cpu,42
31445,yolo_x_cpu,25
31446,yolo_x_cpu,32
31447,yolo_x_cpu,31
31448,yolo_x_cpu,43
31449,yolo_x_cpu,47
31450,yolo_x_cpu,45
31451,yolo_x_cpu,40
31452,yolo_x_cpu,40
31453,yolo_x_cpu,45
31454,yolo_x_cpu,41
31455,yolo_x_cpu,25
31456,yolo_x_cpu,24
31457,yolo_x_cpu,25
31458,yolo_x_cpu,18
31459,yolo_x_cpu,29
31460,yolo_x_cpu,19
31461,yolo_x_cpu,16
31462,yolo_x_cpu,14
31463,yolo_x_cpu,12
31464,yolo_x_cpu,24
31465,yolo_x_cpu,21
31466,yolo_x_cpu,36
31467,yolo_x_cpu,20
31468,yolo_x_cpu,30
31469,yolo_x_cpu,50
31470,yolo_x_cpu,27
31471,yolo_x_cpu,24
31472,yolo_x_cpu,21
31473,yolo_x_cpu,37
31474,yolo_x_cpu,30
31475,yolo_x_cpu,27
31476,yolo_x_cpu,16
31477,yolo_x_cpu,19
31478,yolo_x_cpu,16
31479,yolo_x_cpu,18
31480,yolo_x_cpu,16
31481,yolo_x_cpu,24
31482,yolo_x_cpu,33
31483,yolo_x_cpu,21
31484,yolo_x_cpu,21
31485,yolo_x_cpu,29
31486,yolo_x_cpu,37
31487,yolo_x_cpu,30
31488,yolo_x_cpu,34
31489,yolo_x_cpu,28
31490,yolo_x_cpu,25
31491,yolo_x_cpu,26
31492,yolo_x_cpu,19
31493,yolo_x_cpu,18
31494,yolo_x_cpu,28
31495,yolo_x_cpu,41
31496,yolo_x_cpu,24
31497,yolo_x_cpu,29
31498,yolo_x_cpu,30
31499,yolo_x_cpu,30
31500,yolo_x_cpu,26
31501,yolo_x_cpu,17
31502,yolo_x_cpu,20
31503,yolo_x_cpu,19
31504,yolo_x_cpu,12
31505,yolo_x_cpu,10
31506,yolo_x_cpu,14
31507,yolo_x_cpu,9
31508,yolo_x_cpu,4
31509,yolo_x_cpu,5
31510,yolo_x_cpu,6
31511,yolo_x_cpu,6
31512,yolo_x_cpu,20
31513,yolo_x_cpu,15
31514,yolo_x_cpu,10
31515,yolo_x_cpu,9
31516,yolo_x_cpu,9
31517,yolo_x_cpu,7
31518,yolo_x_cpu,8
31519,yolo_x_cpu,8
31520,yolo_x_cpu,7
31521,yolo_x_cpu,16
31522,yolo_x_cpu,20
31523,yolo_x_cpu,26
31524,yolo_x_cpu,24
31525,yolo_x_cpu,36
31526,yolo_x_cpu,34
31527,yolo_x_cpu,26
31528,yolo_x_cpu,22
31529,yolo_x_cpu,13
31530,yolo_x_cpu,13
31531,yolo_x_cpu,13
31532,yolo_x_cpu,18
31533,yolo_x_cpu,19
31534,yolo_x_cpu,15
31535,yolo_x_cpu,16
31536,yolo_x_cpu,20
31537,yolo_x_cpu,25
31538,yolo_x_cpu,17
31539,yolo_x_cpu,36
31540,yolo_x_cpu,38
31541,yolo_x_cpu,51
31542,yolo_x_cpu,38
31543,yolo_x_cpu,28
31544,yolo_x_cpu,28
31545,yolo_x_cpu,19
31546,yolo_x_cpu,26
31547,yolo_x_cpu,23
31548,yolo_x_cpu,22
31549,yolo_x_cpu,23
31550,yolo_x_cpu,19
31551,yolo_x_cpu,21
31552,yolo_x_cpu,19
31553,yolo_x_cpu,22
31554,yolo_x_cpu,17
31555,yolo_x_cpu,24
31556,yolo_x_cpu,27
31557,yolo_x_cpu,44
31558,yolo_x_cpu,56
31559,yolo_x_cpu,64
31560,yolo_x_cpu,47
31561,yolo_x_cpu,39
31562,yolo_x_cpu,51
31563,yolo_x_cpu,64
31564,yolo_x_cpu,59
31565,yolo_x_cpu,58
31566,yolo_x_cpu,66
31567,yolo_x_cpu,52
31568,yolo_x_cpu,58
31569,yolo_x_cpu,63
31570,yolo_x_cpu,66
31571,yolo_x_cpu,58
31572,yolo_x_cpu,56
31573,yolo_x_cpu,61
31574,yolo_x_cpu,63
31575,yolo_x_cpu,69
31576,yolo_x_cpu,48
31577,yolo_x_cpu,64
31578,yolo_x_cpu,66
31579,yolo_x_cpu,69
31580,yolo_x_cpu,76
31581,yolo_x_cpu,86
31582,yolo_x_cpu,91
31583,yolo_x_cpu,98
31584,yolo_x_cpu,96
31585,yolo_x_cpu,101
31586,yolo_x_cpu,97
31587,yolo_x_cpu,123
31588,yolo_x_cpu,131
31589,yolo_x_cpu,114
31590,yolo_x_cpu,114
31591,yolo_x_cpu,113
31592,yolo_x_cpu,123
31593,yolo_x_cpu,146
31594,yolo_x_cpu,168
31595,yolo_x_cpu,178
31596,yolo_x_cpu,170
31597,yolo_x_cpu,180
31598,yolo_x_cpu,187
31599,yolo_x_cpu,204
31600,yolo_x_cpu,201
31601,yolo_x_cpu,240
31602,yolo_x_cpu,237
31603,yolo_x_cpu,248
31604,yolo_x_cpu,256
31605,yolo_x_cpu,303
31606,yolo_x_cpu,267
31607,yolo_x_cpu,281
31608,yolo_x_cpu,297
31609,yolo_x_cpu,338
31610,yolo_x_cpu,312
31611,yolo_x_cpu,304
31612,yolo_x_cpu,303
31613,yolo_x_cpu,313
31614,yolo_x_cpu,324
31615,yolo_x_cpu,301
31616,yolo_x_cpu,326
31617,yolo_x_cpu,332
31618,yolo_x_cpu,348
31619,yolo_x_cpu,372
31620,yolo_x_cpu,377
31621,yolo_x_cpu,381
31622,yolo_x_cpu,402
31623,yolo_x_cpu,391
31624,yolo_x_cpu,434
31625,yolo_x_cpu,444
31626,yolo_x_cpu,464
31627,yolo_x_cpu,451
31628,yolo_x_cpu,449
31629,yolo_x_cpu,452
31630,yolo_x_cpu,444
31631,yolo_x_cpu,515
31632,yolo_x_cpu,481
31633,yolo_x_cpu,465
31634,yolo_x_cpu,512
31635,yolo_x_cpu,523
31636,yolo_x_cpu,393
31637,yolo_x_cpu,578
31638,yolo_x_cpu,520
31639,yolo_x_cpu,625
31640,yolo_x_cpu,582
31641,yolo_x_cpu,634
31642,yolo_x_cpu,639
31643,yolo_x_cpu,673
31644,yolo_x_cpu,665
31645,yolo_x_cpu,664
31646,yolo_x_cpu,725
31647,yolo_x_cpu,681
31648,yolo_x_cpu,747
31649,yolo_x_cpu,749
31650,yolo_x_cpu,770
31651,yolo_x_cpu,783
31652,yolo_x_cpu,799
31653,yolo_x_cpu,795
31654,yolo_x_cpu,805
31655,yolo_x_cpu,821
31656,yolo_x_cpu,802
31657,yolo_x_cpu,796
31658,yolo_x_cpu,861
31659,yolo_x_cpu,853
31660,yolo_x_cpu,860
31661,yolo_x_cpu,898
31662,yolo_x_cpu,946
31663,yolo_x_cpu,912
31664,yolo_x_cpu,914
31665,yolo_x_cpu,1017
31666,yolo_x_cpu,1051
31667,yolo_x_cpu,1020
31668,yolo_x_cpu,1035
31669,yolo_x_cpu,1015
31670,yolo_x_cpu,1043
31671,yolo_x_cpu,1018
31672,yolo_x_cpu,1040
31673,yolo_x_cpu,1084
31674,yolo_x_cpu,1122
31675,yolo_x_cpu,1114
31676,yolo_x_cpu,1149
31677,yolo_x_cpu,1105
31678,yolo_x_cpu,1123
31679,yolo_x_cpu,1010
31680,yolo_x_cpu,1160
31681,yolo_x_cpu,1125
31682,yolo_x_cpu,1081
31683,yolo_x_cpu,1105
31684,yolo_x_cpu,1055
31685,yolo_x_cpu,1015
31686,yolo_x_cpu,989
31687,yolo_x_cpu,970
31688,yolo_x_cpu,1002
31689,yolo_x_cpu,999
31690,yolo_x_cpu,1065
31691,yolo_x_cpu,1039
31692,yolo_x_cpu,1024
31693,yolo_x_cpu,1021
31694,yolo_x_cpu,1035
31695,yolo_x_cpu,977
31696,yolo_x_cpu,923
31697,yolo_x_cpu,940
31698,yolo_x_cpu,932
31699,yolo_x_cpu,969
31700,yolo_x_cpu,963
31701,yolo_x_cpu,979
31702,yolo_x_cpu,930
31703,yolo_x_cpu,971
31704,yolo_x_cpu,934
31705,yolo_x_cpu,919
31706,yolo_x_cpu,941
31707,yolo_x_cpu,959
31708,yolo_x_cpu,878
31709,yolo_x_cpu,897
31710,yolo_x_cpu,839
31711,yolo_x_cpu,896
31712,yolo_x_cpu,898
31713,yolo_x_cpu,897
31714,yolo_x_cpu,874
31715,yolo_x_cpu,916
31716,yolo_x_cpu,911
31717,yolo_x_cpu,920
31718,yolo_x_cpu,915
31719,yolo_x_cpu,899
31720,yolo_x_cpu,898
31721,yolo_x_cpu,898
31722,yolo_x_cpu,890
31723,yolo_x_cpu,908
31724,yolo_x_cpu,898
31725,yolo_x_cpu,864
31726,yolo_x_cpu,854
31727,yolo_x_cpu,869
31728,yolo_x_cpu,820
31729,yolo_x_cpu,854
31730,yolo_x_cpu,860
31731,yolo_x_cpu,897
31732,yolo_x_cpu,889
31733,yolo_x_cpu,973
31734,yolo_x_cpu,955
31735,yolo_x_cpu,934
31736,yolo_x_cpu,977
31737,yolo_x_cpu,910
31738,yolo_x_cpu,908
31739,yolo_x_cpu,922
31740,yolo_x_cpu,889
31741,yolo_x_cpu,983
31742,yolo_x_cpu,992
31743,yolo_x_cpu,991
31744,yolo_x_cpu,1016
31745,yolo_x_cpu,1004
31746,yolo_x_cpu,969
31747,yolo_x_cpu,907
31748,yolo_x_cpu,985
31749,yolo_x_cpu,1044
31750,yolo_x_cpu,1020
31751,yolo_x_cpu,952
31752,yolo_x_cpu,959
31753,yolo_x_cpu,1028
31754,yolo_x_cpu,933
31755,yolo_x_cpu,1029
31756,yolo_x_cpu,1051
31757,yolo_x_cpu,1063
31758,yolo_x_cpu,1046
31759,yolo_x_cpu,1039
31760,yolo_x_cpu,964
31761,yolo_x_cpu,989
31762,yolo_x_cpu,975
31763,yolo_x_cpu,975
31764,yolo_x_cpu,976
31765,yolo_x_cpu,1002
31766,yolo_x_cpu,1000
31767,yolo_x_cpu,999
31768,yolo_x_cpu,935
31769,yolo_x_cpu,871
31770,yolo_x_cpu,936
31771,yolo_x_cpu,955
31772,yolo_x_cpu,994
31773,yolo_x_cpu,1013
31774,yolo_x_cpu,1005
31775,yolo_x_cpu,1084
31776,yolo_x_cpu,1052
31777,yolo_x_cpu,1064
31778,yolo_x_cpu,1084
31779,yolo_x_cpu,1102
31780,yolo_x_cpu,1069
31781,yolo_x_cpu,1066
31782,yolo_x_cpu,1019
31783,yolo_x_cpu,1064
31784,yolo_x_cpu,1125
31785,yolo_x_cpu,1115
31786,yolo_x_cpu,1133
31787,yolo_x_cpu,1099
31788,yolo_x_cpu,1102
31789,yolo_x_cpu,1120
31790,yolo_x_cpu,1075
31791,yolo_x_cpu,1093
31792,yolo_x_cpu,1114
31793,yolo_x_cpu,1161
31794,yolo_x_cpu,1087
31795,yolo_x_cpu,1111
31796,yolo_x_cpu,1119
31797,yolo_x_cpu,1055
31798,yolo_x_cpu,1092
31799,yolo_x_cpu,1061
31800,yolo_x_cpu,1109
31801,yolo_x_cpu,1099
31802,yolo_x_cpu,1183
31803,yolo_x_cpu,1088
31804,yolo_x_cpu,1080
31805,yolo_x_cpu,1064
31806,yolo_x_cpu,1104
31807,yolo_x_cpu,1101
31808,yolo_x_cpu,1020
31809,yolo_x_cpu,999
31810,yolo_x_cpu,1094
31811,yolo_x_cpu,1098
31812,yolo_x_cpu,1044
31813,yolo_x_cpu,1188
31814,yolo_x_cpu,1180
31815,yolo_x_cpu,1215
31816,yolo_x_cpu,1217
31817,yolo_x_cpu,1051
31818,yolo_x_cpu,1129
31819,yolo_x_cpu,1032
31820,yolo_x_cpu,992
31821,yolo_x_cpu,967
31822,yolo_x_cpu,1021
31823,yolo_x_cpu,1010
31824,yolo_x_cpu,1033
31825,yolo_x_cpu,1030
31826,yolo_x_cpu,995
31827,yolo_x_cpu,997
31828,yolo_x_cpu,929
31829,yolo_x_cpu,975
31830,yolo_x_cpu,940
31831,yolo_x_cpu,935
31832,yolo_x_cpu,1015
31833,yolo_x_cpu,976
31834,yolo_x_cpu,993
31835,yolo_x_cpu,956
31836,yolo_x_cpu,956
31837,yolo_x_cpu,970
31838,yolo_x_cpu,953
31839,yolo_x_cpu,971
31840,yolo_x_cpu,904
31841,yolo_x_cpu,857
31842,yolo_x_cpu,955
31843,yolo_x_cpu,962
31844,yolo_x_cpu,942
31845,yolo_x_cpu,932
31846,yolo_x_cpu,953
31847,yolo_x_cpu,996
31848,yolo_x_cpu,941
31849,yolo_x_cpu,1022
31850,yolo_x_cpu,965
31851,yolo_x_cpu,898
31852,yolo_x_cpu,926
31853,yolo_x_cpu,956
31854,yolo_x_cpu,921
31855,yolo_x_cpu,1003
31856,yolo_x_cpu,955
31857,yolo_x_cpu,983
31858,yolo_x_cpu,963
31859,yolo_x_cpu,1045
31860,yolo_x_cpu,1008
31861,yolo_x_cpu,971
31862,yolo_x_cpu,1008
31863,yolo_x_cpu,1026
31864,yolo_x_cpu,1065
31865,yolo_x_cpu,994
31866,yolo_x_cpu,955
31867,yolo_x_cpu,945
31868,yolo_x_cpu,972
31869,yolo_x_cpu,943
31870,yolo_x_cpu,923
31871,yolo_x_cpu,933
31872,yolo_x_cpu,964
31873,yolo_x_cpu,932
31874,yolo_x_cpu,922
31875,yolo_x_cpu,908
31876,yolo_x_cpu,896
31877,yolo_x_cpu,835
31878,yolo_x_cpu,865
31879,yolo_x_cpu,884
31880,yolo_x_cpu,930
31881,yolo_x_cpu,912
31882,yolo_x_cpu,918
31883,yolo_x_cpu,931
31884,yolo_x_cpu,950
31885,yolo_x_cpu,938
31886,yolo_x_cpu,901
31887,yolo_x_cpu,909
31888,yolo_x_cpu,904
31889,yolo_x_cpu,867
31890,yolo_x_cpu,865
31891,yolo_x_cpu,904
31892,yolo_x_cpu,927
31893,yolo_x_cpu,988
31894,yolo_x_cpu,964
31895,yolo_x_cpu,1049
31896,yolo_x_cpu,1025
31897,yolo_x_cpu,1002
31898,yolo_x_cpu,1011
31899,yolo_x_cpu,966
31900,yolo_x_cpu,980
31901,yolo_x_cpu,1056
31902,yolo_x_cpu,994
31903,yolo_x_cpu,1025
31904,yolo_x_cpu,1014
31905,yolo_x_cpu,1015
31906,yolo_x_cpu,1037
31907,yolo_x_cpu,1057
31908,yolo_x_cpu,988
31909,yolo_x_cpu,1007
31910,yolo_x_cpu,951
31911,yolo_x_cpu,1011
31912,yolo_x_cpu,989
31913,yolo_x_cpu,926
31914,yolo_x_cpu,917
31915,yolo_x_cpu,914
31916,yolo_x_cpu,919
31917,yolo_x_cpu,942
31918,yolo_x_cpu,926
31919,yolo_x_cpu,1010
31920,yolo_x_cpu,987
31921,yolo_x_cpu,950
31922,yolo_x_cpu,883
31923,yolo_x_cpu,1113
31924,yolo_x_cpu,1095
31925,yolo_x_cpu,1099
31926,yolo_x_cpu,1049
31927,yolo_x_cpu,1062
31928,yolo_x_cpu,1047
31929,yolo_x_cpu,1076
31930,yolo_x_cpu,1020
31931,yolo_x_cpu,958
31932,yolo_x_cpu,969
31933,yolo_x_cpu,918
31934,yolo_x_cpu,978
31935,yolo_x_cpu,939
31936,yolo_x_cpu,970
31937,yolo_x_cpu,980
31938,yolo_x_cpu,994
31939,yolo_x_cpu,934
31940,yolo_x_cpu,915
31941,yolo_x_cpu,881
31942,yolo_x_cpu,941
31943,yolo_x_cpu,902
31944,yolo_x_cpu,868
31945,yolo_x_cpu,901
31946,yolo_x_cpu,902
31947,yolo_x_cpu,945
31948,yolo_x_cpu,927
31949,yolo_x_cpu,852
31950,yolo_x_cpu,848
31951,yolo_x_cpu,877
31952,yolo_x_cpu,862
31953,yolo_x_cpu,852
31954,yolo_x_cpu,890
31955,yolo_x_cpu,832
31956,yolo_x_cpu,825
31957,yolo_x_cpu,753
31958,yolo_x_cpu,759
31959,yolo_x_cpu,777
31960,yolo_x_cpu,872
31961,yolo_x_cpu,825
31962,yolo_x_cpu,804
31963,yolo_x_cpu,821
31964,yolo_x_cpu,865
31965,yolo_x_cpu,851
31966,yolo_x_cpu,917
31967,yolo_x_cpu,970
31968,yolo_x_cpu,901
31969,yolo_x_cpu,842
31970,yolo_x_cpu,823
31971,yolo_x_cpu,824
31972,yolo_x_cpu,834
31973,yolo_x_cpu,907
31974,yolo_x_cpu,842
31975,yolo_x_cpu,897
31976,yolo_x_cpu,870
31977,yolo_x_cpu,902
31978,yolo_x_cpu,856
31979,yolo_x_cpu,857
31980,yolo_x_cpu,912
31981,yolo_x_cpu,850
31982,yolo_x_cpu,840
31983,yolo_x_cpu,840
31984,yolo_x_cpu,890
31985,yolo_x_cpu,917
31986,yolo_x_cpu,958
31987,yolo_x_cpu,963
31988,yolo_x_cpu,929
31989,yolo_x_cpu,910
31990,yolo_x_cpu,961
31991,yolo_x_cpu,936
31992,yolo_x_cpu,920
31993,yolo_x_cpu,1037
31994,yolo_x_cpu,1024
31995,yolo_x_cpu,1036
31996,yolo_x_cpu,1046
31997,yolo_x_cpu,1081
31998,yolo_x_cpu,1161
31999,yolo_x_cpu,1123
32000,yolo_x_cpu,1173
32001,yolo_x_cpu,1182
32002,yolo_x_cpu,1234
32003,yolo_x_cpu,1195
32004,yolo_x_cpu,1214
32005,yolo_x_cpu,1220
32006,yolo_x_cpu,1211
32007,yolo_x_cpu,1212
32008,yolo_x_cpu,1253
32009,yolo_x_cpu,1157
32010,yolo_x_cpu,1106
32011,yolo_x_cpu,1168
32012,yolo_x_cpu,1183
32013,yolo_x_cpu,1170
32014,yolo_x_cpu,1141
32015,yolo_x_cpu,1180
32016,yolo_x_cpu,1183
32017,yolo_x_cpu,1159
32018,yolo_x_cpu,1212
32019,yolo_x_cpu,1241
32020,yolo_x_cpu,1270
32021,yolo_x_cpu,1233
32022,yolo_x_cpu,1223
32023,yolo_x_cpu,1228
32024,yolo_x_cpu,1240
32025,yolo_x_cpu,1190
32026,yolo_x_cpu,1184
32027,yolo_x_cpu,1168
32028,yolo_x_cpu,1132
32029,yolo_x_cpu,1143
32030,yolo_x_cpu,1131
32031,yolo_x_cpu,1145
32032,yolo_x_cpu,1177
32033,yolo_x_cpu,1147
32034,yolo_x_cpu,1216
32035,yolo_x_cpu,1196
32036,yolo_x_cpu,1150
32037,yolo_x_cpu,1154
32038,yolo_x_cpu,1198
32039,yolo_x_cpu,1170
32040,yolo_x_cpu,1187
32041,yolo_x_cpu,1115
32042,yolo_x_cpu,1108
32043,yolo_x_cpu,1103
32044,yolo_x_cpu,1081
32045,yolo_x_cpu,1156
32046,yolo_x_cpu,1156
32047,yolo_x_cpu,1164
32048,yolo_x_cpu,1125
32049,yolo_x_cpu,1180
32050,yolo_x_cpu,1126
32051,yolo_x_cpu,1130
32052,yolo_x_cpu,1127
32053,yolo_x_cpu,1177
32054,yolo_x_cpu,1214
32055,yolo_x_cpu,1302
32056,yolo_x_cpu,1349
32057,yolo_x_cpu,1324
32058,yolo_x_cpu,1247
32059,yolo_x_cpu,1193
32060,yolo_x_cpu,1213
32061,yolo_x_cpu,1247
32062,yolo_x_cpu,1257
32063,yolo_x_cpu,1294
32064,yolo_x_cpu,1238
32065,yolo_x_cpu,1219
32066,yolo_x_cpu,1265
32067,yolo_x_cpu,1249
32068,yolo_x_cpu,1284
32069,yolo_x_cpu,1192
32070,yolo_x_cpu,1213
32071,yolo_x_cpu,1141
32072,yolo_x_cpu,1122
32073,yolo_x_cpu,1137
32074,yolo_x_cpu,1120
32075,yolo_x_cpu,1139
32076,yolo_x_cpu,1132
32077,yolo_x_cpu,1127
32078,yolo_x_cpu,1071
32079,yolo_x_cpu,1121
32080,yolo_x_cpu,1141
32081,yolo_x_cpu,1143
32082,yolo_x_cpu,1124
32083,yolo_x_cpu,1191
32084,yolo_x_cpu,1104
32085,yolo_x_cpu,1177
32086,yolo_x_cpu,1167
32087,yolo_x_cpu,1169
32088,yolo_x_cpu,1146
32089,yolo_x_cpu,1135
32090,yolo_x_cpu,1106
32091,yolo_x_cpu,1112
32092,yolo_x_cpu,1092
32093,yolo_x_cpu,1146
32094,yolo_x_cpu,1085
32095,yolo_x_cpu,1135
32096,yolo_x_cpu,1116
32097,yolo_x_cpu,1135
32098,yolo_x_cpu,1090
32099,yolo_x_cpu,1086
32100,yolo_x_cpu,1125
32101,yolo_x_cpu,1151
32102,yolo_x_cpu,1153
32103,yolo_x_cpu,1062
32104,yolo_x_cpu,1065
32105,yolo_x_cpu,1072
32106,yolo_x_cpu,1032
32107,yolo_x_cpu,1071
32108,yolo_x_cpu,1106
32109,yolo_x_cpu,1104
32110,yolo_x_cpu,1093
32111,yolo_x_cpu,1041
32112,yolo_x_cpu,1004
32113,yolo_x_cpu,1057
32114,yolo_x_cpu,1026
32115,yolo_x_cpu,1077
32116,yolo_x_cpu,1030
32117,yolo_x_cpu,1046
32118,yolo_x_cpu,1141
32119,yolo_x_cpu,1088
32120,yolo_x_cpu,1107
32121,yolo_x_cpu,1116
32122,yolo_x_cpu,1018
32123,yolo_x_cpu,1068
32124,yolo_x_cpu,1026
32125,yolo_x_cpu,1082
32126,yolo_x_cpu,1113
32127,yolo_x_cpu,1068
32128,yolo_x_cpu,1134
32129,yolo_x_cpu,1070
32130,yolo_x_cpu,1098
32131,yolo_x_cpu,1056
32132,yolo_x_cpu,1034
32133,yolo_x_cpu,1000
32134,yolo_x_cpu,986
32135,yolo_x_cpu,963
32136,yolo_x_cpu,1012
32137,yolo_x_cpu,993
32138,yolo_x_cpu,1032
32139,yolo_x_cpu,1050
32140,yolo_x_cpu,1019
32141,yolo_x_cpu,1105
32142,yolo_x_cpu,1194
32143,yolo_x_cpu,1149
32144,yolo_x_cpu,1112
32145,yolo_x_cpu,1209
32146,yolo_x_cpu,1154
32147,yolo_x_cpu,1122
32148,yolo_x_cpu,1093
32149,yolo_x_cpu,1138
32150,yolo_x_cpu,1105
32151,yolo_x_cpu,1214
32152,yolo_x_cpu,1222
32153,yolo_x_cpu,1230
32154,yolo_x_cpu,1262
32155,yolo_x_cpu,1236
32156,yolo_x_cpu,1275
32157,yolo_x_cpu,1243
32158,yolo_x_cpu,1209
32159,yolo_x_cpu,1174
32160,yolo_x_cpu,1198
32161,yolo_x_cpu,1119
32162,yolo_x_cpu,1169
32163,yolo_x_cpu,1149
32164,yolo_x_cpu,1072
32165,yolo_x_cpu,1146
32166,yolo_x_cpu,1133
32167,yolo_x_cpu,1179
32168,yolo_x_cpu,1227
32169,yolo_x_cpu,1260
32170,yolo_x_cpu,1248
32171,yolo_x_cpu,1232
32172,yolo_x_cpu,1213
32173,yolo_x_cpu,1265
32174,yolo_x_cpu,1291
32175,yolo_x_cpu,1242
32176,yolo_x_cpu,1254
32177,yolo_x_cpu,1174
32178,yolo_x_cpu,1203
32179,yolo_x_cpu,1150
32180,yolo_x_cpu,1133
32181,yolo_x_cpu,1081
32182,yolo_x_cpu,1158
32183,yolo_x_cpu,1200
32184,yolo_x_cpu,1217
32185,yolo_x_cpu,1235
32186,yolo_x_cpu,1195
32187,yolo_x_cpu,1203
32188,yolo_x_cpu,1206
32189,yolo_x_cpu,1236
32190,yolo_x_cpu,1245
32191,yolo_x_cpu,1256
32192,yolo_x_cpu,1315
32193,yolo_x_cpu,1372
32194,yolo_x_cpu,1398
32195,yolo_x_cpu,1360
32196,yolo_x_cpu,1272
32197,yolo_x_cpu,1244
32198,yolo_x_cpu,1272
32199,yolo_x_cpu,1250
32200,yolo_x_cpu,1269
32201,yolo_x_cpu,1292
32202,yolo_x_cpu,1359
32203,yolo_x_cpu,1410
32204,yolo_x_cpu,1317
32205,yolo_x_cpu,1304
32206,yolo_x_cpu,1322
32207,yolo_x_cpu,1287
32208,yolo_x_cpu,1255
32209,yolo_x_cpu,1369
32210,yolo_x_cpu,1344
32211,yolo_x_cpu,1312
32212,yolo_x_cpu,1342
32213,yolo_x_cpu,1288
32214,yolo_x_cpu,1279
32215,yolo_x_cpu,1328
32216,yolo_x_cpu,1282
32217,yolo_x_cpu,1259
32218,yolo_x_cpu,1222
32219,yolo_x_cpu,1207
32220,yolo_x_cpu,1217
32221,yolo_x_cpu,1273
32222,yolo_x_cpu,1237
32223,yolo_x_cpu,1299
32224,yolo_x_cpu,1366
32225,yolo_x_cpu,1333
32226,yolo_x_cpu,1231
32227,yolo_x_cpu,1312
32228,yolo_x_cpu,1397
32229,yolo_x_cpu,1416
32230,yolo_x_cpu,1365
32231,yolo_x_cpu,1353
32232,yolo_x_cpu,1343
32233,yolo_x_cpu,1294
32234,yolo_x_cpu,1371
32235,yolo_x_cpu,1376
32236,yolo_x_cpu,1356
32237,yolo_x_cpu,1409
32238,yolo_x_cpu,1416
32239,yolo_x_cpu,1371
32240,yolo_x_cpu,1331
32241,yolo_x_cpu,1318
32242,yolo_x_cpu,1371
32243,yolo_x_cpu,1357
32244,yolo_x_cpu,1319
32245,yolo_x_cpu,1272
32246,yolo_x_cpu,1234
32247,yolo_x_cpu,1202
32248,yolo_x_cpu,1232
32249,yolo_x_cpu,1253
32250,yolo_x_cpu,1230
32251,yolo_x_cpu,1245
32252,yolo_x_cpu,1245
32253,yolo_x_cpu,1252
32254,yolo_x_cpu,1287
32255,yolo_x_cpu,1248
32256,yolo_x_cpu,1276
32257,yolo_x_cpu,1277
32258,yolo_x_cpu,1314
32259,yolo_x_cpu,1370
32260,yolo_x_cpu,1352
32261,yolo_x_cpu,1385
32262,yolo_x_cpu,1368
32263,yolo_x_cpu,1413
32264,yolo_x_cpu,1358
32265,yolo_x_cpu,1333
32266,yolo_x_cpu,1360
32267,yolo_x_cpu,1388
32268,yolo_x_cpu,1346
32269,yolo_x_cpu,1289
32270,yolo_x_cpu,1253
32271,yolo_x_cpu,1210
32272,yolo_x_cpu,1337
32273,yolo_x_cpu,1342
32274,yolo_x_cpu,1282
32275,yolo_x_cpu,1302
32276,yolo_x_cpu,1299
32277,yolo_x_cpu,1305
32278,yolo_x_cpu,1318
32279,yolo_x_cpu,1255
32280,yolo_x_cpu,1272
32281,yolo_x_cpu,1268
32282,yolo_x_cpu,1286
32283,yolo_x_cpu,1325
32284,yolo_x_cpu,1346
32285,yolo_x_cpu,1336
32286,yolo_x_cpu,1338
32287,yolo_x_cpu,1233
32288,yolo_x_cpu,1255
32289,yolo_x_cpu,1300
32290,yolo_x_cpu,1322
32291,yolo_x_cpu,1275
32292,yolo_x_cpu,1265
32293,yolo_x_cpu,1165
32294,yolo_x_cpu,1319
32295,yolo_x_cpu,1287
32296,yolo_x_cpu,1297
32297,yolo_x_cpu,1262
32298,yolo_x_cpu,1189
32299,yolo_x_cpu,1219
32300,yolo_x_cpu,1058
32301,yolo_x_cpu,1085
32302,yolo_x_cpu,1065
32303,yolo_x_cpu,1055
32304,yolo_x_cpu,1098
32305,yolo_x_cpu,1133
32306,yolo_x_cpu,1145
32307,yolo_x_cpu,1070
32308,yolo_x_cpu,1093
32309,yolo_x_cpu,1055
32310,yolo_x_cpu,1045
32311,yolo_x_cpu,961
32312,yolo_x_cpu,964
32313,yolo_x_cpu,994
32314,yolo_x_cpu,978
32315,yolo_x_cpu,957
32316,yolo_x_cpu,913
32317,yolo_x_cpu,954
32318,yolo_x_cpu,931
32319,yolo_x_cpu,941
32320,yolo_x_cpu,940
32321,yolo_x_cpu,942
32322,yolo_x_cpu,948
32323,yolo_x_cpu,964
32324,yolo_x_cpu,978
32325,yolo_x_cpu,916
32326,yolo_x_cpu,833
32327,yolo_x_cpu,879
32328,yolo_x_cpu,951
32329,yolo_x_cpu,917
32330,yolo_x_cpu,937
32331,yolo_x_cpu,904
32332,yolo_x_cpu,1002
32333,yolo_x_cpu,977
32334,yolo_x_cpu,974
32335,yolo_x_cpu,990
32336,yolo_x_cpu,994
32337,yolo_x_cpu,976
32338,yolo_x_cpu,943
32339,yolo_x_cpu,885
32340,yolo_x_cpu,918
32341,yolo_x_cpu,919
32342,yolo_x_cpu,922
32343,yolo_x_cpu,864
32344,yolo_x_cpu,864
32345,yolo_x_cpu,896
32346,yolo_x_cpu,870
32347,yolo_x_cpu,862
32348,yolo_x_cpu,819
32349,yolo_x_cpu,787
32350,yolo_x_cpu,838
32351,yolo_x_cpu,848
32352,yolo_x_cpu,870
32353,yolo_x_cpu,858
32354,yolo_x_cpu,881
32355,yolo_x_cpu,869
32356,yolo_x_cpu,863
32357,yolo_x_cpu,841
32358,yolo_x_cpu,829
32359,yolo_x_cpu,801
32360,yolo_x_cpu,809
32361,yolo_x_cpu,807
32362,yolo_x_cpu,822
32363,yolo_x_cpu,779
32364,yolo_x_cpu,766
32365,yolo_x_cpu,783
32366,yolo_x_cpu,854
32367,yolo_x_cpu,846
32368,yolo_x_cpu,863
32369,yolo_x_cpu,859
32370,yolo_x_cpu,847
32371,yolo_x_cpu,795
32372,yolo_x_cpu,825
32373,yolo_x_cpu,818
32374,yolo_x_cpu,812
32375,yolo_x_cpu,764
32376,yolo_x_cpu,853
32377,yolo_x_cpu,769
32378,yolo_x_cpu,756
32379,yolo_x_cpu,752
32380,yolo_x_cpu,857
32381,yolo_x_cpu,837
32382,yolo_x_cpu,806
32383,yolo_x_cpu,743
32384,yolo_x_cpu,740
32385,yolo_x_cpu,693
32386,yolo_x_cpu,729
32387,yolo_x_cpu,690
32388,yolo_x_cpu,673
32389,yolo_x_cpu,635
32390,yolo_x_cpu,666
32391,yolo_x_cpu,616
32392,yolo_x_cpu,602
32393,yolo_x_cpu,699
32394,yolo_x_cpu,677
32395,yolo_x_cpu,686
32396,yolo_x_cpu,644
32397,yolo_x_cpu,693
32398,yolo_x_cpu,708
32399,yolo_x_cpu,700
32400,yolo_x_cpu,720
32401,yolo_x_cpu,720
32402,yolo_x_cpu,740
32403,yolo_x_cpu,785
32404,yolo_x_cpu,743
32405,yolo_x_cpu,771
32406,yolo_x_cpu,763
32407,yolo_x_cpu,778
32408,yolo_x_cpu,755
32409,yolo_x_cpu,772
32410,yolo_x_cpu,760
32411,yolo_x_cpu,785
32412,yolo_x_cpu,850
32413,yolo_x_cpu,750
32414,yolo_x_cpu,750
32415,yolo_x_cpu,690
32416,yolo_x_cpu,596
32417,yolo_x_cpu,603
32418,yolo_x_cpu,633
32419,yolo_x_cpu,694
32420,yolo_x_cpu,631
32421,yolo_x_cpu,707
32422,yolo_x_cpu,695
32423,yolo_x_cpu,696
32424,yolo_x_cpu,704
32425,yolo_x_cpu,744
32426,yolo_x_cpu,702
32427,yolo_x_cpu,709
32428,yolo_x_cpu,684
32429,yolo_x_cpu,694
32430,yolo_x_cpu,693
32431,yolo_x_cpu,739
32432,yolo_x_cpu,691
32433,yolo_x_cpu,695
32434,yolo_x_cpu,641
32435,yolo_x_cpu,677
32436,yolo_x_cpu,689
32437,yolo_x_cpu,690
32438,yolo_x_cpu,658
32439,yolo_x_cpu,655
32440,yolo_x_cpu,649
32441,yolo_x_cpu,595
32442,yolo_x_cpu,603
32443,yolo_x_cpu,618
32444,yolo_x_cpu,585
32445,yolo_x_cpu,556
32446,yolo_x_cpu,569
32447,yolo_x_cpu,609
32448,yolo_x_cpu,650
32449,yolo_x_cpu,652
32450,yolo_x_cpu,628
32451,yolo_x_cpu,591
32452,yolo_x_cpu,639
32453,yolo_x_cpu,563
32454,yolo_x_cpu,660
32455,yolo_x_cpu,650
32456,yolo_x_cpu,675
32457,yolo_x_cpu,658
32458,yolo_x_cpu,608
32459,yolo_x_cpu,600
32460,yolo_x_cpu,655
32461,yolo_x_cpu,652
32462,yolo_x_cpu,639
32463,yolo_x_cpu,613
32464,yolo_x_cpu,657
32465,yolo_x_cpu,644
32466,yolo_x_cpu,690
32467,yolo_x_cpu,619
32468,yolo_x_cpu,519
32469,yolo_x_cpu,587
32470,yolo_x_cpu,544
32471,yolo_x_cpu,550
32472,yolo_x_cpu,521
32473,yolo_x_cpu,599
32474,yolo_x_cpu,540
32475,yolo_x_cpu,492
32476,yolo_x_cpu,513
32477,yolo_x_cpu,616
32478,yolo_x_cpu,556
32479,yolo_x_cpu,490
32480,yolo_x_cpu,561
32481,yolo_x_cpu,534
32482,yolo_x_cpu,553
32483,yolo_x_cpu,558
32484,yolo_x_cpu,533
32485,yolo_x_cpu,562
32486,yolo_x_cpu,538
32487,yolo_x_cpu,488
32488,yolo_x_cpu,424
32489,yolo_x_cpu,498
32490,yolo_x_cpu,523
32491,yolo_x_cpu,537
32492,yolo_x_cpu,496
32493,yolo_x_cpu,531
32494,yolo_x_cpu,532
32495,yolo_x_cpu,489
32496,yolo_x_cpu,541
32497,yolo_x_cpu,474
32498,yolo_x_cpu,463
32499,yolo_x_cpu,527
32500,yolo_x_cpu,512
32501,yolo_x_cpu,496
32502,yolo_x_cpu,477
32503,yolo_x_cpu,440
32504,yolo_x_cpu,463
32505,yolo_x_cpu,461
32506,yolo_x_cpu,416
32507,yolo_x_cpu,397
32508,yolo_x_cpu,382
32509,yolo_x_cpu,459
32510,yolo_x_cpu,475
32511,yolo_x_cpu,453
32512,yolo_x_cpu,485
32513,yolo_x_cpu,514
32514,yolo_x_cpu,448
32515,yolo_x_cpu,436
32516,yolo_x_cpu,446
32517,yolo_x_cpu,425
32518,yolo_x_cpu,428
32519,yolo_x_cpu,503
32520,yolo_x_cpu,466
32521,yolo_x_cpu,429
32522,yolo_x_cpu,419
32523,yolo_x_cpu,385
32524,yolo_x_cpu,410
32525,yolo_x_cpu,402
32526,yolo_x_cpu,422
32527,yolo_x_cpu,417
32528,yolo_x_cpu,431
32529,yolo_x_cpu,464
32530,yolo_x_cpu,428
32531,yolo_x_cpu,401
32532,yolo_x_cpu,441
32533,yolo_x_cpu,419
32534,yolo_x_cpu,482
32535,yolo_x_cpu,444
32536,yolo_x_cpu,473
32537,yolo_x_cpu,407
32538,yolo_x_cpu,382
32539,yolo_x_cpu,414
32540,yolo_x_cpu,368
32541,yolo_x_cpu,371
32542,yolo_x_cpu,399
32543,yolo_x_cpu,349
32544,yolo_x_cpu,365
32545,yolo_x_cpu,315
32546,yolo_x_cpu,336
32547,yolo_x_cpu,335
32548,yolo_x_cpu,336
32549,yolo_x_cpu,360
32550,yolo_x_cpu,295
32551,yolo_x_cpu,338
32552,yolo_x_cpu,370
32553,yolo_x_cpu,363
32554,yolo_x_cpu,392
32555,yolo_x_cpu,331
32556,yolo_x_cpu,361
32557,yolo_x_cpu,331
32558,yolo_x_cpu,339
32559,yolo_x_cpu,311
32560,yolo_x_cpu,336
32561,yolo_x_cpu,301
32562,yolo_x_cpu,297
32563,yolo_x_cpu,329
32564,yolo_x_cpu,313
32565,yolo_x_cpu,300
32566,yolo_x_cpu,324
32567,yolo_x_cpu,376
32568,yolo_x_cpu,356
32569,yolo_x_cpu,302
32570,yolo_x_cpu,356
32571,yolo_x_cpu,297
32572,yolo_x_cpu,292
32573,yolo_x_cpu,313
32574,yolo_x_cpu,299
32575,yolo_x_cpu,325
32576,yolo_x_cpu,316
32577,yolo_x_cpu,291
32578,yolo_x_cpu,323
32579,yolo_x_cpu,322
32580,yolo_x_cpu,295
32581,yolo_x_cpu,266
32582,yolo_x_cpu,273
32583,yolo_x_cpu,307
32584,yolo_x_cpu,284
32585,yolo_x_cpu,287
32586,yolo_x_cpu,230
32587,yolo_x_cpu,248
32588,yolo_x_cpu,218
32589,yolo_x_cpu,225
32590,yolo_x_cpu,232
32591,yolo_x_cpu,198
32592,yolo_x_cpu,218
32593,yolo_x_cpu,271
32594,yolo_x_cpu,261
32595,yolo_x_cpu,242
32596,yolo_x_cpu,211
32597,yolo_x_cpu,189
32598,yolo_x_cpu,191
32599,yolo_x_cpu,198
32600,yolo_x_cpu,185
32601,yolo_x_cpu,184
32602,yolo_x_cpu,233
32603,yolo_x_cpu,209
32604,yolo_x_cpu,212
32605,yolo_x_cpu,183
32606,yolo_x_cpu,221
32607,yolo_x_cpu,245
32608,yolo_x_cpu,232
32609,yolo_x_cpu,233
32610,yolo_x_cpu,241
32611,yolo_x_cpu,237
32612,yolo_x_cpu,249
32613,yolo_x_cpu,214
32614,yolo_x_cpu,226
32615,yolo_x_cpu,212
32616,yolo_x_cpu,193
32617,yolo_x_cpu,168
32618,yolo_x_cpu,201
32619,yolo_x_cpu,185
32620,yolo_x_cpu,176
32621,yolo_x_cpu,165
32622,yolo_x_cpu,189
32623,yolo_x_cpu,180
32624,yolo_x_cpu,199
32625,yolo_x_cpu,169
32626,yolo_x_cpu,167
32627,yolo_x_cpu,168
32628,yolo_x_cpu,161
32629,yolo_x_cpu,178
32630,yolo_x_cpu,166
32631,yolo_x_cpu,150
32632,yolo_x_cpu,143
32633,yolo_x_cpu,143
32634,yolo_x_cpu,115
32635,yolo_x_cpu,126
32636,yolo_x_cpu,141
32637,yolo_x_cpu,150
32638,yolo_x_cpu,155
32639,yolo_x_cpu,166
32640,yolo_x_cpu,149
32641,yolo_x_cpu,180
32642,yolo_x_cpu,166
32643,yolo_x_cpu,175
32644,yolo_x_cpu,165
32645,yolo_x_cpu,138
32646,yolo_x_cpu,125
32647,yolo_x_cpu,159
32648,yolo_x_cpu,132
32649,yolo_x_cpu,139
32650,yolo_x_cpu,138
32651,yolo_x_cpu,145
32652,yolo_x_cpu,166
32653,yolo_x_cpu,146
32654,yolo_x_cpu,132
32655,yolo_x_cpu,130
32656,yolo_x_cpu,149
32657,yolo_x_cpu,146
32658,yolo_x_cpu,162
32659,yolo_x_cpu,191
32660,yolo_x_cpu,146
32661,yolo_x_cpu,122
32662,yolo_x_cpu,130
32663,yolo_x_cpu,126
32664,yolo_x_cpu,121
32665,yolo_x_cpu,152
32666,yolo_x_cpu,153
32667,yolo_x_cpu,143
32668,yolo_x_cpu,157
32669,yolo_x_cpu,137
32670,yolo_x_cpu,147
32671,yolo_x_cpu,138
32672,yolo_x_cpu,158
32673,yolo_x_cpu,154
32674,yolo_x_cpu,158
32675,yolo_x_cpu,137
32676,yolo_x_cpu,144
32677,yolo_x_cpu,132
32678,yolo_x_cpu,130
32679,yolo_x_cpu,142
32680,yolo_x_cpu,152
32681,yolo_x_cpu,148
32682,yolo_x_cpu,130
32683,yolo_x_cpu,115
32684,yolo_x_cpu,113
32685,yolo_x_cpu,122
32686,yolo_x_cpu,118
32687,yolo_x_cpu,111
32688,yolo_x_cpu,115
32689,yolo_x_cpu,89
32690,yolo_x_cpu,96
32691,yolo_x_cpu,68
32692,yolo_x_cpu,79
32693,yolo_x_cpu,62
32694,yolo_x_cpu,106
32695,yolo_x_cpu,105
32696,yolo_x_cpu,98
32697,yolo_x_cpu,107
32698,yolo_x_cpu,113
32699,yolo_x_cpu,111
32700,yolo_x_cpu,110
32701,yolo_x_cpu,121
32702,yolo_x_cpu,88
32703,yolo_x_cpu,107
32704,yolo_x_cpu,97
32705,yolo_x_cpu,89
32706,yolo_x_cpu,91
32707,yolo_x_cpu,84
32708,yolo_x_cpu,78
32709,yolo_x_cpu,87
32710,yolo_x_cpu,94
32711,yolo_x_cpu,85
32712,yolo_x_cpu,62
32713,yolo_x_cpu,67
32714,yolo_x_cpu,90
32715,yolo_x_cpu,89
32716,yolo_x_cpu,90
32717,yolo_x_cpu,84
32718,yolo_x_cpu,81
32719,yolo_x_cpu,75
32720,yolo_x_cpu,84
32721,yolo_x_cpu,79
32722,yolo_x_cpu,85
32723,yolo_x_cpu,78
32724,yolo_x_cpu,90
32725,yolo_x_cpu,65
32726,yolo_x_cpu,78
32727,yolo_x_cpu,76
32728,yolo_x_cpu,86
32729,yolo_x_cpu,87
32730,yolo_x_cpu,78
32731,yolo_x_cpu,86
32732,yolo_x_cpu,111
32733,yolo_x_cpu,103
32734,yolo_x_cpu,118
32735,yolo_x_cpu,108
32736,yolo_x_cpu,109
32737,yolo_x_cpu,99
32738,yolo_x_cpu,66
32739,yolo_x_cpu,73
32740,yolo_x_cpu,67
32741,yolo_x_cpu,67
32742,yolo_x_cpu,68
32743,yolo_x_cpu,57
32744,yolo_x_cpu,53
32745,yolo_x_cpu,71
32746,yolo_x_cpu,63
32747,yolo_x_cpu,51
32748,yolo_x_cpu,49
32749,yolo_x_cpu,35
32750,yolo_x_cpu,34
32751,yolo_x_cpu,53
32752,yolo_x_cpu,42
32753,yolo_x_cpu,34
32754,yolo_x_cpu,33
32755,yolo_x_cpu,27
32756,yolo_x_cpu,33
32757,yolo_x_cpu,45
32758,yolo_x_cpu,40
32759,yolo_x_cpu,39
32760,yolo_x_cpu,48
32761,yolo_x_cpu,67
32762,yolo_x_cpu,66
32763,yolo_x_cpu,43
32764,yolo_x_cpu,37
32765,yolo_x_cpu,38
32766,yolo_x_cpu,48
32767,yolo_x_cpu,48
32768,yolo_x_cpu,59
32769,yolo_x_cpu,61
32770,yolo_x_cpu,46
32771,yolo_x_cpu,50
32772,yolo_x_cpu,60
32773,yolo_x_cpu,70
32774,yolo_x_cpu,57
32775,yolo_x_cpu,46
32776,yolo_x_cpu,55
32777,yolo_x_cpu,49
32778,yolo_x_cpu,50
32779,yolo_x_cpu,50
32780,yolo_x_cpu,37
32781,yolo_x_cpu,63
32782,yolo_x_cpu,55
32783,yolo_x_cpu,48
32784,yolo_x_cpu,58
32785,yolo_x_cpu,54
32786,yolo_x_cpu,29
32787,yolo_x_cpu,33
32788,yolo_x_cpu,18
32789,yolo_x_cpu,23
32790,yolo_x_cpu,23
32791,yolo_x_cpu,33
32792,yolo_x_cpu,25
32793,yolo_x_cpu,31
32794,yolo_x_cpu,42
32795,yolo_x_cpu,28
32796,yolo_x_cpu,29
32797,yolo_x_cpu,34
32798,yolo_x_cpu,51
32799,yolo_x_cpu,55
32800,yolo_x_cpu,57
32801,yolo_x_cpu,55
32802,yolo_x_cpu,41
32803,yolo_x_cpu,43
32804,yolo_x_cpu,50
32805,yolo_x_cpu,37
32806,yolo_x_cpu,42
32807,yolo_x_cpu,43
32808,yolo_x_cpu,40
32809,yolo_x_cpu,50
32810,yolo_x_cpu,50
32811,yolo_x_cpu,42
32812,yolo_x_cpu,35
32813,yolo_x_cpu,39
32814,yolo_x_cpu,38
32815,yolo_x_cpu,38
32816,yolo_x_cpu,37
32817,yolo_x_cpu,23
32818,yolo_x_cpu,30
32819,yolo_x_cpu,38
32820,yolo_x_cpu,45
32821,yolo_x_cpu,1773
32822,yolo_x_cpu,1962
32823,yolo_x_cpu,1406
32824,yolo_x_cpu,333
32825,yolo_x_cpu,301
32826,yolo_x_cpu,282
32827,yolo_x_cpu,242
32828,yolo_x_cpu,180
32829,yolo_x_cpu,163
32830,yolo_x_cpu,167
32831,yolo_x_cpu,181
32832,yolo_x_cpu,184
32833,yolo_x_cpu,181
32834,yolo_x_cpu,163
32835,yolo_x_cpu,161
32836,yolo_x_cpu,158
32837,yolo_x_cpu,134
32838,yolo_x_cpu,137
32839,yolo_x_cpu,101
32840,yolo_x_cpu,94
32841,yolo_x_cpu,69
32842,yolo_x_cpu,67
32843,yolo_x_cpu,72
32844,yolo_x_cpu,69
32845,yolo_x_cpu,58
32846,yolo_x_cpu,60
32847,yolo_x_cpu,70
32848,yolo_x_cpu,58
32849,yolo_x_cpu,52
32850,yolo_x_cpu,65
32851,yolo_x_cpu,69
32852,yolo_x_cpu,76
32853,yolo_x_cpu,67
32854,yolo_x_cpu,75
32855,yolo_x_cpu,82
32856,yolo_x_cpu,71
32857,yolo_x_cpu,58
32858,yolo_x_cpu,56
32859,yolo_x_cpu,50
32860,yolo_x_cpu,50
32861,yolo_x_cpu,63
32862,yolo_x_cpu,60
32863,yolo_x_cpu,47
32864,yolo_x_cpu,41
32865,yolo_x_cpu,53
32866,yolo_x_cpu,62
32867,yolo_x_cpu,53
32868,yolo_x_cpu,67
32869,yolo_x_cpu,56
32870,yolo_x_cpu,57
32871,yolo_x_cpu,52
32872,yolo_x_cpu,57
32873,yolo_x_cpu,36
32874,yolo_x_cpu,43
32875,yolo_x_cpu,35
32876,yolo_x_cpu,20
32877,yolo_x_cpu,20
32878,yolo_x_cpu,35
32879,yolo_x_cpu,18
32880,yolo_x_cpu,41
32881,yolo_x_cpu,36
32882,yolo_x_cpu,16
32883,yolo_x_cpu,18
32884,yolo_x_cpu,20
32885,yolo_x_cpu,19
32886,yolo_x_cpu,26
32887,yolo_x_cpu,31
32888,yolo_x_cpu,21
32889,yolo_x_cpu,28
32890,yolo_x_cpu,23
32891,yolo_x_cpu,11
32892,yolo_x_cpu,11
32893,yolo_x_cpu,18
32894,yolo_x_cpu,9
32895,yolo_x_cpu,6
32896,yolo_x_cpu,6
32897,yolo_x_cpu,11
32898,yolo_x_cpu,18
32899,yolo_x_cpu,25
32900,yolo_x_cpu,23
32901,yolo_x_cpu,25
32902,yolo_x_cpu,39
32903,yolo_x_cpu,35
32904,yolo_x_cpu,27
32905,yolo_x_cpu,38
32906,yolo_x_cpu,34
32907,yolo_x_cpu,27
32908,yolo_x_cpu,21
32909,yolo_x_cpu,20
32910,yolo_x_cpu,39
32911,yolo_x_cpu,27
32912,yolo_x_cpu,44
32913,yolo_x_cpu,33
32914,yolo_x_cpu,32
32915,yolo_x_cpu,27
32916,yolo_x_cpu,24
32917,yolo_x_cpu,19
32918,yolo_x_cpu,19
32919,yolo_x_cpu,19
32920,yolo_x_cpu,40
32921,yolo_x_cpu,42
32922,yolo_x_cpu,20
32923,yolo_x_cpu,14
32924,yolo_x_cpu,17
32925,yolo_x_cpu,19
32926,yolo_x_cpu,28
32927,yolo_x_cpu,20
32928,yolo_x_cpu,21
32929,yolo_x_cpu,24
32930,yolo_x_cpu,18
32931,yolo_x_cpu,29
32932,yolo_x_cpu,25
32933,yolo_x_cpu,32
32934,yolo_x_cpu,37
32935,yolo_x_cpu,34
32936,yolo_x_cpu,40
32937,yolo_x_cpu,30
32938,yolo_x_cpu,22
32939,yolo_x_cpu,37
32940,yolo_x_cpu,33
32941,yolo_x_cpu,31
32942,yolo_x_cpu,20
32943,yolo_x_cpu,15
32944,yolo_x_cpu,19
32945,yolo_x_cpu,14
32946,yolo_x_cpu,10
32947,yolo_x_cpu,13
32948,yolo_x_cpu,17
32949,yolo_x_cpu,26
32950,yolo_x_cpu,21
32951,yolo_x_cpu,14
32952,yolo_x_cpu,21
32953,yolo_x_cpu,17
32954,yolo_x_cpu,21
32955,yolo_x_cpu,19
32956,yolo_x_cpu,20
32957,yolo_x_cpu,18
32958,yolo_x_cpu,24
32959,yolo_x_cpu,29
32960,yolo_x_cpu,40
32961,yolo_x_cpu,38
32962,yolo_x_cpu,28
32963,yolo_x_cpu,37
32964,yolo_x_cpu,33
32965,yolo_x_cpu,25
32966,yolo_x_cpu,21
32967,yolo_x_cpu,15
32968,yolo_x_cpu,11
32969,yolo_x_cpu,17
32970,yolo_x_cpu,23
32971,yolo_x_cpu,25
32972,yolo_x_cpu,19
32973,yolo_x_cpu,29
32974,yolo_x_cpu,18
32975,yolo_x_cpu,17
32976,yolo_x_cpu,22
32977,yolo_x_cpu,35
32978,yolo_x_cpu,23
32979,yolo_x_cpu,34
32980,yolo_x_cpu,17
32981,yolo_x_cpu,16
32982,yolo_x_cpu,25
32983,yolo_x_cpu,26
32984,yolo_x_cpu,29
32985,yolo_x_cpu,19
32986,yolo_x_cpu,22
32987,yolo_x_cpu,11
32988,yolo_x_cpu,15
32989,yolo_x_cpu,15
32990,yolo_x_cpu,13
32991,yolo_x_cpu,15
32992,yolo_x_cpu,20
32993,yolo_x_cpu,23
32994,yolo_x_cpu,36
32995,yolo_x_cpu,26
32996,yolo_x_cpu,19
32997,yolo_x_cpu,20
32998,yolo_x_cpu,18
32999,yolo_x_cpu,29
33000,yolo_x_cpu,33
33001,yolo_x_cpu,45
33002,yolo_x_cpu,38
33003,yolo_x_cpu,37
33004,yolo_x_cpu,36
33005,yolo_x_cpu,52
33006,yolo_x_cpu,42
33007,yolo_x_cpu,29
33008,yolo_x_cpu,27
33009,yolo_x_cpu,25
33010,yolo_x_cpu,17
33011,yolo_x_cpu,20
33012,yolo_x_cpu,30
33013,yolo_x_cpu,39
33014,yolo_x_cpu,24
33015,yolo_x_cpu,39
33016,yolo_x_cpu,52
33017,yolo_x_cpu,44
33018,yolo_x_cpu,45
33019,yolo_x_cpu,51
33020,yolo_x_cpu,63
33021,yolo_x_cpu,51
33022,yolo_x_cpu,63
33023,yolo_x_cpu,65
33024,yolo_x_cpu,85
33025,yolo_x_cpu,96
33026,yolo_x_cpu,98
33027,yolo_x_cpu,101
33028,yolo_x_cpu,108
33029,yolo_x_cpu,96
33030,yolo_x_cpu,116
33031,yolo_x_cpu,128
33032,yolo_x_cpu,135
33033,yolo_x_cpu,133
33034,yolo_x_cpu,141
33035,yolo_x_cpu,141
33036,yolo_x_cpu,154
33037,yolo_x_cpu,168
33038,yolo_x_cpu,163
33039,yolo_x_cpu,162
33040,yolo_x_cpu,163
33041,yolo_x_cpu,194
33042,yolo_x_cpu,189
33043,yolo_x_cpu,205
33044,yolo_x_cpu,192
33045,yolo_x_cpu,199
33046,yolo_x_cpu,218
33047,yolo_x_cpu,221
33048,yolo_x_cpu,241
33049,yolo_x_cpu,243
33050,yolo_x_cpu,262
33051,yolo_x_cpu,261
33052,yolo_x_cpu,276
33053,yolo_x_cpu,272
33054,yolo_x_cpu,288
33055,yolo_x_cpu,285
33056,yolo_x_cpu,314
33057,yolo_x_cpu,287
33058,yolo_x_cpu,285
33059,yolo_x_cpu,298
33060,yolo_x_cpu,348
33061,yolo_x_cpu,361
33062,yolo_x_cpu,365
33063,yolo_x_cpu,364
33064,yolo_x_cpu,388
33065,yolo_x_cpu,396
33066,yolo_x_cpu,468
33067,yolo_x_cpu,451
33068,yolo_x_cpu,441
33069,yolo_x_cpu,491
33070,yolo_x_cpu,468
33071,yolo_x_cpu,541
33072,yolo_x_cpu,550
33073,yolo_x_cpu,487
33074,yolo_x_cpu,476
33075,yolo_x_cpu,550
33076,yolo_x_cpu,459
33077,yolo_x_cpu,608
33078,yolo_x_cpu,536
33079,yolo_x_cpu,494
33080,yolo_x_cpu,564
33081,yolo_x_cpu,576
33082,yolo_x_cpu,622
33083,yolo_x_cpu,620
33084,yolo_x_cpu,650
33085,yolo_x_cpu,657
33086,yolo_x_cpu,603
33087,yolo_x_cpu,625
33088,yolo_x_cpu,663
33089,yolo_x_cpu,679
33090,yolo_x_cpu,742
33091,yolo_x_cpu,713
33092,yolo_x_cpu,705
33093,yolo_x_cpu,759
33094,yolo_x_cpu,791
33095,yolo_x_cpu,860
33096,yolo_x_cpu,835
33097,yolo_x_cpu,877
33098,yolo_x_cpu,851
33099,yolo_x_cpu,860
33100,yolo_x_cpu,906
33101,yolo_x_cpu,833
33102,yolo_x_cpu,858
33103,yolo_x_cpu,870
33104,yolo_x_cpu,940
33105,yolo_x_cpu,955
33106,yolo_x_cpu,931
33107,yolo_x_cpu,942
33108,yolo_x_cpu,972
33109,yolo_x_cpu,944
33110,yolo_x_cpu,961
33111,yolo_x_cpu,958
33112,yolo_x_cpu,988
33113,yolo_x_cpu,956
33114,yolo_x_cpu,990
33115,yolo_x_cpu,955
33116,yolo_x_cpu,948
33117,yolo_x_cpu,923
33118,yolo_x_cpu,848
33119,yolo_x_cpu,829
33120,yolo_x_cpu,905
33121,yolo_x_cpu,824
33122,yolo_x_cpu,845
33123,yolo_x_cpu,976
33124,yolo_x_cpu,970
33125,yolo_x_cpu,947
33126,yolo_x_cpu,954
33127,yolo_x_cpu,968
33128,yolo_x_cpu,932
33129,yolo_x_cpu,928
33130,yolo_x_cpu,931
33131,yolo_x_cpu,961
33132,yolo_x_cpu,927
33133,yolo_x_cpu,946
33134,yolo_x_cpu,926
33135,yolo_x_cpu,960
33136,yolo_x_cpu,942
33137,yolo_x_cpu,996
33138,yolo_x_cpu,939
33139,yolo_x_cpu,952
33140,yolo_x_cpu,896
33141,yolo_x_cpu,861
33142,yolo_x_cpu,820
33143,yolo_x_cpu,825
33144,yolo_x_cpu,836
33145,yolo_x_cpu,868
33146,yolo_x_cpu,923
33147,yolo_x_cpu,915
33148,yolo_x_cpu,944
33149,yolo_x_cpu,873
33150,yolo_x_cpu,897
33151,yolo_x_cpu,910
33152,yolo_x_cpu,972
33153,yolo_x_cpu,980
33154,yolo_x_cpu,938
33155,yolo_x_cpu,883
33156,yolo_x_cpu,891
33157,yolo_x_cpu,901
33158,yolo_x_cpu,954
33159,yolo_x_cpu,921
33160,yolo_x_cpu,933
33161,yolo_x_cpu,995
33162,yolo_x_cpu,922
33163,yolo_x_cpu,911
33164,yolo_x_cpu,893
33165,yolo_x_cpu,830
33166,yolo_x_cpu,837
33167,yolo_x_cpu,865
33168,yolo_x_cpu,869
33169,yolo_x_cpu,857
33170,yolo_x_cpu,852
33171,yolo_x_cpu,850
33172,yolo_x_cpu,846
33173,yolo_x_cpu,869
33174,yolo_x_cpu,895
33175,yolo_x_cpu,907
33176,yolo_x_cpu,909
33177,yolo_x_cpu,932
33178,yolo_x_cpu,905
33179,yolo_x_cpu,927
33180,yolo_x_cpu,1019
33181,yolo_x_cpu,979
33182,yolo_x_cpu,935
33183,yolo_x_cpu,923
33184,yolo_x_cpu,913
33185,yolo_x_cpu,915
33186,yolo_x_cpu,910
33187,yolo_x_cpu,916
33188,yolo_x_cpu,935
33189,yolo_x_cpu,988
33190,yolo_x_cpu,987
33191,yolo_x_cpu,927
33192,yolo_x_cpu,985
33193,yolo_x_cpu,1023
33194,yolo_x_cpu,973
33195,yolo_x_cpu,979
33196,yolo_x_cpu,976
33197,yolo_x_cpu,925
33198,yolo_x_cpu,975
33199,yolo_x_cpu,900
33200,yolo_x_cpu,958
33201,yolo_x_cpu,930
33202,yolo_x_cpu,950
33203,yolo_x_cpu,939
33204,yolo_x_cpu,987
33205,yolo_x_cpu,1009
33206,yolo_x_cpu,1006
33207,yolo_x_cpu,981
33208,yolo_x_cpu,1003
33209,yolo_x_cpu,1011
33210,yolo_x_cpu,952
33211,yolo_x_cpu,932
33212,yolo_x_cpu,997
33213,yolo_x_cpu,1013
33214,yolo_x_cpu,959
33215,yolo_x_cpu,1012
33216,yolo_x_cpu,1025
33217,yolo_x_cpu,1082
33218,yolo_x_cpu,1000
33219,yolo_x_cpu,975
33220,yolo_x_cpu,1057
33221,yolo_x_cpu,1092
33222,yolo_x_cpu,1113
33223,yolo_x_cpu,1163
33224,yolo_x_cpu,1126
33225,yolo_x_cpu,1055
33226,yolo_x_cpu,1052
33227,yolo_x_cpu,1085
33228,yolo_x_cpu,1081
33229,yolo_x_cpu,1070
33230,yolo_x_cpu,1133
33231,yolo_x_cpu,1107
33232,yolo_x_cpu,1055
33233,yolo_x_cpu,1058
33234,yolo_x_cpu,1011
33235,yolo_x_cpu,1116
33236,yolo_x_cpu,1095
33237,yolo_x_cpu,1115
33238,yolo_x_cpu,1165
33239,yolo_x_cpu,1103
33240,yolo_x_cpu,1257
33241,yolo_x_cpu,1292
33242,yolo_x_cpu,1274
33243,yolo_x_cpu,1246
33244,yolo_x_cpu,1167
33245,yolo_x_cpu,1164
33246,yolo_x_cpu,1173
33247,yolo_x_cpu,1156
33248,yolo_x_cpu,1123
33249,yolo_x_cpu,1121
33250,yolo_x_cpu,1110
33251,yolo_x_cpu,1108
33252,yolo_x_cpu,1159
33253,yolo_x_cpu,1150
33254,yolo_x_cpu,1121
33255,yolo_x_cpu,1098
33256,yolo_x_cpu,1085
33257,yolo_x_cpu,1110
33258,yolo_x_cpu,1066
33259,yolo_x_cpu,1075
33260,yolo_x_cpu,1062
33261,yolo_x_cpu,1042
33262,yolo_x_cpu,1073
33263,yolo_x_cpu,1058
33264,yolo_x_cpu,1071
33265,yolo_x_cpu,1111
33266,yolo_x_cpu,950
33267,yolo_x_cpu,1014
33268,yolo_x_cpu,988
33269,yolo_x_cpu,952
33270,yolo_x_cpu,935
33271,yolo_x_cpu,972
33272,yolo_x_cpu,963
33273,yolo_x_cpu,978
33274,yolo_x_cpu,1021
33275,yolo_x_cpu,952
33276,yolo_x_cpu,1032
33277,yolo_x_cpu,1024
33278,yolo_x_cpu,973
33279,yolo_x_cpu,967
33280,yolo_x_cpu,944
33281,yolo_x_cpu,1015
33282,yolo_x_cpu,1039
33283,yolo_x_cpu,1045
33284,yolo_x_cpu,992
33285,yolo_x_cpu,1047
33286,yolo_x_cpu,1093
33287,yolo_x_cpu,1110
33288,yolo_x_cpu,1093
33289,yolo_x_cpu,1025
33290,yolo_x_cpu,1056
33291,yolo_x_cpu,1051
33292,yolo_x_cpu,997
33293,yolo_x_cpu,978
33294,yolo_x_cpu,1014
33295,yolo_x_cpu,999
33296,yolo_x_cpu,1086
33297,yolo_x_cpu,1043
33298,yolo_x_cpu,1161
33299,yolo_x_cpu,1019
33300,yolo_x_cpu,1065
33301,yolo_x_cpu,1047
33302,yolo_x_cpu,1100
33303,yolo_x_cpu,1050
33304,yolo_x_cpu,1084
33305,yolo_x_cpu,1081
33306,yolo_x_cpu,1118
33307,yolo_x_cpu,1052
33308,yolo_x_cpu,1138
33309,yolo_x_cpu,1124
33310,yolo_x_cpu,1066
33311,yolo_x_cpu,1020
33312,yolo_x_cpu,1042
33313,yolo_x_cpu,1081
33314,yolo_x_cpu,1059
33315,yolo_x_cpu,1097
33316,yolo_x_cpu,1061
33317,yolo_x_cpu,1041
33318,yolo_x_cpu,1147
33319,yolo_x_cpu,1090
33320,yolo_x_cpu,1146
33321,yolo_x_cpu,1103
33322,yolo_x_cpu,1067
33323,yolo_x_cpu,1032
33324,yolo_x_cpu,1044
33325,yolo_x_cpu,1025
33326,yolo_x_cpu,1023
33327,yolo_x_cpu,1011
33328,yolo_x_cpu,960
33329,yolo_x_cpu,1036
33330,yolo_x_cpu,1109
33331,yolo_x_cpu,1029
33332,yolo_x_cpu,1150
33333,yolo_x_cpu,1099
33334,yolo_x_cpu,1107
33335,yolo_x_cpu,1071
33336,yolo_x_cpu,1037
33337,yolo_x_cpu,1050
33338,yolo_x_cpu,994
33339,yolo_x_cpu,1063
33340,yolo_x_cpu,1041
33341,yolo_x_cpu,1047
33342,yolo_x_cpu,1014
33343,yolo_x_cpu,1019
33344,yolo_x_cpu,1034
33345,yolo_x_cpu,1087
33346,yolo_x_cpu,1106
33347,yolo_x_cpu,1056
33348,yolo_x_cpu,1091
33349,yolo_x_cpu,1131
33350,yolo_x_cpu,1099
33351,yolo_x_cpu,1066
33352,yolo_x_cpu,1033
33353,yolo_x_cpu,1003
33354,yolo_x_cpu,971
33355,yolo_x_cpu,939
33356,yolo_x_cpu,1031
33357,yolo_x_cpu,973
33358,yolo_x_cpu,978
33359,yolo_x_cpu,988
33360,yolo_x_cpu,962
33361,yolo_x_cpu,929
33362,yolo_x_cpu,950
33363,yolo_x_cpu,924
33364,yolo_x_cpu,951
33365,yolo_x_cpu,927
33366,yolo_x_cpu,970
33367,yolo_x_cpu,947
33368,yolo_x_cpu,965
33369,yolo_x_cpu,896
33370,yolo_x_cpu,901
33371,yolo_x_cpu,938
33372,yolo_x_cpu,955
33373,yolo_x_cpu,937
33374,yolo_x_cpu,896
33375,yolo_x_cpu,895
33376,yolo_x_cpu,930
33377,yolo_x_cpu,880
33378,yolo_x_cpu,845
33379,yolo_x_cpu,846
33380,yolo_x_cpu,863
33381,yolo_x_cpu,933
33382,yolo_x_cpu,922
33383,yolo_x_cpu,916
33384,yolo_x_cpu,895
33385,yolo_x_cpu,989
33386,yolo_x_cpu,929
33387,yolo_x_cpu,897
33388,yolo_x_cpu,878
33389,yolo_x_cpu,825
33390,yolo_x_cpu,798
33391,yolo_x_cpu,814
33392,yolo_x_cpu,871
33393,yolo_x_cpu,850
33394,yolo_x_cpu,893
33395,yolo_x_cpu,883
33396,yolo_x_cpu,937
33397,yolo_x_cpu,947
33398,yolo_x_cpu,1001
33399,yolo_x_cpu,959
33400,yolo_x_cpu,1001
33401,yolo_x_cpu,985
33402,yolo_x_cpu,1010
33403,yolo_x_cpu,977
33404,yolo_x_cpu,1008
33405,yolo_x_cpu,945
33406,yolo_x_cpu,913
33407,yolo_x_cpu,945
33408,yolo_x_cpu,896
33409,yolo_x_cpu,968
33410,yolo_x_cpu,976
33411,yolo_x_cpu,1090
33412,yolo_x_cpu,1037
33413,yolo_x_cpu,1061
33414,yolo_x_cpu,1067
33415,yolo_x_cpu,1091
33416,yolo_x_cpu,1054
33417,yolo_x_cpu,999
33418,yolo_x_cpu,1131
33419,yolo_x_cpu,1049
33420,yolo_x_cpu,1084
33421,yolo_x_cpu,999
33422,yolo_x_cpu,1050
33423,yolo_x_cpu,1047
33424,yolo_x_cpu,1064
33425,yolo_x_cpu,1037
33426,yolo_x_cpu,1079
33427,yolo_x_cpu,1119
33428,yolo_x_cpu,1069
33429,yolo_x_cpu,1015
33430,yolo_x_cpu,1127
33431,yolo_x_cpu,1110
33432,yolo_x_cpu,1132
33433,yolo_x_cpu,1137
33434,yolo_x_cpu,1167
33435,yolo_x_cpu,1158
33436,yolo_x_cpu,1127
33437,yolo_x_cpu,1111
33438,yolo_x_cpu,1162
33439,yolo_x_cpu,1150
33440,yolo_x_cpu,1175
33441,yolo_x_cpu,1221
33442,yolo_x_cpu,1217
33443,yolo_x_cpu,1171
33444,yolo_x_cpu,1153
33445,yolo_x_cpu,1219
33446,yolo_x_cpu,1323
33447,yolo_x_cpu,1289
33448,yolo_x_cpu,1172
33449,yolo_x_cpu,1219
33450,yolo_x_cpu,1209
33451,yolo_x_cpu,1167
33452,yolo_x_cpu,1234
33453,yolo_x_cpu,1227
33454,yolo_x_cpu,1227
33455,yolo_x_cpu,1213
33456,yolo_x_cpu,1289
33457,yolo_x_cpu,1253
33458,yolo_x_cpu,1320
33459,yolo_x_cpu,1300
33460,yolo_x_cpu,1299
33461,yolo_x_cpu,1246
33462,yolo_x_cpu,1223
33463,yolo_x_cpu,1177
33464,yolo_x_cpu,1168
33465,yolo_x_cpu,1178
33466,yolo_x_cpu,1150
33467,yolo_x_cpu,1172
33468,yolo_x_cpu,1221
33469,yolo_x_cpu,1249
33470,yolo_x_cpu,1172
33471,yolo_x_cpu,1213
33472,yolo_x_cpu,1214
33473,yolo_x_cpu,1267
33474,yolo_x_cpu,1225
33475,yolo_x_cpu,1271
33476,yolo_x_cpu,1296
33477,yolo_x_cpu,1291
33478,yolo_x_cpu,1271
33479,yolo_x_cpu,1262
33480,yolo_x_cpu,1265
33481,yolo_x_cpu,1185
33482,yolo_x_cpu,1171
33483,yolo_x_cpu,1252
33484,yolo_x_cpu,1271
33485,yolo_x_cpu,1182
33486,yolo_x_cpu,1248
33487,yolo_x_cpu,1140
33488,yolo_x_cpu,1221
33489,yolo_x_cpu,1261
33490,yolo_x_cpu,1181
33491,yolo_x_cpu,1198
33492,yolo_x_cpu,1169
33493,yolo_x_cpu,1224
33494,yolo_x_cpu,1205
33495,yolo_x_cpu,1234
33496,yolo_x_cpu,1335
33497,yolo_x_cpu,1371
33498,yolo_x_cpu,1281
33499,yolo_x_cpu,1251
33500,yolo_x_cpu,1264
33501,yolo_x_cpu,1280
33502,yolo_x_cpu,1215
33503,yolo_x_cpu,1301
33504,yolo_x_cpu,1327
33505,yolo_x_cpu,1304
33506,yolo_x_cpu,1321
33507,yolo_x_cpu,1366
33508,yolo_x_cpu,1308
33509,yolo_x_cpu,1336
33510,yolo_x_cpu,1366
33511,yolo_x_cpu,1354
33512,yolo_x_cpu,1332
33513,yolo_x_cpu,1323
33514,yolo_x_cpu,1289
33515,yolo_x_cpu,1299
33516,yolo_x_cpu,1290
33517,yolo_x_cpu,1319
33518,yolo_x_cpu,1230
33519,yolo_x_cpu,1269
33520,yolo_x_cpu,1307
33521,yolo_x_cpu,1311
33522,yolo_x_cpu,1363
33523,yolo_x_cpu,1300
33524,yolo_x_cpu,1261
33525,yolo_x_cpu,1235
33526,yolo_x_cpu,1138
33527,yolo_x_cpu,1171
33528,yolo_x_cpu,1139
33529,yolo_x_cpu,1160
33530,yolo_x_cpu,1187
33531,yolo_x_cpu,1138
33532,yolo_x_cpu,1136
33533,yolo_x_cpu,1147
33534,yolo_x_cpu,1128
33535,yolo_x_cpu,1078
33536,yolo_x_cpu,1132
33537,yolo_x_cpu,1093
33538,yolo_x_cpu,1195
33539,yolo_x_cpu,1200
33540,yolo_x_cpu,1164
33541,yolo_x_cpu,1188
33542,yolo_x_cpu,1235
33543,yolo_x_cpu,1238
33544,yolo_x_cpu,1165
33545,yolo_x_cpu,1174
33546,yolo_x_cpu,1152
33547,yolo_x_cpu,1188
33548,yolo_x_cpu,1184
33549,yolo_x_cpu,1197
33550,yolo_x_cpu,1164
33551,yolo_x_cpu,1180
33552,yolo_x_cpu,1185
33553,yolo_x_cpu,1208
33554,yolo_x_cpu,1178
33555,yolo_x_cpu,1072
33556,yolo_x_cpu,1109
33557,yolo_x_cpu,1112
33558,yolo_x_cpu,1117
33559,yolo_x_cpu,1158
33560,yolo_x_cpu,1105
33561,yolo_x_cpu,1104
33562,yolo_x_cpu,1184
33563,yolo_x_cpu,1174
33564,yolo_x_cpu,1150
33565,yolo_x_cpu,1185
33566,yolo_x_cpu,1072
33567,yolo_x_cpu,1155
33568,yolo_x_cpu,1179
33569,yolo_x_cpu,1138
33570,yolo_x_cpu,1166
33571,yolo_x_cpu,1154
33572,yolo_x_cpu,1171
33573,yolo_x_cpu,1239
33574,yolo_x_cpu,1266
33575,yolo_x_cpu,1256
33576,yolo_x_cpu,1317
33577,yolo_x_cpu,1311
33578,yolo_x_cpu,1286
33579,yolo_x_cpu,1228
33580,yolo_x_cpu,1260
33581,yolo_x_cpu,1294
33582,yolo_x_cpu,1302
33583,yolo_x_cpu,1297
33584,yolo_x_cpu,1291
33585,yolo_x_cpu,1239
33586,yolo_x_cpu,1200
33587,yolo_x_cpu,1197
33588,yolo_x_cpu,1280
33589,yolo_x_cpu,1272
33590,yolo_x_cpu,1209
33591,yolo_x_cpu,1176
33592,yolo_x_cpu,1276
33593,yolo_x_cpu,1374
33594,yolo_x_cpu,1321
33595,yolo_x_cpu,1271
33596,yolo_x_cpu,1258
33597,yolo_x_cpu,1240
33598,yolo_x_cpu,1362
33599,yolo_x_cpu,1307
33600,yolo_x_cpu,1331
33601,yolo_x_cpu,1347
33602,yolo_x_cpu,1417
33603,yolo_x_cpu,1414
33604,yolo_x_cpu,1374
33605,yolo_x_cpu,1318
33606,yolo_x_cpu,1306
33607,yolo_x_cpu,1348
33608,yolo_x_cpu,1353
33609,yolo_x_cpu,1353
33610,yolo_x_cpu,1360
33611,yolo_x_cpu,1280
33612,yolo_x_cpu,1277
33613,yolo_x_cpu,1234
33614,yolo_x_cpu,1133
33615,yolo_x_cpu,1223
33616,yolo_x_cpu,1226
33617,yolo_x_cpu,1228
33618,yolo_x_cpu,1278
33619,yolo_x_cpu,1303
33620,yolo_x_cpu,1311
33621,yolo_x_cpu,1204
33622,yolo_x_cpu,1270
33623,yolo_x_cpu,1259
33624,yolo_x_cpu,1242
33625,yolo_x_cpu,1253
33626,yolo_x_cpu,1273
33627,yolo_x_cpu,1198
33628,yolo_x_cpu,1184
33629,yolo_x_cpu,1235
33630,yolo_x_cpu,1226
33631,yolo_x_cpu,1337
33632,yolo_x_cpu,1390
33633,yolo_x_cpu,1338
33634,yolo_x_cpu,1273
33635,yolo_x_cpu,1284
33636,yolo_x_cpu,1262
33637,yolo_x_cpu,1266
33638,yolo_x_cpu,1262
33639,yolo_x_cpu,1289
33640,yolo_x_cpu,1212
33641,yolo_x_cpu,1288
33642,yolo_x_cpu,1313
33643,yolo_x_cpu,1420
33644,yolo_x_cpu,1439
33645,yolo_x_cpu,1324
33646,yolo_x_cpu,1361
33647,yolo_x_cpu,1274
33648,yolo_x_cpu,1226
33649,yolo_x_cpu,1239
33650,yolo_x_cpu,1218
33651,yolo_x_cpu,1228
33652,yolo_x_cpu,1207
33653,yolo_x_cpu,1227
33654,yolo_x_cpu,1268
33655,yolo_x_cpu,1238
33656,yolo_x_cpu,1271
33657,yolo_x_cpu,1296
33658,yolo_x_cpu,1256
33659,yolo_x_cpu,1326
33660,yolo_x_cpu,1271
33661,yolo_x_cpu,1301
33662,yolo_x_cpu,1265
33663,yolo_x_cpu,1276
33664,yolo_x_cpu,1304
33665,yolo_x_cpu,1325
33666,yolo_x_cpu,1349
33667,yolo_x_cpu,1315
33668,yolo_x_cpu,1335
33669,yolo_x_cpu,1311
33670,yolo_x_cpu,1318
33671,yolo_x_cpu,1332
33672,yolo_x_cpu,1293
33673,yolo_x_cpu,1333
33674,yolo_x_cpu,1415
33675,yolo_x_cpu,1418
33676,yolo_x_cpu,1389
33677,yolo_x_cpu,1386
33678,yolo_x_cpu,1360
33679,yolo_x_cpu,1318
33680,yolo_x_cpu,1439
33681,yolo_x_cpu,1394
33682,yolo_x_cpu,1481
33683,yolo_x_cpu,1391
33684,yolo_x_cpu,1332
33685,yolo_x_cpu,1369
33686,yolo_x_cpu,1313
33687,yolo_x_cpu,1301
33688,yolo_x_cpu,1349
33689,yolo_x_cpu,1327
33690,yolo_x_cpu,1332
33691,yolo_x_cpu,1336
33692,yolo_x_cpu,1391
33693,yolo_x_cpu,1402
33694,yolo_x_cpu,1387
33695,yolo_x_cpu,1446
33696,yolo_x_cpu,1425
33697,yolo_x_cpu,1492
33698,yolo_x_cpu,1489
33699,yolo_x_cpu,1525
33700,yolo_x_cpu,1550
33701,yolo_x_cpu,1507
33702,yolo_x_cpu,1520
33703,yolo_x_cpu,1525
33704,yolo_x_cpu,1539
33705,yolo_x_cpu,1538
33706,yolo_x_cpu,1465
33707,yolo_x_cpu,1514
33708,yolo_x_cpu,1458
33709,yolo_x_cpu,1412
33710,yolo_x_cpu,1457
33711,yolo_x_cpu,1489
33712,yolo_x_cpu,1466
33713,yolo_x_cpu,1425
33714,yolo_x_cpu,1441
33715,yolo_x_cpu,1406
33716,yolo_x_cpu,1387
33717,yolo_x_cpu,1365
33718,yolo_x_cpu,1355
33719,yolo_x_cpu,1416
33720,yolo_x_cpu,1354
33721,yolo_x_cpu,1371
33722,yolo_x_cpu,1293
33723,yolo_x_cpu,1319
33724,yolo_x_cpu,1329
33725,yolo_x_cpu,1332
33726,yolo_x_cpu,1339
33727,yolo_x_cpu,1340
33728,yolo_x_cpu,1359
33729,yolo_x_cpu,1261
33730,yolo_x_cpu,1283
33731,yolo_x_cpu,1273
33732,yolo_x_cpu,1231
33733,yolo_x_cpu,1272
33734,yolo_x_cpu,1269
33735,yolo_x_cpu,1279
33736,yolo_x_cpu,1237
33737,yolo_x_cpu,1235
33738,yolo_x_cpu,1271
33739,yolo_x_cpu,1251
33740,yolo_x_cpu,1266
33741,yolo_x_cpu,1216
33742,yolo_x_cpu,1185
33743,yolo_x_cpu,1128
33744,yolo_x_cpu,1082
33745,yolo_x_cpu,1099
33746,yolo_x_cpu,1119
33747,yolo_x_cpu,1134
33748,yolo_x_cpu,1121
33749,yolo_x_cpu,1135
33750,yolo_x_cpu,1153
33751,yolo_x_cpu,1142
33752,yolo_x_cpu,1103
33753,yolo_x_cpu,1130
33754,yolo_x_cpu,1126
33755,yolo_x_cpu,1086
33756,yolo_x_cpu,1072
33757,yolo_x_cpu,1068
33758,yolo_x_cpu,1127
33759,yolo_x_cpu,1154
33760,yolo_x_cpu,1127
33761,yolo_x_cpu,1138
33762,yolo_x_cpu,1113
33763,yolo_x_cpu,1089
33764,yolo_x_cpu,1143
33765,yolo_x_cpu,1134
33766,yolo_x_cpu,1092
33767,yolo_x_cpu,974
33768,yolo_x_cpu,986
33769,yolo_x_cpu,1007
33770,yolo_x_cpu,869
33771,yolo_x_cpu,870
33772,yolo_x_cpu,872
33773,yolo_x_cpu,919
33774,yolo_x_cpu,938
33775,yolo_x_cpu,879
33776,yolo_x_cpu,972
33777,yolo_x_cpu,923
33778,yolo_x_cpu,974
33779,yolo_x_cpu,939
33780,yolo_x_cpu,897
33781,yolo_x_cpu,912
33782,yolo_x_cpu,825
33783,yolo_x_cpu,878
33784,yolo_x_cpu,884
33785,yolo_x_cpu,885
33786,yolo_x_cpu,866
33787,yolo_x_cpu,894
33788,yolo_x_cpu,907
33789,yolo_x_cpu,920
33790,yolo_x_cpu,891
33791,yolo_x_cpu,911
33792,yolo_x_cpu,861
33793,yolo_x_cpu,864
33794,yolo_x_cpu,829
33795,yolo_x_cpu,809
33796,yolo_x_cpu,825
33797,yolo_x_cpu,759
33798,yolo_x_cpu,811
33799,yolo_x_cpu,839
33800,yolo_x_cpu,868
33801,yolo_x_cpu,791
33802,yolo_x_cpu,741
33803,yolo_x_cpu,763
33804,yolo_x_cpu,747
33805,yolo_x_cpu,802
33806,yolo_x_cpu,762
33807,yolo_x_cpu,825
33808,yolo_x_cpu,811
33809,yolo_x_cpu,778
33810,yolo_x_cpu,796
33811,yolo_x_cpu,767
33812,yolo_x_cpu,747
33813,yolo_x_cpu,768
33814,yolo_x_cpu,790
33815,yolo_x_cpu,757
33816,yolo_x_cpu,756
33817,yolo_x_cpu,776
33818,yolo_x_cpu,810
33819,yolo_x_cpu,801
33820,yolo_x_cpu,831
33821,yolo_x_cpu,817
33822,yolo_x_cpu,773
33823,yolo_x_cpu,798
33824,yolo_x_cpu,838
33825,yolo_x_cpu,784
33826,yolo_x_cpu,793
33827,yolo_x_cpu,865
33828,yolo_x_cpu,879
33829,yolo_x_cpu,861
33830,yolo_x_cpu,883
33831,yolo_x_cpu,834
33832,yolo_x_cpu,845
33833,yolo_x_cpu,850
33834,yolo_x_cpu,784
33835,yolo_x_cpu,809
33836,yolo_x_cpu,758
33837,yolo_x_cpu,759
33838,yolo_x_cpu,729
33839,yolo_x_cpu,762
33840,yolo_x_cpu,944
33841,yolo_x_cpu,784
33842,yolo_x_cpu,796
33843,yolo_x_cpu,795
33844,yolo_x_cpu,772
33845,yolo_x_cpu,804
33846,yolo_x_cpu,756
33847,yolo_x_cpu,828
33848,yolo_x_cpu,816
33849,yolo_x_cpu,819
33850,yolo_x_cpu,848
33851,yolo_x_cpu,843
33852,yolo_x_cpu,829
33853,yolo_x_cpu,727
33854,yolo_x_cpu,760
33855,yolo_x_cpu,757
33856,yolo_x_cpu,747
33857,yolo_x_cpu,814
33858,yolo_x_cpu,766
33859,yolo_x_cpu,773
33860,yolo_x_cpu,720
33861,yolo_x_cpu,807
33862,yolo_x_cpu,760
33863,yolo_x_cpu,739
33864,yolo_x_cpu,752
33865,yolo_x_cpu,749
33866,yolo_x_cpu,732
33867,yolo_x_cpu,776
33868,yolo_x_cpu,746
33869,yolo_x_cpu,700
33870,yolo_x_cpu,788
33871,yolo_x_cpu,658
33872,yolo_x_cpu,714
33873,yolo_x_cpu,732
33874,yolo_x_cpu,709
33875,yolo_x_cpu,729
33876,yolo_x_cpu,763
33877,yolo_x_cpu,773
33878,yolo_x_cpu,777
33879,yolo_x_cpu,788
33880,yolo_x_cpu,767
33881,yolo_x_cpu,812
33882,yolo_x_cpu,815
33883,yolo_x_cpu,762
33884,yolo_x_cpu,696
33885,yolo_x_cpu,755
33886,yolo_x_cpu,731
33887,yolo_x_cpu,684
33888,yolo_x_cpu,662
33889,yolo_x_cpu,698
33890,yolo_x_cpu,714
33891,yolo_x_cpu,707
33892,yolo_x_cpu,682
33893,yolo_x_cpu,714
33894,yolo_x_cpu,705
33895,yolo_x_cpu,679
33896,yolo_x_cpu,626
33897,yolo_x_cpu,593
33898,yolo_x_cpu,592
33899,yolo_x_cpu,538
33900,yolo_x_cpu,533
33901,yolo_x_cpu,636
33902,yolo_x_cpu,505
33903,yolo_x_cpu,582
33904,yolo_x_cpu,574
33905,yolo_x_cpu,591
33906,yolo_x_cpu,558
33907,yolo_x_cpu,631
33908,yolo_x_cpu,622
33909,yolo_x_cpu,622
33910,yolo_x_cpu,592
33911,yolo_x_cpu,606
33912,yolo_x_cpu,615
33913,yolo_x_cpu,603
33914,yolo_x_cpu,578
33915,yolo_x_cpu,539
33916,yolo_x_cpu,580
33917,yolo_x_cpu,597
33918,yolo_x_cpu,550
33919,yolo_x_cpu,609
33920,yolo_x_cpu,636
33921,yolo_x_cpu,667
33922,yolo_x_cpu,600
33923,yolo_x_cpu,626
33924,yolo_x_cpu,649
33925,yolo_x_cpu,644
33926,yolo_x_cpu,678
33927,yolo_x_cpu,710
33928,yolo_x_cpu,643
33929,yolo_x_cpu,681
33930,yolo_x_cpu,670
33931,yolo_x_cpu,670
33932,yolo_x_cpu,650
33933,yolo_x_cpu,639
33934,yolo_x_cpu,595
33935,yolo_x_cpu,601
33936,yolo_x_cpu,580
33937,yolo_x_cpu,662
33938,yolo_x_cpu,617
33939,yolo_x_cpu,618
33940,yolo_x_cpu,498
33941,yolo_x_cpu,619
33942,yolo_x_cpu,583
33943,yolo_x_cpu,604
33944,yolo_x_cpu,571
33945,yolo_x_cpu,544
33946,yolo_x_cpu,530
33947,yolo_x_cpu,502
33948,yolo_x_cpu,455
33949,yolo_x_cpu,520
33950,yolo_x_cpu,573
33951,yolo_x_cpu,469
33952,yolo_x_cpu,439
33953,yolo_x_cpu,416
33954,yolo_x_cpu,505
33955,yolo_x_cpu,449
33956,yolo_x_cpu,393
33957,yolo_x_cpu,505
33958,yolo_x_cpu,436
33959,yolo_x_cpu,404
33960,yolo_x_cpu,384
33961,yolo_x_cpu,433
33962,yolo_x_cpu,427
33963,yolo_x_cpu,383
33964,yolo_x_cpu,401
33965,yolo_x_cpu,375
33966,yolo_x_cpu,384
33967,yolo_x_cpu,339
33968,yolo_x_cpu,391
33969,yolo_x_cpu,422
33970,yolo_x_cpu,432
33971,yolo_x_cpu,409
33972,yolo_x_cpu,469
33973,yolo_x_cpu,380
33974,yolo_x_cpu,434
33975,yolo_x_cpu,417
33976,yolo_x_cpu,425
33977,yolo_x_cpu,400
33978,yolo_x_cpu,450
33979,yolo_x_cpu,454
33980,yolo_x_cpu,468
33981,yolo_x_cpu,467
33982,yolo_x_cpu,450
33983,yolo_x_cpu,452
33984,yolo_x_cpu,464
33985,yolo_x_cpu,408
33986,yolo_x_cpu,400
33987,yolo_x_cpu,402
33988,yolo_x_cpu,402
33989,yolo_x_cpu,379
33990,yolo_x_cpu,404
33991,yolo_x_cpu,340
33992,yolo_x_cpu,331
33993,yolo_x_cpu,330
33994,yolo_x_cpu,323
33995,yolo_x_cpu,323
33996,yolo_x_cpu,382
33997,yolo_x_cpu,377
33998,yolo_x_cpu,366
33999,yolo_x_cpu,388
34000,yolo_x_cpu,344
34001,yolo_x_cpu,353
34002,yolo_x_cpu,358
34003,yolo_x_cpu,362
34004,yolo_x_cpu,381
34005,yolo_x_cpu,368
34006,yolo_x_cpu,340
34007,yolo_x_cpu,372
34008,yolo_x_cpu,394
34009,yolo_x_cpu,362
34010,yolo_x_cpu,335
34011,yolo_x_cpu,353
34012,yolo_x_cpu,330
34013,yolo_x_cpu,376
34014,yolo_x_cpu,347
34015,yolo_x_cpu,347
34016,yolo_x_cpu,305
34017,yolo_x_cpu,384
34018,yolo_x_cpu,389
34019,yolo_x_cpu,354
34020,yolo_x_cpu,307
34021,yolo_x_cpu,268
34022,yolo_x_cpu,315
34023,yolo_x_cpu,303
34024,yolo_x_cpu,327
34025,yolo_x_cpu,282
34026,yolo_x_cpu,346
34027,yolo_x_cpu,363
34028,yolo_x_cpu,354
34029,yolo_x_cpu,311
34030,yolo_x_cpu,297
34031,yolo_x_cpu,298
34032,yolo_x_cpu,311
34033,yolo_x_cpu,363
34034,yolo_x_cpu,353
34035,yolo_x_cpu,366
34036,yolo_x_cpu,318
34037,yolo_x_cpu,291
34038,yolo_x_cpu,289
34039,yolo_x_cpu,318
34040,yolo_x_cpu,347
34041,yolo_x_cpu,310
34042,yolo_x_cpu,286
34043,yolo_x_cpu,278
34044,yolo_x_cpu,279
34045,yolo_x_cpu,237
34046,yolo_x_cpu,232
34047,yolo_x_cpu,279
34048,yolo_x_cpu,290
34049,yolo_x_cpu,248
34050,yolo_x_cpu,239
34051,yolo_x_cpu,252
34052,yolo_x_cpu,216
34053,yolo_x_cpu,188
34054,yolo_x_cpu,196
34055,yolo_x_cpu,188
34056,yolo_x_cpu,193
34057,yolo_x_cpu,171
34058,yolo_x_cpu,185
34059,yolo_x_cpu,201
34060,yolo_x_cpu,209
34061,yolo_x_cpu,203
34062,yolo_x_cpu,203
34063,yolo_x_cpu,212
34064,yolo_x_cpu,197
34065,yolo_x_cpu,227
34066,yolo_x_cpu,191
34067,yolo_x_cpu,197
34068,yolo_x_cpu,204
34069,yolo_x_cpu,207
34070,yolo_x_cpu,210
34071,yolo_x_cpu,225
34072,yolo_x_cpu,224
34073,yolo_x_cpu,201
34074,yolo_x_cpu,173
34075,yolo_x_cpu,170
34076,yolo_x_cpu,189
34077,yolo_x_cpu,154
34078,yolo_x_cpu,157
34079,yolo_x_cpu,150
34080,yolo_x_cpu,155
34081,yolo_x_cpu,155
34082,yolo_x_cpu,153
34083,yolo_x_cpu,149
34084,yolo_x_cpu,151
34085,yolo_x_cpu,135
34086,yolo_x_cpu,177
34087,yolo_x_cpu,143
34088,yolo_x_cpu,147
34089,yolo_x_cpu,142
34090,yolo_x_cpu,178
34091,yolo_x_cpu,186
34092,yolo_x_cpu,175
34093,yolo_x_cpu,155
34094,yolo_x_cpu,181
34095,yolo_x_cpu,196
34096,yolo_x_cpu,188
34097,yolo_x_cpu,200
34098,yolo_x_cpu,188
34099,yolo_x_cpu,160
34100,yolo_x_cpu,152
34101,yolo_x_cpu,147
34102,yolo_x_cpu,161
34103,yolo_x_cpu,191
34104,yolo_x_cpu,167
34105,yolo_x_cpu,149
34106,yolo_x_cpu,142
34107,yolo_x_cpu,111
34108,yolo_x_cpu,132
34109,yolo_x_cpu,157
34110,yolo_x_cpu,125
34111,yolo_x_cpu,111
34112,yolo_x_cpu,142
34113,yolo_x_cpu,151
34114,yolo_x_cpu,114
34115,yolo_x_cpu,100
34116,yolo_x_cpu,132
34117,yolo_x_cpu,121
34118,yolo_x_cpu,140
34119,yolo_x_cpu,149
34120,yolo_x_cpu,129
34121,yolo_x_cpu,124
34122,yolo_x_cpu,110
34123,yolo_x_cpu,108
34124,yolo_x_cpu,101
34125,yolo_x_cpu,96
34126,yolo_x_cpu,111
34127,yolo_x_cpu,120
34128,yolo_x_cpu,148
34129,yolo_x_cpu,163
34130,yolo_x_cpu,140
34131,yolo_x_cpu,117
34132,yolo_x_cpu,113
34133,yolo_x_cpu,115
34134,yolo_x_cpu,123
34135,yolo_x_cpu,154
34136,yolo_x_cpu,159
34137,yolo_x_cpu,176
34138,yolo_x_cpu,150
34139,yolo_x_cpu,125
34140,yolo_x_cpu,129
34141,yolo_x_cpu,127
34142,yolo_x_cpu,118
34143,yolo_x_cpu,111
34144,yolo_x_cpu,134
34145,yolo_x_cpu,145
34146,yolo_x_cpu,107
34147,yolo_x_cpu,92
34148,yolo_x_cpu,112
34149,yolo_x_cpu,111
34150,yolo_x_cpu,98
34151,yolo_x_cpu,109
34152,yolo_x_cpu,88
34153,yolo_x_cpu,101
34154,yolo_x_cpu,101
34155,yolo_x_cpu,79
34156,yolo_x_cpu,87
34157,yolo_x_cpu,74
34158,yolo_x_cpu,101
34159,yolo_x_cpu,110
34160,yolo_x_cpu,93
34161,yolo_x_cpu,87
34162,yolo_x_cpu,86
34163,yolo_x_cpu,81
34164,yolo_x_cpu,74
34165,yolo_x_cpu,64
34166,yolo_x_cpu,105
34167,yolo_x_cpu,105
34168,yolo_x_cpu,93
34169,yolo_x_cpu,91
34170,yolo_x_cpu,78
34171,yolo_x_cpu,69
34172,yolo_x_cpu,65
34173,yolo_x_cpu,60
34174,yolo_x_cpu,59
34175,yolo_x_cpu,78
34176,yolo_x_cpu,92
34177,yolo_x_cpu,85
34178,yolo_x_cpu,82
34179,yolo_x_cpu,69
34180,yolo_x_cpu,69
34181,yolo_x_cpu,56
34182,yolo_x_cpu,64
34183,yolo_x_cpu,48
34184,yolo_x_cpu,81
34185,yolo_x_cpu,58
34186,yolo_x_cpu,57
34187,yolo_x_cpu,66
34188,yolo_x_cpu,53
34189,yolo_x_cpu,69
34190,yolo_x_cpu,62
34191,yolo_x_cpu,39
34192,yolo_x_cpu,35
34193,yolo_x_cpu,42
34194,yolo_x_cpu,54
34195,yolo_x_cpu,45
34196,yolo_x_cpu,56
34197,yolo_x_cpu,61
34198,yolo_x_cpu,75
34199,yolo_x_cpu,80
34200,yolo_x_cpu,68
34201,yolo_x_cpu,64
34202,yolo_x_cpu,60
34203,yolo_x_cpu,59
34204,yolo_x_cpu,57
34205,yolo_x_cpu,60
34206,yolo_x_cpu,65
34207,yolo_x_cpu,77
34208,yolo_x_cpu,79
34209,yolo_x_cpu,61
34210,yolo_x_cpu,65
34211,yolo_x_cpu,63
34212,yolo_x_cpu,48
34213,yolo_x_cpu,65
34214,yolo_x_cpu,56
34215,yolo_x_cpu,53
34216,yolo_x_cpu,44
34217,yolo_x_cpu,25
34218,yolo_x_cpu,55
34219,yolo_x_cpu,53
34220,yolo_x_cpu,50
34221,yolo_x_cpu,47
34222,yolo_x_cpu,51
34223,yolo_x_cpu,62
34224,yolo_x_cpu,56
34225,yolo_x_cpu,64
34226,yolo_x_cpu,44
34227,yolo_x_cpu,44
34228,yolo_x_cpu,39
34229,yolo_x_cpu,41
34230,yolo_x_cpu,37
34231,yolo_x_cpu,37
34232,yolo_x_cpu,30
34233,yolo_x_cpu,33
34234,yolo_x_cpu,40
34235,yolo_x_cpu,43
34236,yolo_x_cpu,41
34237,yolo_x_cpu,33
34238,yolo_x_cpu,29
34239,yolo_x_cpu,32
34240,yolo_x_cpu,32
34241,yolo_x_cpu,31
34242,yolo_x_cpu,31
34243,yolo_x_cpu,40
34244,yolo_x_cpu,33
34245,yolo_x_cpu,30
34246,yolo_x_cpu,31
34247,yolo_x_cpu,21
34248,yolo_x_cpu,26
34249,yolo_x_cpu,30
34250,yolo_x_cpu,37
34251,yolo_x_cpu,24
34252,yolo_x_cpu,39
34253,yolo_x_cpu,46
34254,yolo_x_cpu,36
34255,yolo_x_cpu,33
34256,yolo_x_cpu,40
34257,yolo_x_cpu,28
34258,yolo_x_cpu,28
34259,yolo_x_cpu,37
34260,yolo_x_cpu,70
34261,yolo_x_cpu,1841
34262,yolo_x_cpu,1952
34263,yolo_x_cpu,1427
34264,yolo_x_cpu,361
34265,yolo_x_cpu,332
34266,yolo_x_cpu,323
34267,yolo_x_cpu,273
34268,yolo_x_cpu,213
34269,yolo_x_cpu,194
34270,yolo_x_cpu,205
34271,yolo_x_cpu,224
34272,yolo_x_cpu,268
34273,yolo_x_cpu,258
34274,yolo_x_cpu,224
34275,yolo_x_cpu,204
34276,yolo_x_cpu,187
34277,yolo_x_cpu,152
34278,yolo_x_cpu,162
34279,yolo_x_cpu,162
34280,yolo_x_cpu,106
34281,yolo_x_cpu,86
34282,yolo_x_cpu,101
34283,yolo_x_cpu,100
34284,yolo_x_cpu,122
34285,yolo_x_cpu,90
34286,yolo_x_cpu,78
34287,yolo_x_cpu,77
34288,yolo_x_cpu,64
34289,yolo_x_cpu,55
34290,yolo_x_cpu,52
34291,yolo_x_cpu,63
34292,yolo_x_cpu,75
34293,yolo_x_cpu,75
34294,yolo_x_cpu,78
34295,yolo_x_cpu,75
34296,yolo_x_cpu,85
34297,yolo_x_cpu,113
34298,yolo_x_cpu,85
34299,yolo_x_cpu,87
34300,yolo_x_cpu,115
34301,yolo_x_cpu,91
34302,yolo_x_cpu,80
34303,yolo_x_cpu,86
34304,yolo_x_cpu,80
34305,yolo_x_cpu,61
34306,yolo_x_cpu,49
34307,yolo_x_cpu,49
34308,yolo_x_cpu,46
34309,yolo_x_cpu,63
34310,yolo_x_cpu,52
34311,yolo_x_cpu,64
34312,yolo_x_cpu,64
34313,yolo_x_cpu,58
34314,yolo_x_cpu,80
34315,yolo_x_cpu,69
34316,yolo_x_cpu,58
34317,yolo_x_cpu,60
34318,yolo_x_cpu,54
34319,yolo_x_cpu,62
34320,yolo_x_cpu,45
34321,yolo_x_cpu,51
34322,yolo_x_cpu,52
34323,yolo_x_cpu,52
34324,yolo_x_cpu,44
34325,yolo_x_cpu,48
34326,yolo_x_cpu,59
34327,yolo_x_cpu,78
34328,yolo_x_cpu,84
34329,yolo_x_cpu,102
34330,yolo_x_cpu,89
34331,yolo_x_cpu,93
34332,yolo_x_cpu,86
34333,yolo_x_cpu,77
34334,yolo_x_cpu,55
34335,yolo_x_cpu,50
34336,yolo_x_cpu,52
34337,yolo_x_cpu,42
34338,yolo_x_cpu,50
34339,yolo_x_cpu,64
34340,yolo_x_cpu,77
34341,yolo_x_cpu,51
34342,yolo_x_cpu,40
34343,yolo_x_cpu,33
34344,yolo_x_cpu,68
34345,yolo_x_cpu,46
34346,yolo_x_cpu,32
34347,yolo_x_cpu,31
34348,yolo_x_cpu,32
34349,yolo_x_cpu,34
34350,yolo_x_cpu,27
34351,yolo_x_cpu,28
34352,yolo_x_cpu,20
34353,yolo_x_cpu,28
34354,yolo_x_cpu,32
34355,yolo_x_cpu,28
34356,yolo_x_cpu,42
34357,yolo_x_cpu,52
34358,yolo_x_cpu,52
34359,yolo_x_cpu,45
34360,yolo_x_cpu,41
34361,yolo_x_cpu,64
34362,yolo_x_cpu,52
34363,yolo_x_cpu,33
34364,yolo_x_cpu,48
34365,yolo_x_cpu,49
34366,yolo_x_cpu,55
34367,yolo_x_cpu,55
34368,yolo_x_cpu,42
34369,yolo_x_cpu,38
34370,yolo_x_cpu,47
34371,yolo_x_cpu,44
34372,yolo_x_cpu,45
34373,yolo_x_cpu,43
34374,yolo_x_cpu,52
34375,yolo_x_cpu,46
34376,yolo_x_cpu,24
34377,yolo_x_cpu,16
34378,yolo_x_cpu,16
34379,yolo_x_cpu,11
34380,yolo_x_cpu,11
34381,yolo_x_cpu,15
34382,yolo_x_cpu,20
34383,yolo_x_cpu,22
34384,yolo_x_cpu,21
34385,yolo_x_cpu,30
34386,yolo_x_cpu,21
34387,yolo_x_cpu,25
34388,yolo_x_cpu,21
34389,yolo_x_cpu,35
34390,yolo_x_cpu,23
34391,yolo_x_cpu,24
34392,yolo_x_cpu,31
34393,yolo_x_cpu,33
34394,yolo_x_cpu,35
34395,yolo_x_cpu,26
34396,yolo_x_cpu,26
34397,yolo_x_cpu,20
34398,yolo_x_cpu,20
34399,yolo_x_cpu,18
34400,yolo_x_cpu,20
34401,yolo_x_cpu,22
34402,yolo_x_cpu,29
34403,yolo_x_cpu,42
34404,yolo_x_cpu,30
34405,yolo_x_cpu,23
34406,yolo_x_cpu,24
34407,yolo_x_cpu,19
34408,yolo_x_cpu,24
34409,yolo_x_cpu,24
34410,yolo_x_cpu,32
34411,yolo_x_cpu,26
34412,yolo_x_cpu,34
34413,yolo_x_cpu,35
34414,yolo_x_cpu,36
34415,yolo_x_cpu,36
34416,yolo_x_cpu,47
34417,yolo_x_cpu,47
34418,yolo_x_cpu,62
34419,yolo_x_cpu,44
34420,yolo_x_cpu,51
34421,yolo_x_cpu,36
34422,yolo_x_cpu,47
34423,yolo_x_cpu,41
34424,yolo_x_cpu,52
34425,yolo_x_cpu,41
34426,yolo_x_cpu,44
34427,yolo_x_cpu,40
34428,yolo_x_cpu,43
34429,yolo_x_cpu,42
34430,yolo_x_cpu,43
34431,yolo_x_cpu,30
34432,yolo_x_cpu,30
34433,yolo_x_cpu,31
34434,yolo_x_cpu,28
34435,yolo_x_cpu,36
34436,yolo_x_cpu,25
34437,yolo_x_cpu,28
34438,yolo_x_cpu,26
34439,yolo_x_cpu,27
34440,yolo_x_cpu,28
34441,yolo_x_cpu,39
34442,yolo_x_cpu,39
34443,yolo_x_cpu,29
34444,yolo_x_cpu,35
34445,yolo_x_cpu,47
34446,yolo_x_cpu,29
34447,yolo_x_cpu,34
34448,yolo_x_cpu,40
34449,yolo_x_cpu,58
34450,yolo_x_cpu,62
34451,yolo_x_cpu,67
34452,yolo_x_cpu,82
34453,yolo_x_cpu,68
34454,yolo_x_cpu,57
34455,yolo_x_cpu,79
34456,yolo_x_cpu,73
34457,yolo_x_cpu,83
34458,yolo_x_cpu,77
34459,yolo_x_cpu,81
34460,yolo_x_cpu,87
34461,yolo_x_cpu,85
34462,yolo_x_cpu,108
34463,yolo_x_cpu,110
34464,yolo_x_cpu,128
34465,yolo_x_cpu,124
34466,yolo_x_cpu,111
34467,yolo_x_cpu,109
34468,yolo_x_cpu,130
34469,yolo_x_cpu,130
34470,yolo_x_cpu,137
34471,yolo_x_cpu,139
34472,yolo_x_cpu,131
34473,yolo_x_cpu,144
34474,yolo_x_cpu,145
34475,yolo_x_cpu,138
34476,yolo_x_cpu,147
34477,yolo_x_cpu,143
34478,yolo_x_cpu,174
34479,yolo_x_cpu,197
34480,yolo_x_cpu,208
34481,yolo_x_cpu,201
34482,yolo_x_cpu,206
34483,yolo_x_cpu,235
34484,yolo_x_cpu,233
34485,yolo_x_cpu,224
34486,yolo_x_cpu,250
34487,yolo_x_cpu,254
34488,yolo_x_cpu,266
34489,yolo_x_cpu,278
34490,yolo_x_cpu,257
34491,yolo_x_cpu,289
34492,yolo_x_cpu,281
34493,yolo_x_cpu,260
34494,yolo_x_cpu,304
34495,yolo_x_cpu,299
34496,yolo_x_cpu,301
34497,yolo_x_cpu,326
34498,yolo_x_cpu,341
34499,yolo_x_cpu,332
34500,yolo_x_cpu,348
34501,yolo_x_cpu,376
34502,yolo_x_cpu,388
34503,yolo_x_cpu,398
34504,yolo_x_cpu,423
34505,yolo_x_cpu,453
34506,yolo_x_cpu,429
34507,yolo_x_cpu,471
34508,yolo_x_cpu,524
34509,yolo_x_cpu,457
34510,yolo_x_cpu,565
34511,yolo_x_cpu,531
34512,yolo_x_cpu,531
34513,yolo_x_cpu,553
34514,yolo_x_cpu,562
34515,yolo_x_cpu,554
34516,yolo_x_cpu,590
34517,yolo_x_cpu,541
34518,yolo_x_cpu,618
34519,yolo_x_cpu,571
34520,yolo_x_cpu,560
34521,yolo_x_cpu,555
34522,yolo_x_cpu,597
34523,yolo_x_cpu,655
34524,yolo_x_cpu,673
34525,yolo_x_cpu,650
34526,yolo_x_cpu,718
34527,yolo_x_cpu,739
34528,yolo_x_cpu,767
34529,yolo_x_cpu,741
34530,yolo_x_cpu,770
34531,yolo_x_cpu,810
34532,yolo_x_cpu,805
34533,yolo_x_cpu,789
34534,yolo_x_cpu,816
34535,yolo_x_cpu,822
34536,yolo_x_cpu,840
34537,yolo_x_cpu,833
34538,yolo_x_cpu,905
34539,yolo_x_cpu,893
34540,yolo_x_cpu,878
34541,yolo_x_cpu,903
34542,yolo_x_cpu,938
34543,yolo_x_cpu,975
34544,yolo_x_cpu,978
34545,yolo_x_cpu,941
34546,yolo_x_cpu,1040
34547,yolo_x_cpu,1023
34548,yolo_x_cpu,1000
34549,yolo_x_cpu,1006
34550,yolo_x_cpu,1001
34551,yolo_x_cpu,1002
34552,yolo_x_cpu,1069
34553,yolo_x_cpu,1060
34554,yolo_x_cpu,1119
34555,yolo_x_cpu,1051
34556,yolo_x_cpu,1064
34557,yolo_x_cpu,1106
34558,yolo_x_cpu,1080
34559,yolo_x_cpu,973
34560,yolo_x_cpu,1094
34561,yolo_x_cpu,1087
34562,yolo_x_cpu,1036
34563,yolo_x_cpu,1058
34564,yolo_x_cpu,1036
34565,yolo_x_cpu,1103
34566,yolo_x_cpu,999
34567,yolo_x_cpu,1019
34568,yolo_x_cpu,1010
34569,yolo_x_cpu,1102
34570,yolo_x_cpu,1110
34571,yolo_x_cpu,1092
34572,yolo_x_cpu,1102
34573,yolo_x_cpu,1103
34574,yolo_x_cpu,1149
34575,yolo_x_cpu,1078
34576,yolo_x_cpu,1103
34577,yolo_x_cpu,1086
34578,yolo_x_cpu,1062
34579,yolo_x_cpu,1060
34580,yolo_x_cpu,1109
34581,yolo_x_cpu,1089
34582,yolo_x_cpu,1107
34583,yolo_x_cpu,1010
34584,yolo_x_cpu,1007
34585,yolo_x_cpu,988
34586,yolo_x_cpu,1020
34587,yolo_x_cpu,1058
34588,yolo_x_cpu,1024
34589,yolo_x_cpu,1012
34590,yolo_x_cpu,1065
34591,yolo_x_cpu,1019
34592,yolo_x_cpu,980
34593,yolo_x_cpu,992
34594,yolo_x_cpu,999
34595,yolo_x_cpu,1115
34596,yolo_x_cpu,1087
34597,yolo_x_cpu,995
34598,yolo_x_cpu,1027
34599,yolo_x_cpu,1000
34600,yolo_x_cpu,1032
34601,yolo_x_cpu,1058
34602,yolo_x_cpu,1041
34603,yolo_x_cpu,1030
34604,yolo_x_cpu,1118
34605,yolo_x_cpu,1158
34606,yolo_x_cpu,1230
34607,yolo_x_cpu,1153
34608,yolo_x_cpu,1084
34609,yolo_x_cpu,1132
34610,yolo_x_cpu,1105
34611,yolo_x_cpu,1186
34612,yolo_x_cpu,1122
34613,yolo_x_cpu,1079
34614,yolo_x_cpu,1129
34615,yolo_x_cpu,1098
34616,yolo_x_cpu,1079
34617,yolo_x_cpu,1096
34618,yolo_x_cpu,1094
34619,yolo_x_cpu,1114
34620,yolo_x_cpu,1179
34621,yolo_x_cpu,1115
34622,yolo_x_cpu,1131
34623,yolo_x_cpu,1119
34624,yolo_x_cpu,1043
34625,yolo_x_cpu,1127
34626,yolo_x_cpu,1109
34627,yolo_x_cpu,1094
34628,yolo_x_cpu,1043
34629,yolo_x_cpu,1130
34630,yolo_x_cpu,1121
34631,yolo_x_cpu,1110
34632,yolo_x_cpu,1091
34633,yolo_x_cpu,1119
34634,yolo_x_cpu,1121
34635,yolo_x_cpu,1116
34636,yolo_x_cpu,1004
34637,yolo_x_cpu,975
34638,yolo_x_cpu,976
34639,yolo_x_cpu,1014
34640,yolo_x_cpu,964
34641,yolo_x_cpu,1007
34642,yolo_x_cpu,989
34643,yolo_x_cpu,957
34644,yolo_x_cpu,976
34645,yolo_x_cpu,955
34646,yolo_x_cpu,1013
34647,yolo_x_cpu,1002
34648,yolo_x_cpu,1053
34649,yolo_x_cpu,1010
34650,yolo_x_cpu,1067
34651,yolo_x_cpu,1089
34652,yolo_x_cpu,1069
34653,yolo_x_cpu,1086
34654,yolo_x_cpu,1043
34655,yolo_x_cpu,1062
34656,yolo_x_cpu,1022
34657,yolo_x_cpu,1130
34658,yolo_x_cpu,1074
34659,yolo_x_cpu,1102
34660,yolo_x_cpu,1071
34661,yolo_x_cpu,1094
34662,yolo_x_cpu,1126
34663,yolo_x_cpu,1075
34664,yolo_x_cpu,1124
34665,yolo_x_cpu,1019
34666,yolo_x_cpu,1239
34667,yolo_x_cpu,1227
34668,yolo_x_cpu,1212
34669,yolo_x_cpu,1174
34670,yolo_x_cpu,1134
34671,yolo_x_cpu,1208
34672,yolo_x_cpu,1179
34673,yolo_x_cpu,1167
34674,yolo_x_cpu,1097
34675,yolo_x_cpu,1107
34676,yolo_x_cpu,1074
34677,yolo_x_cpu,1073
34678,yolo_x_cpu,1091
34679,yolo_x_cpu,1110
34680,yolo_x_cpu,1127
34681,yolo_x_cpu,1134
34682,yolo_x_cpu,1107
34683,yolo_x_cpu,1140
34684,yolo_x_cpu,1128
34685,yolo_x_cpu,1176
34686,yolo_x_cpu,1148
34687,yolo_x_cpu,1119
34688,yolo_x_cpu,1155
34689,yolo_x_cpu,1204
34690,yolo_x_cpu,1183
34691,yolo_x_cpu,1181
34692,yolo_x_cpu,1124
34693,yolo_x_cpu,1130
34694,yolo_x_cpu,1104
34695,yolo_x_cpu,1087
34696,yolo_x_cpu,986
34697,yolo_x_cpu,1065
34698,yolo_x_cpu,1042
34699,yolo_x_cpu,1114
34700,yolo_x_cpu,997
34701,yolo_x_cpu,1071
34702,yolo_x_cpu,1044
34703,yolo_x_cpu,1064
34704,yolo_x_cpu,996
34705,yolo_x_cpu,1071
34706,yolo_x_cpu,1031
34707,yolo_x_cpu,1001
34708,yolo_x_cpu,990
34709,yolo_x_cpu,1069
34710,yolo_x_cpu,1104
34711,yolo_x_cpu,1111
34712,yolo_x_cpu,1119
34713,yolo_x_cpu,1112
34714,yolo_x_cpu,1013
34715,yolo_x_cpu,1023
34716,yolo_x_cpu,1068
34717,yolo_x_cpu,992
34718,yolo_x_cpu,1076
34719,yolo_x_cpu,1192
34720,yolo_x_cpu,1131
34721,yolo_x_cpu,1197
34722,yolo_x_cpu,1154
34723,yolo_x_cpu,1119
34724,yolo_x_cpu,1057
34725,yolo_x_cpu,1031
34726,yolo_x_cpu,1008
34727,yolo_x_cpu,1053
34728,yolo_x_cpu,1088
34729,yolo_x_cpu,996
34730,yolo_x_cpu,1047
34731,yolo_x_cpu,1034
34732,yolo_x_cpu,993
34733,yolo_x_cpu,1011
34734,yolo_x_cpu,1052
34735,yolo_x_cpu,1077
34736,yolo_x_cpu,1091
34737,yolo_x_cpu,1005
34738,yolo_x_cpu,1027
34739,yolo_x_cpu,1035
34740,yolo_x_cpu,1039
34741,yolo_x_cpu,1026
34742,yolo_x_cpu,1035
34743,yolo_x_cpu,1067
34744,yolo_x_cpu,1019
34745,yolo_x_cpu,1032
34746,yolo_x_cpu,1033
34747,yolo_x_cpu,1053
34748,yolo_x_cpu,1026
34749,yolo_x_cpu,1033
34750,yolo_x_cpu,1072
34751,yolo_x_cpu,1088
34752,yolo_x_cpu,1065
34753,yolo_x_cpu,1055
34754,yolo_x_cpu,1063
34755,yolo_x_cpu,1052
34756,yolo_x_cpu,1116
34757,yolo_x_cpu,1087
34758,yolo_x_cpu,1083
34759,yolo_x_cpu,1047
34760,yolo_x_cpu,1043
34761,yolo_x_cpu,991
34762,yolo_x_cpu,1084
34763,yolo_x_cpu,1094
34764,yolo_x_cpu,1029
34765,yolo_x_cpu,1052
34766,yolo_x_cpu,1108
34767,yolo_x_cpu,1115
34768,yolo_x_cpu,1061
34769,yolo_x_cpu,960
34770,yolo_x_cpu,1051
34771,yolo_x_cpu,1004
34772,yolo_x_cpu,1003
34773,yolo_x_cpu,1034
34774,yolo_x_cpu,1006
34775,yolo_x_cpu,978
34776,yolo_x_cpu,980
34777,yolo_x_cpu,978
34778,yolo_x_cpu,988
34779,yolo_x_cpu,1043
34780,yolo_x_cpu,969
34781,yolo_x_cpu,1046
34782,yolo_x_cpu,1061
34783,yolo_x_cpu,1051
34784,yolo_x_cpu,1026
34785,yolo_x_cpu,1072
34786,yolo_x_cpu,1047
34787,yolo_x_cpu,1084
34788,yolo_x_cpu,1082
34789,yolo_x_cpu,1011
34790,yolo_x_cpu,1048
34791,yolo_x_cpu,1040
34792,yolo_x_cpu,1045
34793,yolo_x_cpu,1096
34794,yolo_x_cpu,1069
34795,yolo_x_cpu,1043
34796,yolo_x_cpu,972
34797,yolo_x_cpu,1003
34798,yolo_x_cpu,1095
34799,yolo_x_cpu,1030
34800,yolo_x_cpu,1011
34801,yolo_x_cpu,1103
34802,yolo_x_cpu,1095
34803,yolo_x_cpu,1127
34804,yolo_x_cpu,1089
34805,yolo_x_cpu,1091
34806,yolo_x_cpu,1006
34807,yolo_x_cpu,1017
34808,yolo_x_cpu,1029
34809,yolo_x_cpu,1059
34810,yolo_x_cpu,1115
34811,yolo_x_cpu,1046
34812,yolo_x_cpu,1062
34813,yolo_x_cpu,1016
34814,yolo_x_cpu,1013
34815,yolo_x_cpu,1009
34816,yolo_x_cpu,1064
34817,yolo_x_cpu,1023
34818,yolo_x_cpu,1059
34819,yolo_x_cpu,1035
34820,yolo_x_cpu,1065
34821,yolo_x_cpu,947
34822,yolo_x_cpu,966
34823,yolo_x_cpu,986
34824,yolo_x_cpu,1002
34825,yolo_x_cpu,946
34826,yolo_x_cpu,898
34827,yolo_x_cpu,933
34828,yolo_x_cpu,961
34829,yolo_x_cpu,950
34830,yolo_x_cpu,1012
34831,yolo_x_cpu,996
34832,yolo_x_cpu,970
34833,yolo_x_cpu,1018
34834,yolo_x_cpu,981
34835,yolo_x_cpu,920
34836,yolo_x_cpu,961
34837,yolo_x_cpu,987
34838,yolo_x_cpu,953
34839,yolo_x_cpu,900
34840,yolo_x_cpu,903
34841,yolo_x_cpu,858
34842,yolo_x_cpu,854
34843,yolo_x_cpu,890
34844,yolo_x_cpu,843
34845,yolo_x_cpu,950
34846,yolo_x_cpu,946
34847,yolo_x_cpu,908
34848,yolo_x_cpu,909
34849,yolo_x_cpu,970
34850,yolo_x_cpu,959
34851,yolo_x_cpu,910
34852,yolo_x_cpu,946
34853,yolo_x_cpu,887
34854,yolo_x_cpu,936
34855,yolo_x_cpu,975
34856,yolo_x_cpu,907
34857,yolo_x_cpu,919
34858,yolo_x_cpu,890
34859,yolo_x_cpu,930
34860,yolo_x_cpu,908
34861,yolo_x_cpu,959
34862,yolo_x_cpu,993
34863,yolo_x_cpu,1014
34864,yolo_x_cpu,963
34865,yolo_x_cpu,1018
34866,yolo_x_cpu,1064
34867,yolo_x_cpu,1113
34868,yolo_x_cpu,1085
34869,yolo_x_cpu,1100
34870,yolo_x_cpu,1110
34871,yolo_x_cpu,1074
34872,yolo_x_cpu,1081
34873,yolo_x_cpu,1146
34874,yolo_x_cpu,1065
34875,yolo_x_cpu,1074
34876,yolo_x_cpu,1135
34877,yolo_x_cpu,1117
34878,yolo_x_cpu,1063
34879,yolo_x_cpu,1024
34880,yolo_x_cpu,1020
34881,yolo_x_cpu,1025
34882,yolo_x_cpu,1100
34883,yolo_x_cpu,1092
34884,yolo_x_cpu,1117
34885,yolo_x_cpu,1149
34886,yolo_x_cpu,1207
34887,yolo_x_cpu,1107
34888,yolo_x_cpu,1155
34889,yolo_x_cpu,1078
34890,yolo_x_cpu,1054
34891,yolo_x_cpu,1056
34892,yolo_x_cpu,1051
34893,yolo_x_cpu,1077
34894,yolo_x_cpu,1091
34895,yolo_x_cpu,1093
34896,yolo_x_cpu,1116
34897,yolo_x_cpu,1115
34898,yolo_x_cpu,1201
34899,yolo_x_cpu,1145
34900,yolo_x_cpu,1130
34901,yolo_x_cpu,1142
34902,yolo_x_cpu,1247
34903,yolo_x_cpu,1228
34904,yolo_x_cpu,1207
34905,yolo_x_cpu,1219
34906,yolo_x_cpu,1201
34907,yolo_x_cpu,1126
34908,yolo_x_cpu,1143
34909,yolo_x_cpu,1156
34910,yolo_x_cpu,1210
34911,yolo_x_cpu,1215
34912,yolo_x_cpu,1260
34913,yolo_x_cpu,1176
34914,yolo_x_cpu,1191
34915,yolo_x_cpu,1188
34916,yolo_x_cpu,1190
34917,yolo_x_cpu,1192
34918,yolo_x_cpu,1151
34919,yolo_x_cpu,1155
34920,yolo_x_cpu,1223
34921,yolo_x_cpu,1224
34922,yolo_x_cpu,1309
34923,yolo_x_cpu,1259
34924,yolo_x_cpu,1188
34925,yolo_x_cpu,1203
34926,yolo_x_cpu,1228
34927,yolo_x_cpu,1166
34928,yolo_x_cpu,1241
34929,yolo_x_cpu,1283
34930,yolo_x_cpu,1207
34931,yolo_x_cpu,1215
34932,yolo_x_cpu,1257
34933,yolo_x_cpu,1230
34934,yolo_x_cpu,1222
34935,yolo_x_cpu,1247
34936,yolo_x_cpu,1306
34937,yolo_x_cpu,1259
34938,yolo_x_cpu,1219
34939,yolo_x_cpu,1231
34940,yolo_x_cpu,1294
34941,yolo_x_cpu,1243
34942,yolo_x_cpu,1219
34943,yolo_x_cpu,1204
34944,yolo_x_cpu,1165
34945,yolo_x_cpu,1241
34946,yolo_x_cpu,1232
34947,yolo_x_cpu,1163
34948,yolo_x_cpu,1088
34949,yolo_x_cpu,1212
34950,yolo_x_cpu,1183
34951,yolo_x_cpu,1137
34952,yolo_x_cpu,1113
34953,yolo_x_cpu,1157
34954,yolo_x_cpu,1205
34955,yolo_x_cpu,1191
34956,yolo_x_cpu,1162
34957,yolo_x_cpu,1164
34958,yolo_x_cpu,1192
34959,yolo_x_cpu,1161
34960,yolo_x_cpu,1172
34961,yolo_x_cpu,1199
34962,yolo_x_cpu,1192
34963,yolo_x_cpu,1229
34964,yolo_x_cpu,1251
34965,yolo_x_cpu,1194
34966,yolo_x_cpu,1192
34967,yolo_x_cpu,1217
34968,yolo_x_cpu,1226
34969,yolo_x_cpu,1178
34970,yolo_x_cpu,1137
34971,yolo_x_cpu,1156
34972,yolo_x_cpu,1081
34973,yolo_x_cpu,1149
34974,yolo_x_cpu,1125
34975,yolo_x_cpu,1190
34976,yolo_x_cpu,1062
34977,yolo_x_cpu,1081
34978,yolo_x_cpu,1118
34979,yolo_x_cpu,1117
34980,yolo_x_cpu,1030
34981,yolo_x_cpu,1142
34982,yolo_x_cpu,1151
34983,yolo_x_cpu,1135
34984,yolo_x_cpu,1156
34985,yolo_x_cpu,1132
34986,yolo_x_cpu,1102
34987,yolo_x_cpu,1149
34988,yolo_x_cpu,1092
34989,yolo_x_cpu,1109
34990,yolo_x_cpu,1112
34991,yolo_x_cpu,1086
34992,yolo_x_cpu,1045
34993,yolo_x_cpu,1060
34994,yolo_x_cpu,1075
34995,yolo_x_cpu,1031
34996,yolo_x_cpu,1105
34997,yolo_x_cpu,1127
34998,yolo_x_cpu,1199
34999,yolo_x_cpu,1090
35000,yolo_x_cpu,1136
35001,yolo_x_cpu,1124
35002,yolo_x_cpu,1108
35003,yolo_x_cpu,1205
35004,yolo_x_cpu,1205
35005,yolo_x_cpu,1198
35006,yolo_x_cpu,1243
35007,yolo_x_cpu,1177
35008,yolo_x_cpu,1191
35009,yolo_x_cpu,1178
35010,yolo_x_cpu,1193
35011,yolo_x_cpu,1240
35012,yolo_x_cpu,1228
35013,yolo_x_cpu,1160
35014,yolo_x_cpu,1161
35015,yolo_x_cpu,1193
35016,yolo_x_cpu,1215
35017,yolo_x_cpu,1207
35018,yolo_x_cpu,1172
35019,yolo_x_cpu,1218
35020,yolo_x_cpu,1187
35021,yolo_x_cpu,1157
35022,yolo_x_cpu,1149
35023,yolo_x_cpu,1219
35024,yolo_x_cpu,1208
35025,yolo_x_cpu,1193
35026,yolo_x_cpu,1202
35027,yolo_x_cpu,1147
35028,yolo_x_cpu,1176
35029,yolo_x_cpu,1187
35030,yolo_x_cpu,1111
35031,yolo_x_cpu,1269
35032,yolo_x_cpu,1171
35033,yolo_x_cpu,1261
35034,yolo_x_cpu,1224
35035,yolo_x_cpu,1131
35036,yolo_x_cpu,1104
35037,yolo_x_cpu,1177
35038,yolo_x_cpu,1144
35039,yolo_x_cpu,1018
35040,yolo_x_cpu,1045
35041,yolo_x_cpu,1023
35042,yolo_x_cpu,1071
35043,yolo_x_cpu,1080
35044,yolo_x_cpu,1107
35045,yolo_x_cpu,1111
35046,yolo_x_cpu,1096
35047,yolo_x_cpu,1086
35048,yolo_x_cpu,1118
35049,yolo_x_cpu,1106
35050,yolo_x_cpu,1136
35051,yolo_x_cpu,1108
35052,yolo_x_cpu,1178
35053,yolo_x_cpu,1151
35054,yolo_x_cpu,1173
35055,yolo_x_cpu,1179
35056,yolo_x_cpu,1163
35057,yolo_x_cpu,1226
35058,yolo_x_cpu,1223
35059,yolo_x_cpu,1215
35060,yolo_x_cpu,1171
35061,yolo_x_cpu,1122
35062,yolo_x_cpu,1172
35063,yolo_x_cpu,1203
35064,yolo_x_cpu,1139
35065,yolo_x_cpu,1209
35066,yolo_x_cpu,1151
35067,yolo_x_cpu,1185
35068,yolo_x_cpu,1263
35069,yolo_x_cpu,1308
35070,yolo_x_cpu,1323
35071,yolo_x_cpu,1321
35072,yolo_x_cpu,1377
35073,yolo_x_cpu,1306
35074,yolo_x_cpu,1331
35075,yolo_x_cpu,1273
35076,yolo_x_cpu,1282
35077,yolo_x_cpu,1198
35078,yolo_x_cpu,1214
35079,yolo_x_cpu,1156
35080,yolo_x_cpu,1163
35081,yolo_x_cpu,1272
35082,yolo_x_cpu,1208
35083,yolo_x_cpu,1286
35084,yolo_x_cpu,1276
35085,yolo_x_cpu,1287
35086,yolo_x_cpu,1301
35087,yolo_x_cpu,1353
35088,yolo_x_cpu,1360
35089,yolo_x_cpu,1359
35090,yolo_x_cpu,1362
35091,yolo_x_cpu,1391
35092,yolo_x_cpu,1361
35093,yolo_x_cpu,1358
35094,yolo_x_cpu,1411
35095,yolo_x_cpu,1331
35096,yolo_x_cpu,1335
35097,yolo_x_cpu,1333
35098,yolo_x_cpu,1301
35099,yolo_x_cpu,1296
35100,yolo_x_cpu,1341
35101,yolo_x_cpu,1309
35102,yolo_x_cpu,1305
35103,yolo_x_cpu,1402
35104,yolo_x_cpu,1416
35105,yolo_x_cpu,1469
35106,yolo_x_cpu,1417
35107,yolo_x_cpu,1455
35108,yolo_x_cpu,1496
35109,yolo_x_cpu,1398
35110,yolo_x_cpu,1443
35111,yolo_x_cpu,1518
35112,yolo_x_cpu,1492
35113,yolo_x_cpu,1529
35114,yolo_x_cpu,1473
35115,yolo_x_cpu,1451
35116,yolo_x_cpu,1478
35117,yolo_x_cpu,1444
35118,yolo_x_cpu,1488
35119,yolo_x_cpu,1380
35120,yolo_x_cpu,1387
35121,yolo_x_cpu,1448
35122,yolo_x_cpu,1432
35123,yolo_x_cpu,1386
35124,yolo_x_cpu,1455
35125,yolo_x_cpu,1323
35126,yolo_x_cpu,1360
35127,yolo_x_cpu,1368
35128,yolo_x_cpu,1385
35129,yolo_x_cpu,1364
35130,yolo_x_cpu,1303
35131,yolo_x_cpu,1322
35132,yolo_x_cpu,1406
35133,yolo_x_cpu,1436
35134,yolo_x_cpu,1413
35135,yolo_x_cpu,1426
35136,yolo_x_cpu,1436
35137,yolo_x_cpu,1484
35138,yolo_x_cpu,1569
35139,yolo_x_cpu,1495
35140,yolo_x_cpu,1534
35141,yolo_x_cpu,1539
35142,yolo_x_cpu,1472
35143,yolo_x_cpu,1473
35144,yolo_x_cpu,1487
35145,yolo_x_cpu,1392
35146,yolo_x_cpu,1445
35147,yolo_x_cpu,1500
35148,yolo_x_cpu,1497
35149,yolo_x_cpu,1420
35150,yolo_x_cpu,1465
35151,yolo_x_cpu,1435
35152,yolo_x_cpu,1408
35153,yolo_x_cpu,1425
35154,yolo_x_cpu,1399
35155,yolo_x_cpu,1428
35156,yolo_x_cpu,1473
35157,yolo_x_cpu,1516
35158,yolo_x_cpu,1335
35159,yolo_x_cpu,1393
35160,yolo_x_cpu,1392
35161,yolo_x_cpu,1367
35162,yolo_x_cpu,1329
35163,yolo_x_cpu,1318
35164,yolo_x_cpu,1335
35165,yolo_x_cpu,1325
35166,yolo_x_cpu,1330
35167,yolo_x_cpu,1341
35168,yolo_x_cpu,1380
35169,yolo_x_cpu,1310
35170,yolo_x_cpu,1262
35171,yolo_x_cpu,1254
35172,yolo_x_cpu,1265
35173,yolo_x_cpu,1274
35174,yolo_x_cpu,1216
35175,yolo_x_cpu,1208
35176,yolo_x_cpu,1279
35177,yolo_x_cpu,1269
35178,yolo_x_cpu,1219
35179,yolo_x_cpu,1211
35180,yolo_x_cpu,1178
35181,yolo_x_cpu,1166
35182,yolo_x_cpu,1162
35183,yolo_x_cpu,1123
35184,yolo_x_cpu,1167
35185,yolo_x_cpu,1188
35186,yolo_x_cpu,1174
35187,yolo_x_cpu,1224
35188,yolo_x_cpu,1193
35189,yolo_x_cpu,1150
35190,yolo_x_cpu,1149
35191,yolo_x_cpu,1155
35192,yolo_x_cpu,1213
35193,yolo_x_cpu,1186
35194,yolo_x_cpu,1191
35195,yolo_x_cpu,1211
35196,yolo_x_cpu,1187
35197,yolo_x_cpu,1086
35198,yolo_x_cpu,1054
35199,yolo_x_cpu,1057
35200,yolo_x_cpu,1115
35201,yolo_x_cpu,1097
35202,yolo_x_cpu,1119
35203,yolo_x_cpu,1072
35204,yolo_x_cpu,1050
35205,yolo_x_cpu,1018
35206,yolo_x_cpu,991
35207,yolo_x_cpu,1001
35208,yolo_x_cpu,1062
35209,yolo_x_cpu,1093
35210,yolo_x_cpu,1052
35211,yolo_x_cpu,990
35212,yolo_x_cpu,1015
35213,yolo_x_cpu,962
35214,yolo_x_cpu,895
35215,yolo_x_cpu,918
35216,yolo_x_cpu,971
35217,yolo_x_cpu,1008
35218,yolo_x_cpu,1008
35219,yolo_x_cpu,1038
35220,yolo_x_cpu,998
35221,yolo_x_cpu,963
35222,yolo_x_cpu,996
35223,yolo_x_cpu,1051
35224,yolo_x_cpu,1079
35225,yolo_x_cpu,1028
35226,yolo_x_cpu,1032
35227,yolo_x_cpu,958
35228,yolo_x_cpu,873
35229,yolo_x_cpu,916
35230,yolo_x_cpu,909
35231,yolo_x_cpu,870
35232,yolo_x_cpu,912
35233,yolo_x_cpu,913
35234,yolo_x_cpu,925
35235,yolo_x_cpu,891
35236,yolo_x_cpu,840
35237,yolo_x_cpu,854
35238,yolo_x_cpu,827
35239,yolo_x_cpu,857
35240,yolo_x_cpu,861
35241,yolo_x_cpu,936
35242,yolo_x_cpu,910
35243,yolo_x_cpu,895
35244,yolo_x_cpu,955
35245,yolo_x_cpu,958
35246,yolo_x_cpu,907
35247,yolo_x_cpu,921
35248,yolo_x_cpu,918
35249,yolo_x_cpu,914
35250,yolo_x_cpu,982
35251,yolo_x_cpu,949
35252,yolo_x_cpu,999
35253,yolo_x_cpu,947
35254,yolo_x_cpu,909
35255,yolo_x_cpu,872
35256,yolo_x_cpu,881
35257,yolo_x_cpu,839
35258,yolo_x_cpu,846
35259,yolo_x_cpu,852
35260,yolo_x_cpu,848
35261,yolo_x_cpu,867
35262,yolo_x_cpu,854
35263,yolo_x_cpu,846
35264,yolo_x_cpu,803
35265,yolo_x_cpu,809
35266,yolo_x_cpu,861
35267,yolo_x_cpu,826
35268,yolo_x_cpu,792
35269,yolo_x_cpu,795
35270,yolo_x_cpu,776
35271,yolo_x_cpu,800
35272,yolo_x_cpu,799
35273,yolo_x_cpu,740
35274,yolo_x_cpu,780
35275,yolo_x_cpu,765
35276,yolo_x_cpu,758
35277,yolo_x_cpu,797
35278,yolo_x_cpu,792
35279,yolo_x_cpu,782
35280,yolo_x_cpu,725
35281,yolo_x_cpu,782
35282,yolo_x_cpu,799
35283,yolo_x_cpu,751
35284,yolo_x_cpu,853
35285,yolo_x_cpu,834
35286,yolo_x_cpu,810
35287,yolo_x_cpu,730
35288,yolo_x_cpu,667
35289,yolo_x_cpu,710
35290,yolo_x_cpu,698
35291,yolo_x_cpu,796
35292,yolo_x_cpu,720
35293,yolo_x_cpu,729
35294,yolo_x_cpu,720
35295,yolo_x_cpu,779
35296,yolo_x_cpu,764
35297,yolo_x_cpu,764
35298,yolo_x_cpu,746
35299,yolo_x_cpu,752
35300,yolo_x_cpu,712
35301,yolo_x_cpu,686
35302,yolo_x_cpu,694
35303,yolo_x_cpu,681
35304,yolo_x_cpu,686
35305,yolo_x_cpu,691
35306,yolo_x_cpu,666
35307,yolo_x_cpu,626
35308,yolo_x_cpu,665
35309,yolo_x_cpu,607
35310,yolo_x_cpu,560
35311,yolo_x_cpu,680
35312,yolo_x_cpu,632
35313,yolo_x_cpu,645
35314,yolo_x_cpu,630
35315,yolo_x_cpu,632
35316,yolo_x_cpu,598
35317,yolo_x_cpu,633
35318,yolo_x_cpu,732
35319,yolo_x_cpu,730
35320,yolo_x_cpu,712
35321,yolo_x_cpu,705
35322,yolo_x_cpu,687
35323,yolo_x_cpu,727
35324,yolo_x_cpu,740
35325,yolo_x_cpu,679
35326,yolo_x_cpu,728
35327,yolo_x_cpu,706
35328,yolo_x_cpu,672
35329,yolo_x_cpu,717
35330,yolo_x_cpu,688
35331,yolo_x_cpu,686
35332,yolo_x_cpu,671
35333,yolo_x_cpu,784
35334,yolo_x_cpu,714
35335,yolo_x_cpu,729
35336,yolo_x_cpu,705
35337,yolo_x_cpu,715
35338,yolo_x_cpu,709
35339,yolo_x_cpu,746
35340,yolo_x_cpu,749
35341,yolo_x_cpu,722
35342,yolo_x_cpu,747
35343,yolo_x_cpu,733
35344,yolo_x_cpu,738
35345,yolo_x_cpu,735
35346,yolo_x_cpu,716
35347,yolo_x_cpu,643
35348,yolo_x_cpu,640
35349,yolo_x_cpu,652
35350,yolo_x_cpu,672
35351,yolo_x_cpu,618
35352,yolo_x_cpu,703
35353,yolo_x_cpu,731
35354,yolo_x_cpu,594
35355,yolo_x_cpu,723
35356,yolo_x_cpu,620
35357,yolo_x_cpu,674
35358,yolo_x_cpu,702
35359,yolo_x_cpu,634
35360,yolo_x_cpu,735
35361,yolo_x_cpu,634
35362,yolo_x_cpu,573
35363,yolo_x_cpu,592
35364,yolo_x_cpu,585
35365,yolo_x_cpu,569
35366,yolo_x_cpu,597
35367,yolo_x_cpu,563
35368,yolo_x_cpu,554
35369,yolo_x_cpu,537
35370,yolo_x_cpu,544
35371,yolo_x_cpu,618
35372,yolo_x_cpu,562
35373,yolo_x_cpu,601
35374,yolo_x_cpu,543
35375,yolo_x_cpu,520
35376,yolo_x_cpu,531
35377,yolo_x_cpu,515
35378,yolo_x_cpu,535
35379,yolo_x_cpu,546
35380,yolo_x_cpu,494
35381,yolo_x_cpu,480
35382,yolo_x_cpu,421
35383,yolo_x_cpu,508
35384,yolo_x_cpu,481
35385,yolo_x_cpu,499
35386,yolo_x_cpu,537
35387,yolo_x_cpu,478
35388,yolo_x_cpu,447
35389,yolo_x_cpu,522
35390,yolo_x_cpu,522
35391,yolo_x_cpu,493
35392,yolo_x_cpu,595
35393,yolo_x_cpu,476
35394,yolo_x_cpu,526
35395,yolo_x_cpu,541
35396,yolo_x_cpu,473
35397,yolo_x_cpu,501
35398,yolo_x_cpu,485
35399,yolo_x_cpu,482
35400,yolo_x_cpu,434
35401,yolo_x_cpu,452
35402,yolo_x_cpu,526
35403,yolo_x_cpu,419
35404,yolo_x_cpu,475
35405,yolo_x_cpu,426
35406,yolo_x_cpu,520
35407,yolo_x_cpu,495
35408,yolo_x_cpu,478
35409,yolo_x_cpu,464
35410,yolo_x_cpu,436
35411,yolo_x_cpu,442
35412,yolo_x_cpu,433
35413,yolo_x_cpu,431
35414,yolo_x_cpu,534
35415,yolo_x_cpu,451
35416,yolo_x_cpu,491
35417,yolo_x_cpu,452
35418,yolo_x_cpu,510
35419,yolo_x_cpu,501
35420,yolo_x_cpu,465
35421,yolo_x_cpu,428
35422,yolo_x_cpu,435
35423,yolo_x_cpu,422
35424,yolo_x_cpu,444
35425,yolo_x_cpu,424
35426,yolo_x_cpu,441
35427,yolo_x_cpu,468
35428,yolo_x_cpu,387
35429,yolo_x_cpu,384
35430,yolo_x_cpu,328
35431,yolo_x_cpu,347
35432,yolo_x_cpu,358
35433,yolo_x_cpu,341
35434,yolo_x_cpu,355
35435,yolo_x_cpu,383
35436,yolo_x_cpu,352
35437,yolo_x_cpu,398
35438,yolo_x_cpu,313
35439,yolo_x_cpu,345
35440,yolo_x_cpu,307
35441,yolo_x_cpu,291
35442,yolo_x_cpu,288
35443,yolo_x_cpu,278
35444,yolo_x_cpu,270
35445,yolo_x_cpu,260
35446,yolo_x_cpu,338
35447,yolo_x_cpu,290
35448,yolo_x_cpu,285
35449,yolo_x_cpu,298
35450,yolo_x_cpu,261
35451,yolo_x_cpu,279
35452,yolo_x_cpu,266
35453,yolo_x_cpu,263
35454,yolo_x_cpu,281
35455,yolo_x_cpu,295
35456,yolo_x_cpu,314
35457,yolo_x_cpu,280
35458,yolo_x_cpu,294
35459,yolo_x_cpu,314
35460,yolo_x_cpu,292
35461,yolo_x_cpu,277
35462,yolo_x_cpu,297
35463,yolo_x_cpu,292
35464,yolo_x_cpu,263
35465,yolo_x_cpu,287
35466,yolo_x_cpu,268
35467,yolo_x_cpu,255
35468,yolo_x_cpu,258
35469,yolo_x_cpu,192
35470,yolo_x_cpu,222
35471,yolo_x_cpu,217
35472,yolo_x_cpu,204
35473,yolo_x_cpu,231
35474,yolo_x_cpu,241
35475,yolo_x_cpu,297
35476,yolo_x_cpu,272
35477,yolo_x_cpu,248
35478,yolo_x_cpu,258
35479,yolo_x_cpu,269
35480,yolo_x_cpu,232
35481,yolo_x_cpu,259
35482,yolo_x_cpu,237
35483,yolo_x_cpu,248
35484,yolo_x_cpu,245
35485,yolo_x_cpu,235
35486,yolo_x_cpu,258
35487,yolo_x_cpu,242
35488,yolo_x_cpu,235
35489,yolo_x_cpu,207
35490,yolo_x_cpu,244
35491,yolo_x_cpu,229
35492,yolo_x_cpu,222
35493,yolo_x_cpu,228
35494,yolo_x_cpu,215
35495,yolo_x_cpu,211
35496,yolo_x_cpu,188
35497,yolo_x_cpu,205
35498,yolo_x_cpu,257
35499,yolo_x_cpu,207
35500,yolo_x_cpu,207
35501,yolo_x_cpu,223
35502,yolo_x_cpu,199
35503,yolo_x_cpu,183
35504,yolo_x_cpu,151
35505,yolo_x_cpu,192
35506,yolo_x_cpu,206
35507,yolo_x_cpu,204
35508,yolo_x_cpu,201
35509,yolo_x_cpu,171
35510,yolo_x_cpu,189
35511,yolo_x_cpu,201
35512,yolo_x_cpu,190
35513,yolo_x_cpu,205
35514,yolo_x_cpu,181
35515,yolo_x_cpu,175
35516,yolo_x_cpu,194
35517,yolo_x_cpu,167
35518,yolo_x_cpu,158
35519,yolo_x_cpu,171
35520,yolo_x_cpu,148
35521,yolo_x_cpu,142
35522,yolo_x_cpu,140
35523,yolo_x_cpu,155
35524,yolo_x_cpu,145
35525,yolo_x_cpu,170
35526,yolo_x_cpu,185
35527,yolo_x_cpu,179
35528,yolo_x_cpu,193
35529,yolo_x_cpu,173
35530,yolo_x_cpu,189
35531,yolo_x_cpu,178
35532,yolo_x_cpu,186
35533,yolo_x_cpu,205
35534,yolo_x_cpu,178
35535,yolo_x_cpu,195
35536,yolo_x_cpu,202
35537,yolo_x_cpu,177
35538,yolo_x_cpu,165
35539,yolo_x_cpu,159
35540,yolo_x_cpu,148
35541,yolo_x_cpu,170
35542,yolo_x_cpu,146
35543,yolo_x_cpu,161
35544,yolo_x_cpu,158
35545,yolo_x_cpu,136
35546,yolo_x_cpu,155
35547,yolo_x_cpu,177
35548,yolo_x_cpu,173
35549,yolo_x_cpu,184
35550,yolo_x_cpu,176
35551,yolo_x_cpu,147
35552,yolo_x_cpu,147
35553,yolo_x_cpu,149
35554,yolo_x_cpu,147
35555,yolo_x_cpu,159
35556,yolo_x_cpu,162
35557,yolo_x_cpu,156
35558,yolo_x_cpu,163
35559,yolo_x_cpu,146
35560,yolo_x_cpu,159
35561,yolo_x_cpu,138
35562,yolo_x_cpu,136
35563,yolo_x_cpu,150
35564,yolo_x_cpu,144
35565,yolo_x_cpu,144
35566,yolo_x_cpu,128
35567,yolo_x_cpu,125
35568,yolo_x_cpu,110
35569,yolo_x_cpu,108
35570,yolo_x_cpu,109
35571,yolo_x_cpu,121
35572,yolo_x_cpu,127
35573,yolo_x_cpu,123
35574,yolo_x_cpu,145
35575,yolo_x_cpu,148
35576,yolo_x_cpu,125
35577,yolo_x_cpu,135
35578,yolo_x_cpu,118
35579,yolo_x_cpu,142
35580,yolo_x_cpu,121
35581,yolo_x_cpu,130
35582,yolo_x_cpu,122
35583,yolo_x_cpu,88
35584,yolo_x_cpu,124
35585,yolo_x_cpu,111
35586,yolo_x_cpu,99
35587,yolo_x_cpu,76
35588,yolo_x_cpu,79
35589,yolo_x_cpu,77
35590,yolo_x_cpu,91
35591,yolo_x_cpu,100
35592,yolo_x_cpu,95
35593,yolo_x_cpu,114
35594,yolo_x_cpu,117
35595,yolo_x_cpu,108
35596,yolo_x_cpu,108
35597,yolo_x_cpu,116
35598,yolo_x_cpu,94
35599,yolo_x_cpu,125
35600,yolo_x_cpu,128
35601,yolo_x_cpu,116
35602,yolo_x_cpu,97
35603,yolo_x_cpu,96
35604,yolo_x_cpu,77
35605,yolo_x_cpu,96
35606,yolo_x_cpu,91
35607,yolo_x_cpu,93
35608,yolo_x_cpu,72
35609,yolo_x_cpu,63
35610,yolo_x_cpu,71
35611,yolo_x_cpu,68
35612,yolo_x_cpu,78
35613,yolo_x_cpu,74
35614,yolo_x_cpu,77
35615,yolo_x_cpu,69
35616,yolo_x_cpu,83
35617,yolo_x_cpu,52
35618,yolo_x_cpu,83
35619,yolo_x_cpu,84
35620,yolo_x_cpu,99
35621,yolo_x_cpu,85
35622,yolo_x_cpu,86
35623,yolo_x_cpu,63
35624,yolo_x_cpu,60
35625,yolo_x_cpu,74
35626,yolo_x_cpu,82
35627,yolo_x_cpu,77
35628,yolo_x_cpu,66
35629,yolo_x_cpu,74
35630,yolo_x_cpu,86
35631,yolo_x_cpu,69
35632,yolo_x_cpu,65
35633,yolo_x_cpu,69
35634,yolo_x_cpu,48
35635,yolo_x_cpu,47
35636,yolo_x_cpu,42
35637,yolo_x_cpu,40
35638,yolo_x_cpu,61
35639,yolo_x_cpu,50
35640,yolo_x_cpu,42
35641,yolo_x_cpu,42
35642,yolo_x_cpu,33
35643,yolo_x_cpu,22
35644,yolo_x_cpu,46
35645,yolo_x_cpu,37
35646,yolo_x_cpu,30
35647,yolo_x_cpu,42
35648,yolo_x_cpu,48
35649,yolo_x_cpu,31
35650,yolo_x_cpu,35
35651,yolo_x_cpu,31
35652,yolo_x_cpu,44
35653,yolo_x_cpu,46
35654,yolo_x_cpu,40
35655,yolo_x_cpu,37
35656,yolo_x_cpu,31
35657,yolo_x_cpu,28
35658,yolo_x_cpu,29
35659,yolo_x_cpu,27
35660,yolo_x_cpu,36
35661,yolo_x_cpu,24
35662,yolo_x_cpu,32
35663,yolo_x_cpu,34
35664,yolo_x_cpu,32
35665,yolo_x_cpu,34
35666,yolo_x_cpu,39
35667,yolo_x_cpu,31
35668,yolo_x_cpu,37
35669,yolo_x_cpu,24
35670,yolo_x_cpu,14
35671,yolo_x_cpu,15
35672,yolo_x_cpu,17
35673,yolo_x_cpu,24
35674,yolo_x_cpu,19
35675,yolo_x_cpu,24
35676,yolo_x_cpu,26
35677,yolo_x_cpu,28
35678,yolo_x_cpu,19
35679,yolo_x_cpu,27
35680,yolo_x_cpu,40
35681,yolo_x_cpu,20
35682,yolo_x_cpu,32
35683,yolo_x_cpu,34
35684,yolo_x_cpu,34
35685,yolo_x_cpu,25
35686,yolo_x_cpu,19
35687,yolo_x_cpu,25
35688,yolo_x_cpu,25
35689,yolo_x_cpu,35
35690,yolo_x_cpu,30
35691,yolo_x_cpu,34
35692,yolo_x_cpu,20
35693,yolo_x_cpu,24
35694,yolo_x_cpu,29
35695,yolo_x_cpu,29
35696,yolo_x_cpu,33
35697,yolo_x_cpu,35
35698,yolo_x_cpu,46
35699,yolo_x_cpu,37
35700,yolo_x_cpu,66
35701,yolo_x_cpu,2049
35702,yolo_x_cpu,2232
35703,yolo_x_cpu,1674
35704,yolo_x_cpu,565
35705,yolo_x_cpu,501
35706,yolo_x_cpu,505
35707,yolo_x_cpu,408
35708,yolo_x_cpu,230
35709,yolo_x_cpu,241
35710,yolo_x_cpu,241
35711,yolo_x_cpu,299
35712,yolo_x_cpu,440
35713,yolo_x_cpu,606
35714,yolo_x_cpu,581
35715,yolo_x_cpu,470
35716,yolo_x_cpu,496
35717,yolo_x_cpu,393
35718,yolo_x_cpu,394
35719,yolo_x_cpu,442
35720,yolo_x_cpu,317
35721,yolo_x_cpu,247
35722,yolo_x_cpu,226
35723,yolo_x_cpu,211
35724,yolo_x_cpu,219
35725,yolo_x_cpu,202
35726,yolo_x_cpu,218
35727,yolo_x_cpu,232
35728,yolo_x_cpu,276
35729,yolo_x_cpu,222
35730,yolo_x_cpu,231
35731,yolo_x_cpu,224
35732,yolo_x_cpu,196
35733,yolo_x_cpu,196
35734,yolo_x_cpu,198
35735,yolo_x_cpu,228
35736,yolo_x_cpu,215
35737,yolo_x_cpu,278
35738,yolo_x_cpu,231
35739,yolo_x_cpu,262
35740,yolo_x_cpu,297
35741,yolo_x_cpu,180
35742,yolo_x_cpu,156
35743,yolo_x_cpu,146
35744,yolo_x_cpu,134
35745,yolo_x_cpu,126
35746,yolo_x_cpu,162
35747,yolo_x_cpu,162
35748,yolo_x_cpu,135
35749,yolo_x_cpu,236
35750,yolo_x_cpu,154
35751,yolo_x_cpu,161
35752,yolo_x_cpu,165
35753,yolo_x_cpu,170
35754,yolo_x_cpu,167
35755,yolo_x_cpu,117
35756,yolo_x_cpu,134
35757,yolo_x_cpu,104
35758,yolo_x_cpu,84
35759,yolo_x_cpu,88
35760,yolo_x_cpu,101
35761,yolo_x_cpu,99
35762,yolo_x_cpu,72
35763,yolo_x_cpu,82
35764,yolo_x_cpu,135
35765,yolo_x_cpu,124
35766,yolo_x_cpu,172
35767,yolo_x_cpu,243
35768,yolo_x_cpu,266
35769,yolo_x_cpu,320
35770,yolo_x_cpu,337
35771,yolo_x_cpu,306
35772,yolo_x_cpu,237
35773,yolo_x_cpu,193
35774,yolo_x_cpu,160
35775,yolo_x_cpu,156
35776,yolo_x_cpu,156
35777,yolo_x_cpu,150
35778,yolo_x_cpu,134
35779,yolo_x_cpu,151
35780,yolo_x_cpu,112
35781,yolo_x_cpu,123
35782,yolo_x_cpu,103
35783,yolo_x_cpu,110
35784,yolo_x_cpu,105
35785,yolo_x_cpu,107
35786,yolo_x_cpu,92
35787,yolo_x_cpu,88
35788,yolo_x_cpu,93
35789,yolo_x_cpu,84
35790,yolo_x_cpu,102
35791,yolo_x_cpu,105
35792,yolo_x_cpu,112
35793,yolo_x_cpu,95
35794,yolo_x_cpu,85
35795,yolo_x_cpu,86
35796,yolo_x_cpu,128
35797,yolo_x_cpu,123
35798,yolo_x_cpu,179
35799,yolo_x_cpu,153
35800,yolo_x_cpu,143
35801,yolo_x_cpu,147
35802,yolo_x_cpu,155
35803,yolo_x_cpu,155
35804,yolo_x_cpu,169
35805,yolo_x_cpu,141
35806,yolo_x_cpu,124
35807,yolo_x_cpu,106
35808,yolo_x_cpu,103
35809,yolo_x_cpu,95
35810,yolo_x_cpu,92
35811,yolo_x_cpu,101
35812,yolo_x_cpu,76
35813,yolo_x_cpu,62
35814,yolo_x_cpu,70
35815,yolo_x_cpu,51
35816,yolo_x_cpu,58
35817,yolo_x_cpu,49
35818,yolo_x_cpu,53
35819,yolo_x_cpu,49
35820,yolo_x_cpu,34
35821,yolo_x_cpu,36
35822,yolo_x_cpu,38
35823,yolo_x_cpu,40
35824,yolo_x_cpu,49
35825,yolo_x_cpu,43
35826,yolo_x_cpu,51
35827,yolo_x_cpu,39
35828,yolo_x_cpu,41
35829,yolo_x_cpu,45
35830,yolo_x_cpu,58
35831,yolo_x_cpu,49
35832,yolo_x_cpu,57
35833,yolo_x_cpu,62
35834,yolo_x_cpu,62
35835,yolo_x_cpu,65
35836,yolo_x_cpu,85
35837,yolo_x_cpu,79
35838,yolo_x_cpu,73
35839,yolo_x_cpu,68
35840,yolo_x_cpu,59
35841,yolo_x_cpu,42
35842,yolo_x_cpu,56
35843,yolo_x_cpu,49
35844,yolo_x_cpu,46
35845,yolo_x_cpu,40
35846,yolo_x_cpu,52
35847,yolo_x_cpu,59
35848,yolo_x_cpu,52
35849,yolo_x_cpu,47
35850,yolo_x_cpu,45
35851,yolo_x_cpu,45
35852,yolo_x_cpu,36
35853,yolo_x_cpu,38
35854,yolo_x_cpu,48
35855,yolo_x_cpu,38
35856,yolo_x_cpu,39
35857,yolo_x_cpu,37
35858,yolo_x_cpu,46
35859,yolo_x_cpu,49
35860,yolo_x_cpu,40
35861,yolo_x_cpu,36
35862,yolo_x_cpu,34
35863,yolo_x_cpu,24
35864,yolo_x_cpu,36
35865,yolo_x_cpu,32
35866,yolo_x_cpu,28
35867,yolo_x_cpu,41
35868,yolo_x_cpu,46
35869,yolo_x_cpu,36
35870,yolo_x_cpu,27
35871,yolo_x_cpu,31
35872,yolo_x_cpu,31
35873,yolo_x_cpu,25
35874,yolo_x_cpu,38
35875,yolo_x_cpu,32
35876,yolo_x_cpu,52
35877,yolo_x_cpu,48
35878,yolo_x_cpu,43
35879,yolo_x_cpu,41
35880,yolo_x_cpu,57
35881,yolo_x_cpu,57
35882,yolo_x_cpu,39
35883,yolo_x_cpu,35
35884,yolo_x_cpu,36
35885,yolo_x_cpu,27
35886,yolo_x_cpu,43
35887,yolo_x_cpu,61
35888,yolo_x_cpu,61
35889,yolo_x_cpu,49
35890,yolo_x_cpu,49
35891,yolo_x_cpu,60
35892,yolo_x_cpu,81
35893,yolo_x_cpu,80
35894,yolo_x_cpu,83
35895,yolo_x_cpu,82
35896,yolo_x_cpu,82
35897,yolo_x_cpu,84
35898,yolo_x_cpu,73
35899,yolo_x_cpu,79
35900,yolo_x_cpu,109
35901,yolo_x_cpu,90
35902,yolo_x_cpu,85
35903,yolo_x_cpu,91
35904,yolo_x_cpu,101
35905,yolo_x_cpu,109
35906,yolo_x_cpu,110
35907,yolo_x_cpu,113
35908,yolo_x_cpu,133
35909,yolo_x_cpu,136
35910,yolo_x_cpu,135
35911,yolo_x_cpu,148
35912,yolo_x_cpu,136
35913,yolo_x_cpu,164
35914,yolo_x_cpu,177
35915,yolo_x_cpu,191
35916,yolo_x_cpu,170
35917,yolo_x_cpu,188
35918,yolo_x_cpu,197
35919,yolo_x_cpu,221
35920,yolo_x_cpu,233
35921,yolo_x_cpu,239
35922,yolo_x_cpu,225
35923,yolo_x_cpu,244
35924,yolo_x_cpu,259
35925,yolo_x_cpu,250
35926,yolo_x_cpu,272
35927,yolo_x_cpu,295
35928,yolo_x_cpu,310
35929,yolo_x_cpu,283
35930,yolo_x_cpu,298
35931,yolo_x_cpu,286
35932,yolo_x_cpu,319
35933,yolo_x_cpu,343
35934,yolo_x_cpu,314
35935,yolo_x_cpu,339
35936,yolo_x_cpu,366
35937,yolo_x_cpu,368
35938,yolo_x_cpu,361
35939,yolo_x_cpu,403
35940,yolo_x_cpu,389
35941,yolo_x_cpu,404
35942,yolo_x_cpu,421
35943,yolo_x_cpu,393
35944,yolo_x_cpu,404
35945,yolo_x_cpu,421
35946,yolo_x_cpu,389
35947,yolo_x_cpu,360
35948,yolo_x_cpu,422
35949,yolo_x_cpu,410
35950,yolo_x_cpu,430
35951,yolo_x_cpu,456
35952,yolo_x_cpu,468
35953,yolo_x_cpu,521
35954,yolo_x_cpu,561
35955,yolo_x_cpu,530
35956,yolo_x_cpu,538
35957,yolo_x_cpu,606
35958,yolo_x_cpu,615
35959,yolo_x_cpu,579
35960,yolo_x_cpu,541
35961,yolo_x_cpu,579
35962,yolo_x_cpu,671
35963,yolo_x_cpu,628
35964,yolo_x_cpu,650
35965,yolo_x_cpu,612
35966,yolo_x_cpu,619
35967,yolo_x_cpu,653
35968,yolo_x_cpu,697
35969,yolo_x_cpu,739
35970,yolo_x_cpu,757
35971,yolo_x_cpu,800
35972,yolo_x_cpu,805
35973,yolo_x_cpu,831
35974,yolo_x_cpu,816
35975,yolo_x_cpu,873
35976,yolo_x_cpu,903
35977,yolo_x_cpu,900
35978,yolo_x_cpu,904
35979,yolo_x_cpu,889
35980,yolo_x_cpu,886
35981,yolo_x_cpu,878
35982,yolo_x_cpu,923
35983,yolo_x_cpu,894
35984,yolo_x_cpu,905
35985,yolo_x_cpu,920
35986,yolo_x_cpu,1014
35987,yolo_x_cpu,1059
35988,yolo_x_cpu,1107
35989,yolo_x_cpu,1058
35990,yolo_x_cpu,1020
35991,yolo_x_cpu,980
35992,yolo_x_cpu,1055
35993,yolo_x_cpu,1020
35994,yolo_x_cpu,1045
35995,yolo_x_cpu,1031
35996,yolo_x_cpu,1022
35997,yolo_x_cpu,988
35998,yolo_x_cpu,943
35999,yolo_x_cpu,924
36000,yolo_x_cpu,1038
36001,yolo_x_cpu,1082
36002,yolo_x_cpu,987
36003,yolo_x_cpu,1068
36004,yolo_x_cpu,1097
36005,yolo_x_cpu,1031
36006,yolo_x_cpu,1099
36007,yolo_x_cpu,1095
36008,yolo_x_cpu,1078
36009,yolo_x_cpu,1052
36010,yolo_x_cpu,1113
36011,yolo_x_cpu,1076
36012,yolo_x_cpu,1074
36013,yolo_x_cpu,1022
36014,yolo_x_cpu,1013
36015,yolo_x_cpu,990
36016,yolo_x_cpu,971
36017,yolo_x_cpu,941
36018,yolo_x_cpu,934
36019,yolo_x_cpu,929
36020,yolo_x_cpu,931
36021,yolo_x_cpu,936
36022,yolo_x_cpu,927
36023,yolo_x_cpu,971
36024,yolo_x_cpu,939
36025,yolo_x_cpu,925
36026,yolo_x_cpu,922
36027,yolo_x_cpu,972
36028,yolo_x_cpu,930
36029,yolo_x_cpu,930
36030,yolo_x_cpu,937
36031,yolo_x_cpu,932
36032,yolo_x_cpu,918
36033,yolo_x_cpu,952
36034,yolo_x_cpu,936
36035,yolo_x_cpu,983
36036,yolo_x_cpu,907
36037,yolo_x_cpu,941
36038,yolo_x_cpu,922
36039,yolo_x_cpu,979
36040,yolo_x_cpu,979
36041,yolo_x_cpu,1000
36042,yolo_x_cpu,972
36043,yolo_x_cpu,964
36044,yolo_x_cpu,979
36045,yolo_x_cpu,985
36046,yolo_x_cpu,970
36047,yolo_x_cpu,940
36048,yolo_x_cpu,932
36049,yolo_x_cpu,915
36050,yolo_x_cpu,851
36051,yolo_x_cpu,918
36052,yolo_x_cpu,919
36053,yolo_x_cpu,945
36054,yolo_x_cpu,952
36055,yolo_x_cpu,1014
36056,yolo_x_cpu,986
36057,yolo_x_cpu,1030
36058,yolo_x_cpu,947
36059,yolo_x_cpu,959
36060,yolo_x_cpu,921
36061,yolo_x_cpu,900
36062,yolo_x_cpu,840
36063,yolo_x_cpu,941
36064,yolo_x_cpu,935
36065,yolo_x_cpu,925
36066,yolo_x_cpu,975
36067,yolo_x_cpu,1017
36068,yolo_x_cpu,1040
36069,yolo_x_cpu,1019
36070,yolo_x_cpu,1051
36071,yolo_x_cpu,1055
36072,yolo_x_cpu,1032
36073,yolo_x_cpu,998
36074,yolo_x_cpu,955
36075,yolo_x_cpu,1030
36076,yolo_x_cpu,997
36077,yolo_x_cpu,1013
36078,yolo_x_cpu,1005
36079,yolo_x_cpu,1014
36080,yolo_x_cpu,976
36081,yolo_x_cpu,1011
36082,yolo_x_cpu,1019
36083,yolo_x_cpu,951
36084,yolo_x_cpu,964
36085,yolo_x_cpu,954
36086,yolo_x_cpu,949
36087,yolo_x_cpu,971
36088,yolo_x_cpu,922
36089,yolo_x_cpu,869
36090,yolo_x_cpu,937
36091,yolo_x_cpu,904
36092,yolo_x_cpu,911
36093,yolo_x_cpu,908
36094,yolo_x_cpu,934
36095,yolo_x_cpu,898
36096,yolo_x_cpu,975
36097,yolo_x_cpu,1024
36098,yolo_x_cpu,1050
36099,yolo_x_cpu,1054
36100,yolo_x_cpu,1027
36101,yolo_x_cpu,988
36102,yolo_x_cpu,1067
36103,yolo_x_cpu,1020
36104,yolo_x_cpu,1094
36105,yolo_x_cpu,1053
36106,yolo_x_cpu,1039
36107,yolo_x_cpu,1047
36108,yolo_x_cpu,1065
36109,yolo_x_cpu,1020
36110,yolo_x_cpu,1105
36111,yolo_x_cpu,1091
36112,yolo_x_cpu,1161
36113,yolo_x_cpu,1084
36114,yolo_x_cpu,1118
36115,yolo_x_cpu,1029
36116,yolo_x_cpu,1114
36117,yolo_x_cpu,1091
36118,yolo_x_cpu,1107
36119,yolo_x_cpu,1112
36120,yolo_x_cpu,1143
36121,yolo_x_cpu,1234
36122,yolo_x_cpu,1084
36123,yolo_x_cpu,1119
36124,yolo_x_cpu,1108
36125,yolo_x_cpu,1147
36126,yolo_x_cpu,1081
36127,yolo_x_cpu,1145
36128,yolo_x_cpu,1191
36129,yolo_x_cpu,1172
36130,yolo_x_cpu,1207
36131,yolo_x_cpu,1206
36132,yolo_x_cpu,1215
36133,yolo_x_cpu,1144
36134,yolo_x_cpu,1097
36135,yolo_x_cpu,1113
36136,yolo_x_cpu,1031
36137,yolo_x_cpu,1028
36138,yolo_x_cpu,1052
36139,yolo_x_cpu,1017
36140,yolo_x_cpu,992
36141,yolo_x_cpu,1028
36142,yolo_x_cpu,1029
36143,yolo_x_cpu,1047
36144,yolo_x_cpu,1070
36145,yolo_x_cpu,1040
36146,yolo_x_cpu,1052
36147,yolo_x_cpu,1058
36148,yolo_x_cpu,1110
36149,yolo_x_cpu,1041
36150,yolo_x_cpu,1078
36151,yolo_x_cpu,1068
36152,yolo_x_cpu,961
36153,yolo_x_cpu,974
36154,yolo_x_cpu,1091
36155,yolo_x_cpu,1117
36156,yolo_x_cpu,1068
36157,yolo_x_cpu,1042
36158,yolo_x_cpu,1026
36159,yolo_x_cpu,1101
36160,yolo_x_cpu,1102
36161,yolo_x_cpu,1134
36162,yolo_x_cpu,1121
36163,yolo_x_cpu,1094
36164,yolo_x_cpu,1029
36165,yolo_x_cpu,1128
36166,yolo_x_cpu,1077
36167,yolo_x_cpu,1030
36168,yolo_x_cpu,1069
36169,yolo_x_cpu,1023
36170,yolo_x_cpu,993
36171,yolo_x_cpu,1021
36172,yolo_x_cpu,1029
36173,yolo_x_cpu,1041
36174,yolo_x_cpu,1044
36175,yolo_x_cpu,1086
36176,yolo_x_cpu,1059
36177,yolo_x_cpu,1066
36178,yolo_x_cpu,1159
36179,yolo_x_cpu,1131
36180,yolo_x_cpu,1130
36181,yolo_x_cpu,999
36182,yolo_x_cpu,1027
36183,yolo_x_cpu,1061
36184,yolo_x_cpu,1051
36185,yolo_x_cpu,996
36186,yolo_x_cpu,976
36187,yolo_x_cpu,968
36188,yolo_x_cpu,997
36189,yolo_x_cpu,929
36190,yolo_x_cpu,974
36191,yolo_x_cpu,905
36192,yolo_x_cpu,928
36193,yolo_x_cpu,957
36194,yolo_x_cpu,965
36195,yolo_x_cpu,952
36196,yolo_x_cpu,1084
36197,yolo_x_cpu,1064
36198,yolo_x_cpu,983
36199,yolo_x_cpu,1017
36200,yolo_x_cpu,1004
36201,yolo_x_cpu,991
36202,yolo_x_cpu,967
36203,yolo_x_cpu,1026
36204,yolo_x_cpu,952
36205,yolo_x_cpu,1022
36206,yolo_x_cpu,1017
36207,yolo_x_cpu,1027
36208,yolo_x_cpu,1050
36209,yolo_x_cpu,1043
36210,yolo_x_cpu,1040
36211,yolo_x_cpu,1038
36212,yolo_x_cpu,986
36213,yolo_x_cpu,1065
36214,yolo_x_cpu,1001
36215,yolo_x_cpu,977
36216,yolo_x_cpu,996
36217,yolo_x_cpu,963
36218,yolo_x_cpu,999
36219,yolo_x_cpu,1027
36220,yolo_x_cpu,1050
36221,yolo_x_cpu,995
36222,yolo_x_cpu,966
36223,yolo_x_cpu,1061
36224,yolo_x_cpu,1013
36225,yolo_x_cpu,1006
36226,yolo_x_cpu,975
36227,yolo_x_cpu,972
36228,yolo_x_cpu,955
36229,yolo_x_cpu,987
36230,yolo_x_cpu,1009
36231,yolo_x_cpu,961
36232,yolo_x_cpu,985
36233,yolo_x_cpu,980
36234,yolo_x_cpu,1005
36235,yolo_x_cpu,1043
36236,yolo_x_cpu,1015
36237,yolo_x_cpu,1002
36238,yolo_x_cpu,1052
36239,yolo_x_cpu,1049
36240,yolo_x_cpu,1017
36241,yolo_x_cpu,986
36242,yolo_x_cpu,989
36243,yolo_x_cpu,977
36244,yolo_x_cpu,982
36245,yolo_x_cpu,950
36246,yolo_x_cpu,954
36247,yolo_x_cpu,1001
36248,yolo_x_cpu,1058
36249,yolo_x_cpu,991
36250,yolo_x_cpu,1016
36251,yolo_x_cpu,994
36252,yolo_x_cpu,980
36253,yolo_x_cpu,1069
36254,yolo_x_cpu,1073
36255,yolo_x_cpu,992
36256,yolo_x_cpu,1001
36257,yolo_x_cpu,1002
36258,yolo_x_cpu,1094
36259,yolo_x_cpu,1029
36260,yolo_x_cpu,1047
36261,yolo_x_cpu,1026
36262,yolo_x_cpu,1050
36263,yolo_x_cpu,1084
36264,yolo_x_cpu,1046
36265,yolo_x_cpu,1006
36266,yolo_x_cpu,1006
36267,yolo_x_cpu,970
36268,yolo_x_cpu,962
36269,yolo_x_cpu,985
36270,yolo_x_cpu,981
36271,yolo_x_cpu,991
36272,yolo_x_cpu,962
36273,yolo_x_cpu,974
36274,yolo_x_cpu,930
36275,yolo_x_cpu,916
36276,yolo_x_cpu,890
36277,yolo_x_cpu,996
36278,yolo_x_cpu,1035
36279,yolo_x_cpu,969
36280,yolo_x_cpu,958
36281,yolo_x_cpu,925
36282,yolo_x_cpu,956
36283,yolo_x_cpu,957
36284,yolo_x_cpu,961
36285,yolo_x_cpu,981
36286,yolo_x_cpu,979
36287,yolo_x_cpu,971
36288,yolo_x_cpu,930
36289,yolo_x_cpu,959
36290,yolo_x_cpu,935
36291,yolo_x_cpu,921
36292,yolo_x_cpu,909
36293,yolo_x_cpu,925
36294,yolo_x_cpu,876
36295,yolo_x_cpu,940
36296,yolo_x_cpu,972
36297,yolo_x_cpu,940
36298,yolo_x_cpu,935
36299,yolo_x_cpu,927
36300,yolo_x_cpu,926
36301,yolo_x_cpu,995
36302,yolo_x_cpu,973
36303,yolo_x_cpu,916
36304,yolo_x_cpu,966
36305,yolo_x_cpu,940
36306,yolo_x_cpu,969
36307,yolo_x_cpu,970
36308,yolo_x_cpu,996
36309,yolo_x_cpu,928
36310,yolo_x_cpu,910
36311,yolo_x_cpu,879
36312,yolo_x_cpu,886
36313,yolo_x_cpu,896
36314,yolo_x_cpu,956
36315,yolo_x_cpu,1004
36316,yolo_x_cpu,1025
36317,yolo_x_cpu,1034
36318,yolo_x_cpu,1077
36319,yolo_x_cpu,1110
36320,yolo_x_cpu,1085
36321,yolo_x_cpu,1092
36322,yolo_x_cpu,1146
36323,yolo_x_cpu,1109
36324,yolo_x_cpu,1065
36325,yolo_x_cpu,1077
36326,yolo_x_cpu,1105
36327,yolo_x_cpu,1113
36328,yolo_x_cpu,1170
36329,yolo_x_cpu,1127
36330,yolo_x_cpu,1174
36331,yolo_x_cpu,1122
36332,yolo_x_cpu,1125
36333,yolo_x_cpu,1087
36334,yolo_x_cpu,1102
36335,yolo_x_cpu,1075
36336,yolo_x_cpu,1107
36337,yolo_x_cpu,1149
36338,yolo_x_cpu,1123
36339,yolo_x_cpu,1090
36340,yolo_x_cpu,1074
36341,yolo_x_cpu,1076
36342,yolo_x_cpu,1071
36343,yolo_x_cpu,1008
36344,yolo_x_cpu,1028
36345,yolo_x_cpu,1054
36346,yolo_x_cpu,1068
36347,yolo_x_cpu,1038
36348,yolo_x_cpu,1144
36349,yolo_x_cpu,1148
36350,yolo_x_cpu,1116
36351,yolo_x_cpu,1226
36352,yolo_x_cpu,1104
36353,yolo_x_cpu,1148
36354,yolo_x_cpu,1122
36355,yolo_x_cpu,1201
36356,yolo_x_cpu,1107
36357,yolo_x_cpu,1055
36358,yolo_x_cpu,1111
36359,yolo_x_cpu,1052
36360,yolo_x_cpu,1109
36361,yolo_x_cpu,1102
36362,yolo_x_cpu,1096
36363,yolo_x_cpu,1147
36364,yolo_x_cpu,1131
36365,yolo_x_cpu,1144
36366,yolo_x_cpu,1160
36367,yolo_x_cpu,1121
36368,yolo_x_cpu,1213
36369,yolo_x_cpu,1207
36370,yolo_x_cpu,1109
36371,yolo_x_cpu,1149
36372,yolo_x_cpu,1196
36373,yolo_x_cpu,1150
36374,yolo_x_cpu,1204
36375,yolo_x_cpu,1180
36376,yolo_x_cpu,1185
36377,yolo_x_cpu,1217
36378,yolo_x_cpu,1165
36379,yolo_x_cpu,1175
36380,yolo_x_cpu,1134
36381,yolo_x_cpu,1097
36382,yolo_x_cpu,1098
36383,yolo_x_cpu,1204
36384,yolo_x_cpu,1228
36385,yolo_x_cpu,1213
36386,yolo_x_cpu,1139
36387,yolo_x_cpu,1166
36388,yolo_x_cpu,1168
36389,yolo_x_cpu,1177
36390,yolo_x_cpu,1160
36391,yolo_x_cpu,1163
36392,yolo_x_cpu,1095
36393,yolo_x_cpu,1077
36394,yolo_x_cpu,1059
36395,yolo_x_cpu,1082
36396,yolo_x_cpu,1115
36397,yolo_x_cpu,1114
36398,yolo_x_cpu,1093
36399,yolo_x_cpu,1133
36400,yolo_x_cpu,1136
36401,yolo_x_cpu,1092
36402,yolo_x_cpu,1138
36403,yolo_x_cpu,1114
36404,yolo_x_cpu,1111
36405,yolo_x_cpu,1161
36406,yolo_x_cpu,1166
36407,yolo_x_cpu,1220
36408,yolo_x_cpu,1185
36409,yolo_x_cpu,1158
36410,yolo_x_cpu,1147
36411,yolo_x_cpu,1201
36412,yolo_x_cpu,1181
36413,yolo_x_cpu,1214
36414,yolo_x_cpu,1201
36415,yolo_x_cpu,1221
36416,yolo_x_cpu,1209
36417,yolo_x_cpu,1212
36418,yolo_x_cpu,1275
36419,yolo_x_cpu,1257
36420,yolo_x_cpu,1273
36421,yolo_x_cpu,1198
36422,yolo_x_cpu,1280
36423,yolo_x_cpu,1269
36424,yolo_x_cpu,1296
36425,yolo_x_cpu,1285
36426,yolo_x_cpu,1253
36427,yolo_x_cpu,1261
36428,yolo_x_cpu,1240
36429,yolo_x_cpu,1303
36430,yolo_x_cpu,1213
36431,yolo_x_cpu,1173
36432,yolo_x_cpu,1098
36433,yolo_x_cpu,1164
36434,yolo_x_cpu,1172
36435,yolo_x_cpu,1164
36436,yolo_x_cpu,1153
36437,yolo_x_cpu,1168
36438,yolo_x_cpu,1204
36439,yolo_x_cpu,1220
36440,yolo_x_cpu,1238
36441,yolo_x_cpu,1205
36442,yolo_x_cpu,1220
36443,yolo_x_cpu,1186
36444,yolo_x_cpu,1252
36445,yolo_x_cpu,1243
36446,yolo_x_cpu,1186
36447,yolo_x_cpu,1133
36448,yolo_x_cpu,1102
36449,yolo_x_cpu,1087
36450,yolo_x_cpu,1135
36451,yolo_x_cpu,1164
36452,yolo_x_cpu,1132
36453,yolo_x_cpu,1141
36454,yolo_x_cpu,1173
36455,yolo_x_cpu,1138
36456,yolo_x_cpu,1143
36457,yolo_x_cpu,1159
36458,yolo_x_cpu,1120
36459,yolo_x_cpu,1109
36460,yolo_x_cpu,1130
36461,yolo_x_cpu,1182
36462,yolo_x_cpu,1229
36463,yolo_x_cpu,1167
36464,yolo_x_cpu,1156
36465,yolo_x_cpu,1127
36466,yolo_x_cpu,1158
36467,yolo_x_cpu,1112
36468,yolo_x_cpu,1130
36469,yolo_x_cpu,1150
36470,yolo_x_cpu,1072
36471,yolo_x_cpu,1147
36472,yolo_x_cpu,1120
36473,yolo_x_cpu,1073
36474,yolo_x_cpu,1139
36475,yolo_x_cpu,1112
36476,yolo_x_cpu,1117
36477,yolo_x_cpu,1030
36478,yolo_x_cpu,1107
36479,yolo_x_cpu,1143
36480,yolo_x_cpu,1070
36481,yolo_x_cpu,1042
36482,yolo_x_cpu,1078
36483,yolo_x_cpu,1112
36484,yolo_x_cpu,1137
36485,yolo_x_cpu,1128
36486,yolo_x_cpu,1094
36487,yolo_x_cpu,1159
36488,yolo_x_cpu,1160
36489,yolo_x_cpu,1183
36490,yolo_x_cpu,1088
36491,yolo_x_cpu,1078
36492,yolo_x_cpu,1151
36493,yolo_x_cpu,1158
36494,yolo_x_cpu,1202
36495,yolo_x_cpu,1114
36496,yolo_x_cpu,1150
36497,yolo_x_cpu,1225
36498,yolo_x_cpu,1213
36499,yolo_x_cpu,1158
36500,yolo_x_cpu,1137
36501,yolo_x_cpu,1163
36502,yolo_x_cpu,1133
36503,yolo_x_cpu,1126
36504,yolo_x_cpu,1126
36505,yolo_x_cpu,1178
36506,yolo_x_cpu,1207
36507,yolo_x_cpu,1178
36508,yolo_x_cpu,1178
36509,yolo_x_cpu,1204
36510,yolo_x_cpu,1168
36511,yolo_x_cpu,1155
36512,yolo_x_cpu,1169
36513,yolo_x_cpu,1279
36514,yolo_x_cpu,1288
36515,yolo_x_cpu,1313
36516,yolo_x_cpu,1299
36517,yolo_x_cpu,1321
36518,yolo_x_cpu,1353
36519,yolo_x_cpu,1322
36520,yolo_x_cpu,1350
36521,yolo_x_cpu,1361
36522,yolo_x_cpu,1382
36523,yolo_x_cpu,1372
36524,yolo_x_cpu,1344
36525,yolo_x_cpu,1232
36526,yolo_x_cpu,1227
36527,yolo_x_cpu,1252
36528,yolo_x_cpu,1271
36529,yolo_x_cpu,1267
36530,yolo_x_cpu,1297
36531,yolo_x_cpu,1256
36532,yolo_x_cpu,1280
36533,yolo_x_cpu,1207
36534,yolo_x_cpu,1186
36535,yolo_x_cpu,1235
36536,yolo_x_cpu,1352
36537,yolo_x_cpu,1272
36538,yolo_x_cpu,1264
36539,yolo_x_cpu,1270
36540,yolo_x_cpu,1263
36541,yolo_x_cpu,1273
36542,yolo_x_cpu,1286
36543,yolo_x_cpu,1319
36544,yolo_x_cpu,1381
36545,yolo_x_cpu,1373
36546,yolo_x_cpu,1331
36547,yolo_x_cpu,1292
36548,yolo_x_cpu,1340
36549,yolo_x_cpu,1366
36550,yolo_x_cpu,1406
36551,yolo_x_cpu,1362
36552,yolo_x_cpu,1401
36553,yolo_x_cpu,1410
36554,yolo_x_cpu,1493
36555,yolo_x_cpu,1517
36556,yolo_x_cpu,1464
36557,yolo_x_cpu,1463
36558,yolo_x_cpu,1406
36559,yolo_x_cpu,1457
36560,yolo_x_cpu,1451
36561,yolo_x_cpu,1416
36562,yolo_x_cpu,1450
36563,yolo_x_cpu,1423
36564,yolo_x_cpu,1506
36565,yolo_x_cpu,1423
36566,yolo_x_cpu,1419
36567,yolo_x_cpu,1381
36568,yolo_x_cpu,1347
36569,yolo_x_cpu,1367
36570,yolo_x_cpu,1401
36571,yolo_x_cpu,1436
36572,yolo_x_cpu,1401
36573,yolo_x_cpu,1410
36574,yolo_x_cpu,1477
36575,yolo_x_cpu,1398
36576,yolo_x_cpu,1456
36577,yolo_x_cpu,1435
36578,yolo_x_cpu,1487
36579,yolo_x_cpu,1478
36580,yolo_x_cpu,1476
36581,yolo_x_cpu,1470
36582,yolo_x_cpu,1450
36583,yolo_x_cpu,1456
36584,yolo_x_cpu,1484
36585,yolo_x_cpu,1412
36586,yolo_x_cpu,1413
36587,yolo_x_cpu,1402
36588,yolo_x_cpu,1391
36589,yolo_x_cpu,1351
36590,yolo_x_cpu,1395
36591,yolo_x_cpu,1383
36592,yolo_x_cpu,1372
36593,yolo_x_cpu,1384
36594,yolo_x_cpu,1368
36595,yolo_x_cpu,1438
36596,yolo_x_cpu,1467
36597,yolo_x_cpu,1386
36598,yolo_x_cpu,1368
36599,yolo_x_cpu,1294
36600,yolo_x_cpu,1265
36601,yolo_x_cpu,1352
36602,yolo_x_cpu,1333
36603,yolo_x_cpu,1389
36604,yolo_x_cpu,1322
36605,yolo_x_cpu,1359
36606,yolo_x_cpu,1370
36607,yolo_x_cpu,1355
36608,yolo_x_cpu,1368
36609,yolo_x_cpu,1366
36610,yolo_x_cpu,1368
36611,yolo_x_cpu,1327
36612,yolo_x_cpu,1268
36613,yolo_x_cpu,1269
36614,yolo_x_cpu,1267
36615,yolo_x_cpu,1216
36616,yolo_x_cpu,1211
36617,yolo_x_cpu,1214
36618,yolo_x_cpu,1240
36619,yolo_x_cpu,1273
36620,yolo_x_cpu,1228
36621,yolo_x_cpu,1203
36622,yolo_x_cpu,1255
36623,yolo_x_cpu,1192
36624,yolo_x_cpu,1167
36625,yolo_x_cpu,1112
36626,yolo_x_cpu,1110
36627,yolo_x_cpu,1159
36628,yolo_x_cpu,1176
36629,yolo_x_cpu,1163
36630,yolo_x_cpu,1140
36631,yolo_x_cpu,1056
36632,yolo_x_cpu,1092
36633,yolo_x_cpu,1067
36634,yolo_x_cpu,1084
36635,yolo_x_cpu,1019
36636,yolo_x_cpu,980
36637,yolo_x_cpu,997
36638,yolo_x_cpu,1061
36639,yolo_x_cpu,1023
36640,yolo_x_cpu,995
36641,yolo_x_cpu,1014
36642,yolo_x_cpu,976
36643,yolo_x_cpu,975
36644,yolo_x_cpu,973
36645,yolo_x_cpu,974
36646,yolo_x_cpu,956
36647,yolo_x_cpu,978
36648,yolo_x_cpu,950
36649,yolo_x_cpu,938
36650,yolo_x_cpu,949
36651,yolo_x_cpu,1000
36652,yolo_x_cpu,935
36653,yolo_x_cpu,942
36654,yolo_x_cpu,900
36655,yolo_x_cpu,926
36656,yolo_x_cpu,897
36657,yolo_x_cpu,906
36658,yolo_x_cpu,883
36659,yolo_x_cpu,843
36660,yolo_x_cpu,856
36661,yolo_x_cpu,864
36662,yolo_x_cpu,843
36663,yolo_x_cpu,809
36664,yolo_x_cpu,864
36665,yolo_x_cpu,851
36666,yolo_x_cpu,815
36667,yolo_x_cpu,820
36668,yolo_x_cpu,892
36669,yolo_x_cpu,918
36670,yolo_x_cpu,914
36671,yolo_x_cpu,863
36672,yolo_x_cpu,808
36673,yolo_x_cpu,806
36674,yolo_x_cpu,845
36675,yolo_x_cpu,777
36676,yolo_x_cpu,812
36677,yolo_x_cpu,819
36678,yolo_x_cpu,837
36679,yolo_x_cpu,866
36680,yolo_x_cpu,763
36681,yolo_x_cpu,797
36682,yolo_x_cpu,908
36683,yolo_x_cpu,891
36684,yolo_x_cpu,836
36685,yolo_x_cpu,807
36686,yolo_x_cpu,828
36687,yolo_x_cpu,853
36688,yolo_x_cpu,906
36689,yolo_x_cpu,867
36690,yolo_x_cpu,912
36691,yolo_x_cpu,959
36692,yolo_x_cpu,859
36693,yolo_x_cpu,950
36694,yolo_x_cpu,903
36695,yolo_x_cpu,889
36696,yolo_x_cpu,860
36697,yolo_x_cpu,899
36698,yolo_x_cpu,896
36699,yolo_x_cpu,832
36700,yolo_x_cpu,844
36701,yolo_x_cpu,808
36702,yolo_x_cpu,885
36703,yolo_x_cpu,816
36704,yolo_x_cpu,835
36705,yolo_x_cpu,815
36706,yolo_x_cpu,832
36707,yolo_x_cpu,875
36708,yolo_x_cpu,836
36709,yolo_x_cpu,891
36710,yolo_x_cpu,887
36711,yolo_x_cpu,828
36712,yolo_x_cpu,865
36713,yolo_x_cpu,806
36714,yolo_x_cpu,780
36715,yolo_x_cpu,834
36716,yolo_x_cpu,859
36717,yolo_x_cpu,838
36718,yolo_x_cpu,824
36719,yolo_x_cpu,891
36720,yolo_x_cpu,858
36721,yolo_x_cpu,836
36722,yolo_x_cpu,872
36723,yolo_x_cpu,857
36724,yolo_x_cpu,792
36725,yolo_x_cpu,803
36726,yolo_x_cpu,783
36727,yolo_x_cpu,742
36728,yolo_x_cpu,736
36729,yolo_x_cpu,746
36730,yolo_x_cpu,732
36731,yolo_x_cpu,745
36732,yolo_x_cpu,813
36733,yolo_x_cpu,771
36734,yolo_x_cpu,748
36735,yolo_x_cpu,764
36736,yolo_x_cpu,777
36737,yolo_x_cpu,760
36738,yolo_x_cpu,782
36739,yolo_x_cpu,769
36740,yolo_x_cpu,707
36741,yolo_x_cpu,700
36742,yolo_x_cpu,765
36743,yolo_x_cpu,752
36744,yolo_x_cpu,730
36745,yolo_x_cpu,749
36746,yolo_x_cpu,770
36747,yolo_x_cpu,753
36748,yolo_x_cpu,842
36749,yolo_x_cpu,843
36750,yolo_x_cpu,843
36751,yolo_x_cpu,824
36752,yolo_x_cpu,832
36753,yolo_x_cpu,813
36754,yolo_x_cpu,832
36755,yolo_x_cpu,787
36756,yolo_x_cpu,813
36757,yolo_x_cpu,771
36758,yolo_x_cpu,787
36759,yolo_x_cpu,818
36760,yolo_x_cpu,758
36761,yolo_x_cpu,721
36762,yolo_x_cpu,748
36763,yolo_x_cpu,724
36764,yolo_x_cpu,713
36765,yolo_x_cpu,741
36766,yolo_x_cpu,687
36767,yolo_x_cpu,715
36768,yolo_x_cpu,675
36769,yolo_x_cpu,655
36770,yolo_x_cpu,658
36771,yolo_x_cpu,702
36772,yolo_x_cpu,723
36773,yolo_x_cpu,720
36774,yolo_x_cpu,737
36775,yolo_x_cpu,703
36776,yolo_x_cpu,731
36777,yolo_x_cpu,733
36778,yolo_x_cpu,751
36779,yolo_x_cpu,741
36780,yolo_x_cpu,712
36781,yolo_x_cpu,636
36782,yolo_x_cpu,664
36783,yolo_x_cpu,682
36784,yolo_x_cpu,722
36785,yolo_x_cpu,642
36786,yolo_x_cpu,659
36787,yolo_x_cpu,698
36788,yolo_x_cpu,650
36789,yolo_x_cpu,725
36790,yolo_x_cpu,685
36791,yolo_x_cpu,708
36792,yolo_x_cpu,661
36793,yolo_x_cpu,636
36794,yolo_x_cpu,610
36795,yolo_x_cpu,616
36796,yolo_x_cpu,694
36797,yolo_x_cpu,689
36798,yolo_x_cpu,688
36799,yolo_x_cpu,700
36800,yolo_x_cpu,679
36801,yolo_x_cpu,735
36802,yolo_x_cpu,712
36803,yolo_x_cpu,679
36804,yolo_x_cpu,707
36805,yolo_x_cpu,691
36806,yolo_x_cpu,759
36807,yolo_x_cpu,704
36808,yolo_x_cpu,701
36809,yolo_x_cpu,598
36810,yolo_x_cpu,643
36811,yolo_x_cpu,599
36812,yolo_x_cpu,557
36813,yolo_x_cpu,652
36814,yolo_x_cpu,597
36815,yolo_x_cpu,571
36816,yolo_x_cpu,624
36817,yolo_x_cpu,639
36818,yolo_x_cpu,604
36819,yolo_x_cpu,571
36820,yolo_x_cpu,519
36821,yolo_x_cpu,537
36822,yolo_x_cpu,585
36823,yolo_x_cpu,486
36824,yolo_x_cpu,621
36825,yolo_x_cpu,514
36826,yolo_x_cpu,451
36827,yolo_x_cpu,564
36828,yolo_x_cpu,589
36829,yolo_x_cpu,533
36830,yolo_x_cpu,577
36831,yolo_x_cpu,509
36832,yolo_x_cpu,518
36833,yolo_x_cpu,491
36834,yolo_x_cpu,589
36835,yolo_x_cpu,543
36836,yolo_x_cpu,501
36837,yolo_x_cpu,507
36838,yolo_x_cpu,570
36839,yolo_x_cpu,525
36840,yolo_x_cpu,530
36841,yolo_x_cpu,546
36842,yolo_x_cpu,493
36843,yolo_x_cpu,518
36844,yolo_x_cpu,472
36845,yolo_x_cpu,449
36846,yolo_x_cpu,469
36847,yolo_x_cpu,466
36848,yolo_x_cpu,443
36849,yolo_x_cpu,449
36850,yolo_x_cpu,453
36851,yolo_x_cpu,462
36852,yolo_x_cpu,507
36853,yolo_x_cpu,429
36854,yolo_x_cpu,439
36855,yolo_x_cpu,432
36856,yolo_x_cpu,408
36857,yolo_x_cpu,353
36858,yolo_x_cpu,391
36859,yolo_x_cpu,366
36860,yolo_x_cpu,403
36861,yolo_x_cpu,375
36862,yolo_x_cpu,384
36863,yolo_x_cpu,341
36864,yolo_x_cpu,394
36865,yolo_x_cpu,357
36866,yolo_x_cpu,379
36867,yolo_x_cpu,397
36868,yolo_x_cpu,382
36869,yolo_x_cpu,409
36870,yolo_x_cpu,401
36871,yolo_x_cpu,362
36872,yolo_x_cpu,412
36873,yolo_x_cpu,409
36874,yolo_x_cpu,392
36875,yolo_x_cpu,472
36876,yolo_x_cpu,420
36877,yolo_x_cpu,370
36878,yolo_x_cpu,330
36879,yolo_x_cpu,392
36880,yolo_x_cpu,328
36881,yolo_x_cpu,361
36882,yolo_x_cpu,378
36883,yolo_x_cpu,337
36884,yolo_x_cpu,362
36885,yolo_x_cpu,348
36886,yolo_x_cpu,358
36887,yolo_x_cpu,369
36888,yolo_x_cpu,326
36889,yolo_x_cpu,301
36890,yolo_x_cpu,302
36891,yolo_x_cpu,287
36892,yolo_x_cpu,269
36893,yolo_x_cpu,291
36894,yolo_x_cpu,244
36895,yolo_x_cpu,292
36896,yolo_x_cpu,245
36897,yolo_x_cpu,270
36898,yolo_x_cpu,218
36899,yolo_x_cpu,272
36900,yolo_x_cpu,274
36901,yolo_x_cpu,294
36902,yolo_x_cpu,313
36903,yolo_x_cpu,300
36904,yolo_x_cpu,329
36905,yolo_x_cpu,317
36906,yolo_x_cpu,347
36907,yolo_x_cpu,321
36908,yolo_x_cpu,317
36909,yolo_x_cpu,271
36910,yolo_x_cpu,289
36911,yolo_x_cpu,306
36912,yolo_x_cpu,297
36913,yolo_x_cpu,292
36914,yolo_x_cpu,314
36915,yolo_x_cpu,274
36916,yolo_x_cpu,260
36917,yolo_x_cpu,272
36918,yolo_x_cpu,253
36919,yolo_x_cpu,272
36920,yolo_x_cpu,276
36921,yolo_x_cpu,233
36922,yolo_x_cpu,245
36923,yolo_x_cpu,254
36924,yolo_x_cpu,257
36925,yolo_x_cpu,268
36926,yolo_x_cpu,260
36927,yolo_x_cpu,272
36928,yolo_x_cpu,296
36929,yolo_x_cpu,244
36930,yolo_x_cpu,227
36931,yolo_x_cpu,232
36932,yolo_x_cpu,220
36933,yolo_x_cpu,253
36934,yolo_x_cpu,213
36935,yolo_x_cpu,222
36936,yolo_x_cpu,199
36937,yolo_x_cpu,195
36938,yolo_x_cpu,203
36939,yolo_x_cpu,211
36940,yolo_x_cpu,219
36941,yolo_x_cpu,212
36942,yolo_x_cpu,236
36943,yolo_x_cpu,227
36944,yolo_x_cpu,218
36945,yolo_x_cpu,201
36946,yolo_x_cpu,187
36947,yolo_x_cpu,195
36948,yolo_x_cpu,188
36949,yolo_x_cpu,197
36950,yolo_x_cpu,221
36951,yolo_x_cpu,168
36952,yolo_x_cpu,160
36953,yolo_x_cpu,147
36954,yolo_x_cpu,171
36955,yolo_x_cpu,167
36956,yolo_x_cpu,152
36957,yolo_x_cpu,152
36958,yolo_x_cpu,198
36959,yolo_x_cpu,183
36960,yolo_x_cpu,157
36961,yolo_x_cpu,164
36962,yolo_x_cpu,153
36963,yolo_x_cpu,176
36964,yolo_x_cpu,162
36965,yolo_x_cpu,164
36966,yolo_x_cpu,143
36967,yolo_x_cpu,150
36968,yolo_x_cpu,146
36969,yolo_x_cpu,132
36970,yolo_x_cpu,142
36971,yolo_x_cpu,160
36972,yolo_x_cpu,147
36973,yolo_x_cpu,157
36974,yolo_x_cpu,185
36975,yolo_x_cpu,156
36976,yolo_x_cpu,164
36977,yolo_x_cpu,146
36978,yolo_x_cpu,129
36979,yolo_x_cpu,116
36980,yolo_x_cpu,92
36981,yolo_x_cpu,102
36982,yolo_x_cpu,126
36983,yolo_x_cpu,131
36984,yolo_x_cpu,122
36985,yolo_x_cpu,129
36986,yolo_x_cpu,143
36987,yolo_x_cpu,129
36988,yolo_x_cpu,119
36989,yolo_x_cpu,121
36990,yolo_x_cpu,97
36991,yolo_x_cpu,119
36992,yolo_x_cpu,136
36993,yolo_x_cpu,108
36994,yolo_x_cpu,115
36995,yolo_x_cpu,119
36996,yolo_x_cpu,105
36997,yolo_x_cpu,122
36998,yolo_x_cpu,118
36999,yolo_x_cpu,128
37000,yolo_x_cpu,113
37001,yolo_x_cpu,108
37002,yolo_x_cpu,157
37003,yolo_x_cpu,135
37004,yolo_x_cpu,128
37005,yolo_x_cpu,159
37006,yolo_x_cpu,124
37007,yolo_x_cpu,123
37008,yolo_x_cpu,125
37009,yolo_x_cpu,137
37010,yolo_x_cpu,134
37011,yolo_x_cpu,161
37012,yolo_x_cpu,152
37013,yolo_x_cpu,134
37014,yolo_x_cpu,120
37015,yolo_x_cpu,127
37016,yolo_x_cpu,133
37017,yolo_x_cpu,115
37018,yolo_x_cpu,152
37019,yolo_x_cpu,154
37020,yolo_x_cpu,118
37021,yolo_x_cpu,140
37022,yolo_x_cpu,107
37023,yolo_x_cpu,113
37024,yolo_x_cpu,116
37025,yolo_x_cpu,144
37026,yolo_x_cpu,157
37027,yolo_x_cpu,119
37028,yolo_x_cpu,135
37029,yolo_x_cpu,108
37030,yolo_x_cpu,116
37031,yolo_x_cpu,127
37032,yolo_x_cpu,113
37033,yolo_x_cpu,132
37034,yolo_x_cpu,126
37035,yolo_x_cpu,127
37036,yolo_x_cpu,107
37037,yolo_x_cpu,120
37038,yolo_x_cpu,116
37039,yolo_x_cpu,103
37040,yolo_x_cpu,134
37041,yolo_x_cpu,153
37042,yolo_x_cpu,142
37043,yolo_x_cpu,133
37044,yolo_x_cpu,136
37045,yolo_x_cpu,116
37046,yolo_x_cpu,115
37047,yolo_x_cpu,130
37048,yolo_x_cpu,146
37049,yolo_x_cpu,134
37050,yolo_x_cpu,139
37051,yolo_x_cpu,134
37052,yolo_x_cpu,132
37053,yolo_x_cpu,138
37054,yolo_x_cpu,133
37055,yolo_x_cpu,116
37056,yolo_x_cpu,119
37057,yolo_x_cpu,93
37058,yolo_x_cpu,128
37059,yolo_x_cpu,112
37060,yolo_x_cpu,138
37061,yolo_x_cpu,128
37062,yolo_x_cpu,121
37063,yolo_x_cpu,116
37064,yolo_x_cpu,109
37065,yolo_x_cpu,118
37066,yolo_x_cpu,94
37067,yolo_x_cpu,108
37068,yolo_x_cpu,102
37069,yolo_x_cpu,115
37070,yolo_x_cpu,97
37071,yolo_x_cpu,110
37072,yolo_x_cpu,97
37073,yolo_x_cpu,66
37074,yolo_x_cpu,77
37075,yolo_x_cpu,66
37076,yolo_x_cpu,80
37077,yolo_x_cpu,55
37078,yolo_x_cpu,62
37079,yolo_x_cpu,79
37080,yolo_x_cpu,75
37081,yolo_x_cpu,79
37082,yolo_x_cpu,77
37083,yolo_x_cpu,84
37084,yolo_x_cpu,103
37085,yolo_x_cpu,101
37086,yolo_x_cpu,88
37087,yolo_x_cpu,85
37088,yolo_x_cpu,85
37089,yolo_x_cpu,74
37090,yolo_x_cpu,64
37091,yolo_x_cpu,59
37092,yolo_x_cpu,58
37093,yolo_x_cpu,72
37094,yolo_x_cpu,77
37095,yolo_x_cpu,83
37096,yolo_x_cpu,68
37097,yolo_x_cpu,82
37098,yolo_x_cpu,91
37099,yolo_x_cpu,76
37100,yolo_x_cpu,76
37101,yolo_x_cpu,56
37102,yolo_x_cpu,60
37103,yolo_x_cpu,77
37104,yolo_x_cpu,97
37105,yolo_x_cpu,86
37106,yolo_x_cpu,61
37107,yolo_x_cpu,74
37108,yolo_x_cpu,69
37109,yolo_x_cpu,65
37110,yolo_x_cpu,75
37111,yolo_x_cpu,59
37112,yolo_x_cpu,67
37113,yolo_x_cpu,70
37114,yolo_x_cpu,58
37115,yolo_x_cpu,60
37116,yolo_x_cpu,53
37117,yolo_x_cpu,48
37118,yolo_x_cpu,32
37119,yolo_x_cpu,35
37120,yolo_x_cpu,38
37121,yolo_x_cpu,46
37122,yolo_x_cpu,56
37123,yolo_x_cpu,48
37124,yolo_x_cpu,35
37125,yolo_x_cpu,42
37126,yolo_x_cpu,34
37127,yolo_x_cpu,40
37128,yolo_x_cpu,33
37129,yolo_x_cpu,37
37130,yolo_x_cpu,45
37131,yolo_x_cpu,48
37132,yolo_x_cpu,56
37133,yolo_x_cpu,47
37134,yolo_x_cpu,47
37135,yolo_x_cpu,54
37136,yolo_x_cpu,41
37137,yolo_x_cpu,36
37138,yolo_x_cpu,36
37139,yolo_x_cpu,42
37140,yolo_x_cpu,78
37141,yolo_x_cpu,1737
37142,yolo_x_cpu,2122
37143,yolo_x_cpu,1401
37144,yolo_x_cpu,345
37145,yolo_x_cpu,289
37146,yolo_x_cpu,321
37147,yolo_x_cpu,276
37148,yolo_x_cpu,235
37149,yolo_x_cpu,209
37150,yolo_x_cpu,228
37151,yolo_x_cpu,242
37152,yolo_x_cpu,281
37153,yolo_x_cpu,322
37154,yolo_x_cpu,289
37155,yolo_x_cpu,274
37156,yolo_x_cpu,287
37157,yolo_x_cpu,270
37158,yolo_x_cpu,251
37159,yolo_x_cpu,245
37160,yolo_x_cpu,170
37161,yolo_x_cpu,156
37162,yolo_x_cpu,150
37163,yolo_x_cpu,151
37164,yolo_x_cpu,128
37165,yolo_x_cpu,113
37166,yolo_x_cpu,134
37167,yolo_x_cpu,114
37168,yolo_x_cpu,117
37169,yolo_x_cpu,78
37170,yolo_x_cpu,75
37171,yolo_x_cpu,83
37172,yolo_x_cpu,98
37173,yolo_x_cpu,89
37174,yolo_x_cpu,92
37175,yolo_x_cpu,85
37176,yolo_x_cpu,99
37177,yolo_x_cpu,126
37178,yolo_x_cpu,111
37179,yolo_x_cpu,127
37180,yolo_x_cpu,133
37181,yolo_x_cpu,113
37182,yolo_x_cpu,82
37183,yolo_x_cpu,88
37184,yolo_x_cpu,86
37185,yolo_x_cpu,101
37186,yolo_x_cpu,80
37187,yolo_x_cpu,86
37188,yolo_x_cpu,91
37189,yolo_x_cpu,106
37190,yolo_x_cpu,92
37191,yolo_x_cpu,122
37192,yolo_x_cpu,106
37193,yolo_x_cpu,92
37194,yolo_x_cpu,90
37195,yolo_x_cpu,94
37196,yolo_x_cpu,68
37197,yolo_x_cpu,62
37198,yolo_x_cpu,46
37199,yolo_x_cpu,60
37200,yolo_x_cpu,69
37201,yolo_x_cpu,74
37202,yolo_x_cpu,66
37203,yolo_x_cpu,96
37204,yolo_x_cpu,91
37205,yolo_x_cpu,78
37206,yolo_x_cpu,98
37207,yolo_x_cpu,97
37208,yolo_x_cpu,90
37209,yolo_x_cpu,130
37210,yolo_x_cpu,147
37211,yolo_x_cpu,151
37212,yolo_x_cpu,94
37213,yolo_x_cpu,90
37214,yolo_x_cpu,100
37215,yolo_x_cpu,84
37216,yolo_x_cpu,90
37217,yolo_x_cpu,79
37218,yolo_x_cpu,77
37219,yolo_x_cpu,74
37220,yolo_x_cpu,63
37221,yolo_x_cpu,66
37222,yolo_x_cpu,82
37223,yolo_x_cpu,62
37224,yolo_x_cpu,53
37225,yolo_x_cpu,56
37226,yolo_x_cpu,46
37227,yolo_x_cpu,37
37228,yolo_x_cpu,45
37229,yolo_x_cpu,38
37230,yolo_x_cpu,48
37231,yolo_x_cpu,50
37232,yolo_x_cpu,66
37233,yolo_x_cpu,37
37234,yolo_x_cpu,37
37235,yolo_x_cpu,41
37236,yolo_x_cpu,49
37237,yolo_x_cpu,65
37238,yolo_x_cpu,83
37239,yolo_x_cpu,73
37240,yolo_x_cpu,49
37241,yolo_x_cpu,40
37242,yolo_x_cpu,48
37243,yolo_x_cpu,52
37244,yolo_x_cpu,51
37245,yolo_x_cpu,57
37246,yolo_x_cpu,53
37247,yolo_x_cpu,46
37248,yolo_x_cpu,29
37249,yolo_x_cpu,35
37250,yolo_x_cpu,30
37251,yolo_x_cpu,30
37252,yolo_x_cpu,34
37253,yolo_x_cpu,35
37254,yolo_x_cpu,33
37255,yolo_x_cpu,20
37256,yolo_x_cpu,23
37257,yolo_x_cpu,23
37258,yolo_x_cpu,34
37259,yolo_x_cpu,28
37260,yolo_x_cpu,23
37261,yolo_x_cpu,32
37262,yolo_x_cpu,29
37263,yolo_x_cpu,32
37264,yolo_x_cpu,36
37265,yolo_x_cpu,25
37266,yolo_x_cpu,29
37267,yolo_x_cpu,36
37268,yolo_x_cpu,36
37269,yolo_x_cpu,31
37270,yolo_x_cpu,18
37271,yolo_x_cpu,22
37272,yolo_x_cpu,15
37273,yolo_x_cpu,22
37274,yolo_x_cpu,22
37275,yolo_x_cpu,35
37276,yolo_x_cpu,23
37277,yolo_x_cpu,25
37278,yolo_x_cpu,15
37279,yolo_x_cpu,11
37280,yolo_x_cpu,4
37281,yolo_x_cpu,12
37282,yolo_x_cpu,21
37283,yolo_x_cpu,22
37284,yolo_x_cpu,21
37285,yolo_x_cpu,19
37286,yolo_x_cpu,17
37287,yolo_x_cpu,28
37288,yolo_x_cpu,31
37289,yolo_x_cpu,41
37290,yolo_x_cpu,35
37291,yolo_x_cpu,30
37292,yolo_x_cpu,30
37293,yolo_x_cpu,26
37294,yolo_x_cpu,24
37295,yolo_x_cpu,29
37296,yolo_x_cpu,23
37297,yolo_x_cpu,22
37298,yolo_x_cpu,35
37299,yolo_x_cpu,29
37300,yolo_x_cpu,30
37301,yolo_x_cpu,27
37302,yolo_x_cpu,19
37303,yolo_x_cpu,26
37304,yolo_x_cpu,29
37305,yolo_x_cpu,38
37306,yolo_x_cpu,31
37307,yolo_x_cpu,32
37308,yolo_x_cpu,41
37309,yolo_x_cpu,27
37310,yolo_x_cpu,35
37311,yolo_x_cpu,31
37312,yolo_x_cpu,34
37313,yolo_x_cpu,20
37314,yolo_x_cpu,18
37315,yolo_x_cpu,17
37316,yolo_x_cpu,18
37317,yolo_x_cpu,27
37318,yolo_x_cpu,38
37319,yolo_x_cpu,49
37320,yolo_x_cpu,52
37321,yolo_x_cpu,58
37322,yolo_x_cpu,61
37323,yolo_x_cpu,57
37324,yolo_x_cpu,45
37325,yolo_x_cpu,59
37326,yolo_x_cpu,63
37327,yolo_x_cpu,73
37328,yolo_x_cpu,80
37329,yolo_x_cpu,75
37330,yolo_x_cpu,87
37331,yolo_x_cpu,81
37332,yolo_x_cpu,72
37333,yolo_x_cpu,73
37334,yolo_x_cpu,74
37335,yolo_x_cpu,89
37336,yolo_x_cpu,100
37337,yolo_x_cpu,90
37338,yolo_x_cpu,84
37339,yolo_x_cpu,72
37340,yolo_x_cpu,86
37341,yolo_x_cpu,77
37342,yolo_x_cpu,88
37343,yolo_x_cpu,95
37344,yolo_x_cpu,112
37345,yolo_x_cpu,114
37346,yolo_x_cpu,113
37347,yolo_x_cpu,125
37348,yolo_x_cpu,129
37349,yolo_x_cpu,138
37350,yolo_x_cpu,132
37351,yolo_x_cpu,152
37352,yolo_x_cpu,138
37353,yolo_x_cpu,144
37354,yolo_x_cpu,162
37355,yolo_x_cpu,153
37356,yolo_x_cpu,169
37357,yolo_x_cpu,151
37358,yolo_x_cpu,174
37359,yolo_x_cpu,190
37360,yolo_x_cpu,225
37361,yolo_x_cpu,196
37362,yolo_x_cpu,219
37363,yolo_x_cpu,223
37364,yolo_x_cpu,230
37365,yolo_x_cpu,300
37366,yolo_x_cpu,314
37367,yolo_x_cpu,284
37368,yolo_x_cpu,269
37369,yolo_x_cpu,278
37370,yolo_x_cpu,283
37371,yolo_x_cpu,308
37372,yolo_x_cpu,316
37373,yolo_x_cpu,322
37374,yolo_x_cpu,327
37375,yolo_x_cpu,324
37376,yolo_x_cpu,334
37377,yolo_x_cpu,348
37378,yolo_x_cpu,359
37379,yolo_x_cpu,362
37380,yolo_x_cpu,374
37381,yolo_x_cpu,375
37382,yolo_x_cpu,389
37383,yolo_x_cpu,371
37384,yolo_x_cpu,396
37385,yolo_x_cpu,356
37386,yolo_x_cpu,418
37387,yolo_x_cpu,466
37388,yolo_x_cpu,474
37389,yolo_x_cpu,447
37390,yolo_x_cpu,454
37391,yolo_x_cpu,477
37392,yolo_x_cpu,468
37393,yolo_x_cpu,451
37394,yolo_x_cpu,485
37395,yolo_x_cpu,500
37396,yolo_x_cpu,551
37397,yolo_x_cpu,576
37398,yolo_x_cpu,569
37399,yolo_x_cpu,639
37400,yolo_x_cpu,676
37401,yolo_x_cpu,703
37402,yolo_x_cpu,664
37403,yolo_x_cpu,639
37404,yolo_x_cpu,663
37405,yolo_x_cpu,707
37406,yolo_x_cpu,683
37407,yolo_x_cpu,684
37408,yolo_x_cpu,797
37409,yolo_x_cpu,751
37410,yolo_x_cpu,764
37411,yolo_x_cpu,773
37412,yolo_x_cpu,831
37413,yolo_x_cpu,785
37414,yolo_x_cpu,782
37415,yolo_x_cpu,832
37416,yolo_x_cpu,831
37417,yolo_x_cpu,900
37418,yolo_x_cpu,877
37419,yolo_x_cpu,918
37420,yolo_x_cpu,908
37421,yolo_x_cpu,945
37422,yolo_x_cpu,973
37423,yolo_x_cpu,945
37424,yolo_x_cpu,942
37425,yolo_x_cpu,970
37426,yolo_x_cpu,1007
37427,yolo_x_cpu,987
37428,yolo_x_cpu,992
37429,yolo_x_cpu,1018
37430,yolo_x_cpu,990
37431,yolo_x_cpu,981
37432,yolo_x_cpu,1023
37433,yolo_x_cpu,988
37434,yolo_x_cpu,1014
37435,yolo_x_cpu,1052
37436,yolo_x_cpu,1101
37437,yolo_x_cpu,1061
37438,yolo_x_cpu,1084
37439,yolo_x_cpu,979
37440,yolo_x_cpu,1060
37441,yolo_x_cpu,1052
37442,yolo_x_cpu,1030
37443,yolo_x_cpu,991
37444,yolo_x_cpu,1010
37445,yolo_x_cpu,1021
37446,yolo_x_cpu,1017
37447,yolo_x_cpu,1043
37448,yolo_x_cpu,1027
37449,yolo_x_cpu,1001
37450,yolo_x_cpu,959
37451,yolo_x_cpu,979
37452,yolo_x_cpu,972
37453,yolo_x_cpu,924
37454,yolo_x_cpu,938
37455,yolo_x_cpu,856
37456,yolo_x_cpu,840
37457,yolo_x_cpu,886
37458,yolo_x_cpu,927
37459,yolo_x_cpu,933
37460,yolo_x_cpu,869
37461,yolo_x_cpu,863
37462,yolo_x_cpu,927
37463,yolo_x_cpu,907
37464,yolo_x_cpu,894
37465,yolo_x_cpu,948
37466,yolo_x_cpu,982
37467,yolo_x_cpu,968
37468,yolo_x_cpu,983
37469,yolo_x_cpu,1006
37470,yolo_x_cpu,958
37471,yolo_x_cpu,1008
37472,yolo_x_cpu,999
37473,yolo_x_cpu,962
37474,yolo_x_cpu,968
37475,yolo_x_cpu,941
37476,yolo_x_cpu,979
37477,yolo_x_cpu,1017
37478,yolo_x_cpu,1012
37479,yolo_x_cpu,1023
37480,yolo_x_cpu,1014
37481,yolo_x_cpu,963
37482,yolo_x_cpu,988
37483,yolo_x_cpu,1035
37484,yolo_x_cpu,1007
37485,yolo_x_cpu,1011
37486,yolo_x_cpu,1022
37487,yolo_x_cpu,1059
37488,yolo_x_cpu,1035
37489,yolo_x_cpu,1041
37490,yolo_x_cpu,1060
37491,yolo_x_cpu,1079
37492,yolo_x_cpu,1033
37493,yolo_x_cpu,1097
37494,yolo_x_cpu,1079
37495,yolo_x_cpu,1008
37496,yolo_x_cpu,1062
37497,yolo_x_cpu,1026
37498,yolo_x_cpu,1039
37499,yolo_x_cpu,1019
37500,yolo_x_cpu,1009
37501,yolo_x_cpu,1054
37502,yolo_x_cpu,1033
37503,yolo_x_cpu,968
37504,yolo_x_cpu,971
37505,yolo_x_cpu,1020
37506,yolo_x_cpu,989
37507,yolo_x_cpu,1042
37508,yolo_x_cpu,1056
37509,yolo_x_cpu,1022
37510,yolo_x_cpu,1041
37511,yolo_x_cpu,1032
37512,yolo_x_cpu,1030
37513,yolo_x_cpu,1022
37514,yolo_x_cpu,976
37515,yolo_x_cpu,998
37516,yolo_x_cpu,979
37517,yolo_x_cpu,976
37518,yolo_x_cpu,949
37519,yolo_x_cpu,990
37520,yolo_x_cpu,1001
37521,yolo_x_cpu,1098
37522,yolo_x_cpu,1037
37523,yolo_x_cpu,1099
37524,yolo_x_cpu,1077
37525,yolo_x_cpu,1119
37526,yolo_x_cpu,1115
37527,yolo_x_cpu,1093
37528,yolo_x_cpu,1054
37529,yolo_x_cpu,1074
37530,yolo_x_cpu,1092
37531,yolo_x_cpu,1124
37532,yolo_x_cpu,1168
37533,yolo_x_cpu,1127
37534,yolo_x_cpu,1154
37535,yolo_x_cpu,1215
37536,yolo_x_cpu,1180
37537,yolo_x_cpu,1200
37538,yolo_x_cpu,1234
37539,yolo_x_cpu,1166
37540,yolo_x_cpu,1163
37541,yolo_x_cpu,1162
37542,yolo_x_cpu,1097
37543,yolo_x_cpu,1161
37544,yolo_x_cpu,1176
37545,yolo_x_cpu,1141
37546,yolo_x_cpu,1205
37547,yolo_x_cpu,1131
37548,yolo_x_cpu,1263
37549,yolo_x_cpu,1244
37550,yolo_x_cpu,1234
37551,yolo_x_cpu,1231
37552,yolo_x_cpu,1198
37553,yolo_x_cpu,1192
37554,yolo_x_cpu,1238
37555,yolo_x_cpu,1154
37556,yolo_x_cpu,1134
37557,yolo_x_cpu,1204
37558,yolo_x_cpu,1171
37559,yolo_x_cpu,1121
37560,yolo_x_cpu,1094
37561,yolo_x_cpu,1175
37562,yolo_x_cpu,1100
37563,yolo_x_cpu,1154
37564,yolo_x_cpu,1093
37565,yolo_x_cpu,1181
37566,yolo_x_cpu,1123
37567,yolo_x_cpu,1148
37568,yolo_x_cpu,1112
37569,yolo_x_cpu,1130
37570,yolo_x_cpu,1248
37571,yolo_x_cpu,1175
37572,yolo_x_cpu,1133
37573,yolo_x_cpu,1082
37574,yolo_x_cpu,1216
37575,yolo_x_cpu,1164
37576,yolo_x_cpu,1228
37577,yolo_x_cpu,1211
37578,yolo_x_cpu,1229
37579,yolo_x_cpu,1199
37580,yolo_x_cpu,1174
37581,yolo_x_cpu,1226
37582,yolo_x_cpu,1222
37583,yolo_x_cpu,1146
37584,yolo_x_cpu,1277
37585,yolo_x_cpu,1179
37586,yolo_x_cpu,1170
37587,yolo_x_cpu,1211
37588,yolo_x_cpu,1181
37589,yolo_x_cpu,1240
37590,yolo_x_cpu,1178
37591,yolo_x_cpu,1169
37592,yolo_x_cpu,1245
37593,yolo_x_cpu,1180
37594,yolo_x_cpu,1105
37595,yolo_x_cpu,1193
37596,yolo_x_cpu,1142
37597,yolo_x_cpu,1112
37598,yolo_x_cpu,1144
37599,yolo_x_cpu,1180
37600,yolo_x_cpu,1177
37601,yolo_x_cpu,1128
37602,yolo_x_cpu,1069
37603,yolo_x_cpu,1104
37604,yolo_x_cpu,1111
37605,yolo_x_cpu,1148
37606,yolo_x_cpu,1123
37607,yolo_x_cpu,1179
37608,yolo_x_cpu,1188
37609,yolo_x_cpu,1158
37610,yolo_x_cpu,1126
37611,yolo_x_cpu,1184
37612,yolo_x_cpu,1135
37613,yolo_x_cpu,1197
37614,yolo_x_cpu,1144
37615,yolo_x_cpu,1102
37616,yolo_x_cpu,1050
37617,yolo_x_cpu,1064
37618,yolo_x_cpu,1157
37619,yolo_x_cpu,1107
37620,yolo_x_cpu,1103
37621,yolo_x_cpu,1122
37622,yolo_x_cpu,1019
37623,yolo_x_cpu,1136
37624,yolo_x_cpu,1176
37625,yolo_x_cpu,1145
37626,yolo_x_cpu,1156
37627,yolo_x_cpu,1103
37628,yolo_x_cpu,1153
37629,yolo_x_cpu,1115
37630,yolo_x_cpu,1108
37631,yolo_x_cpu,1070
37632,yolo_x_cpu,1152
37633,yolo_x_cpu,1086
37634,yolo_x_cpu,1104
37635,yolo_x_cpu,1056
37636,yolo_x_cpu,1080
37637,yolo_x_cpu,1048
37638,yolo_x_cpu,1117
37639,yolo_x_cpu,1079
37640,yolo_x_cpu,1029
37641,yolo_x_cpu,1063
37642,yolo_x_cpu,1052
37643,yolo_x_cpu,1097
37644,yolo_x_cpu,1122
37645,yolo_x_cpu,1259
37646,yolo_x_cpu,1263
37647,yolo_x_cpu,1158
37648,yolo_x_cpu,1209
37649,yolo_x_cpu,1215
37650,yolo_x_cpu,1117
37651,yolo_x_cpu,1245
37652,yolo_x_cpu,1147
37653,yolo_x_cpu,1246
37654,yolo_x_cpu,1224
37655,yolo_x_cpu,1354
37656,yolo_x_cpu,1301
37657,yolo_x_cpu,1256
37658,yolo_x_cpu,1197
37659,yolo_x_cpu,1129
37660,yolo_x_cpu,1167
37661,yolo_x_cpu,1098
37662,yolo_x_cpu,1071
37663,yolo_x_cpu,1127
37664,yolo_x_cpu,1008
37665,yolo_x_cpu,973
37666,yolo_x_cpu,998
37667,yolo_x_cpu,1026
37668,yolo_x_cpu,1061
37669,yolo_x_cpu,1095
37670,yolo_x_cpu,1101
37671,yolo_x_cpu,1100
37672,yolo_x_cpu,1119
37673,yolo_x_cpu,1067
37674,yolo_x_cpu,1130
37675,yolo_x_cpu,1120
37676,yolo_x_cpu,1110
37677,yolo_x_cpu,1106
37678,yolo_x_cpu,1135
37679,yolo_x_cpu,1075
37680,yolo_x_cpu,1122
37681,yolo_x_cpu,1111
37682,yolo_x_cpu,1030
37683,yolo_x_cpu,1061
37684,yolo_x_cpu,1076
37685,yolo_x_cpu,1054
37686,yolo_x_cpu,1076
37687,yolo_x_cpu,1109
37688,yolo_x_cpu,1109
37689,yolo_x_cpu,1102
37690,yolo_x_cpu,1079
37691,yolo_x_cpu,1133
37692,yolo_x_cpu,1134
37693,yolo_x_cpu,1136
37694,yolo_x_cpu,1175
37695,yolo_x_cpu,1223
37696,yolo_x_cpu,1234
37697,yolo_x_cpu,1205
37698,yolo_x_cpu,1136
37699,yolo_x_cpu,1111
37700,yolo_x_cpu,1060
37701,yolo_x_cpu,1029
37702,yolo_x_cpu,1022
37703,yolo_x_cpu,992
37704,yolo_x_cpu,956
37705,yolo_x_cpu,963
37706,yolo_x_cpu,940
37707,yolo_x_cpu,937
37708,yolo_x_cpu,929
37709,yolo_x_cpu,939
37710,yolo_x_cpu,888
37711,yolo_x_cpu,931
37712,yolo_x_cpu,872
37713,yolo_x_cpu,929
37714,yolo_x_cpu,946
37715,yolo_x_cpu,989
37716,yolo_x_cpu,997
37717,yolo_x_cpu,934
37718,yolo_x_cpu,988
37719,yolo_x_cpu,1047
37720,yolo_x_cpu,1015
37721,yolo_x_cpu,989
37722,yolo_x_cpu,936
37723,yolo_x_cpu,946
37724,yolo_x_cpu,903
37725,yolo_x_cpu,976
37726,yolo_x_cpu,985
37727,yolo_x_cpu,977
37728,yolo_x_cpu,967
37729,yolo_x_cpu,1016
37730,yolo_x_cpu,1069
37731,yolo_x_cpu,1104
37732,yolo_x_cpu,1053
37733,yolo_x_cpu,1016
37734,yolo_x_cpu,976
37735,yolo_x_cpu,1063
37736,yolo_x_cpu,1083
37737,yolo_x_cpu,1095
37738,yolo_x_cpu,1041
37739,yolo_x_cpu,1058
37740,yolo_x_cpu,1031
37741,yolo_x_cpu,982
37742,yolo_x_cpu,976
37743,yolo_x_cpu,992
37744,yolo_x_cpu,1032
37745,yolo_x_cpu,1083
37746,yolo_x_cpu,1105
37747,yolo_x_cpu,1102
37748,yolo_x_cpu,1127
37749,yolo_x_cpu,1113
37750,yolo_x_cpu,1089
37751,yolo_x_cpu,1110
37752,yolo_x_cpu,1116
37753,yolo_x_cpu,1111
37754,yolo_x_cpu,1114
37755,yolo_x_cpu,991
37756,yolo_x_cpu,1026
37757,yolo_x_cpu,1035
37758,yolo_x_cpu,974
37759,yolo_x_cpu,995
37760,yolo_x_cpu,1022
37761,yolo_x_cpu,1015
37762,yolo_x_cpu,984
37763,yolo_x_cpu,1025
37764,yolo_x_cpu,1090
37765,yolo_x_cpu,1047
37766,yolo_x_cpu,1038
37767,yolo_x_cpu,1134
37768,yolo_x_cpu,1158
37769,yolo_x_cpu,1149
37770,yolo_x_cpu,1112
37771,yolo_x_cpu,1105
37772,yolo_x_cpu,1129
37773,yolo_x_cpu,1140
37774,yolo_x_cpu,1237
37775,yolo_x_cpu,1271
37776,yolo_x_cpu,1220
37777,yolo_x_cpu,1176
37778,yolo_x_cpu,1126
37779,yolo_x_cpu,1141
37780,yolo_x_cpu,1109
37781,yolo_x_cpu,1131
37782,yolo_x_cpu,1132
37783,yolo_x_cpu,1187
37784,yolo_x_cpu,1219
37785,yolo_x_cpu,1141
37786,yolo_x_cpu,1092
37787,yolo_x_cpu,1152
37788,yolo_x_cpu,1138
37789,yolo_x_cpu,1147
37790,yolo_x_cpu,1163
37791,yolo_x_cpu,1125
37792,yolo_x_cpu,1155
37793,yolo_x_cpu,1160
37794,yolo_x_cpu,1199
37795,yolo_x_cpu,1220
37796,yolo_x_cpu,1168
37797,yolo_x_cpu,1168
37798,yolo_x_cpu,1224
37799,yolo_x_cpu,1206
37800,yolo_x_cpu,1209
37801,yolo_x_cpu,1205
37802,yolo_x_cpu,1254
37803,yolo_x_cpu,1248
37804,yolo_x_cpu,1207
37805,yolo_x_cpu,1219
37806,yolo_x_cpu,1265
37807,yolo_x_cpu,1248
37808,yolo_x_cpu,1274
37809,yolo_x_cpu,1272
37810,yolo_x_cpu,1245
37811,yolo_x_cpu,1210
37812,yolo_x_cpu,1152
37813,yolo_x_cpu,1159
37814,yolo_x_cpu,1202
37815,yolo_x_cpu,1175
37816,yolo_x_cpu,1169
37817,yolo_x_cpu,1273
37818,yolo_x_cpu,1286
37819,yolo_x_cpu,1271
37820,yolo_x_cpu,1240
37821,yolo_x_cpu,1279
37822,yolo_x_cpu,1307
37823,yolo_x_cpu,1286
37824,yolo_x_cpu,1283
37825,yolo_x_cpu,1244
37826,yolo_x_cpu,1153
37827,yolo_x_cpu,1267
37828,yolo_x_cpu,1200
37829,yolo_x_cpu,1238
37830,yolo_x_cpu,1284
37831,yolo_x_cpu,1191
37832,yolo_x_cpu,1193
37833,yolo_x_cpu,1139
37834,yolo_x_cpu,1187
37835,yolo_x_cpu,1152
37836,yolo_x_cpu,1147
37837,yolo_x_cpu,1137
37838,yolo_x_cpu,1144
37839,yolo_x_cpu,1122
37840,yolo_x_cpu,1176
37841,yolo_x_cpu,1152
37842,yolo_x_cpu,1168
37843,yolo_x_cpu,1135
37844,yolo_x_cpu,1161
37845,yolo_x_cpu,1184
37846,yolo_x_cpu,1114
37847,yolo_x_cpu,1173
37848,yolo_x_cpu,1144
37849,yolo_x_cpu,1163
37850,yolo_x_cpu,1135
37851,yolo_x_cpu,1147
37852,yolo_x_cpu,1050
37853,yolo_x_cpu,1106
37854,yolo_x_cpu,1174
37855,yolo_x_cpu,1141
37856,yolo_x_cpu,1121
37857,yolo_x_cpu,1162
37858,yolo_x_cpu,1160
37859,yolo_x_cpu,1140
37860,yolo_x_cpu,1088
37861,yolo_x_cpu,1124
37862,yolo_x_cpu,1032
37863,yolo_x_cpu,1062
37864,yolo_x_cpu,1160
37865,yolo_x_cpu,1167
37866,yolo_x_cpu,1165
37867,yolo_x_cpu,1099
37868,yolo_x_cpu,1111
37869,yolo_x_cpu,1225
37870,yolo_x_cpu,1169
37871,yolo_x_cpu,1124
37872,yolo_x_cpu,1183
37873,yolo_x_cpu,1163
37874,yolo_x_cpu,1156
37875,yolo_x_cpu,1196
37876,yolo_x_cpu,1172
37877,yolo_x_cpu,1186
37878,yolo_x_cpu,1119
37879,yolo_x_cpu,1084
37880,yolo_x_cpu,1116
37881,yolo_x_cpu,1115
37882,yolo_x_cpu,1166
37883,yolo_x_cpu,1186
37884,yolo_x_cpu,1153
37885,yolo_x_cpu,1126
37886,yolo_x_cpu,1182
37887,yolo_x_cpu,1161
37888,yolo_x_cpu,1182
37889,yolo_x_cpu,1182
37890,yolo_x_cpu,1231
37891,yolo_x_cpu,1134
37892,yolo_x_cpu,1214
37893,yolo_x_cpu,1236
37894,yolo_x_cpu,1127
37895,yolo_x_cpu,1185
37896,yolo_x_cpu,1238
37897,yolo_x_cpu,1216
37898,yolo_x_cpu,1226
37899,yolo_x_cpu,1217
37900,yolo_x_cpu,1187
37901,yolo_x_cpu,1198
37902,yolo_x_cpu,1150
37903,yolo_x_cpu,1231
37904,yolo_x_cpu,1217
37905,yolo_x_cpu,1167
37906,yolo_x_cpu,1293
37907,yolo_x_cpu,1285
37908,yolo_x_cpu,1291
37909,yolo_x_cpu,1250
37910,yolo_x_cpu,1371
37911,yolo_x_cpu,1343
37912,yolo_x_cpu,1325
37913,yolo_x_cpu,1281
37914,yolo_x_cpu,1343
37915,yolo_x_cpu,1381
37916,yolo_x_cpu,1326
37917,yolo_x_cpu,1317
37918,yolo_x_cpu,1359
37919,yolo_x_cpu,1277
37920,yolo_x_cpu,1297
37921,yolo_x_cpu,1342
37922,yolo_x_cpu,1308
37923,yolo_x_cpu,1256
37924,yolo_x_cpu,1292
37925,yolo_x_cpu,1199
37926,yolo_x_cpu,1295
37927,yolo_x_cpu,1237
37928,yolo_x_cpu,1210
37929,yolo_x_cpu,1297
37930,yolo_x_cpu,1294
37931,yolo_x_cpu,1290
37932,yolo_x_cpu,1306
37933,yolo_x_cpu,1280
37934,yolo_x_cpu,1280
37935,yolo_x_cpu,1312
37936,yolo_x_cpu,1308
37937,yolo_x_cpu,1259
37938,yolo_x_cpu,1296
37939,yolo_x_cpu,1316
37940,yolo_x_cpu,1307
37941,yolo_x_cpu,1351
37942,yolo_x_cpu,1300
37943,yolo_x_cpu,1217
37944,yolo_x_cpu,1200
37945,yolo_x_cpu,1336
37946,yolo_x_cpu,1320
37947,yolo_x_cpu,1306
37948,yolo_x_cpu,1306
37949,yolo_x_cpu,1300
37950,yolo_x_cpu,1380
37951,yolo_x_cpu,1293
37952,yolo_x_cpu,1312
37953,yolo_x_cpu,1280
37954,yolo_x_cpu,1319
37955,yolo_x_cpu,1399
37956,yolo_x_cpu,1373
37957,yolo_x_cpu,1377
37958,yolo_x_cpu,1334
37959,yolo_x_cpu,1383
37960,yolo_x_cpu,1337
37961,yolo_x_cpu,1331
37962,yolo_x_cpu,1420
37963,yolo_x_cpu,1430
37964,yolo_x_cpu,1393
37965,yolo_x_cpu,1417
37966,yolo_x_cpu,1416
37967,yolo_x_cpu,1392
37968,yolo_x_cpu,1380
37969,yolo_x_cpu,1373
37970,yolo_x_cpu,1515
37971,yolo_x_cpu,1451
37972,yolo_x_cpu,1430
37973,yolo_x_cpu,1497
37974,yolo_x_cpu,1394
37975,yolo_x_cpu,1481
37976,yolo_x_cpu,1562
37977,yolo_x_cpu,1532
37978,yolo_x_cpu,1495
37979,yolo_x_cpu,1454
37980,yolo_x_cpu,1490
37981,yolo_x_cpu,1466
37982,yolo_x_cpu,1571
37983,yolo_x_cpu,1518
37984,yolo_x_cpu,1517
37985,yolo_x_cpu,1523
37986,yolo_x_cpu,1435
37987,yolo_x_cpu,1456
37988,yolo_x_cpu,1436
37989,yolo_x_cpu,1487
37990,yolo_x_cpu,1517
37991,yolo_x_cpu,1518
37992,yolo_x_cpu,1546
37993,yolo_x_cpu,1483
37994,yolo_x_cpu,1514
37995,yolo_x_cpu,1567
37996,yolo_x_cpu,1503
37997,yolo_x_cpu,1519
37998,yolo_x_cpu,1550
37999,yolo_x_cpu,1547
38000,yolo_x_cpu,1557
38001,yolo_x_cpu,1571
38002,yolo_x_cpu,1579
38003,yolo_x_cpu,1593
38004,yolo_x_cpu,1625
38005,yolo_x_cpu,1636
38006,yolo_x_cpu,1687
38007,yolo_x_cpu,1601
38008,yolo_x_cpu,1560
38009,yolo_x_cpu,1531
38010,yolo_x_cpu,1453
38011,yolo_x_cpu,1395
38012,yolo_x_cpu,1358
38013,yolo_x_cpu,1401
38014,yolo_x_cpu,1456
38015,yolo_x_cpu,1420
38016,yolo_x_cpu,1428
38017,yolo_x_cpu,1459
38018,yolo_x_cpu,1481
38019,yolo_x_cpu,1532
38020,yolo_x_cpu,1422
38021,yolo_x_cpu,1489
38022,yolo_x_cpu,1475
38023,yolo_x_cpu,1552
38024,yolo_x_cpu,1560
38025,yolo_x_cpu,1600
38026,yolo_x_cpu,1590
38027,yolo_x_cpu,1581
38028,yolo_x_cpu,1562
38029,yolo_x_cpu,1505
38030,yolo_x_cpu,1461
38031,yolo_x_cpu,1404
38032,yolo_x_cpu,1425
38033,yolo_x_cpu,1419
38034,yolo_x_cpu,1409
38035,yolo_x_cpu,1403
38036,yolo_x_cpu,1407
38037,yolo_x_cpu,1433
38038,yolo_x_cpu,1402
38039,yolo_x_cpu,1363
38040,yolo_x_cpu,1398
38041,yolo_x_cpu,1375
38042,yolo_x_cpu,1393
38043,yolo_x_cpu,1430
38044,yolo_x_cpu,1449
38045,yolo_x_cpu,1407
38046,yolo_x_cpu,1361
38047,yolo_x_cpu,1384
38048,yolo_x_cpu,1359
38049,yolo_x_cpu,1387
38050,yolo_x_cpu,1396
38051,yolo_x_cpu,1385
38052,yolo_x_cpu,1371
38053,yolo_x_cpu,1356
38054,yolo_x_cpu,1383
38055,yolo_x_cpu,1359
38056,yolo_x_cpu,1384
38057,yolo_x_cpu,1352
38058,yolo_x_cpu,1350
38059,yolo_x_cpu,1270
38060,yolo_x_cpu,1382
38061,yolo_x_cpu,1296
38062,yolo_x_cpu,1398
38063,yolo_x_cpu,1314
38064,yolo_x_cpu,1276
38065,yolo_x_cpu,1268
38066,yolo_x_cpu,1258
38067,yolo_x_cpu,1192
38068,yolo_x_cpu,1187
38069,yolo_x_cpu,1199
38070,yolo_x_cpu,1254
38071,yolo_x_cpu,1291
38072,yolo_x_cpu,1283
38073,yolo_x_cpu,1190
38074,yolo_x_cpu,1117
38075,yolo_x_cpu,1093
38076,yolo_x_cpu,1099
38077,yolo_x_cpu,1073
38078,yolo_x_cpu,1026
38079,yolo_x_cpu,1066
38080,yolo_x_cpu,993
38081,yolo_x_cpu,982
38082,yolo_x_cpu,992
38083,yolo_x_cpu,952
38084,yolo_x_cpu,931
38085,yolo_x_cpu,887
38086,yolo_x_cpu,993
38087,yolo_x_cpu,978
38088,yolo_x_cpu,918
38089,yolo_x_cpu,993
38090,yolo_x_cpu,1015
38091,yolo_x_cpu,1016
38092,yolo_x_cpu,922
38093,yolo_x_cpu,975
38094,yolo_x_cpu,962
38095,yolo_x_cpu,967
38096,yolo_x_cpu,1002
38097,yolo_x_cpu,944
38098,yolo_x_cpu,943
38099,yolo_x_cpu,963
38100,yolo_x_cpu,897
38101,yolo_x_cpu,931
38102,yolo_x_cpu,961
38103,yolo_x_cpu,919
38104,yolo_x_cpu,894
38105,yolo_x_cpu,975
38106,yolo_x_cpu,996
38107,yolo_x_cpu,932
38108,yolo_x_cpu,958
38109,yolo_x_cpu,935
38110,yolo_x_cpu,901
38111,yolo_x_cpu,953
38112,yolo_x_cpu,834
38113,yolo_x_cpu,820
38114,yolo_x_cpu,833
38115,yolo_x_cpu,787
38116,yolo_x_cpu,792
38117,yolo_x_cpu,890
38118,yolo_x_cpu,918
38119,yolo_x_cpu,941
38120,yolo_x_cpu,931
38121,yolo_x_cpu,897
38122,yolo_x_cpu,865
38123,yolo_x_cpu,911
38124,yolo_x_cpu,918
38125,yolo_x_cpu,908
38126,yolo_x_cpu,924
38127,yolo_x_cpu,928
38128,yolo_x_cpu,847
38129,yolo_x_cpu,873
38130,yolo_x_cpu,892
38131,yolo_x_cpu,905
38132,yolo_x_cpu,909
38133,yolo_x_cpu,863
38134,yolo_x_cpu,917
38135,yolo_x_cpu,905
38136,yolo_x_cpu,895
38137,yolo_x_cpu,853
38138,yolo_x_cpu,877
38139,yolo_x_cpu,880
38140,yolo_x_cpu,920
38141,yolo_x_cpu,892
38142,yolo_x_cpu,837
38143,yolo_x_cpu,816
38144,yolo_x_cpu,803
38145,yolo_x_cpu,794
38146,yolo_x_cpu,817
38147,yolo_x_cpu,837
38148,yolo_x_cpu,807
38149,yolo_x_cpu,847
38150,yolo_x_cpu,858
38151,yolo_x_cpu,824
38152,yolo_x_cpu,809
38153,yolo_x_cpu,848
38154,yolo_x_cpu,858
38155,yolo_x_cpu,805
38156,yolo_x_cpu,805
38157,yolo_x_cpu,780
38158,yolo_x_cpu,775
38159,yolo_x_cpu,774
38160,yolo_x_cpu,801
38161,yolo_x_cpu,853
38162,yolo_x_cpu,755
38163,yolo_x_cpu,764
38164,yolo_x_cpu,785
38165,yolo_x_cpu,823
38166,yolo_x_cpu,870
38167,yolo_x_cpu,858
38168,yolo_x_cpu,838
38169,yolo_x_cpu,848
38170,yolo_x_cpu,845
38171,yolo_x_cpu,778
38172,yolo_x_cpu,798
38173,yolo_x_cpu,861
38174,yolo_x_cpu,806
38175,yolo_x_cpu,761
38176,yolo_x_cpu,841
38177,yolo_x_cpu,831
38178,yolo_x_cpu,803
38179,yolo_x_cpu,825
38180,yolo_x_cpu,765
38181,yolo_x_cpu,790
38182,yolo_x_cpu,773
38183,yolo_x_cpu,748
38184,yolo_x_cpu,778
38185,yolo_x_cpu,791
38186,yolo_x_cpu,770
38187,yolo_x_cpu,754
38188,yolo_x_cpu,787
38189,yolo_x_cpu,716
38190,yolo_x_cpu,690
38191,yolo_x_cpu,664
38192,yolo_x_cpu,732
38193,yolo_x_cpu,716
38194,yolo_x_cpu,662
38195,yolo_x_cpu,695
38196,yolo_x_cpu,712
38197,yolo_x_cpu,718
38198,yolo_x_cpu,644
38199,yolo_x_cpu,747
38200,yolo_x_cpu,742
38201,yolo_x_cpu,737
38202,yolo_x_cpu,733
38203,yolo_x_cpu,715
38204,yolo_x_cpu,680
38205,yolo_x_cpu,717
38206,yolo_x_cpu,719
38207,yolo_x_cpu,654
38208,yolo_x_cpu,721
38209,yolo_x_cpu,728
38210,yolo_x_cpu,686
38211,yolo_x_cpu,730
38212,yolo_x_cpu,679
38213,yolo_x_cpu,671
38214,yolo_x_cpu,720
38215,yolo_x_cpu,699
38216,yolo_x_cpu,766
38217,yolo_x_cpu,731
38218,yolo_x_cpu,647
38219,yolo_x_cpu,610
38220,yolo_x_cpu,629
38221,yolo_x_cpu,702
38222,yolo_x_cpu,664
38223,yolo_x_cpu,665
38224,yolo_x_cpu,679
38225,yolo_x_cpu,723
38226,yolo_x_cpu,670
38227,yolo_x_cpu,553
38228,yolo_x_cpu,730
38229,yolo_x_cpu,707
38230,yolo_x_cpu,635
38231,yolo_x_cpu,719
38232,yolo_x_cpu,626
38233,yolo_x_cpu,718
38234,yolo_x_cpu,750
38235,yolo_x_cpu,755
38236,yolo_x_cpu,691
38237,yolo_x_cpu,732
38238,yolo_x_cpu,671
38239,yolo_x_cpu,637
38240,yolo_x_cpu,633
38241,yolo_x_cpu,644
38242,yolo_x_cpu,614
38243,yolo_x_cpu,651
38244,yolo_x_cpu,535
38245,yolo_x_cpu,688
38246,yolo_x_cpu,613
38247,yolo_x_cpu,608
38248,yolo_x_cpu,605
38249,yolo_x_cpu,667
38250,yolo_x_cpu,665
38251,yolo_x_cpu,588
38252,yolo_x_cpu,581
38253,yolo_x_cpu,597
38254,yolo_x_cpu,575
38255,yolo_x_cpu,486
38256,yolo_x_cpu,522
38257,yolo_x_cpu,485
38258,yolo_x_cpu,486
38259,yolo_x_cpu,456
38260,yolo_x_cpu,457
38261,yolo_x_cpu,474
38262,yolo_x_cpu,518
38263,yolo_x_cpu,513
38264,yolo_x_cpu,463
38265,yolo_x_cpu,464
38266,yolo_x_cpu,482
38267,yolo_x_cpu,556
38268,yolo_x_cpu,511
38269,yolo_x_cpu,476
38270,yolo_x_cpu,454
38271,yolo_x_cpu,473
38272,yolo_x_cpu,467
38273,yolo_x_cpu,493
38274,yolo_x_cpu,495
38275,yolo_x_cpu,487
38276,yolo_x_cpu,454
38277,yolo_x_cpu,506
38278,yolo_x_cpu,504
38279,yolo_x_cpu,510
38280,yolo_x_cpu,515
38281,yolo_x_cpu,535
38282,yolo_x_cpu,483
38283,yolo_x_cpu,480
38284,yolo_x_cpu,482
38285,yolo_x_cpu,501
38286,yolo_x_cpu,443
38287,yolo_x_cpu,430
38288,yolo_x_cpu,368
38289,yolo_x_cpu,408
38290,yolo_x_cpu,407
38291,yolo_x_cpu,409
38292,yolo_x_cpu,423
38293,yolo_x_cpu,424
38294,yolo_x_cpu,488
38295,yolo_x_cpu,477
38296,yolo_x_cpu,502
38297,yolo_x_cpu,515
38298,yolo_x_cpu,501
38299,yolo_x_cpu,496
38300,yolo_x_cpu,449
38301,yolo_x_cpu,448
38302,yolo_x_cpu,401
38303,yolo_x_cpu,449
38304,yolo_x_cpu,393
38305,yolo_x_cpu,406
38306,yolo_x_cpu,363
38307,yolo_x_cpu,388
38308,yolo_x_cpu,356
38309,yolo_x_cpu,376
38310,yolo_x_cpu,421
38311,yolo_x_cpu,396
38312,yolo_x_cpu,419
38313,yolo_x_cpu,403
38314,yolo_x_cpu,360
38315,yolo_x_cpu,390
38316,yolo_x_cpu,388
38317,yolo_x_cpu,362
38318,yolo_x_cpu,335
38319,yolo_x_cpu,339
38320,yolo_x_cpu,363
38321,yolo_x_cpu,337
38322,yolo_x_cpu,363
38323,yolo_x_cpu,395
38324,yolo_x_cpu,422
38325,yolo_x_cpu,413
38326,yolo_x_cpu,433
38327,yolo_x_cpu,401
38328,yolo_x_cpu,381
38329,yolo_x_cpu,395
38330,yolo_x_cpu,348
38331,yolo_x_cpu,350
38332,yolo_x_cpu,321
38333,yolo_x_cpu,349
38334,yolo_x_cpu,350
38335,yolo_x_cpu,350
38336,yolo_x_cpu,319
38337,yolo_x_cpu,299
38338,yolo_x_cpu,330
38339,yolo_x_cpu,291
38340,yolo_x_cpu,293
38341,yolo_x_cpu,331
38342,yolo_x_cpu,302
38343,yolo_x_cpu,329
38344,yolo_x_cpu,307
38345,yolo_x_cpu,311
38346,yolo_x_cpu,321
38347,yolo_x_cpu,318
38348,yolo_x_cpu,347
38349,yolo_x_cpu,331
38350,yolo_x_cpu,292
38351,yolo_x_cpu,284
38352,yolo_x_cpu,259
38353,yolo_x_cpu,223
38354,yolo_x_cpu,239
38355,yolo_x_cpu,277
38356,yolo_x_cpu,266
38357,yolo_x_cpu,285
38358,yolo_x_cpu,292
38359,yolo_x_cpu,289
38360,yolo_x_cpu,254
38361,yolo_x_cpu,247
38362,yolo_x_cpu,291
38363,yolo_x_cpu,244
38364,yolo_x_cpu,246
38365,yolo_x_cpu,233
38366,yolo_x_cpu,223
38367,yolo_x_cpu,220
38368,yolo_x_cpu,216
38369,yolo_x_cpu,219
38370,yolo_x_cpu,234
38371,yolo_x_cpu,206
38372,yolo_x_cpu,266
38373,yolo_x_cpu,220
38374,yolo_x_cpu,254
38375,yolo_x_cpu,214
38376,yolo_x_cpu,203
38377,yolo_x_cpu,186
38378,yolo_x_cpu,167
38379,yolo_x_cpu,176
38380,yolo_x_cpu,171
38381,yolo_x_cpu,183
38382,yolo_x_cpu,188
38383,yolo_x_cpu,176
38384,yolo_x_cpu,186
38385,yolo_x_cpu,202
38386,yolo_x_cpu,195
38387,yolo_x_cpu,179
38388,yolo_x_cpu,199
38389,yolo_x_cpu,214
38390,yolo_x_cpu,145
38391,yolo_x_cpu,183
38392,yolo_x_cpu,182
38393,yolo_x_cpu,180
38394,yolo_x_cpu,199
38395,yolo_x_cpu,175
38396,yolo_x_cpu,168
38397,yolo_x_cpu,181
38398,yolo_x_cpu,139
38399,yolo_x_cpu,114
38400,yolo_x_cpu,152
38401,yolo_x_cpu,152
38402,yolo_x_cpu,148
38403,yolo_x_cpu,138
38404,yolo_x_cpu,143
38405,yolo_x_cpu,124
38406,yolo_x_cpu,132
38407,yolo_x_cpu,122
38408,yolo_x_cpu,133
38409,yolo_x_cpu,126
38410,yolo_x_cpu,165
38411,yolo_x_cpu,168
38412,yolo_x_cpu,156
38413,yolo_x_cpu,133
38414,yolo_x_cpu,139
38415,yolo_x_cpu,171
38416,yolo_x_cpu,166
38417,yolo_x_cpu,153
38418,yolo_x_cpu,176
38419,yolo_x_cpu,146
38420,yolo_x_cpu,135
38421,yolo_x_cpu,142
38422,yolo_x_cpu,142
38423,yolo_x_cpu,153
38424,yolo_x_cpu,164
38425,yolo_x_cpu,164
38426,yolo_x_cpu,138
38427,yolo_x_cpu,155
38428,yolo_x_cpu,174
38429,yolo_x_cpu,163
38430,yolo_x_cpu,146
38431,yolo_x_cpu,149
38432,yolo_x_cpu,137
38433,yolo_x_cpu,134
38434,yolo_x_cpu,160
38435,yolo_x_cpu,131
38436,yolo_x_cpu,158
38437,yolo_x_cpu,156
38438,yolo_x_cpu,128
38439,yolo_x_cpu,158
38440,yolo_x_cpu,116
38441,yolo_x_cpu,108
38442,yolo_x_cpu,113
38443,yolo_x_cpu,155
38444,yolo_x_cpu,144
38445,yolo_x_cpu,138
38446,yolo_x_cpu,134
38447,yolo_x_cpu,147
38448,yolo_x_cpu,152
38449,yolo_x_cpu,129
38450,yolo_x_cpu,142
38451,yolo_x_cpu,162
38452,yolo_x_cpu,182
38453,yolo_x_cpu,152
38454,yolo_x_cpu,158
38455,yolo_x_cpu,146
38456,yolo_x_cpu,126
38457,yolo_x_cpu,118
38458,yolo_x_cpu,143
38459,yolo_x_cpu,130
38460,yolo_x_cpu,125
38461,yolo_x_cpu,158
38462,yolo_x_cpu,131
38463,yolo_x_cpu,131
38464,yolo_x_cpu,115
38465,yolo_x_cpu,103
38466,yolo_x_cpu,93
38467,yolo_x_cpu,108
38468,yolo_x_cpu,96
38469,yolo_x_cpu,98
38470,yolo_x_cpu,95
38471,yolo_x_cpu,118
38472,yolo_x_cpu,124
38473,yolo_x_cpu,124
38474,yolo_x_cpu,121
38475,yolo_x_cpu,139
38476,yolo_x_cpu,138
38477,yolo_x_cpu,137
38478,yolo_x_cpu,118
38479,yolo_x_cpu,123
38480,yolo_x_cpu,104
38481,yolo_x_cpu,125
38482,yolo_x_cpu,131
38483,yolo_x_cpu,119
38484,yolo_x_cpu,114
38485,yolo_x_cpu,123
38486,yolo_x_cpu,99
38487,yolo_x_cpu,113
38488,yolo_x_cpu,113
38489,yolo_x_cpu,95
38490,yolo_x_cpu,98
38491,yolo_x_cpu,109
38492,yolo_x_cpu,111
38493,yolo_x_cpu,93
38494,yolo_x_cpu,102
38495,yolo_x_cpu,96
38496,yolo_x_cpu,74
38497,yolo_x_cpu,71
38498,yolo_x_cpu,84
38499,yolo_x_cpu,86
38500,yolo_x_cpu,90
38501,yolo_x_cpu,88
38502,yolo_x_cpu,90
38503,yolo_x_cpu,97
38504,yolo_x_cpu,93
38505,yolo_x_cpu,84
38506,yolo_x_cpu,65
38507,yolo_x_cpu,81
38508,yolo_x_cpu,78
38509,yolo_x_cpu,67
38510,yolo_x_cpu,59
38511,yolo_x_cpu,78
38512,yolo_x_cpu,91
38513,yolo_x_cpu,84
38514,yolo_x_cpu,81
38515,yolo_x_cpu,86
38516,yolo_x_cpu,63
38517,yolo_x_cpu,68
38518,yolo_x_cpu,72
38519,yolo_x_cpu,62
38520,yolo_x_cpu,51
38521,yolo_x_cpu,68
38522,yolo_x_cpu,64
38523,yolo_x_cpu,56
38524,yolo_x_cpu,50
38525,yolo_x_cpu,48
38526,yolo_x_cpu,46
38527,yolo_x_cpu,58
38528,yolo_x_cpu,74
38529,yolo_x_cpu,77
38530,yolo_x_cpu,99
38531,yolo_x_cpu,79
38532,yolo_x_cpu,56
38533,yolo_x_cpu,42
38534,yolo_x_cpu,70
38535,yolo_x_cpu,52
38536,yolo_x_cpu,45
38537,yolo_x_cpu,42
38538,yolo_x_cpu,47
38539,yolo_x_cpu,49
38540,yolo_x_cpu,65
38541,yolo_x_cpu,70
38542,yolo_x_cpu,50
38543,yolo_x_cpu,44
38544,yolo_x_cpu,43
38545,yolo_x_cpu,54
38546,yolo_x_cpu,49
38547,yolo_x_cpu,66
38548,yolo_x_cpu,64
38549,yolo_x_cpu,73
38550,yolo_x_cpu,53
38551,yolo_x_cpu,68
38552,yolo_x_cpu,77
38553,yolo_x_cpu,65
38554,yolo_x_cpu,43
38555,yolo_x_cpu,43
38556,yolo_x_cpu,43
38557,yolo_x_cpu,34
38558,yolo_x_cpu,34
38559,yolo_x_cpu,44
38560,yolo_x_cpu,33
38561,yolo_x_cpu,54
38562,yolo_x_cpu,63
38563,yolo_x_cpu,54
38564,yolo_x_cpu,54
38565,yolo_x_cpu,42
38566,yolo_x_cpu,29
38567,yolo_x_cpu,34
38568,yolo_x_cpu,34
38569,yolo_x_cpu,38
38570,yolo_x_cpu,39
38571,yolo_x_cpu,44
38572,yolo_x_cpu,49
38573,yolo_x_cpu,67
38574,yolo_x_cpu,60
38575,yolo_x_cpu,39
38576,yolo_x_cpu,43
38577,yolo_x_cpu,44
38578,yolo_x_cpu,51
38579,yolo_x_cpu,52
38580,yolo_x_cpu,107
38581,yolo_x_cpu,2687
38582,yolo_x_cpu,3213
38583,yolo_x_cpu,2622
38584,yolo_x_cpu,982
38585,yolo_x_cpu,1101
38586,yolo_x_cpu,2043
38587,yolo_x_cpu,1969
38588,yolo_x_cpu,1932
38589,yolo_x_cpu,1912
38590,yolo_x_cpu,1917
38591,yolo_x_cpu,1785
38592,yolo_x_cpu,1681
38593,yolo_x_cpu,1608
38594,yolo_x_cpu,1555
38595,yolo_x_cpu,1336
38596,yolo_x_cpu,1282
38597,yolo_x_cpu,1128
38598,yolo_x_cpu,1202
38599,yolo_x_cpu,1055
38600,yolo_x_cpu,916
38601,yolo_x_cpu,230
38602,yolo_x_cpu,177
38603,yolo_x_cpu,158
38604,yolo_x_cpu,159
38605,yolo_x_cpu,132
38606,yolo_x_cpu,130
38607,yolo_x_cpu,114
38608,yolo_x_cpu,122
38609,yolo_x_cpu,98
38610,yolo_x_cpu,103
38611,yolo_x_cpu,93
38612,yolo_x_cpu,85
38613,yolo_x_cpu,85
38614,yolo_x_cpu,79
38615,yolo_x_cpu,76
38616,yolo_x_cpu,58
38617,yolo_x_cpu,91
38618,yolo_x_cpu,94
38619,yolo_x_cpu,77
38620,yolo_x_cpu,133
38621,yolo_x_cpu,80
38622,yolo_x_cpu,66
38623,yolo_x_cpu,64
38624,yolo_x_cpu,58
38625,yolo_x_cpu,53
38626,yolo_x_cpu,45
38627,yolo_x_cpu,77
38628,yolo_x_cpu,66
38629,yolo_x_cpu,98
38630,yolo_x_cpu,76
38631,yolo_x_cpu,79
38632,yolo_x_cpu,99
38633,yolo_x_cpu,74
38634,yolo_x_cpu,102
38635,yolo_x_cpu,75
38636,yolo_x_cpu,95
38637,yolo_x_cpu,104
38638,yolo_x_cpu,87
38639,yolo_x_cpu,77
38640,yolo_x_cpu,69
38641,yolo_x_cpu,42
38642,yolo_x_cpu,38
38643,yolo_x_cpu,44
38644,yolo_x_cpu,55
38645,yolo_x_cpu,45
38646,yolo_x_cpu,47
38647,yolo_x_cpu,89
38648,yolo_x_cpu,88
38649,yolo_x_cpu,115
38650,yolo_x_cpu,80
38651,yolo_x_cpu,92
38652,yolo_x_cpu,83
38653,yolo_x_cpu,93
38654,yolo_x_cpu,100
38655,yolo_x_cpu,78
38656,yolo_x_cpu,63
38657,yolo_x_cpu,74
38658,yolo_x_cpu,68
38659,yolo_x_cpu,62
38660,yolo_x_cpu,53
38661,yolo_x_cpu,48
38662,yolo_x_cpu,27
38663,yolo_x_cpu,36
38664,yolo_x_cpu,52
38665,yolo_x_cpu,58
38666,yolo_x_cpu,64
38667,yolo_x_cpu,44
38668,yolo_x_cpu,51
38669,yolo_x_cpu,64
38670,yolo_x_cpu,43
38671,yolo_x_cpu,38
38672,yolo_x_cpu,29
38673,yolo_x_cpu,32
38674,yolo_x_cpu,44
38675,yolo_x_cpu,43
38676,yolo_x_cpu,48
38677,yolo_x_cpu,66
38678,yolo_x_cpu,43
38679,yolo_x_cpu,60
38680,yolo_x_cpu,56
38681,yolo_x_cpu,75
38682,yolo_x_cpu,95
38683,yolo_x_cpu,107
38684,yolo_x_cpu,79
38685,yolo_x_cpu,85
38686,yolo_x_cpu,114
38687,yolo_x_cpu,89
38688,yolo_x_cpu,64
38689,yolo_x_cpu,48
38690,yolo_x_cpu,40
38691,yolo_x_cpu,32
38692,yolo_x_cpu,46
38693,yolo_x_cpu,39
38694,yolo_x_cpu,40
38695,yolo_x_cpu,38
38696,yolo_x_cpu,30
38697,yolo_x_cpu,28
38698,yolo_x_cpu,30
38699,yolo_x_cpu,32
38700,yolo_x_cpu,28
38701,yolo_x_cpu,25
38702,yolo_x_cpu,32
38703,yolo_x_cpu,33
38704,yolo_x_cpu,28
38705,yolo_x_cpu,32
38706,yolo_x_cpu,25
38707,yolo_x_cpu,28
38708,yolo_x_cpu,42
38709,yolo_x_cpu,25
38710,yolo_x_cpu,19
38711,yolo_x_cpu,20
38712,yolo_x_cpu,27
38713,yolo_x_cpu,41
38714,yolo_x_cpu,26
38715,yolo_x_cpu,23
38716,yolo_x_cpu,42
38717,yolo_x_cpu,32
38718,yolo_x_cpu,31
38719,yolo_x_cpu,33
38720,yolo_x_cpu,39
38721,yolo_x_cpu,45
38722,yolo_x_cpu,36
38723,yolo_x_cpu,42
38724,yolo_x_cpu,40
38725,yolo_x_cpu,37
38726,yolo_x_cpu,28
38727,yolo_x_cpu,44
38728,yolo_x_cpu,59
38729,yolo_x_cpu,47
38730,yolo_x_cpu,50
38731,yolo_x_cpu,43
38732,yolo_x_cpu,38
38733,yolo_x_cpu,35
38734,yolo_x_cpu,23
38735,yolo_x_cpu,19
38736,yolo_x_cpu,23
38737,yolo_x_cpu,21
38738,yolo_x_cpu,24
38739,yolo_x_cpu,26
38740,yolo_x_cpu,26
38741,yolo_x_cpu,29
38742,yolo_x_cpu,21
38743,yolo_x_cpu,24
38744,yolo_x_cpu,24
38745,yolo_x_cpu,25
38746,yolo_x_cpu,35
38747,yolo_x_cpu,30
38748,yolo_x_cpu,41
38749,yolo_x_cpu,39
38750,yolo_x_cpu,40
38751,yolo_x_cpu,39
38752,yolo_x_cpu,37
38753,yolo_x_cpu,40
38754,yolo_x_cpu,51
38755,yolo_x_cpu,42
38756,yolo_x_cpu,42
38757,yolo_x_cpu,54
38758,yolo_x_cpu,49
38759,yolo_x_cpu,40
38760,yolo_x_cpu,38
38761,yolo_x_cpu,38
38762,yolo_x_cpu,34
38763,yolo_x_cpu,42
38764,yolo_x_cpu,33
38765,yolo_x_cpu,35
38766,yolo_x_cpu,58
38767,yolo_x_cpu,49
38768,yolo_x_cpu,49
38769,yolo_x_cpu,52
38770,yolo_x_cpu,75
38771,yolo_x_cpu,62
38772,yolo_x_cpu,53
38773,yolo_x_cpu,50
38774,yolo_x_cpu,63
38775,yolo_x_cpu,62
38776,yolo_x_cpu,48
38777,yolo_x_cpu,63
38778,yolo_x_cpu,71
38779,yolo_x_cpu,80
38780,yolo_x_cpu,85
38781,yolo_x_cpu,92
38782,yolo_x_cpu,89
38783,yolo_x_cpu,107
38784,yolo_x_cpu,104
38785,yolo_x_cpu,111
38786,yolo_x_cpu,130
38787,yolo_x_cpu,121
38788,yolo_x_cpu,139
38789,yolo_x_cpu,135
38790,yolo_x_cpu,135
38791,yolo_x_cpu,143
38792,yolo_x_cpu,148
38793,yolo_x_cpu,157
38794,yolo_x_cpu,157
38795,yolo_x_cpu,169
38796,yolo_x_cpu,157
38797,yolo_x_cpu,168
38798,yolo_x_cpu,204
38799,yolo_x_cpu,216
38800,yolo_x_cpu,200
38801,yolo_x_cpu,216
38802,yolo_x_cpu,222
38803,yolo_x_cpu,226
38804,yolo_x_cpu,230
38805,yolo_x_cpu,229
38806,yolo_x_cpu,246
38807,yolo_x_cpu,260
38808,yolo_x_cpu,241
38809,yolo_x_cpu,263
38810,yolo_x_cpu,244
38811,yolo_x_cpu,272
38812,yolo_x_cpu,296
38813,yolo_x_cpu,335
38814,yolo_x_cpu,338
38815,yolo_x_cpu,302
38816,yolo_x_cpu,341
38817,yolo_x_cpu,303
38818,yolo_x_cpu,371
38819,yolo_x_cpu,334
38820,yolo_x_cpu,326
38821,yolo_x_cpu,404
38822,yolo_x_cpu,402
38823,yolo_x_cpu,391
38824,yolo_x_cpu,407
38825,yolo_x_cpu,424
38826,yolo_x_cpu,443
38827,yolo_x_cpu,456
38828,yolo_x_cpu,473
38829,yolo_x_cpu,430
38830,yolo_x_cpu,460
38831,yolo_x_cpu,474
38832,yolo_x_cpu,544
38833,yolo_x_cpu,526
38834,yolo_x_cpu,512
38835,yolo_x_cpu,530
38836,yolo_x_cpu,503
38837,yolo_x_cpu,657
38838,yolo_x_cpu,562
38839,yolo_x_cpu,524
38840,yolo_x_cpu,675
38841,yolo_x_cpu,638
38842,yolo_x_cpu,660
38843,yolo_x_cpu,595
38844,yolo_x_cpu,637
38845,yolo_x_cpu,646
38846,yolo_x_cpu,638
38847,yolo_x_cpu,699
38848,yolo_x_cpu,804
38849,yolo_x_cpu,787
38850,yolo_x_cpu,745
38851,yolo_x_cpu,752
38852,yolo_x_cpu,721
38853,yolo_x_cpu,774
38854,yolo_x_cpu,785
38855,yolo_x_cpu,819
38856,yolo_x_cpu,849
38857,yolo_x_cpu,856
38858,yolo_x_cpu,891
38859,yolo_x_cpu,974
38860,yolo_x_cpu,970
38861,yolo_x_cpu,989
38862,yolo_x_cpu,999
38863,yolo_x_cpu,1057
38864,yolo_x_cpu,1062
38865,yolo_x_cpu,1091
38866,yolo_x_cpu,1056
38867,yolo_x_cpu,1088
38868,yolo_x_cpu,1126
38869,yolo_x_cpu,1144
38870,yolo_x_cpu,1155
38871,yolo_x_cpu,1201
38872,yolo_x_cpu,1138
38873,yolo_x_cpu,1053
38874,yolo_x_cpu,1102
38875,yolo_x_cpu,1137
38876,yolo_x_cpu,1182
38877,yolo_x_cpu,1154
38878,yolo_x_cpu,1128
38879,yolo_x_cpu,1066
38880,yolo_x_cpu,1109
38881,yolo_x_cpu,1156
38882,yolo_x_cpu,1128
38883,yolo_x_cpu,1108
38884,yolo_x_cpu,1183
38885,yolo_x_cpu,1043
38886,yolo_x_cpu,1116
38887,yolo_x_cpu,1117
38888,yolo_x_cpu,1209
38889,yolo_x_cpu,1141
38890,yolo_x_cpu,1097
38891,yolo_x_cpu,1072
38892,yolo_x_cpu,1038
38893,yolo_x_cpu,1067
38894,yolo_x_cpu,1129
38895,yolo_x_cpu,1092
38896,yolo_x_cpu,1137
38897,yolo_x_cpu,1133
38898,yolo_x_cpu,1101
38899,yolo_x_cpu,1110
38900,yolo_x_cpu,1116
38901,yolo_x_cpu,1082
38902,yolo_x_cpu,1037
38903,yolo_x_cpu,1016
38904,yolo_x_cpu,1019
38905,yolo_x_cpu,1091
38906,yolo_x_cpu,1098
38907,yolo_x_cpu,1117
38908,yolo_x_cpu,1094
38909,yolo_x_cpu,1078
38910,yolo_x_cpu,1111
38911,yolo_x_cpu,1118
38912,yolo_x_cpu,1085
38913,yolo_x_cpu,1054
38914,yolo_x_cpu,1034
38915,yolo_x_cpu,1068
38916,yolo_x_cpu,1100
38917,yolo_x_cpu,1134
38918,yolo_x_cpu,1089
38919,yolo_x_cpu,1135
38920,yolo_x_cpu,1124
38921,yolo_x_cpu,1074
38922,yolo_x_cpu,1040
38923,yolo_x_cpu,1029
38924,yolo_x_cpu,1110
38925,yolo_x_cpu,1155
38926,yolo_x_cpu,1113
38927,yolo_x_cpu,1142
38928,yolo_x_cpu,1151
38929,yolo_x_cpu,1097
38930,yolo_x_cpu,1140
38931,yolo_x_cpu,1119
38932,yolo_x_cpu,1170
38933,yolo_x_cpu,1033
38934,yolo_x_cpu,1012
38935,yolo_x_cpu,927
38936,yolo_x_cpu,1046
38937,yolo_x_cpu,998
38938,yolo_x_cpu,1033
38939,yolo_x_cpu,976
38940,yolo_x_cpu,1001
38941,yolo_x_cpu,1045
38942,yolo_x_cpu,977
38943,yolo_x_cpu,1008
38944,yolo_x_cpu,1037
38945,yolo_x_cpu,1030
38946,yolo_x_cpu,1038
38947,yolo_x_cpu,1067
38948,yolo_x_cpu,1108
38949,yolo_x_cpu,1086
38950,yolo_x_cpu,1098
38951,yolo_x_cpu,1104
38952,yolo_x_cpu,1113
38953,yolo_x_cpu,1104
38954,yolo_x_cpu,1062
38955,yolo_x_cpu,1091
38956,yolo_x_cpu,1115
38957,yolo_x_cpu,1208
38958,yolo_x_cpu,1176
38959,yolo_x_cpu,1122
38960,yolo_x_cpu,1051
38961,yolo_x_cpu,1042
38962,yolo_x_cpu,1059
38963,yolo_x_cpu,1062
38964,yolo_x_cpu,1105
38965,yolo_x_cpu,1108
38966,yolo_x_cpu,1102
38967,yolo_x_cpu,1074
38968,yolo_x_cpu,1075
38969,yolo_x_cpu,1103
38970,yolo_x_cpu,1052
38971,yolo_x_cpu,1046
38972,yolo_x_cpu,1049
38973,yolo_x_cpu,998
38974,yolo_x_cpu,1027
38975,yolo_x_cpu,959
38976,yolo_x_cpu,1151
38977,yolo_x_cpu,1060
38978,yolo_x_cpu,1110
38979,yolo_x_cpu,1177
38980,yolo_x_cpu,1100
38981,yolo_x_cpu,1128
38982,yolo_x_cpu,1244
38983,yolo_x_cpu,1173
38984,yolo_x_cpu,1144
38985,yolo_x_cpu,1203
38986,yolo_x_cpu,1183
38987,yolo_x_cpu,1237
38988,yolo_x_cpu,1223
38989,yolo_x_cpu,1187
38990,yolo_x_cpu,1201
38991,yolo_x_cpu,1204
38992,yolo_x_cpu,1198
38993,yolo_x_cpu,1182
38994,yolo_x_cpu,1210
38995,yolo_x_cpu,1225
38996,yolo_x_cpu,1223
38997,yolo_x_cpu,1217
38998,yolo_x_cpu,1201
38999,yolo_x_cpu,1207
39000,yolo_x_cpu,1127
39001,yolo_x_cpu,1134
39002,yolo_x_cpu,1123
39003,yolo_x_cpu,1202
39004,yolo_x_cpu,1226
39005,yolo_x_cpu,1235
39006,yolo_x_cpu,1234
39007,yolo_x_cpu,1300
39008,yolo_x_cpu,1278
39009,yolo_x_cpu,1261
39010,yolo_x_cpu,1278
39011,yolo_x_cpu,1233
39012,yolo_x_cpu,1298
39013,yolo_x_cpu,1279
39014,yolo_x_cpu,1364
39015,yolo_x_cpu,1319
39016,yolo_x_cpu,1383
39017,yolo_x_cpu,1323
39018,yolo_x_cpu,1308
39019,yolo_x_cpu,1311
39020,yolo_x_cpu,1375
39021,yolo_x_cpu,1274
39022,yolo_x_cpu,1280
39023,yolo_x_cpu,1248
39024,yolo_x_cpu,1244
39025,yolo_x_cpu,1256
39026,yolo_x_cpu,1366
39027,yolo_x_cpu,1311
39028,yolo_x_cpu,1281
39029,yolo_x_cpu,1241
39030,yolo_x_cpu,1315
39031,yolo_x_cpu,1189
39032,yolo_x_cpu,1245
39033,yolo_x_cpu,1129
39034,yolo_x_cpu,1276
39035,yolo_x_cpu,1150
39036,yolo_x_cpu,1164
39037,yolo_x_cpu,1130
39038,yolo_x_cpu,1168
39039,yolo_x_cpu,1093
39040,yolo_x_cpu,1169
39041,yolo_x_cpu,1204
39042,yolo_x_cpu,1223
39043,yolo_x_cpu,1168
39044,yolo_x_cpu,1186
39045,yolo_x_cpu,1181
39046,yolo_x_cpu,1220
39047,yolo_x_cpu,1195
39048,yolo_x_cpu,1255
39049,yolo_x_cpu,1159
39050,yolo_x_cpu,1139
39051,yolo_x_cpu,1120
39052,yolo_x_cpu,1174
39053,yolo_x_cpu,1119
39054,yolo_x_cpu,1131
39055,yolo_x_cpu,1068
39056,yolo_x_cpu,1102
39057,yolo_x_cpu,1150
39058,yolo_x_cpu,1205
39059,yolo_x_cpu,1266
39060,yolo_x_cpu,1203
39061,yolo_x_cpu,1216
39062,yolo_x_cpu,1227
39063,yolo_x_cpu,1272
39064,yolo_x_cpu,1200
39065,yolo_x_cpu,1185
39066,yolo_x_cpu,1114
39067,yolo_x_cpu,1144
39068,yolo_x_cpu,1134
39069,yolo_x_cpu,1223
39070,yolo_x_cpu,1211
39071,yolo_x_cpu,1267
39072,yolo_x_cpu,1245
39073,yolo_x_cpu,1196
39074,yolo_x_cpu,1202
39075,yolo_x_cpu,1207
39076,yolo_x_cpu,1181
39077,yolo_x_cpu,1196
39078,yolo_x_cpu,1179
39079,yolo_x_cpu,1155
39080,yolo_x_cpu,1185
39081,yolo_x_cpu,1153
39082,yolo_x_cpu,1231
39083,yolo_x_cpu,1124
39084,yolo_x_cpu,1158
39085,yolo_x_cpu,1020
39086,yolo_x_cpu,1121
39087,yolo_x_cpu,1027
39088,yolo_x_cpu,1097
39089,yolo_x_cpu,1147
39090,yolo_x_cpu,1115
39091,yolo_x_cpu,1092
39092,yolo_x_cpu,1083
39093,yolo_x_cpu,1128
39094,yolo_x_cpu,1085
39095,yolo_x_cpu,1059
39096,yolo_x_cpu,1063
39097,yolo_x_cpu,1116
39098,yolo_x_cpu,1111
39099,yolo_x_cpu,1159
39100,yolo_x_cpu,1090
39101,yolo_x_cpu,1111
39102,yolo_x_cpu,1176
39103,yolo_x_cpu,1175
39104,yolo_x_cpu,1136
39105,yolo_x_cpu,1154
39106,yolo_x_cpu,1119
39107,yolo_x_cpu,1097
39108,yolo_x_cpu,1111
39109,yolo_x_cpu,1085
39110,yolo_x_cpu,1094
39111,yolo_x_cpu,1097
39112,yolo_x_cpu,1049
39113,yolo_x_cpu,1063
39114,yolo_x_cpu,1116
39115,yolo_x_cpu,1095
39116,yolo_x_cpu,1064
39117,yolo_x_cpu,1038
39118,yolo_x_cpu,997
39119,yolo_x_cpu,1048
39120,yolo_x_cpu,1023
39121,yolo_x_cpu,1133
39122,yolo_x_cpu,1135
39123,yolo_x_cpu,1126
39124,yolo_x_cpu,1080
39125,yolo_x_cpu,1087
39126,yolo_x_cpu,1106
39127,yolo_x_cpu,1103
39128,yolo_x_cpu,1092
39129,yolo_x_cpu,1065
39130,yolo_x_cpu,1024
39131,yolo_x_cpu,1107
39132,yolo_x_cpu,1087
39133,yolo_x_cpu,1110
39134,yolo_x_cpu,1064
39135,yolo_x_cpu,1040
39136,yolo_x_cpu,1080
39137,yolo_x_cpu,964
39138,yolo_x_cpu,948
39139,yolo_x_cpu,952
39140,yolo_x_cpu,916
39141,yolo_x_cpu,957
39142,yolo_x_cpu,976
39143,yolo_x_cpu,1016
39144,yolo_x_cpu,966
39145,yolo_x_cpu,965
39146,yolo_x_cpu,1025
39147,yolo_x_cpu,1031
39148,yolo_x_cpu,1030
39149,yolo_x_cpu,1042
39150,yolo_x_cpu,1056
39151,yolo_x_cpu,1082
39152,yolo_x_cpu,1127
39153,yolo_x_cpu,1076
39154,yolo_x_cpu,1093
39155,yolo_x_cpu,1096
39156,yolo_x_cpu,1088
39157,yolo_x_cpu,1016
39158,yolo_x_cpu,1050
39159,yolo_x_cpu,1029
39160,yolo_x_cpu,1063
39161,yolo_x_cpu,1016
39162,yolo_x_cpu,982
39163,yolo_x_cpu,1019
39164,yolo_x_cpu,1032
39165,yolo_x_cpu,976
39166,yolo_x_cpu,1040
39167,yolo_x_cpu,1013
39168,yolo_x_cpu,1040
39169,yolo_x_cpu,1010
39170,yolo_x_cpu,1022
39171,yolo_x_cpu,1058
39172,yolo_x_cpu,1061
39173,yolo_x_cpu,1092
39174,yolo_x_cpu,1119
39175,yolo_x_cpu,1081
39176,yolo_x_cpu,1083
39177,yolo_x_cpu,1053
39178,yolo_x_cpu,996
39179,yolo_x_cpu,1044
39180,yolo_x_cpu,1012
39181,yolo_x_cpu,898
39182,yolo_x_cpu,995
39183,yolo_x_cpu,1026
39184,yolo_x_cpu,1022
39185,yolo_x_cpu,1043
39186,yolo_x_cpu,1068
39187,yolo_x_cpu,1071
39188,yolo_x_cpu,1078
39189,yolo_x_cpu,1066
39190,yolo_x_cpu,1072
39191,yolo_x_cpu,1127
39192,yolo_x_cpu,1150
39193,yolo_x_cpu,1155
39194,yolo_x_cpu,1148
39195,yolo_x_cpu,1125
39196,yolo_x_cpu,1158
39197,yolo_x_cpu,1188
39198,yolo_x_cpu,1223
39199,yolo_x_cpu,1207
39200,yolo_x_cpu,1244
39201,yolo_x_cpu,1236
39202,yolo_x_cpu,1311
39203,yolo_x_cpu,1315
39204,yolo_x_cpu,1324
39205,yolo_x_cpu,1270
39206,yolo_x_cpu,1302
39207,yolo_x_cpu,1373
39208,yolo_x_cpu,1288
39209,yolo_x_cpu,1274
39210,yolo_x_cpu,1278
39211,yolo_x_cpu,1271
39212,yolo_x_cpu,1238
39213,yolo_x_cpu,1261
39214,yolo_x_cpu,1281
39215,yolo_x_cpu,1382
39216,yolo_x_cpu,1354
39217,yolo_x_cpu,1345
39218,yolo_x_cpu,1278
39219,yolo_x_cpu,1267
39220,yolo_x_cpu,1310
39221,yolo_x_cpu,1354
39222,yolo_x_cpu,1376
39223,yolo_x_cpu,1375
39224,yolo_x_cpu,1407
39225,yolo_x_cpu,1407
39226,yolo_x_cpu,1436
39227,yolo_x_cpu,1406
39228,yolo_x_cpu,1448
39229,yolo_x_cpu,1411
39230,yolo_x_cpu,1425
39231,yolo_x_cpu,1513
39232,yolo_x_cpu,1508
39233,yolo_x_cpu,1416
39234,yolo_x_cpu,1456
39235,yolo_x_cpu,1406
39236,yolo_x_cpu,1417
39237,yolo_x_cpu,1421
39238,yolo_x_cpu,1402
39239,yolo_x_cpu,1353
39240,yolo_x_cpu,1351
39241,yolo_x_cpu,1341
39242,yolo_x_cpu,1397
39243,yolo_x_cpu,1364
39244,yolo_x_cpu,1362
39245,yolo_x_cpu,1298
39246,yolo_x_cpu,1256
39247,yolo_x_cpu,1360
39248,yolo_x_cpu,1386
39249,yolo_x_cpu,1352
39250,yolo_x_cpu,1347
39251,yolo_x_cpu,1347
39252,yolo_x_cpu,1320
39253,yolo_x_cpu,1377
39254,yolo_x_cpu,1329
39255,yolo_x_cpu,1350
39256,yolo_x_cpu,1319
39257,yolo_x_cpu,1283
39258,yolo_x_cpu,1332
39259,yolo_x_cpu,1388
39260,yolo_x_cpu,1400
39261,yolo_x_cpu,1329
39262,yolo_x_cpu,1303
39263,yolo_x_cpu,1286
39264,yolo_x_cpu,1240
39265,yolo_x_cpu,1211
39266,yolo_x_cpu,1313
39267,yolo_x_cpu,1267
39268,yolo_x_cpu,1279
39269,yolo_x_cpu,1224
39270,yolo_x_cpu,1279
39271,yolo_x_cpu,1241
39272,yolo_x_cpu,1315
39273,yolo_x_cpu,1288
39274,yolo_x_cpu,1258
39275,yolo_x_cpu,1329
39276,yolo_x_cpu,1375
39277,yolo_x_cpu,1272
39278,yolo_x_cpu,1303
39279,yolo_x_cpu,1236
39280,yolo_x_cpu,1288
39281,yolo_x_cpu,1298
39282,yolo_x_cpu,1232
39283,yolo_x_cpu,1284
39284,yolo_x_cpu,1266
39285,yolo_x_cpu,1280
39286,yolo_x_cpu,1317
39287,yolo_x_cpu,1289
39288,yolo_x_cpu,1299
39289,yolo_x_cpu,1242
39290,yolo_x_cpu,1231
39291,yolo_x_cpu,1300
39292,yolo_x_cpu,1232
39293,yolo_x_cpu,1264
39294,yolo_x_cpu,1241
39295,yolo_x_cpu,1235
39296,yolo_x_cpu,1240
39297,yolo_x_cpu,1345
39298,yolo_x_cpu,1350
39299,yolo_x_cpu,1328
39300,yolo_x_cpu,1253
39301,yolo_x_cpu,1265
39302,yolo_x_cpu,1263
39303,yolo_x_cpu,1313
39304,yolo_x_cpu,1327
39305,yolo_x_cpu,1324
39306,yolo_x_cpu,1243
39307,yolo_x_cpu,1250
39308,yolo_x_cpu,1211
39309,yolo_x_cpu,1206
39310,yolo_x_cpu,1259
39311,yolo_x_cpu,1267
39312,yolo_x_cpu,1160
39313,yolo_x_cpu,1173
39314,yolo_x_cpu,1201
39315,yolo_x_cpu,1202
39316,yolo_x_cpu,1241
39317,yolo_x_cpu,1231
39318,yolo_x_cpu,1274
39319,yolo_x_cpu,1248
39320,yolo_x_cpu,1266
39321,yolo_x_cpu,1267
39322,yolo_x_cpu,1231
39323,yolo_x_cpu,1257
39324,yolo_x_cpu,1182
39325,yolo_x_cpu,1158
39326,yolo_x_cpu,1161
39327,yolo_x_cpu,1203
39328,yolo_x_cpu,1226
39329,yolo_x_cpu,1218
39330,yolo_x_cpu,1210
39331,yolo_x_cpu,1200
39332,yolo_x_cpu,1288
39333,yolo_x_cpu,1266
39334,yolo_x_cpu,1292
39335,yolo_x_cpu,1285
39336,yolo_x_cpu,1227
39337,yolo_x_cpu,1272
39338,yolo_x_cpu,1265
39339,yolo_x_cpu,1321
39340,yolo_x_cpu,1211
39341,yolo_x_cpu,1227
39342,yolo_x_cpu,1218
39343,yolo_x_cpu,1303
39344,yolo_x_cpu,1358
39345,yolo_x_cpu,1311
39346,yolo_x_cpu,1266
39347,yolo_x_cpu,1272
39348,yolo_x_cpu,1164
39349,yolo_x_cpu,1235
39350,yolo_x_cpu,1284
39351,yolo_x_cpu,1267
39352,yolo_x_cpu,1295
39353,yolo_x_cpu,1276
39354,yolo_x_cpu,1235
39355,yolo_x_cpu,1255
39356,yolo_x_cpu,1217
39357,yolo_x_cpu,1271
39358,yolo_x_cpu,1309
39359,yolo_x_cpu,1327
39360,yolo_x_cpu,1328
39361,yolo_x_cpu,1366
39362,yolo_x_cpu,1349
39363,yolo_x_cpu,1290
39364,yolo_x_cpu,1302
39365,yolo_x_cpu,1269
39366,yolo_x_cpu,1295
39367,yolo_x_cpu,1355
39368,yolo_x_cpu,1313
39369,yolo_x_cpu,1364
39370,yolo_x_cpu,1369
39371,yolo_x_cpu,1299
39372,yolo_x_cpu,1306
39373,yolo_x_cpu,1344
39374,yolo_x_cpu,1298
39375,yolo_x_cpu,1294
39376,yolo_x_cpu,1295
39377,yolo_x_cpu,1298
39378,yolo_x_cpu,1336
39379,yolo_x_cpu,1275
39380,yolo_x_cpu,1361
39381,yolo_x_cpu,1407
39382,yolo_x_cpu,1347
39383,yolo_x_cpu,1425
39384,yolo_x_cpu,1420
39385,yolo_x_cpu,1405
39386,yolo_x_cpu,1388
39387,yolo_x_cpu,1445
39388,yolo_x_cpu,1471
39389,yolo_x_cpu,1481
39390,yolo_x_cpu,1454
39391,yolo_x_cpu,1494
39392,yolo_x_cpu,1411
39393,yolo_x_cpu,1456
39394,yolo_x_cpu,1464
39395,yolo_x_cpu,1489
39396,yolo_x_cpu,1525
39397,yolo_x_cpu,1501
39398,yolo_x_cpu,1495
39399,yolo_x_cpu,1446
39400,yolo_x_cpu,1452
39401,yolo_x_cpu,1480
39402,yolo_x_cpu,1536
39403,yolo_x_cpu,1501
39404,yolo_x_cpu,1521
39405,yolo_x_cpu,1561
39406,yolo_x_cpu,1512
39407,yolo_x_cpu,1486
39408,yolo_x_cpu,1474
39409,yolo_x_cpu,1487
39410,yolo_x_cpu,1422
39411,yolo_x_cpu,1412
39412,yolo_x_cpu,1413
39413,yolo_x_cpu,1458
39414,yolo_x_cpu,1445
39415,yolo_x_cpu,1477
39416,yolo_x_cpu,1525
39417,yolo_x_cpu,1516
39418,yolo_x_cpu,1429
39419,yolo_x_cpu,1396
39420,yolo_x_cpu,1365
39421,yolo_x_cpu,1358
39422,yolo_x_cpu,1335
39423,yolo_x_cpu,1408
39424,yolo_x_cpu,1424
39425,yolo_x_cpu,1414
39426,yolo_x_cpu,1450
39427,yolo_x_cpu,1539
39428,yolo_x_cpu,1565
39429,yolo_x_cpu,1596
39430,yolo_x_cpu,1559
39431,yolo_x_cpu,1517
39432,yolo_x_cpu,1547
39433,yolo_x_cpu,1544
39434,yolo_x_cpu,1596
39435,yolo_x_cpu,1573
39436,yolo_x_cpu,1611
39437,yolo_x_cpu,1697
39438,yolo_x_cpu,1640
39439,yolo_x_cpu,1625
39440,yolo_x_cpu,1519
39441,yolo_x_cpu,1531
39442,yolo_x_cpu,1565
39443,yolo_x_cpu,1564
39444,yolo_x_cpu,1653
39445,yolo_x_cpu,1543
39446,yolo_x_cpu,1526
39447,yolo_x_cpu,1515
39448,yolo_x_cpu,1490
39449,yolo_x_cpu,1501
39450,yolo_x_cpu,1565
39451,yolo_x_cpu,1512
39452,yolo_x_cpu,1507
39453,yolo_x_cpu,1623
39454,yolo_x_cpu,1614
39455,yolo_x_cpu,1649
39456,yolo_x_cpu,1650
39457,yolo_x_cpu,1579
39458,yolo_x_cpu,1681
39459,yolo_x_cpu,1700
39460,yolo_x_cpu,1587
39461,yolo_x_cpu,1581
39462,yolo_x_cpu,1598
39463,yolo_x_cpu,1624
39464,yolo_x_cpu,1557
39465,yolo_x_cpu,1557
39466,yolo_x_cpu,1627
39467,yolo_x_cpu,1639
39468,yolo_x_cpu,1630
39469,yolo_x_cpu,1571
39470,yolo_x_cpu,1530
39471,yolo_x_cpu,1559
39472,yolo_x_cpu,1583
39473,yolo_x_cpu,1568
39474,yolo_x_cpu,1499
39475,yolo_x_cpu,1466
39476,yolo_x_cpu,1388
39477,yolo_x_cpu,1459
39478,yolo_x_cpu,1353
39479,yolo_x_cpu,1459
39480,yolo_x_cpu,1399
39481,yolo_x_cpu,1392
39482,yolo_x_cpu,1506
39483,yolo_x_cpu,1414
39484,yolo_x_cpu,1386
39485,yolo_x_cpu,1397
39486,yolo_x_cpu,1340
39487,yolo_x_cpu,1326
39488,yolo_x_cpu,1384
39489,yolo_x_cpu,1391
39490,yolo_x_cpu,1383
39491,yolo_x_cpu,1322
39492,yolo_x_cpu,1305
39493,yolo_x_cpu,1368
39494,yolo_x_cpu,1285
39495,yolo_x_cpu,1279
39496,yolo_x_cpu,1204
39497,yolo_x_cpu,1287
39498,yolo_x_cpu,1270
39499,yolo_x_cpu,1304
39500,yolo_x_cpu,1204
39501,yolo_x_cpu,1216
39502,yolo_x_cpu,1175
39503,yolo_x_cpu,1200
39504,yolo_x_cpu,1185
39505,yolo_x_cpu,1134
39506,yolo_x_cpu,1110
39507,yolo_x_cpu,1100
39508,yolo_x_cpu,1055
39509,yolo_x_cpu,1064
39510,yolo_x_cpu,1049
39511,yolo_x_cpu,987
39512,yolo_x_cpu,1018
39513,yolo_x_cpu,1003
39514,yolo_x_cpu,1029
39515,yolo_x_cpu,1036
39516,yolo_x_cpu,945
39517,yolo_x_cpu,965
39518,yolo_x_cpu,1023
39519,yolo_x_cpu,1056
39520,yolo_x_cpu,995
39521,yolo_x_cpu,1008
39522,yolo_x_cpu,1012
39523,yolo_x_cpu,1042
39524,yolo_x_cpu,1053
39525,yolo_x_cpu,1086
39526,yolo_x_cpu,1077
39527,yolo_x_cpu,1033
39528,yolo_x_cpu,1031
39529,yolo_x_cpu,1043
39530,yolo_x_cpu,1086
39531,yolo_x_cpu,1107
39532,yolo_x_cpu,1076
39533,yolo_x_cpu,1040
39534,yolo_x_cpu,1028
39535,yolo_x_cpu,1010
39536,yolo_x_cpu,1058
39537,yolo_x_cpu,1073
39538,yolo_x_cpu,1044
39539,yolo_x_cpu,1031
39540,yolo_x_cpu,1022
39541,yolo_x_cpu,982
39542,yolo_x_cpu,1020
39543,yolo_x_cpu,1071
39544,yolo_x_cpu,1069
39545,yolo_x_cpu,1065
39546,yolo_x_cpu,1111
39547,yolo_x_cpu,1083
39548,yolo_x_cpu,1131
39549,yolo_x_cpu,1067
39550,yolo_x_cpu,1045
39551,yolo_x_cpu,1037
39552,yolo_x_cpu,1002
39553,yolo_x_cpu,997
39554,yolo_x_cpu,963
39555,yolo_x_cpu,982
39556,yolo_x_cpu,973
39557,yolo_x_cpu,937
39558,yolo_x_cpu,966
39559,yolo_x_cpu,909
39560,yolo_x_cpu,914
39561,yolo_x_cpu,899
39562,yolo_x_cpu,914
39563,yolo_x_cpu,887
39564,yolo_x_cpu,941
39565,yolo_x_cpu,999
39566,yolo_x_cpu,969
39567,yolo_x_cpu,954
39568,yolo_x_cpu,951
39569,yolo_x_cpu,908
39570,yolo_x_cpu,907
39571,yolo_x_cpu,951
39572,yolo_x_cpu,952
39573,yolo_x_cpu,1012
39574,yolo_x_cpu,964
39575,yolo_x_cpu,923
39576,yolo_x_cpu,886
39577,yolo_x_cpu,837
39578,yolo_x_cpu,843
39579,yolo_x_cpu,805
39580,yolo_x_cpu,807
39581,yolo_x_cpu,777
39582,yolo_x_cpu,815
39583,yolo_x_cpu,767
39584,yolo_x_cpu,798
39585,yolo_x_cpu,816
39586,yolo_x_cpu,760
39587,yolo_x_cpu,811
39588,yolo_x_cpu,780
39589,yolo_x_cpu,815
39590,yolo_x_cpu,797
39591,yolo_x_cpu,803
39592,yolo_x_cpu,839
39593,yolo_x_cpu,845
39594,yolo_x_cpu,814
39595,yolo_x_cpu,813
39596,yolo_x_cpu,846
39597,yolo_x_cpu,852
39598,yolo_x_cpu,787
39599,yolo_x_cpu,778
39600,yolo_x_cpu,817
39601,yolo_x_cpu,793
39602,yolo_x_cpu,766
39603,yolo_x_cpu,776
39604,yolo_x_cpu,830
39605,yolo_x_cpu,803
39606,yolo_x_cpu,788
39607,yolo_x_cpu,804
39608,yolo_x_cpu,842
39609,yolo_x_cpu,843
39610,yolo_x_cpu,788
39611,yolo_x_cpu,816
39612,yolo_x_cpu,807
39613,yolo_x_cpu,790
39614,yolo_x_cpu,800
39615,yolo_x_cpu,775
39616,yolo_x_cpu,783
39617,yolo_x_cpu,777
39618,yolo_x_cpu,782
39619,yolo_x_cpu,813
39620,yolo_x_cpu,803
39621,yolo_x_cpu,803
39622,yolo_x_cpu,749
39623,yolo_x_cpu,811
39624,yolo_x_cpu,818
39625,yolo_x_cpu,783
39626,yolo_x_cpu,692
39627,yolo_x_cpu,713
39628,yolo_x_cpu,748
39629,yolo_x_cpu,707
39630,yolo_x_cpu,701
39631,yolo_x_cpu,700
39632,yolo_x_cpu,758
39633,yolo_x_cpu,724
39634,yolo_x_cpu,691
39635,yolo_x_cpu,735
39636,yolo_x_cpu,768
39637,yolo_x_cpu,773
39638,yolo_x_cpu,835
39639,yolo_x_cpu,826
39640,yolo_x_cpu,846
39641,yolo_x_cpu,805
39642,yolo_x_cpu,767
39643,yolo_x_cpu,742
39644,yolo_x_cpu,824
39645,yolo_x_cpu,784
39646,yolo_x_cpu,763
39647,yolo_x_cpu,804
39648,yolo_x_cpu,812
39649,yolo_x_cpu,763
39650,yolo_x_cpu,797
39651,yolo_x_cpu,696
39652,yolo_x_cpu,830
39653,yolo_x_cpu,823
39654,yolo_x_cpu,735
39655,yolo_x_cpu,753
39656,yolo_x_cpu,748
39657,yolo_x_cpu,694
39658,yolo_x_cpu,693
39659,yolo_x_cpu,674
39660,yolo_x_cpu,737
39661,yolo_x_cpu,749
39662,yolo_x_cpu,735
39663,yolo_x_cpu,717
39664,yolo_x_cpu,706
39665,yolo_x_cpu,755
39666,yolo_x_cpu,716
39667,yolo_x_cpu,686
39668,yolo_x_cpu,715
39669,yolo_x_cpu,764
39670,yolo_x_cpu,725
39671,yolo_x_cpu,713
39672,yolo_x_cpu,746
39673,yolo_x_cpu,722
39674,yolo_x_cpu,732
39675,yolo_x_cpu,699
39676,yolo_x_cpu,730
39677,yolo_x_cpu,623
39678,yolo_x_cpu,610
39679,yolo_x_cpu,588
39680,yolo_x_cpu,552
39681,yolo_x_cpu,539
39682,yolo_x_cpu,483
39683,yolo_x_cpu,569
39684,yolo_x_cpu,553
39685,yolo_x_cpu,586
39686,yolo_x_cpu,590
39687,yolo_x_cpu,635
39688,yolo_x_cpu,589
39689,yolo_x_cpu,596
39690,yolo_x_cpu,712
39691,yolo_x_cpu,695
39692,yolo_x_cpu,564
39693,yolo_x_cpu,522
39694,yolo_x_cpu,573
39695,yolo_x_cpu,585
39696,yolo_x_cpu,625
39697,yolo_x_cpu,556
39698,yolo_x_cpu,566
39699,yolo_x_cpu,517
39700,yolo_x_cpu,505
39701,yolo_x_cpu,540
39702,yolo_x_cpu,502
39703,yolo_x_cpu,526
39704,yolo_x_cpu,556
39705,yolo_x_cpu,494
39706,yolo_x_cpu,546
39707,yolo_x_cpu,423
39708,yolo_x_cpu,621
39709,yolo_x_cpu,553
39710,yolo_x_cpu,530
39711,yolo_x_cpu,525
39712,yolo_x_cpu,508
39713,yolo_x_cpu,415
39714,yolo_x_cpu,532
39715,yolo_x_cpu,508
39716,yolo_x_cpu,452
39717,yolo_x_cpu,457
39718,yolo_x_cpu,471
39719,yolo_x_cpu,468
39720,yolo_x_cpu,471
39721,yolo_x_cpu,497
39722,yolo_x_cpu,409
39723,yolo_x_cpu,490
39724,yolo_x_cpu,525
39725,yolo_x_cpu,469
39726,yolo_x_cpu,489
39727,yolo_x_cpu,532
39728,yolo_x_cpu,470
39729,yolo_x_cpu,477
39730,yolo_x_cpu,516
39731,yolo_x_cpu,485
39732,yolo_x_cpu,517
39733,yolo_x_cpu,533
39734,yolo_x_cpu,512
39735,yolo_x_cpu,463
39736,yolo_x_cpu,470
39737,yolo_x_cpu,475
39738,yolo_x_cpu,436
39739,yolo_x_cpu,427
39740,yolo_x_cpu,460
39741,yolo_x_cpu,452
39742,yolo_x_cpu,468
39743,yolo_x_cpu,444
39744,yolo_x_cpu,481
39745,yolo_x_cpu,463
39746,yolo_x_cpu,372
39747,yolo_x_cpu,412
39748,yolo_x_cpu,433
39749,yolo_x_cpu,434
39750,yolo_x_cpu,425
39751,yolo_x_cpu,412
39752,yolo_x_cpu,391
39753,yolo_x_cpu,388
39754,yolo_x_cpu,376
39755,yolo_x_cpu,368
39756,yolo_x_cpu,335
39757,yolo_x_cpu,346
39758,yolo_x_cpu,387
39759,yolo_x_cpu,367
39760,yolo_x_cpu,352
39761,yolo_x_cpu,325
39762,yolo_x_cpu,401
39763,yolo_x_cpu,348
39764,yolo_x_cpu,368
39765,yolo_x_cpu,352
39766,yolo_x_cpu,401
39767,yolo_x_cpu,348
39768,yolo_x_cpu,329
39769,yolo_x_cpu,323
39770,yolo_x_cpu,358
39771,yolo_x_cpu,343
39772,yolo_x_cpu,385
39773,yolo_x_cpu,383
39774,yolo_x_cpu,375
39775,yolo_x_cpu,363
39776,yolo_x_cpu,367
39777,yolo_x_cpu,340
39778,yolo_x_cpu,328
39779,yolo_x_cpu,366
39780,yolo_x_cpu,342
39781,yolo_x_cpu,339
39782,yolo_x_cpu,356
39783,yolo_x_cpu,341
39784,yolo_x_cpu,277
39785,yolo_x_cpu,282
39786,yolo_x_cpu,262
39787,yolo_x_cpu,254
39788,yolo_x_cpu,259
39789,yolo_x_cpu,300
39790,yolo_x_cpu,319
39791,yolo_x_cpu,346
39792,yolo_x_cpu,336
39793,yolo_x_cpu,344
39794,yolo_x_cpu,336
39795,yolo_x_cpu,321
39796,yolo_x_cpu,299
39797,yolo_x_cpu,278
39798,yolo_x_cpu,291
39799,yolo_x_cpu,277
39800,yolo_x_cpu,300
39801,yolo_x_cpu,272
39802,yolo_x_cpu,273
39803,yolo_x_cpu,265
39804,yolo_x_cpu,260
39805,yolo_x_cpu,243
39806,yolo_x_cpu,263
39807,yolo_x_cpu,258
39808,yolo_x_cpu,297
39809,yolo_x_cpu,339
39810,yolo_x_cpu,313
39811,yolo_x_cpu,289
39812,yolo_x_cpu,281
39813,yolo_x_cpu,240
39814,yolo_x_cpu,287
39815,yolo_x_cpu,277
39816,yolo_x_cpu,277
39817,yolo_x_cpu,270
39818,yolo_x_cpu,293
39819,yolo_x_cpu,273
39820,yolo_x_cpu,230
39821,yolo_x_cpu,276
39822,yolo_x_cpu,240
39823,yolo_x_cpu,273
39824,yolo_x_cpu,261
39825,yolo_x_cpu,286
39826,yolo_x_cpu,275
39827,yolo_x_cpu,257
39828,yolo_x_cpu,247
39829,yolo_x_cpu,234
39830,yolo_x_cpu,220
39831,yolo_x_cpu,230
39832,yolo_x_cpu,267
39833,yolo_x_cpu,233
39834,yolo_x_cpu,272
39835,yolo_x_cpu,240
39836,yolo_x_cpu,269
39837,yolo_x_cpu,262
39838,yolo_x_cpu,249
39839,yolo_x_cpu,275
39840,yolo_x_cpu,235
39841,yolo_x_cpu,221
39842,yolo_x_cpu,240
39843,yolo_x_cpu,235
39844,yolo_x_cpu,236
39845,yolo_x_cpu,213
39846,yolo_x_cpu,233
39847,yolo_x_cpu,213
39848,yolo_x_cpu,202
39849,yolo_x_cpu,233
39850,yolo_x_cpu,204
39851,yolo_x_cpu,186
39852,yolo_x_cpu,162
39853,yolo_x_cpu,192
39854,yolo_x_cpu,172
39855,yolo_x_cpu,180
39856,yolo_x_cpu,189
39857,yolo_x_cpu,196
39858,yolo_x_cpu,211
39859,yolo_x_cpu,156
39860,yolo_x_cpu,248
39861,yolo_x_cpu,205
39862,yolo_x_cpu,203
39863,yolo_x_cpu,193
39864,yolo_x_cpu,206
39865,yolo_x_cpu,189
39866,yolo_x_cpu,167
39867,yolo_x_cpu,175
39868,yolo_x_cpu,154
39869,yolo_x_cpu,154
39870,yolo_x_cpu,176
39871,yolo_x_cpu,166
39872,yolo_x_cpu,151
39873,yolo_x_cpu,130
39874,yolo_x_cpu,125
39875,yolo_x_cpu,121
39876,yolo_x_cpu,119
39877,yolo_x_cpu,128
39878,yolo_x_cpu,121
39879,yolo_x_cpu,118
39880,yolo_x_cpu,106
39881,yolo_x_cpu,92
39882,yolo_x_cpu,94
39883,yolo_x_cpu,89
39884,yolo_x_cpu,101
39885,yolo_x_cpu,121
39886,yolo_x_cpu,103
39887,yolo_x_cpu,92
39888,yolo_x_cpu,93
39889,yolo_x_cpu,93
39890,yolo_x_cpu,81
39891,yolo_x_cpu,97
39892,yolo_x_cpu,100
39893,yolo_x_cpu,83
39894,yolo_x_cpu,76
39895,yolo_x_cpu,69
39896,yolo_x_cpu,87
39897,yolo_x_cpu,99
39898,yolo_x_cpu,119
39899,yolo_x_cpu,100
39900,yolo_x_cpu,104
39901,yolo_x_cpu,90
39902,yolo_x_cpu,94
39903,yolo_x_cpu,97
39904,yolo_x_cpu,97
39905,yolo_x_cpu,105
39906,yolo_x_cpu,123
39907,yolo_x_cpu,121
39908,yolo_x_cpu,112
39909,yolo_x_cpu,111
39910,yolo_x_cpu,121
39911,yolo_x_cpu,109
39912,yolo_x_cpu,83
39913,yolo_x_cpu,88
39914,yolo_x_cpu,87
39915,yolo_x_cpu,79
39916,yolo_x_cpu,70
39917,yolo_x_cpu,47
39918,yolo_x_cpu,58
39919,yolo_x_cpu,85
39920,yolo_x_cpu,80
39921,yolo_x_cpu,77
39922,yolo_x_cpu,74
39923,yolo_x_cpu,76
39924,yolo_x_cpu,88
39925,yolo_x_cpu,119
39926,yolo_x_cpu,120
39927,yolo_x_cpu,122
39928,yolo_x_cpu,117
39929,yolo_x_cpu,89
39930,yolo_x_cpu,110
39931,yolo_x_cpu,94
39932,yolo_x_cpu,87
39933,yolo_x_cpu,71
39934,yolo_x_cpu,48
39935,yolo_x_cpu,75
39936,yolo_x_cpu,79
39937,yolo_x_cpu,113
39938,yolo_x_cpu,107
39939,yolo_x_cpu,107
39940,yolo_x_cpu,96
39941,yolo_x_cpu,108
39942,yolo_x_cpu,111
39943,yolo_x_cpu,106
39944,yolo_x_cpu,88
39945,yolo_x_cpu,95
39946,yolo_x_cpu,84
39947,yolo_x_cpu,87
39948,yolo_x_cpu,100
39949,yolo_x_cpu,106
39950,yolo_x_cpu,121
39951,yolo_x_cpu,106
39952,yolo_x_cpu,87
39953,yolo_x_cpu,100
39954,yolo_x_cpu,114
39955,yolo_x_cpu,118
39956,yolo_x_cpu,99
39957,yolo_x_cpu,97
39958,yolo_x_cpu,85
39959,yolo_x_cpu,84
39960,yolo_x_cpu,87
39961,yolo_x_cpu,90
39962,yolo_x_cpu,103
39963,yolo_x_cpu,61
39964,yolo_x_cpu,65
39965,yolo_x_cpu,96
39966,yolo_x_cpu,75
39967,yolo_x_cpu,58
39968,yolo_x_cpu,67
39969,yolo_x_cpu,75
39970,yolo_x_cpu,70
39971,yolo_x_cpu,58
39972,yolo_x_cpu,62
39973,yolo_x_cpu,52
39974,yolo_x_cpu,48
39975,yolo_x_cpu,63
39976,yolo_x_cpu,68
39977,yolo_x_cpu,67
39978,yolo_x_cpu,64
39979,yolo_x_cpu,50
39980,yolo_x_cpu,65
39981,yolo_x_cpu,57
39982,yolo_x_cpu,62
39983,yolo_x_cpu,68
39984,yolo_x_cpu,69
39985,yolo_x_cpu,63
39986,yolo_x_cpu,44
39987,yolo_x_cpu,61
39988,yolo_x_cpu,76
39989,yolo_x_cpu,72
39990,yolo_x_cpu,59
39991,yolo_x_cpu,55
39992,yolo_x_cpu,61
39993,yolo_x_cpu,67
39994,yolo_x_cpu,71
39995,yolo_x_cpu,76
39996,yolo_x_cpu,48
39997,yolo_x_cpu,52
39998,yolo_x_cpu,55
39999,yolo_x_cpu,55
40000,yolo_x_cpu,67
40001,yolo_x_cpu,51
40002,yolo_x_cpu,54
40003,yolo_x_cpu,41
40004,yolo_x_cpu,44
40005,yolo_x_cpu,42
40006,yolo_x_cpu,44
40007,yolo_x_cpu,49
40008,yolo_x_cpu,56
40009,yolo_x_cpu,48
40010,yolo_x_cpu,47
40011,yolo_x_cpu,38
40012,yolo_x_cpu,39
40013,yolo_x_cpu,38
40014,yolo_x_cpu,42
40015,yolo_x_cpu,55
40016,yolo_x_cpu,60
40017,yolo_x_cpu,48
40018,yolo_x_cpu,32
40019,yolo_x_cpu,51
40020,yolo_x_cpu,81
40021,yolo_x_cpu,1474
40022,yolo_x_cpu,1585
40023,yolo_x_cpu,1405
40024,yolo_x_cpu,590
40025,yolo_x_cpu,602
40026,yolo_x_cpu,953
40027,yolo_x_cpu,958
40028,yolo_x_cpu,858
40029,yolo_x_cpu,818
40030,yolo_x_cpu,760
40031,yolo_x_cpu,768
40032,yolo_x_cpu,661
40033,yolo_x_cpu,620
40034,yolo_x_cpu,585
40035,yolo_x_cpu,483
40036,yolo_x_cpu,492
40037,yolo_x_cpu,438
40038,yolo_x_cpu,370
40039,yolo_x_cpu,351
40040,yolo_x_cpu,276
40041,yolo_x_cpu,60
40042,yolo_x_cpu,59
40043,yolo_x_cpu,86
40044,yolo_x_cpu,101
40045,yolo_x_cpu,93
40046,yolo_x_cpu,100
40047,yolo_x_cpu,76
40048,yolo_x_cpu,97
40049,yolo_x_cpu,73
40050,yolo_x_cpu,74
40051,yolo_x_cpu,81
40052,yolo_x_cpu,85
40053,yolo_x_cpu,69
40054,yolo_x_cpu,77
40055,yolo_x_cpu,68
40056,yolo_x_cpu,57
40057,yolo_x_cpu,88
40058,yolo_x_cpu,81
40059,yolo_x_cpu,82
40060,yolo_x_cpu,101
40061,yolo_x_cpu,71
40062,yolo_x_cpu,70
40063,yolo_x_cpu,58
40064,yolo_x_cpu,66
40065,yolo_x_cpu,60
40066,yolo_x_cpu,54
40067,yolo_x_cpu,59
40068,yolo_x_cpu,53
40069,yolo_x_cpu,58
40070,yolo_x_cpu,62
40071,yolo_x_cpu,61
40072,yolo_x_cpu,51
40073,yolo_x_cpu,52
40074,yolo_x_cpu,68
40075,yolo_x_cpu,62
40076,yolo_x_cpu,49
40077,yolo_x_cpu,45
40078,yolo_x_cpu,65
40079,yolo_x_cpu,62
40080,yolo_x_cpu,55
40081,yolo_x_cpu,59
40082,yolo_x_cpu,68
40083,yolo_x_cpu,71
40084,yolo_x_cpu,72
40085,yolo_x_cpu,71
40086,yolo_x_cpu,65
40087,yolo_x_cpu,80
40088,yolo_x_cpu,84
40089,yolo_x_cpu,98
40090,yolo_x_cpu,74
40091,yolo_x_cpu,75
40092,yolo_x_cpu,78
40093,yolo_x_cpu,60
40094,yolo_x_cpu,78
40095,yolo_x_cpu,74
40096,yolo_x_cpu,62
40097,yolo_x_cpu,55
40098,yolo_x_cpu,68
40099,yolo_x_cpu,53
40100,yolo_x_cpu,49
40101,yolo_x_cpu,43
40102,yolo_x_cpu,32
40103,yolo_x_cpu,34
40104,yolo_x_cpu,30
40105,yolo_x_cpu,25
40106,yolo_x_cpu,30
40107,yolo_x_cpu,27
40108,yolo_x_cpu,27
40109,yolo_x_cpu,33
40110,yolo_x_cpu,41
40111,yolo_x_cpu,41
40112,yolo_x_cpu,35
40113,yolo_x_cpu,40
40114,yolo_x_cpu,41
40115,yolo_x_cpu,31
40116,yolo_x_cpu,53
40117,yolo_x_cpu,47
40118,yolo_x_cpu,55
40119,yolo_x_cpu,63
40120,yolo_x_cpu,62
40121,yolo_x_cpu,61
40122,yolo_x_cpu,58
40123,yolo_x_cpu,66
40124,yolo_x_cpu,71
40125,yolo_x_cpu,77
40126,yolo_x_cpu,82
40127,yolo_x_cpu,64
40128,yolo_x_cpu,35
40129,yolo_x_cpu,38
40130,yolo_x_cpu,43
40131,yolo_x_cpu,32
40132,yolo_x_cpu,26
40133,yolo_x_cpu,21
40134,yolo_x_cpu,25
40135,yolo_x_cpu,22
40136,yolo_x_cpu,26
40137,yolo_x_cpu,17
40138,yolo_x_cpu,20
40139,yolo_x_cpu,25
40140,yolo_x_cpu,25
40141,yolo_x_cpu,28
40142,yolo_x_cpu,25
40143,yolo_x_cpu,23
40144,yolo_x_cpu,24
40145,yolo_x_cpu,22
40146,yolo_x_cpu,15
40147,yolo_x_cpu,20
40148,yolo_x_cpu,20
40149,yolo_x_cpu,20
40150,yolo_x_cpu,21
40151,yolo_x_cpu,21
40152,yolo_x_cpu,28
40153,yolo_x_cpu,26
40154,yolo_x_cpu,30
40155,yolo_x_cpu,22
40156,yolo_x_cpu,22
40157,yolo_x_cpu,30
40158,yolo_x_cpu,16
40159,yolo_x_cpu,17
40160,yolo_x_cpu,19
40161,yolo_x_cpu,34
40162,yolo_x_cpu,44
40163,yolo_x_cpu,39
40164,yolo_x_cpu,25
40165,yolo_x_cpu,26
40166,yolo_x_cpu,31
40167,yolo_x_cpu,19
40168,yolo_x_cpu,27
40169,yolo_x_cpu,31
40170,yolo_x_cpu,28
40171,yolo_x_cpu,13
40172,yolo_x_cpu,21
40173,yolo_x_cpu,30
40174,yolo_x_cpu,26
40175,yolo_x_cpu,32
40176,yolo_x_cpu,35
40177,yolo_x_cpu,30
40178,yolo_x_cpu,27
40179,yolo_x_cpu,25
40180,yolo_x_cpu,35
40181,yolo_x_cpu,53
40182,yolo_x_cpu,34
40183,yolo_x_cpu,28
40184,yolo_x_cpu,38
40185,yolo_x_cpu,24
40186,yolo_x_cpu,31
40187,yolo_x_cpu,33
40188,yolo_x_cpu,33
40189,yolo_x_cpu,25
40190,yolo_x_cpu,11
40191,yolo_x_cpu,13
40192,yolo_x_cpu,17
40193,yolo_x_cpu,33
40194,yolo_x_cpu,36
40195,yolo_x_cpu,38
40196,yolo_x_cpu,44
40197,yolo_x_cpu,42
40198,yolo_x_cpu,39
40199,yolo_x_cpu,25
40200,yolo_x_cpu,18
40201,yolo_x_cpu,21
40202,yolo_x_cpu,28
40203,yolo_x_cpu,32
40204,yolo_x_cpu,38
40205,yolo_x_cpu,27
40206,yolo_x_cpu,30
40207,yolo_x_cpu,27
40208,yolo_x_cpu,35
40209,yolo_x_cpu,50
40210,yolo_x_cpu,51
40211,yolo_x_cpu,44
40212,yolo_x_cpu,43
40213,yolo_x_cpu,52
40214,yolo_x_cpu,48
40215,yolo_x_cpu,52
40216,yolo_x_cpu,69
40217,yolo_x_cpu,76
40218,yolo_x_cpu,87
40219,yolo_x_cpu,80
40220,yolo_x_cpu,111
40221,yolo_x_cpu,107
40222,yolo_x_cpu,94
40223,yolo_x_cpu,105
40224,yolo_x_cpu,104
40225,yolo_x_cpu,131
40226,yolo_x_cpu,116
40227,yolo_x_cpu,126
40228,yolo_x_cpu,119
40229,yolo_x_cpu,134
40230,yolo_x_cpu,141
40231,yolo_x_cpu,155
40232,yolo_x_cpu,170
40233,yolo_x_cpu,185
40234,yolo_x_cpu,172
40235,yolo_x_cpu,193
40236,yolo_x_cpu,196
40237,yolo_x_cpu,187
40238,yolo_x_cpu,188
40239,yolo_x_cpu,159
40240,yolo_x_cpu,152
40241,yolo_x_cpu,149
40242,yolo_x_cpu,154
40243,yolo_x_cpu,209
40244,yolo_x_cpu,236
40245,yolo_x_cpu,224
40246,yolo_x_cpu,236
40247,yolo_x_cpu,272
40248,yolo_x_cpu,239
40249,yolo_x_cpu,255
40250,yolo_x_cpu,256
40251,yolo_x_cpu,282
40252,yolo_x_cpu,287
40253,yolo_x_cpu,303
40254,yolo_x_cpu,280
40255,yolo_x_cpu,326
40256,yolo_x_cpu,345
40257,yolo_x_cpu,343
40258,yolo_x_cpu,372
40259,yolo_x_cpu,404
40260,yolo_x_cpu,384
40261,yolo_x_cpu,360
40262,yolo_x_cpu,414
40263,yolo_x_cpu,407
40264,yolo_x_cpu,450
40265,yolo_x_cpu,443
40266,yolo_x_cpu,444
40267,yolo_x_cpu,465
40268,yolo_x_cpu,491
40269,yolo_x_cpu,509
40270,yolo_x_cpu,466
40271,yolo_x_cpu,482
40272,yolo_x_cpu,436
40273,yolo_x_cpu,473
40274,yolo_x_cpu,444
40275,yolo_x_cpu,477
40276,yolo_x_cpu,493
40277,yolo_x_cpu,511
40278,yolo_x_cpu,478
40279,yolo_x_cpu,587
40280,yolo_x_cpu,541
40281,yolo_x_cpu,574
40282,yolo_x_cpu,612
40283,yolo_x_cpu,594
40284,yolo_x_cpu,608
40285,yolo_x_cpu,639
40286,yolo_x_cpu,624
40287,yolo_x_cpu,699
40288,yolo_x_cpu,734
40289,yolo_x_cpu,726
40290,yolo_x_cpu,722
40291,yolo_x_cpu,691
40292,yolo_x_cpu,759
40293,yolo_x_cpu,794
40294,yolo_x_cpu,801
40295,yolo_x_cpu,830
40296,yolo_x_cpu,856
40297,yolo_x_cpu,867
40298,yolo_x_cpu,884
40299,yolo_x_cpu,859
40300,yolo_x_cpu,885
40301,yolo_x_cpu,911
40302,yolo_x_cpu,941
40303,yolo_x_cpu,938
40304,yolo_x_cpu,975
40305,yolo_x_cpu,1053
40306,yolo_x_cpu,1107
40307,yolo_x_cpu,1110
40308,yolo_x_cpu,1184
40309,yolo_x_cpu,1167
40310,yolo_x_cpu,1094
40311,yolo_x_cpu,1096
40312,yolo_x_cpu,1154
40313,yolo_x_cpu,1186
40314,yolo_x_cpu,1186
40315,yolo_x_cpu,1160
40316,yolo_x_cpu,1118
40317,yolo_x_cpu,1116
40318,yolo_x_cpu,1122
40319,yolo_x_cpu,1048
40320,yolo_x_cpu,1146
40321,yolo_x_cpu,1163
40322,yolo_x_cpu,1204
40323,yolo_x_cpu,1191
40324,yolo_x_cpu,1122
40325,yolo_x_cpu,1170
40326,yolo_x_cpu,1181
40327,yolo_x_cpu,1195
40328,yolo_x_cpu,1169
40329,yolo_x_cpu,1155
40330,yolo_x_cpu,1142
40331,yolo_x_cpu,1190
40332,yolo_x_cpu,1149
40333,yolo_x_cpu,1119
40334,yolo_x_cpu,1080
40335,yolo_x_cpu,1051
40336,yolo_x_cpu,1055
40337,yolo_x_cpu,1060
40338,yolo_x_cpu,1135
40339,yolo_x_cpu,1151
40340,yolo_x_cpu,1139
40341,yolo_x_cpu,1116
40342,yolo_x_cpu,1109
40343,yolo_x_cpu,1109
40344,yolo_x_cpu,1147
40345,yolo_x_cpu,1088
40346,yolo_x_cpu,1138
40347,yolo_x_cpu,1209
40348,yolo_x_cpu,1216
40349,yolo_x_cpu,1122
40350,yolo_x_cpu,1178
40351,yolo_x_cpu,1133
40352,yolo_x_cpu,1105
40353,yolo_x_cpu,1083
40354,yolo_x_cpu,1141
40355,yolo_x_cpu,1128
40356,yolo_x_cpu,1150
40357,yolo_x_cpu,1159
40358,yolo_x_cpu,1190
40359,yolo_x_cpu,1187
40360,yolo_x_cpu,1141
40361,yolo_x_cpu,1113
40362,yolo_x_cpu,1087
40363,yolo_x_cpu,1103
40364,yolo_x_cpu,1173
40365,yolo_x_cpu,1223
40366,yolo_x_cpu,1170
40367,yolo_x_cpu,1161
40368,yolo_x_cpu,1100
40369,yolo_x_cpu,1128
40370,yolo_x_cpu,1177
40371,yolo_x_cpu,1116
40372,yolo_x_cpu,1152
40373,yolo_x_cpu,1129
40374,yolo_x_cpu,1136
40375,yolo_x_cpu,1203
40376,yolo_x_cpu,1200
40377,yolo_x_cpu,1205
40378,yolo_x_cpu,1165
40379,yolo_x_cpu,1119
40380,yolo_x_cpu,1169
40381,yolo_x_cpu,1139
40382,yolo_x_cpu,1202
40383,yolo_x_cpu,1232
40384,yolo_x_cpu,1175
40385,yolo_x_cpu,1208
40386,yolo_x_cpu,1214
40387,yolo_x_cpu,1212
40388,yolo_x_cpu,1222
40389,yolo_x_cpu,1228
40390,yolo_x_cpu,1211
40391,yolo_x_cpu,1237
40392,yolo_x_cpu,1162
40393,yolo_x_cpu,1184
40394,yolo_x_cpu,1161
40395,yolo_x_cpu,1206
40396,yolo_x_cpu,1176
40397,yolo_x_cpu,1125
40398,yolo_x_cpu,1174
40399,yolo_x_cpu,1214
40400,yolo_x_cpu,1128
40401,yolo_x_cpu,1206
40402,yolo_x_cpu,1223
40403,yolo_x_cpu,1167
40404,yolo_x_cpu,1214
40405,yolo_x_cpu,1222
40406,yolo_x_cpu,1208
40407,yolo_x_cpu,1256
40408,yolo_x_cpu,1227
40409,yolo_x_cpu,1184
40410,yolo_x_cpu,1245
40411,yolo_x_cpu,1205
40412,yolo_x_cpu,1229
40413,yolo_x_cpu,1246
40414,yolo_x_cpu,1312
40415,yolo_x_cpu,1224
40416,yolo_x_cpu,1130
40417,yolo_x_cpu,1088
40418,yolo_x_cpu,1100
40419,yolo_x_cpu,1107
40420,yolo_x_cpu,1127
40421,yolo_x_cpu,1069
40422,yolo_x_cpu,1066
40423,yolo_x_cpu,1055
40424,yolo_x_cpu,1145
40425,yolo_x_cpu,1077
40426,yolo_x_cpu,1156
40427,yolo_x_cpu,1185
40428,yolo_x_cpu,1094
40429,yolo_x_cpu,1204
40430,yolo_x_cpu,1306
40431,yolo_x_cpu,1346
40432,yolo_x_cpu,1304
40433,yolo_x_cpu,1368
40434,yolo_x_cpu,1356
40435,yolo_x_cpu,1347
40436,yolo_x_cpu,1307
40437,yolo_x_cpu,1379
40438,yolo_x_cpu,1401
40439,yolo_x_cpu,1301
40440,yolo_x_cpu,1346
40441,yolo_x_cpu,1321
40442,yolo_x_cpu,1353
40443,yolo_x_cpu,1278
40444,yolo_x_cpu,1399
40445,yolo_x_cpu,1356
40446,yolo_x_cpu,1208
40447,yolo_x_cpu,1315
40448,yolo_x_cpu,1229
40449,yolo_x_cpu,1235
40450,yolo_x_cpu,1273
40451,yolo_x_cpu,1367
40452,yolo_x_cpu,1321
40453,yolo_x_cpu,1339
40454,yolo_x_cpu,1358
40455,yolo_x_cpu,1326
40456,yolo_x_cpu,1260
40457,yolo_x_cpu,1251
40458,yolo_x_cpu,1186
40459,yolo_x_cpu,1183
40460,yolo_x_cpu,1199
40461,yolo_x_cpu,1238
40462,yolo_x_cpu,1180
40463,yolo_x_cpu,1246
40464,yolo_x_cpu,1252
40465,yolo_x_cpu,1237
40466,yolo_x_cpu,1130
40467,yolo_x_cpu,1158
40468,yolo_x_cpu,1163
40469,yolo_x_cpu,1230
40470,yolo_x_cpu,1257
40471,yolo_x_cpu,1278
40472,yolo_x_cpu,1283
40473,yolo_x_cpu,1224
40474,yolo_x_cpu,1128
40475,yolo_x_cpu,1109
40476,yolo_x_cpu,1073
40477,yolo_x_cpu,1109
40478,yolo_x_cpu,1089
40479,yolo_x_cpu,1080
40480,yolo_x_cpu,1023
40481,yolo_x_cpu,1078
40482,yolo_x_cpu,1075
40483,yolo_x_cpu,1098
40484,yolo_x_cpu,1131
40485,yolo_x_cpu,1128
40486,yolo_x_cpu,1127
40487,yolo_x_cpu,1067
40488,yolo_x_cpu,1086
40489,yolo_x_cpu,1079
40490,yolo_x_cpu,1001
40491,yolo_x_cpu,1028
40492,yolo_x_cpu,1025
40493,yolo_x_cpu,1072
40494,yolo_x_cpu,1168
40495,yolo_x_cpu,1140
40496,yolo_x_cpu,1185
40497,yolo_x_cpu,1099
40498,yolo_x_cpu,1102
40499,yolo_x_cpu,1091
40500,yolo_x_cpu,1073
40501,yolo_x_cpu,1120
40502,yolo_x_cpu,1093
40503,yolo_x_cpu,1118
40504,yolo_x_cpu,1118
40505,yolo_x_cpu,1191
40506,yolo_x_cpu,1253
40507,yolo_x_cpu,1220
40508,yolo_x_cpu,1257
40509,yolo_x_cpu,1259
40510,yolo_x_cpu,1235
40511,yolo_x_cpu,1261
40512,yolo_x_cpu,1256
40513,yolo_x_cpu,1261
40514,yolo_x_cpu,1281
40515,yolo_x_cpu,1296
40516,yolo_x_cpu,1284
40517,yolo_x_cpu,1244
40518,yolo_x_cpu,1215
40519,yolo_x_cpu,1249
40520,yolo_x_cpu,1257
40521,yolo_x_cpu,1254
40522,yolo_x_cpu,1224
40523,yolo_x_cpu,1226
40524,yolo_x_cpu,1174
40525,yolo_x_cpu,1165
40526,yolo_x_cpu,1096
40527,yolo_x_cpu,1205
40528,yolo_x_cpu,1203
40529,yolo_x_cpu,1147
40530,yolo_x_cpu,1227
40531,yolo_x_cpu,1196
40532,yolo_x_cpu,1195
40533,yolo_x_cpu,1178
40534,yolo_x_cpu,1224
40535,yolo_x_cpu,1151
40536,yolo_x_cpu,1132
40537,yolo_x_cpu,1100
40538,yolo_x_cpu,1128
40539,yolo_x_cpu,1169
40540,yolo_x_cpu,1185
40541,yolo_x_cpu,1099
40542,yolo_x_cpu,1154
40543,yolo_x_cpu,1214
40544,yolo_x_cpu,1177
40545,yolo_x_cpu,1212
40546,yolo_x_cpu,1211
40547,yolo_x_cpu,1183
40548,yolo_x_cpu,1144
40549,yolo_x_cpu,1166
40550,yolo_x_cpu,1139
40551,yolo_x_cpu,1218
40552,yolo_x_cpu,1160
40553,yolo_x_cpu,1163
40554,yolo_x_cpu,1175
40555,yolo_x_cpu,1219
40556,yolo_x_cpu,1218
40557,yolo_x_cpu,1225
40558,yolo_x_cpu,1210
40559,yolo_x_cpu,1278
40560,yolo_x_cpu,1314
40561,yolo_x_cpu,1249
40562,yolo_x_cpu,1171
40563,yolo_x_cpu,1184
40564,yolo_x_cpu,1173
40565,yolo_x_cpu,1188
40566,yolo_x_cpu,1179
40567,yolo_x_cpu,1137
40568,yolo_x_cpu,1261
40569,yolo_x_cpu,1186
40570,yolo_x_cpu,1274
40571,yolo_x_cpu,1256
40572,yolo_x_cpu,1253
40573,yolo_x_cpu,1238
40574,yolo_x_cpu,1153
40575,yolo_x_cpu,1214
40576,yolo_x_cpu,1153
40577,yolo_x_cpu,1182
40578,yolo_x_cpu,1201
40579,yolo_x_cpu,1161
40580,yolo_x_cpu,1157
40581,yolo_x_cpu,1172
40582,yolo_x_cpu,1127
40583,yolo_x_cpu,1104
40584,yolo_x_cpu,1120
40585,yolo_x_cpu,1159
40586,yolo_x_cpu,1154
40587,yolo_x_cpu,1264
40588,yolo_x_cpu,1179
40589,yolo_x_cpu,1178
40590,yolo_x_cpu,1217
40591,yolo_x_cpu,1098
40592,yolo_x_cpu,1087
40593,yolo_x_cpu,1113
40594,yolo_x_cpu,1086
40595,yolo_x_cpu,1120
40596,yolo_x_cpu,1081
40597,yolo_x_cpu,1047
40598,yolo_x_cpu,1049
40599,yolo_x_cpu,1014
40600,yolo_x_cpu,1065
40601,yolo_x_cpu,1119
40602,yolo_x_cpu,1140
40603,yolo_x_cpu,1116
40604,yolo_x_cpu,1101
40605,yolo_x_cpu,1137
40606,yolo_x_cpu,1101
40607,yolo_x_cpu,1043
40608,yolo_x_cpu,1022
40609,yolo_x_cpu,1096
40610,yolo_x_cpu,1041
40611,yolo_x_cpu,1019
40612,yolo_x_cpu,1095
40613,yolo_x_cpu,1106
40614,yolo_x_cpu,1139
40615,yolo_x_cpu,1132
40616,yolo_x_cpu,1089
40617,yolo_x_cpu,1106
40618,yolo_x_cpu,1034
40619,yolo_x_cpu,1047
40620,yolo_x_cpu,1026
40621,yolo_x_cpu,1050
40622,yolo_x_cpu,1068
40623,yolo_x_cpu,1058
40624,yolo_x_cpu,1052
40625,yolo_x_cpu,1048
40626,yolo_x_cpu,1076
40627,yolo_x_cpu,1089
40628,yolo_x_cpu,1137
40629,yolo_x_cpu,1164
40630,yolo_x_cpu,1177
40631,yolo_x_cpu,1167
40632,yolo_x_cpu,1215
40633,yolo_x_cpu,1214
40634,yolo_x_cpu,1228
40635,yolo_x_cpu,1218
40636,yolo_x_cpu,1218
40637,yolo_x_cpu,1220
40638,yolo_x_cpu,1159
40639,yolo_x_cpu,1079
40640,yolo_x_cpu,1122
40641,yolo_x_cpu,1133
40642,yolo_x_cpu,1162
40643,yolo_x_cpu,1211
40644,yolo_x_cpu,1181
40645,yolo_x_cpu,1252
40646,yolo_x_cpu,1205
40647,yolo_x_cpu,1183
40648,yolo_x_cpu,1172
40649,yolo_x_cpu,1165
40650,yolo_x_cpu,1126
40651,yolo_x_cpu,1264
40652,yolo_x_cpu,1231
40653,yolo_x_cpu,1218
40654,yolo_x_cpu,1216
40655,yolo_x_cpu,1252
40656,yolo_x_cpu,1226
40657,yolo_x_cpu,1273
40658,yolo_x_cpu,1303
40659,yolo_x_cpu,1272
40660,yolo_x_cpu,1258
40661,yolo_x_cpu,1230
40662,yolo_x_cpu,1258
40663,yolo_x_cpu,1207
40664,yolo_x_cpu,1196
40665,yolo_x_cpu,1187
40666,yolo_x_cpu,1245
40667,yolo_x_cpu,1342
40668,yolo_x_cpu,1230
40669,yolo_x_cpu,1222
40670,yolo_x_cpu,1299
40671,yolo_x_cpu,1296
40672,yolo_x_cpu,1282
40673,yolo_x_cpu,1310
40674,yolo_x_cpu,1336
40675,yolo_x_cpu,1239
40676,yolo_x_cpu,1320
40677,yolo_x_cpu,1319
40678,yolo_x_cpu,1222
40679,yolo_x_cpu,1206
40680,yolo_x_cpu,1228
40681,yolo_x_cpu,1266
40682,yolo_x_cpu,1211
40683,yolo_x_cpu,1255
40684,yolo_x_cpu,1249
40685,yolo_x_cpu,1255
40686,yolo_x_cpu,1246
40687,yolo_x_cpu,1221
40688,yolo_x_cpu,1236
40689,yolo_x_cpu,1310
40690,yolo_x_cpu,1290
40691,yolo_x_cpu,1307
40692,yolo_x_cpu,1283
40693,yolo_x_cpu,1298
40694,yolo_x_cpu,1354
40695,yolo_x_cpu,1302
40696,yolo_x_cpu,1280
40697,yolo_x_cpu,1252
40698,yolo_x_cpu,1290
40699,yolo_x_cpu,1296
40700,yolo_x_cpu,1322
40701,yolo_x_cpu,1300
40702,yolo_x_cpu,1291
40703,yolo_x_cpu,1313
40704,yolo_x_cpu,1328
40705,yolo_x_cpu,1244
40706,yolo_x_cpu,1224
40707,yolo_x_cpu,1288
40708,yolo_x_cpu,1209
40709,yolo_x_cpu,1303
40710,yolo_x_cpu,1210
40711,yolo_x_cpu,1243
40712,yolo_x_cpu,1260
40713,yolo_x_cpu,1216
40714,yolo_x_cpu,1237
40715,yolo_x_cpu,1190
40716,yolo_x_cpu,1180
40717,yolo_x_cpu,1155
40718,yolo_x_cpu,1256
40719,yolo_x_cpu,1236
40720,yolo_x_cpu,1164
40721,yolo_x_cpu,1187
40722,yolo_x_cpu,1207
40723,yolo_x_cpu,1248
40724,yolo_x_cpu,1210
40725,yolo_x_cpu,1166
40726,yolo_x_cpu,1212
40727,yolo_x_cpu,1164
40728,yolo_x_cpu,1183
40729,yolo_x_cpu,1172
40730,yolo_x_cpu,1154
40731,yolo_x_cpu,1102
40732,yolo_x_cpu,1169
40733,yolo_x_cpu,1185
40734,yolo_x_cpu,1191
40735,yolo_x_cpu,1188
40736,yolo_x_cpu,1139
40737,yolo_x_cpu,1244
40738,yolo_x_cpu,1185
40739,yolo_x_cpu,1269
40740,yolo_x_cpu,1231
40741,yolo_x_cpu,1274
40742,yolo_x_cpu,1254
40743,yolo_x_cpu,1267
40744,yolo_x_cpu,1275
40745,yolo_x_cpu,1269
40746,yolo_x_cpu,1282
40747,yolo_x_cpu,1275
40748,yolo_x_cpu,1244
40749,yolo_x_cpu,1290
40750,yolo_x_cpu,1236
40751,yolo_x_cpu,1267
40752,yolo_x_cpu,1314
40753,yolo_x_cpu,1353
40754,yolo_x_cpu,1323
40755,yolo_x_cpu,1355
40756,yolo_x_cpu,1316
40757,yolo_x_cpu,1351
40758,yolo_x_cpu,1350
40759,yolo_x_cpu,1380
40760,yolo_x_cpu,1301
40761,yolo_x_cpu,1233
40762,yolo_x_cpu,1274
40763,yolo_x_cpu,1288
40764,yolo_x_cpu,1356
40765,yolo_x_cpu,1348
40766,yolo_x_cpu,1372
40767,yolo_x_cpu,1380
40768,yolo_x_cpu,1396
40769,yolo_x_cpu,1406
40770,yolo_x_cpu,1425
40771,yolo_x_cpu,1488
40772,yolo_x_cpu,1429
40773,yolo_x_cpu,1447
40774,yolo_x_cpu,1438
40775,yolo_x_cpu,1382
40776,yolo_x_cpu,1374
40777,yolo_x_cpu,1380
40778,yolo_x_cpu,1386
40779,yolo_x_cpu,1365
40780,yolo_x_cpu,1370
40781,yolo_x_cpu,1392
40782,yolo_x_cpu,1330
40783,yolo_x_cpu,1459
40784,yolo_x_cpu,1507
40785,yolo_x_cpu,1456
40786,yolo_x_cpu,1449
40787,yolo_x_cpu,1398
40788,yolo_x_cpu,1392
40789,yolo_x_cpu,1408
40790,yolo_x_cpu,1350
40791,yolo_x_cpu,1363
40792,yolo_x_cpu,1423
40793,yolo_x_cpu,1403
40794,yolo_x_cpu,1356
40795,yolo_x_cpu,1361
40796,yolo_x_cpu,1408
40797,yolo_x_cpu,1441
40798,yolo_x_cpu,1485
40799,yolo_x_cpu,1347
40800,yolo_x_cpu,1442
40801,yolo_x_cpu,1414
40802,yolo_x_cpu,1428
40803,yolo_x_cpu,1403
40804,yolo_x_cpu,1306
40805,yolo_x_cpu,1287
40806,yolo_x_cpu,1291
40807,yolo_x_cpu,1336
40808,yolo_x_cpu,1365
40809,yolo_x_cpu,1402
40810,yolo_x_cpu,1479
40811,yolo_x_cpu,1451
40812,yolo_x_cpu,1489
40813,yolo_x_cpu,1497
40814,yolo_x_cpu,1546
40815,yolo_x_cpu,1453
40816,yolo_x_cpu,1493
40817,yolo_x_cpu,1524
40818,yolo_x_cpu,1500
40819,yolo_x_cpu,1449
40820,yolo_x_cpu,1466
40821,yolo_x_cpu,1386
40822,yolo_x_cpu,1387
40823,yolo_x_cpu,1405
40824,yolo_x_cpu,1440
40825,yolo_x_cpu,1430
40826,yolo_x_cpu,1467
40827,yolo_x_cpu,1439
40828,yolo_x_cpu,1479
40829,yolo_x_cpu,1459
40830,yolo_x_cpu,1515
40831,yolo_x_cpu,1539
40832,yolo_x_cpu,1552
40833,yolo_x_cpu,1537
40834,yolo_x_cpu,1524
40835,yolo_x_cpu,1549
40836,yolo_x_cpu,1523
40837,yolo_x_cpu,1546
40838,yolo_x_cpu,1544
40839,yolo_x_cpu,1568
40840,yolo_x_cpu,1517
40841,yolo_x_cpu,1503
40842,yolo_x_cpu,1555
40843,yolo_x_cpu,1538
40844,yolo_x_cpu,1528
40845,yolo_x_cpu,1500
40846,yolo_x_cpu,1623
40847,yolo_x_cpu,1579
40848,yolo_x_cpu,1561
40849,yolo_x_cpu,1548
40850,yolo_x_cpu,1515
40851,yolo_x_cpu,1573
40852,yolo_x_cpu,1514
40853,yolo_x_cpu,1514
40854,yolo_x_cpu,1500
40855,yolo_x_cpu,1555
40856,yolo_x_cpu,1524
40857,yolo_x_cpu,1506
40858,yolo_x_cpu,1496
40859,yolo_x_cpu,1506
40860,yolo_x_cpu,1512
40861,yolo_x_cpu,1580
40862,yolo_x_cpu,1568
40863,yolo_x_cpu,1630
40864,yolo_x_cpu,1600
40865,yolo_x_cpu,1579
40866,yolo_x_cpu,1523
40867,yolo_x_cpu,1604
40868,yolo_x_cpu,1580
40869,yolo_x_cpu,1618
40870,yolo_x_cpu,1578
40871,yolo_x_cpu,1654
40872,yolo_x_cpu,1608
40873,yolo_x_cpu,1592
40874,yolo_x_cpu,1632
40875,yolo_x_cpu,1661
40876,yolo_x_cpu,1573
40877,yolo_x_cpu,1590
40878,yolo_x_cpu,1588
40879,yolo_x_cpu,1609
40880,yolo_x_cpu,1595
40881,yolo_x_cpu,1616
40882,yolo_x_cpu,1554
40883,yolo_x_cpu,1626
40884,yolo_x_cpu,1509
40885,yolo_x_cpu,1542
40886,yolo_x_cpu,1551
40887,yolo_x_cpu,1603
40888,yolo_x_cpu,1551
40889,yolo_x_cpu,1462
40890,yolo_x_cpu,1510
40891,yolo_x_cpu,1487
40892,yolo_x_cpu,1587
40893,yolo_x_cpu,1509
40894,yolo_x_cpu,1547
40895,yolo_x_cpu,1509
40896,yolo_x_cpu,1581
40897,yolo_x_cpu,1577
40898,yolo_x_cpu,1545
40899,yolo_x_cpu,1539
40900,yolo_x_cpu,1514
40901,yolo_x_cpu,1517
40902,yolo_x_cpu,1545
40903,yolo_x_cpu,1561
40904,yolo_x_cpu,1581
40905,yolo_x_cpu,1522
40906,yolo_x_cpu,1567
40907,yolo_x_cpu,1558
40908,yolo_x_cpu,1581
40909,yolo_x_cpu,1582
40910,yolo_x_cpu,1523
40911,yolo_x_cpu,1566
40912,yolo_x_cpu,1526
40913,yolo_x_cpu,1435
40914,yolo_x_cpu,1517
40915,yolo_x_cpu,1555
40916,yolo_x_cpu,1553
40917,yolo_x_cpu,1568
40918,yolo_x_cpu,1597
40919,yolo_x_cpu,1481
40920,yolo_x_cpu,1531
40921,yolo_x_cpu,1481
40922,yolo_x_cpu,1512
40923,yolo_x_cpu,1543
40924,yolo_x_cpu,1536
40925,yolo_x_cpu,1474
40926,yolo_x_cpu,1422
40927,yolo_x_cpu,1464
40928,yolo_x_cpu,1398
40929,yolo_x_cpu,1421
40930,yolo_x_cpu,1436
40931,yolo_x_cpu,1469
40932,yolo_x_cpu,1467
40933,yolo_x_cpu,1486
40934,yolo_x_cpu,1394
40935,yolo_x_cpu,1402
40936,yolo_x_cpu,1399
40937,yolo_x_cpu,1411
40938,yolo_x_cpu,1411
40939,yolo_x_cpu,1362
40940,yolo_x_cpu,1325
40941,yolo_x_cpu,1342
40942,yolo_x_cpu,1405
40943,yolo_x_cpu,1375
40944,yolo_x_cpu,1439
40945,yolo_x_cpu,1464
40946,yolo_x_cpu,1348
40947,yolo_x_cpu,1469
40948,yolo_x_cpu,1378
40949,yolo_x_cpu,1339
40950,yolo_x_cpu,1317
40951,yolo_x_cpu,1287
40952,yolo_x_cpu,1291
40953,yolo_x_cpu,1260
40954,yolo_x_cpu,1346
40955,yolo_x_cpu,1325
40956,yolo_x_cpu,1397
40957,yolo_x_cpu,1409
40958,yolo_x_cpu,1364
40959,yolo_x_cpu,1287
40960,yolo_x_cpu,1272
40961,yolo_x_cpu,1292
40962,yolo_x_cpu,1337
40963,yolo_x_cpu,1283
40964,yolo_x_cpu,1336
40965,yolo_x_cpu,1349
40966,yolo_x_cpu,1245
40967,yolo_x_cpu,1300
40968,yolo_x_cpu,1298
40969,yolo_x_cpu,1194
40970,yolo_x_cpu,1287
40971,yolo_x_cpu,1257
40972,yolo_x_cpu,1262
40973,yolo_x_cpu,1230
40974,yolo_x_cpu,1185
40975,yolo_x_cpu,1215
40976,yolo_x_cpu,1170
40977,yolo_x_cpu,1179
40978,yolo_x_cpu,1177
40979,yolo_x_cpu,1164
40980,yolo_x_cpu,1168
40981,yolo_x_cpu,1076
40982,yolo_x_cpu,1023
40983,yolo_x_cpu,1062
40984,yolo_x_cpu,1069
40985,yolo_x_cpu,1079
40986,yolo_x_cpu,1054
40987,yolo_x_cpu,1116
40988,yolo_x_cpu,1126
40989,yolo_x_cpu,1044
40990,yolo_x_cpu,1014
40991,yolo_x_cpu,1019
40992,yolo_x_cpu,992
40993,yolo_x_cpu,1009
40994,yolo_x_cpu,1047
40995,yolo_x_cpu,982
40996,yolo_x_cpu,937
40997,yolo_x_cpu,911
40998,yolo_x_cpu,1025
40999,yolo_x_cpu,1089
41000,yolo_x_cpu,1031
41001,yolo_x_cpu,1007
41002,yolo_x_cpu,983
41003,yolo_x_cpu,1021
41004,yolo_x_cpu,900
41005,yolo_x_cpu,885
41006,yolo_x_cpu,915
41007,yolo_x_cpu,931
41008,yolo_x_cpu,926
41009,yolo_x_cpu,898
41010,yolo_x_cpu,851
41011,yolo_x_cpu,872
41012,yolo_x_cpu,863
41013,yolo_x_cpu,894
41014,yolo_x_cpu,895
41015,yolo_x_cpu,836
41016,yolo_x_cpu,874
41017,yolo_x_cpu,930
41018,yolo_x_cpu,937
41019,yolo_x_cpu,903
41020,yolo_x_cpu,962
41021,yolo_x_cpu,846
41022,yolo_x_cpu,878
41023,yolo_x_cpu,893
41024,yolo_x_cpu,932
41025,yolo_x_cpu,879
41026,yolo_x_cpu,802
41027,yolo_x_cpu,853
41028,yolo_x_cpu,845
41029,yolo_x_cpu,823
41030,yolo_x_cpu,857
41031,yolo_x_cpu,843
41032,yolo_x_cpu,891
41033,yolo_x_cpu,944
41034,yolo_x_cpu,893
41035,yolo_x_cpu,915
41036,yolo_x_cpu,930
41037,yolo_x_cpu,937
41038,yolo_x_cpu,837
41039,yolo_x_cpu,866
41040,yolo_x_cpu,862
41041,yolo_x_cpu,887
41042,yolo_x_cpu,886
41043,yolo_x_cpu,896
41044,yolo_x_cpu,921
41045,yolo_x_cpu,866
41046,yolo_x_cpu,904
41047,yolo_x_cpu,952
41048,yolo_x_cpu,887
41049,yolo_x_cpu,924
41050,yolo_x_cpu,963
41051,yolo_x_cpu,879
41052,yolo_x_cpu,984
41053,yolo_x_cpu,959
41054,yolo_x_cpu,974
41055,yolo_x_cpu,938
41056,yolo_x_cpu,900
41057,yolo_x_cpu,863
41058,yolo_x_cpu,901
41059,yolo_x_cpu,991
41060,yolo_x_cpu,927
41061,yolo_x_cpu,958
41062,yolo_x_cpu,1031
41063,yolo_x_cpu,981
41064,yolo_x_cpu,918
41065,yolo_x_cpu,927
41066,yolo_x_cpu,872
41067,yolo_x_cpu,848
41068,yolo_x_cpu,877
41069,yolo_x_cpu,895
41070,yolo_x_cpu,909
41071,yolo_x_cpu,961
41072,yolo_x_cpu,947
41073,yolo_x_cpu,879
41074,yolo_x_cpu,775
41075,yolo_x_cpu,801
41076,yolo_x_cpu,888
41077,yolo_x_cpu,840
41078,yolo_x_cpu,846
41079,yolo_x_cpu,894
41080,yolo_x_cpu,923
41081,yolo_x_cpu,907
41082,yolo_x_cpu,932
41083,yolo_x_cpu,961
41084,yolo_x_cpu,985
41085,yolo_x_cpu,940
41086,yolo_x_cpu,889
41087,yolo_x_cpu,883
41088,yolo_x_cpu,835
41089,yolo_x_cpu,846
41090,yolo_x_cpu,864
41091,yolo_x_cpu,858
41092,yolo_x_cpu,822
41093,yolo_x_cpu,808
41094,yolo_x_cpu,837
41095,yolo_x_cpu,783
41096,yolo_x_cpu,800
41097,yolo_x_cpu,836
41098,yolo_x_cpu,841
41099,yolo_x_cpu,871
41100,yolo_x_cpu,840
41101,yolo_x_cpu,824
41102,yolo_x_cpu,869
41103,yolo_x_cpu,804
41104,yolo_x_cpu,895
41105,yolo_x_cpu,869
41106,yolo_x_cpu,893
41107,yolo_x_cpu,866
41108,yolo_x_cpu,907
41109,yolo_x_cpu,885
41110,yolo_x_cpu,801
41111,yolo_x_cpu,816
41112,yolo_x_cpu,781
41113,yolo_x_cpu,784
41114,yolo_x_cpu,743
41115,yolo_x_cpu,727
41116,yolo_x_cpu,775
41117,yolo_x_cpu,766
41118,yolo_x_cpu,800
41119,yolo_x_cpu,787
41120,yolo_x_cpu,803
41121,yolo_x_cpu,777
41122,yolo_x_cpu,775
41123,yolo_x_cpu,778
41124,yolo_x_cpu,788
41125,yolo_x_cpu,739
41126,yolo_x_cpu,688
41127,yolo_x_cpu,786
41128,yolo_x_cpu,745
41129,yolo_x_cpu,735
41130,yolo_x_cpu,675
41131,yolo_x_cpu,691
41132,yolo_x_cpu,727
41133,yolo_x_cpu,683
41134,yolo_x_cpu,685
41135,yolo_x_cpu,693
41136,yolo_x_cpu,617
41137,yolo_x_cpu,606
41138,yolo_x_cpu,584
41139,yolo_x_cpu,620
41140,yolo_x_cpu,657
41141,yolo_x_cpu,622
41142,yolo_x_cpu,628
41143,yolo_x_cpu,659
41144,yolo_x_cpu,630
41145,yolo_x_cpu,630
41146,yolo_x_cpu,655
41147,yolo_x_cpu,630
41148,yolo_x_cpu,630
41149,yolo_x_cpu,587
41150,yolo_x_cpu,675
41151,yolo_x_cpu,670
41152,yolo_x_cpu,615
41153,yolo_x_cpu,652
41154,yolo_x_cpu,573
41155,yolo_x_cpu,579
41156,yolo_x_cpu,602
41157,yolo_x_cpu,574
41158,yolo_x_cpu,546
41159,yolo_x_cpu,553
41160,yolo_x_cpu,539
41161,yolo_x_cpu,554
41162,yolo_x_cpu,591
41163,yolo_x_cpu,553
41164,yolo_x_cpu,582
41165,yolo_x_cpu,589
41166,yolo_x_cpu,586
41167,yolo_x_cpu,624
41168,yolo_x_cpu,580
41169,yolo_x_cpu,574
41170,yolo_x_cpu,484
41171,yolo_x_cpu,515
41172,yolo_x_cpu,494
41173,yolo_x_cpu,458
41174,yolo_x_cpu,445
41175,yolo_x_cpu,408
41176,yolo_x_cpu,414
41177,yolo_x_cpu,439
41178,yolo_x_cpu,419
41179,yolo_x_cpu,468
41180,yolo_x_cpu,494
41181,yolo_x_cpu,540
41182,yolo_x_cpu,489
41183,yolo_x_cpu,485
41184,yolo_x_cpu,488
41185,yolo_x_cpu,482
41186,yolo_x_cpu,518
41187,yolo_x_cpu,514
41188,yolo_x_cpu,507
41189,yolo_x_cpu,493
41190,yolo_x_cpu,526
41191,yolo_x_cpu,490
41192,yolo_x_cpu,562
41193,yolo_x_cpu,576
41194,yolo_x_cpu,498
41195,yolo_x_cpu,577
41196,yolo_x_cpu,531
41197,yolo_x_cpu,470
41198,yolo_x_cpu,530
41199,yolo_x_cpu,469
41200,yolo_x_cpu,462
41201,yolo_x_cpu,500
41202,yolo_x_cpu,477
41203,yolo_x_cpu,433
41204,yolo_x_cpu,481
41205,yolo_x_cpu,478
41206,yolo_x_cpu,466
41207,yolo_x_cpu,462
41208,yolo_x_cpu,468
41209,yolo_x_cpu,483
41210,yolo_x_cpu,439
41211,yolo_x_cpu,464
41212,yolo_x_cpu,442
41213,yolo_x_cpu,449
41214,yolo_x_cpu,466
41215,yolo_x_cpu,430
41216,yolo_x_cpu,391
41217,yolo_x_cpu,400
41218,yolo_x_cpu,428
41219,yolo_x_cpu,400
41220,yolo_x_cpu,321
41221,yolo_x_cpu,400
41222,yolo_x_cpu,382
41223,yolo_x_cpu,378
41224,yolo_x_cpu,423
41225,yolo_x_cpu,395
41226,yolo_x_cpu,395
41227,yolo_x_cpu,357
41228,yolo_x_cpu,376
41229,yolo_x_cpu,342
41230,yolo_x_cpu,343
41231,yolo_x_cpu,419
41232,yolo_x_cpu,402
41233,yolo_x_cpu,387
41234,yolo_x_cpu,356
41235,yolo_x_cpu,325
41236,yolo_x_cpu,377
41237,yolo_x_cpu,368
41238,yolo_x_cpu,351
41239,yolo_x_cpu,337
41240,yolo_x_cpu,345
41241,yolo_x_cpu,354
41242,yolo_x_cpu,375
41243,yolo_x_cpu,342
41244,yolo_x_cpu,325
41245,yolo_x_cpu,314
41246,yolo_x_cpu,365
41247,yolo_x_cpu,328
41248,yolo_x_cpu,369
41249,yolo_x_cpu,408
41250,yolo_x_cpu,383
41251,yolo_x_cpu,401
41252,yolo_x_cpu,366
41253,yolo_x_cpu,358
41254,yolo_x_cpu,359
41255,yolo_x_cpu,359
41256,yolo_x_cpu,362
41257,yolo_x_cpu,382
41258,yolo_x_cpu,386
41259,yolo_x_cpu,386
41260,yolo_x_cpu,366
41261,yolo_x_cpu,334
41262,yolo_x_cpu,318
41263,yolo_x_cpu,347
41264,yolo_x_cpu,306
41265,yolo_x_cpu,303
41266,yolo_x_cpu,326
41267,yolo_x_cpu,299
41268,yolo_x_cpu,301
41269,yolo_x_cpu,313
41270,yolo_x_cpu,295
41271,yolo_x_cpu,288
41272,yolo_x_cpu,309
41273,yolo_x_cpu,292
41274,yolo_x_cpu,334
41275,yolo_x_cpu,316
41276,yolo_x_cpu,306
41277,yolo_x_cpu,283
41278,yolo_x_cpu,271
41279,yolo_x_cpu,305
41280,yolo_x_cpu,306
41281,yolo_x_cpu,257
41282,yolo_x_cpu,248
41283,yolo_x_cpu,247
41284,yolo_x_cpu,246
41285,yolo_x_cpu,242
41286,yolo_x_cpu,226
41287,yolo_x_cpu,230
41288,yolo_x_cpu,232
41289,yolo_x_cpu,263
41290,yolo_x_cpu,238
41291,yolo_x_cpu,263
41292,yolo_x_cpu,240
41293,yolo_x_cpu,290
41294,yolo_x_cpu,308
41295,yolo_x_cpu,251
41296,yolo_x_cpu,255
41297,yolo_x_cpu,243
41298,yolo_x_cpu,233
41299,yolo_x_cpu,208
41300,yolo_x_cpu,173
41301,yolo_x_cpu,207
41302,yolo_x_cpu,231
41303,yolo_x_cpu,183
41304,yolo_x_cpu,206
41305,yolo_x_cpu,184
41306,yolo_x_cpu,211
41307,yolo_x_cpu,226
41308,yolo_x_cpu,214
41309,yolo_x_cpu,243
41310,yolo_x_cpu,214
41311,yolo_x_cpu,212
41312,yolo_x_cpu,206
41313,yolo_x_cpu,194
41314,yolo_x_cpu,216
41315,yolo_x_cpu,209
41316,yolo_x_cpu,161
41317,yolo_x_cpu,189
41318,yolo_x_cpu,248
41319,yolo_x_cpu,229
41320,yolo_x_cpu,227
41321,yolo_x_cpu,205
41322,yolo_x_cpu,190
41323,yolo_x_cpu,208
41324,yolo_x_cpu,183
41325,yolo_x_cpu,175
41326,yolo_x_cpu,228
41327,yolo_x_cpu,237
41328,yolo_x_cpu,240
41329,yolo_x_cpu,252
41330,yolo_x_cpu,300
41331,yolo_x_cpu,269
41332,yolo_x_cpu,273
41333,yolo_x_cpu,268
41334,yolo_x_cpu,226
41335,yolo_x_cpu,247
41336,yolo_x_cpu,226
41337,yolo_x_cpu,211
41338,yolo_x_cpu,198
41339,yolo_x_cpu,179
41340,yolo_x_cpu,202
41341,yolo_x_cpu,199
41342,yolo_x_cpu,205
41343,yolo_x_cpu,188
41344,yolo_x_cpu,190
41345,yolo_x_cpu,185
41346,yolo_x_cpu,191
41347,yolo_x_cpu,204
41348,yolo_x_cpu,161
41349,yolo_x_cpu,187
41350,yolo_x_cpu,185
41351,yolo_x_cpu,228
41352,yolo_x_cpu,217
41353,yolo_x_cpu,213
41354,yolo_x_cpu,173
41355,yolo_x_cpu,183
41356,yolo_x_cpu,181
41357,yolo_x_cpu,199
41358,yolo_x_cpu,193
41359,yolo_x_cpu,169
41360,yolo_x_cpu,172
41361,yolo_x_cpu,168
41362,yolo_x_cpu,183
41363,yolo_x_cpu,166
41364,yolo_x_cpu,190
41365,yolo_x_cpu,188
41366,yolo_x_cpu,181
41367,yolo_x_cpu,163
41368,yolo_x_cpu,165
41369,yolo_x_cpu,155
41370,yolo_x_cpu,150
41371,yolo_x_cpu,129
41372,yolo_x_cpu,135
41373,yolo_x_cpu,120
41374,yolo_x_cpu,141
41375,yolo_x_cpu,163
41376,yolo_x_cpu,134
41377,yolo_x_cpu,159
41378,yolo_x_cpu,151
41379,yolo_x_cpu,127
41380,yolo_x_cpu,132
41381,yolo_x_cpu,127
41382,yolo_x_cpu,134
41383,yolo_x_cpu,143
41384,yolo_x_cpu,144
41385,yolo_x_cpu,130
41386,yolo_x_cpu,129
41387,yolo_x_cpu,121
41388,yolo_x_cpu,128
41389,yolo_x_cpu,122
41390,yolo_x_cpu,105
41391,yolo_x_cpu,112
41392,yolo_x_cpu,130
41393,yolo_x_cpu,122
41394,yolo_x_cpu,133
41395,yolo_x_cpu,142
41396,yolo_x_cpu,139
41397,yolo_x_cpu,135
41398,yolo_x_cpu,147
41399,yolo_x_cpu,138
41400,yolo_x_cpu,122
41401,yolo_x_cpu,130
41402,yolo_x_cpu,132
41403,yolo_x_cpu,140
41404,yolo_x_cpu,151
41405,yolo_x_cpu,154
41406,yolo_x_cpu,142
41407,yolo_x_cpu,148
41408,yolo_x_cpu,149
41409,yolo_x_cpu,132
41410,yolo_x_cpu,142
41411,yolo_x_cpu,139
41412,yolo_x_cpu,159
41413,yolo_x_cpu,192
41414,yolo_x_cpu,193
41415,yolo_x_cpu,153
41416,yolo_x_cpu,141
41417,yolo_x_cpu,129
41418,yolo_x_cpu,167
41419,yolo_x_cpu,155
41420,yolo_x_cpu,170
41421,yolo_x_cpu,168
41422,yolo_x_cpu,177
41423,yolo_x_cpu,148
41424,yolo_x_cpu,156
41425,yolo_x_cpu,151
41426,yolo_x_cpu,144
41427,yolo_x_cpu,130
41428,yolo_x_cpu,155
41429,yolo_x_cpu,138
41430,yolo_x_cpu,115
41431,yolo_x_cpu,138
41432,yolo_x_cpu,121
41433,yolo_x_cpu,134
41434,yolo_x_cpu,122
41435,yolo_x_cpu,126
41436,yolo_x_cpu,98
41437,yolo_x_cpu,117
41438,yolo_x_cpu,121
41439,yolo_x_cpu,101
41440,yolo_x_cpu,98
41441,yolo_x_cpu,119
41442,yolo_x_cpu,104
41443,yolo_x_cpu,108
41444,yolo_x_cpu,116
41445,yolo_x_cpu,123
41446,yolo_x_cpu,117
41447,yolo_x_cpu,86
41448,yolo_x_cpu,71
41449,yolo_x_cpu,62
41450,yolo_x_cpu,86
41451,yolo_x_cpu,83
41452,yolo_x_cpu,89
41453,yolo_x_cpu,110
41454,yolo_x_cpu,111
41455,yolo_x_cpu,91
41456,yolo_x_cpu,108
41457,yolo_x_cpu,105
41458,yolo_x_cpu,92
41459,yolo_x_cpu,91
41460,yolo_x_cpu,142
41461,yolo_x_cpu,923
41462,yolo_x_cpu,1098
41463,yolo_x_cpu,922
41464,yolo_x_cpu,422
41465,yolo_x_cpu,366
41466,yolo_x_cpu,438
41467,yolo_x_cpu,463
41468,yolo_x_cpu,403
41469,yolo_x_cpu,408
41470,yolo_x_cpu,380
41471,yolo_x_cpu,362
41472,yolo_x_cpu,336
41473,yolo_x_cpu,342
41474,yolo_x_cpu,309
41475,yolo_x_cpu,284
41476,yolo_x_cpu,254
41477,yolo_x_cpu,240
41478,yolo_x_cpu,214
41479,yolo_x_cpu,230
41480,yolo_x_cpu,192
41481,yolo_x_cpu,122
41482,yolo_x_cpu,131
41483,yolo_x_cpu,124
41484,yolo_x_cpu,95
41485,yolo_x_cpu,79
41486,yolo_x_cpu,70
41487,yolo_x_cpu,70
41488,yolo_x_cpu,78
41489,yolo_x_cpu,82
41490,yolo_x_cpu,89
41491,yolo_x_cpu,93
41492,yolo_x_cpu,88
41493,yolo_x_cpu,78
41494,yolo_x_cpu,70
41495,yolo_x_cpu,52
41496,yolo_x_cpu,58
41497,yolo_x_cpu,72
41498,yolo_x_cpu,49
41499,yolo_x_cpu,57
41500,yolo_x_cpu,57
41501,yolo_x_cpu,41
41502,yolo_x_cpu,30
41503,yolo_x_cpu,39
41504,yolo_x_cpu,44
41505,yolo_x_cpu,54
41506,yolo_x_cpu,83
41507,yolo_x_cpu,63
41508,yolo_x_cpu,78
41509,yolo_x_cpu,84
41510,yolo_x_cpu,73
41511,yolo_x_cpu,70
41512,yolo_x_cpu,52
41513,yolo_x_cpu,47
41514,yolo_x_cpu,46
41515,yolo_x_cpu,59
41516,yolo_x_cpu,62
41517,yolo_x_cpu,56
41518,yolo_x_cpu,42
41519,yolo_x_cpu,30
41520,yolo_x_cpu,41
41521,yolo_x_cpu,53
41522,yolo_x_cpu,51
41523,yolo_x_cpu,45
41524,yolo_x_cpu,42
41525,yolo_x_cpu,35
41526,yolo_x_cpu,32
41527,yolo_x_cpu,45
41528,yolo_x_cpu,73
41529,yolo_x_cpu,62
41530,yolo_x_cpu,63
41531,yolo_x_cpu,50
41532,yolo_x_cpu,48
41533,yolo_x_cpu,55
41534,yolo_x_cpu,71
41535,yolo_x_cpu,72
41536,yolo_x_cpu,54
41537,yolo_x_cpu,52
41538,yolo_x_cpu,66
41539,yolo_x_cpu,47
41540,yolo_x_cpu,39
41541,yolo_x_cpu,56
41542,yolo_x_cpu,45
41543,yolo_x_cpu,49
41544,yolo_x_cpu,45
41545,yolo_x_cpu,72
41546,yolo_x_cpu,61
41547,yolo_x_cpu,44
41548,yolo_x_cpu,19
41549,yolo_x_cpu,28
41550,yolo_x_cpu,23
41551,yolo_x_cpu,28
41552,yolo_x_cpu,27
41553,yolo_x_cpu,36
41554,yolo_x_cpu,31
41555,yolo_x_cpu,37
41556,yolo_x_cpu,38
41557,yolo_x_cpu,26
41558,yolo_x_cpu,23
41559,yolo_x_cpu,35
41560,yolo_x_cpu,43
41561,yolo_x_cpu,37
41562,yolo_x_cpu,65
41563,yolo_x_cpu,78
41564,yolo_x_cpu,58
41565,yolo_x_cpu,66
41566,yolo_x_cpu,65
41567,yolo_x_cpu,72
41568,yolo_x_cpu,52
41569,yolo_x_cpu,55
41570,yolo_x_cpu,59
41571,yolo_x_cpu,44
41572,yolo_x_cpu,40
41573,yolo_x_cpu,64
41574,yolo_x_cpu,63
41575,yolo_x_cpu,63
41576,yolo_x_cpu,51
41577,yolo_x_cpu,44
41578,yolo_x_cpu,45
41579,yolo_x_cpu,35
41580,yolo_x_cpu,33
41581,yolo_x_cpu,37
41582,yolo_x_cpu,27
41583,yolo_x_cpu,29
41584,yolo_x_cpu,31
41585,yolo_x_cpu,32
41586,yolo_x_cpu,23
41587,yolo_x_cpu,25
41588,yolo_x_cpu,34
41589,yolo_x_cpu,32
41590,yolo_x_cpu,36
41591,yolo_x_cpu,31
41592,yolo_x_cpu,44
41593,yolo_x_cpu,37
41594,yolo_x_cpu,32
41595,yolo_x_cpu,48
41596,yolo_x_cpu,40
41597,yolo_x_cpu,39
41598,yolo_x_cpu,35
41599,yolo_x_cpu,32
41600,yolo_x_cpu,43
41601,yolo_x_cpu,43
41602,yolo_x_cpu,22
41603,yolo_x_cpu,16
41604,yolo_x_cpu,17
41605,yolo_x_cpu,22
41606,yolo_x_cpu,34
41607,yolo_x_cpu,21
41608,yolo_x_cpu,18
41609,yolo_x_cpu,22
41610,yolo_x_cpu,26
41611,yolo_x_cpu,41
41612,yolo_x_cpu,57
41613,yolo_x_cpu,30
41614,yolo_x_cpu,33
41615,yolo_x_cpu,37
41616,yolo_x_cpu,28
41617,yolo_x_cpu,46
41618,yolo_x_cpu,37
41619,yolo_x_cpu,49
41620,yolo_x_cpu,45
41621,yolo_x_cpu,44
41622,yolo_x_cpu,41
41623,yolo_x_cpu,42
41624,yolo_x_cpu,39
41625,yolo_x_cpu,39
41626,yolo_x_cpu,44
41627,yolo_x_cpu,49
41628,yolo_x_cpu,49
41629,yolo_x_cpu,63
41630,yolo_x_cpu,60
41631,yolo_x_cpu,50
41632,yolo_x_cpu,44
41633,yolo_x_cpu,38
41634,yolo_x_cpu,32
41635,yolo_x_cpu,37
41636,yolo_x_cpu,37
41637,yolo_x_cpu,28
41638,yolo_x_cpu,26
41639,yolo_x_cpu,25
41640,yolo_x_cpu,23
41641,yolo_x_cpu,20
41642,yolo_x_cpu,30
41643,yolo_x_cpu,36
41644,yolo_x_cpu,34
41645,yolo_x_cpu,30
41646,yolo_x_cpu,34
41647,yolo_x_cpu,31
41648,yolo_x_cpu,41
41649,yolo_x_cpu,53
41650,yolo_x_cpu,46
41651,yolo_x_cpu,35
41652,yolo_x_cpu,42
41653,yolo_x_cpu,40
41654,yolo_x_cpu,45
41655,yolo_x_cpu,42
41656,yolo_x_cpu,39
41657,yolo_x_cpu,53
41658,yolo_x_cpu,52
41659,yolo_x_cpu,64
41660,yolo_x_cpu,69
41661,yolo_x_cpu,70
41662,yolo_x_cpu,67
41663,yolo_x_cpu,65
41664,yolo_x_cpu,73
41665,yolo_x_cpu,90
41666,yolo_x_cpu,103
41667,yolo_x_cpu,109
41668,yolo_x_cpu,84
41669,yolo_x_cpu,76
41670,yolo_x_cpu,93
41671,yolo_x_cpu,113
41672,yolo_x_cpu,114
41673,yolo_x_cpu,89
41674,yolo_x_cpu,81
41675,yolo_x_cpu,88
41676,yolo_x_cpu,68
41677,yolo_x_cpu,82
41678,yolo_x_cpu,76
41679,yolo_x_cpu,73
41680,yolo_x_cpu,82
41681,yolo_x_cpu,84
41682,yolo_x_cpu,83
41683,yolo_x_cpu,111
41684,yolo_x_cpu,110
41685,yolo_x_cpu,92
41686,yolo_x_cpu,96
41687,yolo_x_cpu,125
41688,yolo_x_cpu,116
41689,yolo_x_cpu,124
41690,yolo_x_cpu,182
41691,yolo_x_cpu,162
41692,yolo_x_cpu,159
41693,yolo_x_cpu,173
41694,yolo_x_cpu,161
41695,yolo_x_cpu,168
41696,yolo_x_cpu,182
41697,yolo_x_cpu,150
41698,yolo_x_cpu,144
41699,yolo_x_cpu,163
41700,yolo_x_cpu,165
41701,yolo_x_cpu,169
41702,yolo_x_cpu,168
41703,yolo_x_cpu,157
41704,yolo_x_cpu,162
41705,yolo_x_cpu,162
41706,yolo_x_cpu,165
41707,yolo_x_cpu,156
41708,yolo_x_cpu,152
41709,yolo_x_cpu,171
41710,yolo_x_cpu,181
41711,yolo_x_cpu,179
41712,yolo_x_cpu,168
41713,yolo_x_cpu,181
41714,yolo_x_cpu,196
41715,yolo_x_cpu,189
41716,yolo_x_cpu,195
41717,yolo_x_cpu,201
41718,yolo_x_cpu,202
41719,yolo_x_cpu,222
41720,yolo_x_cpu,221
41721,yolo_x_cpu,218
41722,yolo_x_cpu,215
41723,yolo_x_cpu,228
41724,yolo_x_cpu,223
41725,yolo_x_cpu,204
41726,yolo_x_cpu,249
41727,yolo_x_cpu,263
41728,yolo_x_cpu,260
41729,yolo_x_cpu,262
41730,yolo_x_cpu,279
41731,yolo_x_cpu,275
41732,yolo_x_cpu,271
41733,yolo_x_cpu,317
41734,yolo_x_cpu,299
41735,yolo_x_cpu,264
41736,yolo_x_cpu,299
41737,yolo_x_cpu,272
41738,yolo_x_cpu,288
41739,yolo_x_cpu,268
41740,yolo_x_cpu,247
41741,yolo_x_cpu,300
41742,yolo_x_cpu,301
41743,yolo_x_cpu,308
41744,yolo_x_cpu,306
41745,yolo_x_cpu,354
41746,yolo_x_cpu,395
41747,yolo_x_cpu,429
41748,yolo_x_cpu,428
41749,yolo_x_cpu,445
41750,yolo_x_cpu,430
41751,yolo_x_cpu,481
41752,yolo_x_cpu,438
41753,yolo_x_cpu,461
41754,yolo_x_cpu,482
41755,yolo_x_cpu,472
41756,yolo_x_cpu,448
41757,yolo_x_cpu,504
41758,yolo_x_cpu,457
41759,yolo_x_cpu,446
41760,yolo_x_cpu,446
41761,yolo_x_cpu,494
41762,yolo_x_cpu,489
41763,yolo_x_cpu,505
41764,yolo_x_cpu,459
41765,yolo_x_cpu,507
41766,yolo_x_cpu,542
41767,yolo_x_cpu,454
41768,yolo_x_cpu,467
41769,yolo_x_cpu,488
41770,yolo_x_cpu,462
41771,yolo_x_cpu,549
41772,yolo_x_cpu,542
41773,yolo_x_cpu,546
41774,yolo_x_cpu,565
41775,yolo_x_cpu,534
41776,yolo_x_cpu,592
41777,yolo_x_cpu,527
41778,yolo_x_cpu,566
41779,yolo_x_cpu,618
41780,yolo_x_cpu,613
41781,yolo_x_cpu,615
41782,yolo_x_cpu,642
41783,yolo_x_cpu,658
41784,yolo_x_cpu,705
41785,yolo_x_cpu,750
41786,yolo_x_cpu,716
41787,yolo_x_cpu,705
41788,yolo_x_cpu,712
41789,yolo_x_cpu,753
41790,yolo_x_cpu,750
41791,yolo_x_cpu,699
41792,yolo_x_cpu,707
41793,yolo_x_cpu,736
41794,yolo_x_cpu,717
41795,yolo_x_cpu,756
41796,yolo_x_cpu,777
41797,yolo_x_cpu,764
41798,yolo_x_cpu,851
41799,yolo_x_cpu,828
41800,yolo_x_cpu,856
41801,yolo_x_cpu,878
41802,yolo_x_cpu,926
41803,yolo_x_cpu,903
41804,yolo_x_cpu,897
41805,yolo_x_cpu,912
41806,yolo_x_cpu,872
41807,yolo_x_cpu,897
41808,yolo_x_cpu,970
41809,yolo_x_cpu,959
41810,yolo_x_cpu,976
41811,yolo_x_cpu,972
41812,yolo_x_cpu,1065
41813,yolo_x_cpu,1042
41814,yolo_x_cpu,1100
41815,yolo_x_cpu,1043
41816,yolo_x_cpu,1060
41817,yolo_x_cpu,1048
41818,yolo_x_cpu,1015
41819,yolo_x_cpu,1052
41820,yolo_x_cpu,1090
41821,yolo_x_cpu,1050
41822,yolo_x_cpu,1025
41823,yolo_x_cpu,1031
41824,yolo_x_cpu,1054
41825,yolo_x_cpu,1083
41826,yolo_x_cpu,1090
41827,yolo_x_cpu,1119
41828,yolo_x_cpu,1069
41829,yolo_x_cpu,1080
41830,yolo_x_cpu,1085
41831,yolo_x_cpu,1048
41832,yolo_x_cpu,1141
41833,yolo_x_cpu,1126
41834,yolo_x_cpu,1133
41835,yolo_x_cpu,1058
41836,yolo_x_cpu,1111
41837,yolo_x_cpu,1124
41838,yolo_x_cpu,1186
41839,yolo_x_cpu,1110
41840,yolo_x_cpu,1163
41841,yolo_x_cpu,1184
41842,yolo_x_cpu,1150
41843,yolo_x_cpu,1165
41844,yolo_x_cpu,1143
41845,yolo_x_cpu,1104
41846,yolo_x_cpu,1188
41847,yolo_x_cpu,1225
41848,yolo_x_cpu,1248
41849,yolo_x_cpu,1247
41850,yolo_x_cpu,1314
41851,yolo_x_cpu,1318
41852,yolo_x_cpu,1288
41853,yolo_x_cpu,1365
41854,yolo_x_cpu,1289
41855,yolo_x_cpu,1175
41856,yolo_x_cpu,1162
41857,yolo_x_cpu,1125
41858,yolo_x_cpu,1225
41859,yolo_x_cpu,1168
41860,yolo_x_cpu,1198
41861,yolo_x_cpu,1206
41862,yolo_x_cpu,1271
41863,yolo_x_cpu,1326
41864,yolo_x_cpu,1447
41865,yolo_x_cpu,1370
41866,yolo_x_cpu,1378
41867,yolo_x_cpu,1452
41868,yolo_x_cpu,1426
41869,yolo_x_cpu,1441
41870,yolo_x_cpu,1457
41871,yolo_x_cpu,1466
41872,yolo_x_cpu,1423
41873,yolo_x_cpu,1354
41874,yolo_x_cpu,1338
41875,yolo_x_cpu,1368
41876,yolo_x_cpu,1364
41877,yolo_x_cpu,1306
41878,yolo_x_cpu,1321
41879,yolo_x_cpu,1298
41880,yolo_x_cpu,1337
41881,yolo_x_cpu,1379
41882,yolo_x_cpu,1376
41883,yolo_x_cpu,1380
41884,yolo_x_cpu,1281
41885,yolo_x_cpu,1257
41886,yolo_x_cpu,1284
41887,yolo_x_cpu,1265
41888,yolo_x_cpu,1264
41889,yolo_x_cpu,1272
41890,yolo_x_cpu,1304
41891,yolo_x_cpu,1338
41892,yolo_x_cpu,1340
41893,yolo_x_cpu,1381
41894,yolo_x_cpu,1422
41895,yolo_x_cpu,1388
41896,yolo_x_cpu,1365
41897,yolo_x_cpu,1377
41898,yolo_x_cpu,1397
41899,yolo_x_cpu,1320
41900,yolo_x_cpu,1304
41901,yolo_x_cpu,1279
41902,yolo_x_cpu,1286
41903,yolo_x_cpu,1423
41904,yolo_x_cpu,1377
41905,yolo_x_cpu,1354
41906,yolo_x_cpu,1287
41907,yolo_x_cpu,1311
41908,yolo_x_cpu,1290
41909,yolo_x_cpu,1409
41910,yolo_x_cpu,1394
41911,yolo_x_cpu,1312
41912,yolo_x_cpu,1311
41913,yolo_x_cpu,1351
41914,yolo_x_cpu,1294
41915,yolo_x_cpu,1251
41916,yolo_x_cpu,1338
41917,yolo_x_cpu,1366
41918,yolo_x_cpu,1394
41919,yolo_x_cpu,1359
41920,yolo_x_cpu,1408
41921,yolo_x_cpu,1357
41922,yolo_x_cpu,1400
41923,yolo_x_cpu,1447
41924,yolo_x_cpu,1409
41925,yolo_x_cpu,1277
41926,yolo_x_cpu,1278
41927,yolo_x_cpu,1292
41928,yolo_x_cpu,1266
41929,yolo_x_cpu,1300
41930,yolo_x_cpu,1334
41931,yolo_x_cpu,1311
41932,yolo_x_cpu,1382
41933,yolo_x_cpu,1406
41934,yolo_x_cpu,1338
41935,yolo_x_cpu,1315
41936,yolo_x_cpu,1285
41937,yolo_x_cpu,1362
41938,yolo_x_cpu,1287
41939,yolo_x_cpu,1356
41940,yolo_x_cpu,1306
41941,yolo_x_cpu,1230
41942,yolo_x_cpu,1283
41943,yolo_x_cpu,1309
41944,yolo_x_cpu,1385
41945,yolo_x_cpu,1343
41946,yolo_x_cpu,1356
41947,yolo_x_cpu,1332
41948,yolo_x_cpu,1232
41949,yolo_x_cpu,1223
41950,yolo_x_cpu,1246
41951,yolo_x_cpu,1281
41952,yolo_x_cpu,1242
41953,yolo_x_cpu,1302
41954,yolo_x_cpu,1225
41955,yolo_x_cpu,1212
41956,yolo_x_cpu,1230
41957,yolo_x_cpu,1212
41958,yolo_x_cpu,1232
41959,yolo_x_cpu,1229
41960,yolo_x_cpu,1258
41961,yolo_x_cpu,1260
41962,yolo_x_cpu,1270
41963,yolo_x_cpu,1301
41964,yolo_x_cpu,1308
41965,yolo_x_cpu,1363
41966,yolo_x_cpu,1320
41967,yolo_x_cpu,1279
41968,yolo_x_cpu,1298
41969,yolo_x_cpu,1249
41970,yolo_x_cpu,1237
41971,yolo_x_cpu,1199
41972,yolo_x_cpu,1304
41973,yolo_x_cpu,1408
41974,yolo_x_cpu,1285
41975,yolo_x_cpu,1318
41976,yolo_x_cpu,1307
41977,yolo_x_cpu,1278
41978,yolo_x_cpu,1307
41979,yolo_x_cpu,1287
41980,yolo_x_cpu,1327
41981,yolo_x_cpu,1330
41982,yolo_x_cpu,1352
41983,yolo_x_cpu,1334
41984,yolo_x_cpu,1314
41985,yolo_x_cpu,1381
41986,yolo_x_cpu,1314
41987,yolo_x_cpu,1356
41988,yolo_x_cpu,1417
41989,yolo_x_cpu,1436
41990,yolo_x_cpu,1398
41991,yolo_x_cpu,1442
41992,yolo_x_cpu,1407
41993,yolo_x_cpu,1393
41994,yolo_x_cpu,1370
41995,yolo_x_cpu,1331
41996,yolo_x_cpu,1325
41997,yolo_x_cpu,1321
41998,yolo_x_cpu,1357
41999,yolo_x_cpu,1345
42000,yolo_x_cpu,1340
42001,yolo_x_cpu,1337
42002,yolo_x_cpu,1345
42003,yolo_x_cpu,1329
42004,yolo_x_cpu,1298
42005,yolo_x_cpu,1321
42006,yolo_x_cpu,1240
42007,yolo_x_cpu,1251
42008,yolo_x_cpu,1232
42009,yolo_x_cpu,1204
42010,yolo_x_cpu,1177
42011,yolo_x_cpu,1195
42012,yolo_x_cpu,1218
42013,yolo_x_cpu,1224
42014,yolo_x_cpu,1251
42015,yolo_x_cpu,1242
42016,yolo_x_cpu,1234
42017,yolo_x_cpu,1208
42018,yolo_x_cpu,1228
42019,yolo_x_cpu,1276
42020,yolo_x_cpu,1311
42021,yolo_x_cpu,1319
42022,yolo_x_cpu,1278
42023,yolo_x_cpu,1314
42024,yolo_x_cpu,1284
42025,yolo_x_cpu,1235
42026,yolo_x_cpu,1209
42027,yolo_x_cpu,1248
42028,yolo_x_cpu,1184
42029,yolo_x_cpu,1202
42030,yolo_x_cpu,1136
42031,yolo_x_cpu,1151
42032,yolo_x_cpu,1192
42033,yolo_x_cpu,1136
42034,yolo_x_cpu,1140
42035,yolo_x_cpu,1197
42036,yolo_x_cpu,1180
42037,yolo_x_cpu,1235
42038,yolo_x_cpu,1223
42039,yolo_x_cpu,1239
42040,yolo_x_cpu,1182
42041,yolo_x_cpu,1228
42042,yolo_x_cpu,1157
42043,yolo_x_cpu,1078
42044,yolo_x_cpu,1124
42045,yolo_x_cpu,1094
42046,yolo_x_cpu,1077
42047,yolo_x_cpu,1072
42048,yolo_x_cpu,1074
42049,yolo_x_cpu,1099
42050,yolo_x_cpu,1118
42051,yolo_x_cpu,1083
42052,yolo_x_cpu,1168
42053,yolo_x_cpu,1232
42054,yolo_x_cpu,1210
42055,yolo_x_cpu,1195
42056,yolo_x_cpu,1207
42057,yolo_x_cpu,1125
42058,yolo_x_cpu,1184
42059,yolo_x_cpu,1160
42060,yolo_x_cpu,1152
42061,yolo_x_cpu,1168
42062,yolo_x_cpu,1166
42063,yolo_x_cpu,1233
42064,yolo_x_cpu,1170
42065,yolo_x_cpu,1213
42066,yolo_x_cpu,1245
42067,yolo_x_cpu,1270
42068,yolo_x_cpu,1279
42069,yolo_x_cpu,1287
42070,yolo_x_cpu,1261
42071,yolo_x_cpu,1251
42072,yolo_x_cpu,1309
42073,yolo_x_cpu,1279
42074,yolo_x_cpu,1286
42075,yolo_x_cpu,1232
42076,yolo_x_cpu,1247
42077,yolo_x_cpu,1226
42078,yolo_x_cpu,1217
42079,yolo_x_cpu,1262
42080,yolo_x_cpu,1313
42081,yolo_x_cpu,1308
42082,yolo_x_cpu,1206
42083,yolo_x_cpu,1254
42084,yolo_x_cpu,1242
42085,yolo_x_cpu,1297
42086,yolo_x_cpu,1223
42087,yolo_x_cpu,1246
42088,yolo_x_cpu,1382
42089,yolo_x_cpu,1360
42090,yolo_x_cpu,1415
42091,yolo_x_cpu,1388
42092,yolo_x_cpu,1302
42093,yolo_x_cpu,1252
42094,yolo_x_cpu,1346
42095,yolo_x_cpu,1370
42096,yolo_x_cpu,1370
42097,yolo_x_cpu,1357
42098,yolo_x_cpu,1349
42099,yolo_x_cpu,1330
42100,yolo_x_cpu,1377
42101,yolo_x_cpu,1358
42102,yolo_x_cpu,1442
42103,yolo_x_cpu,1462
42104,yolo_x_cpu,1450
42105,yolo_x_cpu,1434
42106,yolo_x_cpu,1463
42107,yolo_x_cpu,1392
42108,yolo_x_cpu,1452
42109,yolo_x_cpu,1384
42110,yolo_x_cpu,1403
42111,yolo_x_cpu,1431
42112,yolo_x_cpu,1392
42113,yolo_x_cpu,1385
42114,yolo_x_cpu,1370
42115,yolo_x_cpu,1367
42116,yolo_x_cpu,1508
42117,yolo_x_cpu,1535
42118,yolo_x_cpu,1542
42119,yolo_x_cpu,1519
42120,yolo_x_cpu,1467
42121,yolo_x_cpu,1514
42122,yolo_x_cpu,1485
42123,yolo_x_cpu,1467
42124,yolo_x_cpu,1512
42125,yolo_x_cpu,1513
42126,yolo_x_cpu,1532
42127,yolo_x_cpu,1544
42128,yolo_x_cpu,1529
42129,yolo_x_cpu,1549
42130,yolo_x_cpu,1488
42131,yolo_x_cpu,1450
42132,yolo_x_cpu,1448
42133,yolo_x_cpu,1415
42134,yolo_x_cpu,1449
42135,yolo_x_cpu,1378
42136,yolo_x_cpu,1379
42137,yolo_x_cpu,1358
42138,yolo_x_cpu,1348
42139,yolo_x_cpu,1417
42140,yolo_x_cpu,1446
42141,yolo_x_cpu,1453
42142,yolo_x_cpu,1468
42143,yolo_x_cpu,1447
42144,yolo_x_cpu,1420
42145,yolo_x_cpu,1430
42146,yolo_x_cpu,1366
42147,yolo_x_cpu,1314
42148,yolo_x_cpu,1317
42149,yolo_x_cpu,1334
42150,yolo_x_cpu,1399
42151,yolo_x_cpu,1387
42152,yolo_x_cpu,1365
42153,yolo_x_cpu,1423
42154,yolo_x_cpu,1390
42155,yolo_x_cpu,1372
42156,yolo_x_cpu,1406
42157,yolo_x_cpu,1402
42158,yolo_x_cpu,1452
42159,yolo_x_cpu,1482
42160,yolo_x_cpu,1407
42161,yolo_x_cpu,1451
42162,yolo_x_cpu,1431
42163,yolo_x_cpu,1441
42164,yolo_x_cpu,1518
42165,yolo_x_cpu,1461
42166,yolo_x_cpu,1441
42167,yolo_x_cpu,1462
42168,yolo_x_cpu,1362
42169,yolo_x_cpu,1420
42170,yolo_x_cpu,1453
42171,yolo_x_cpu,1412
42172,yolo_x_cpu,1421
42173,yolo_x_cpu,1413
42174,yolo_x_cpu,1436
42175,yolo_x_cpu,1484
42176,yolo_x_cpu,1491
42177,yolo_x_cpu,1449
42178,yolo_x_cpu,1411
42179,yolo_x_cpu,1399
42180,yolo_x_cpu,1363
42181,yolo_x_cpu,1484
42182,yolo_x_cpu,1392
42183,yolo_x_cpu,1415
42184,yolo_x_cpu,1465
42185,yolo_x_cpu,1490
42186,yolo_x_cpu,1533
42187,yolo_x_cpu,1468
42188,yolo_x_cpu,1451
42189,yolo_x_cpu,1442
42190,yolo_x_cpu,1485
42191,yolo_x_cpu,1483
42192,yolo_x_cpu,1448
42193,yolo_x_cpu,1395
42194,yolo_x_cpu,1315
42195,yolo_x_cpu,1303
42196,yolo_x_cpu,1332
42197,yolo_x_cpu,1333
42198,yolo_x_cpu,1355
42199,yolo_x_cpu,1428
42200,yolo_x_cpu,1325
42201,yolo_x_cpu,1397
42202,yolo_x_cpu,1423
42203,yolo_x_cpu,1431
42204,yolo_x_cpu,1405
42205,yolo_x_cpu,1424
42206,yolo_x_cpu,1317
42207,yolo_x_cpu,1381
42208,yolo_x_cpu,1438
42209,yolo_x_cpu,1437
42210,yolo_x_cpu,1488
42211,yolo_x_cpu,1528
42212,yolo_x_cpu,1525
42213,yolo_x_cpu,1444
42214,yolo_x_cpu,1501
42215,yolo_x_cpu,1525
42216,yolo_x_cpu,1409
42217,yolo_x_cpu,1430
42218,yolo_x_cpu,1424
42219,yolo_x_cpu,1396
42220,yolo_x_cpu,1322
42221,yolo_x_cpu,1468
42222,yolo_x_cpu,1457
42223,yolo_x_cpu,1401
42224,yolo_x_cpu,1332
42225,yolo_x_cpu,1380
42226,yolo_x_cpu,1409
42227,yolo_x_cpu,1439
42228,yolo_x_cpu,1412
42229,yolo_x_cpu,1447
42230,yolo_x_cpu,1490
42231,yolo_x_cpu,1438
42232,yolo_x_cpu,1342
42233,yolo_x_cpu,1317
42234,yolo_x_cpu,1327
42235,yolo_x_cpu,1343
42236,yolo_x_cpu,1413
42237,yolo_x_cpu,1368
42238,yolo_x_cpu,1327
42239,yolo_x_cpu,1352
42240,yolo_x_cpu,1367
42241,yolo_x_cpu,1382
42242,yolo_x_cpu,1345
42243,yolo_x_cpu,1392
42244,yolo_x_cpu,1471
42245,yolo_x_cpu,1473
42246,yolo_x_cpu,1456
42247,yolo_x_cpu,1527
42248,yolo_x_cpu,1501
42249,yolo_x_cpu,1432
42250,yolo_x_cpu,1422
42251,yolo_x_cpu,1374
42252,yolo_x_cpu,1424
42253,yolo_x_cpu,1428
42254,yolo_x_cpu,1349
42255,yolo_x_cpu,1388
42256,yolo_x_cpu,1420
42257,yolo_x_cpu,1456
42258,yolo_x_cpu,1500
42259,yolo_x_cpu,1431
42260,yolo_x_cpu,1445
42261,yolo_x_cpu,1414
42262,yolo_x_cpu,1367
42263,yolo_x_cpu,1393
42264,yolo_x_cpu,1426
42265,yolo_x_cpu,1511
42266,yolo_x_cpu,1409
42267,yolo_x_cpu,1478
42268,yolo_x_cpu,1514
42269,yolo_x_cpu,1499
42270,yolo_x_cpu,1472
42271,yolo_x_cpu,1470
42272,yolo_x_cpu,1460
42273,yolo_x_cpu,1575
42274,yolo_x_cpu,1566
42275,yolo_x_cpu,1539
42276,yolo_x_cpu,1549
42277,yolo_x_cpu,1604
42278,yolo_x_cpu,1562
42279,yolo_x_cpu,1595
42280,yolo_x_cpu,1638
42281,yolo_x_cpu,1660
42282,yolo_x_cpu,1626
42283,yolo_x_cpu,1548
42284,yolo_x_cpu,1477
42285,yolo_x_cpu,1505
42286,yolo_x_cpu,1512
42287,yolo_x_cpu,1532
42288,yolo_x_cpu,1601
42289,yolo_x_cpu,1569
42290,yolo_x_cpu,1580
42291,yolo_x_cpu,1556
42292,yolo_x_cpu,1517
42293,yolo_x_cpu,1443
42294,yolo_x_cpu,1472
42295,yolo_x_cpu,1514
42296,yolo_x_cpu,1446
42297,yolo_x_cpu,1457
42298,yolo_x_cpu,1511
42299,yolo_x_cpu,1559
42300,yolo_x_cpu,1570
42301,yolo_x_cpu,1590
42302,yolo_x_cpu,1654
42303,yolo_x_cpu,1653
42304,yolo_x_cpu,1584
42305,yolo_x_cpu,1607
42306,yolo_x_cpu,1607
42307,yolo_x_cpu,1475
42308,yolo_x_cpu,1488
42309,yolo_x_cpu,1535
42310,yolo_x_cpu,1562
42311,yolo_x_cpu,1519
42312,yolo_x_cpu,1534
42313,yolo_x_cpu,1503
42314,yolo_x_cpu,1572
42315,yolo_x_cpu,1616
42316,yolo_x_cpu,1549
42317,yolo_x_cpu,1578
42318,yolo_x_cpu,1576
42319,yolo_x_cpu,1555
42320,yolo_x_cpu,1546
42321,yolo_x_cpu,1508
42322,yolo_x_cpu,1497
42323,yolo_x_cpu,1542
42324,yolo_x_cpu,1454
42325,yolo_x_cpu,1431
42326,yolo_x_cpu,1447
42327,yolo_x_cpu,1404
42328,yolo_x_cpu,1457
42329,yolo_x_cpu,1450
42330,yolo_x_cpu,1475
42331,yolo_x_cpu,1405
42332,yolo_x_cpu,1394
42333,yolo_x_cpu,1325
42334,yolo_x_cpu,1349
42335,yolo_x_cpu,1466
42336,yolo_x_cpu,1397
42337,yolo_x_cpu,1349
42338,yolo_x_cpu,1359
42339,yolo_x_cpu,1375
42340,yolo_x_cpu,1384
42341,yolo_x_cpu,1384
42342,yolo_x_cpu,1357
42343,yolo_x_cpu,1363
42344,yolo_x_cpu,1364
42345,yolo_x_cpu,1328
42346,yolo_x_cpu,1385
42347,yolo_x_cpu,1393
42348,yolo_x_cpu,1418
42349,yolo_x_cpu,1413
42350,yolo_x_cpu,1441
42351,yolo_x_cpu,1471
42352,yolo_x_cpu,1334
42353,yolo_x_cpu,1304
42354,yolo_x_cpu,1336
42355,yolo_x_cpu,1381
42356,yolo_x_cpu,1407
42357,yolo_x_cpu,1404
42358,yolo_x_cpu,1410
42359,yolo_x_cpu,1424
42360,yolo_x_cpu,1352
42361,yolo_x_cpu,1292
42362,yolo_x_cpu,1294
42363,yolo_x_cpu,1399
42364,yolo_x_cpu,1379
42365,yolo_x_cpu,1431
42366,yolo_x_cpu,1380
42367,yolo_x_cpu,1335
42368,yolo_x_cpu,1338
42369,yolo_x_cpu,1332
42370,yolo_x_cpu,1285
42371,yolo_x_cpu,1250
42372,yolo_x_cpu,1244
42373,yolo_x_cpu,1304
42374,yolo_x_cpu,1332
42375,yolo_x_cpu,1269
42376,yolo_x_cpu,1358
42377,yolo_x_cpu,1330
42378,yolo_x_cpu,1349
42379,yolo_x_cpu,1319
42380,yolo_x_cpu,1274
42381,yolo_x_cpu,1266
42382,yolo_x_cpu,1285
42383,yolo_x_cpu,1284
42384,yolo_x_cpu,1255
42385,yolo_x_cpu,1260
42386,yolo_x_cpu,1247
42387,yolo_x_cpu,1198
42388,yolo_x_cpu,1204
42389,yolo_x_cpu,1191
42390,yolo_x_cpu,1178
42391,yolo_x_cpu,1186
42392,yolo_x_cpu,1229
42393,yolo_x_cpu,1247
42394,yolo_x_cpu,1238
42395,yolo_x_cpu,1258
42396,yolo_x_cpu,1266
42397,yolo_x_cpu,1225
42398,yolo_x_cpu,1256
42399,yolo_x_cpu,1252
42400,yolo_x_cpu,1243
42401,yolo_x_cpu,1139
42402,yolo_x_cpu,1219
42403,yolo_x_cpu,1215
42404,yolo_x_cpu,1178
42405,yolo_x_cpu,1226
42406,yolo_x_cpu,1248
42407,yolo_x_cpu,1292
42408,yolo_x_cpu,1314
42409,yolo_x_cpu,1316
42410,yolo_x_cpu,1317
42411,yolo_x_cpu,1298
42412,yolo_x_cpu,1235
42413,yolo_x_cpu,1198
42414,yolo_x_cpu,1212
42415,yolo_x_cpu,1216
42416,yolo_x_cpu,1276
42417,yolo_x_cpu,1229
42418,yolo_x_cpu,1135
42419,yolo_x_cpu,1040
42420,yolo_x_cpu,1019
42421,yolo_x_cpu,1043
42422,yolo_x_cpu,1032
42423,yolo_x_cpu,1074
42424,yolo_x_cpu,1009
42425,yolo_x_cpu,1067
42426,yolo_x_cpu,1069
42427,yolo_x_cpu,1008
42428,yolo_x_cpu,1070
42429,yolo_x_cpu,979
42430,yolo_x_cpu,979
42431,yolo_x_cpu,922
42432,yolo_x_cpu,962
42433,yolo_x_cpu,945
42434,yolo_x_cpu,936
42435,yolo_x_cpu,982
42436,yolo_x_cpu,937
42437,yolo_x_cpu,1006
42438,yolo_x_cpu,950
42439,yolo_x_cpu,859
42440,yolo_x_cpu,889
42441,yolo_x_cpu,906
42442,yolo_x_cpu,877
42443,yolo_x_cpu,908
42444,yolo_x_cpu,924
42445,yolo_x_cpu,881
42446,yolo_x_cpu,832
42447,yolo_x_cpu,957
42448,yolo_x_cpu,929
42449,yolo_x_cpu,970
42450,yolo_x_cpu,854
42451,yolo_x_cpu,846
42452,yolo_x_cpu,865
42453,yolo_x_cpu,862
42454,yolo_x_cpu,884
42455,yolo_x_cpu,851
42456,yolo_x_cpu,810
42457,yolo_x_cpu,826
42458,yolo_x_cpu,809
42459,yolo_x_cpu,892
42460,yolo_x_cpu,920
42461,yolo_x_cpu,882
42462,yolo_x_cpu,881
42463,yolo_x_cpu,942
42464,yolo_x_cpu,928
42465,yolo_x_cpu,955
42466,yolo_x_cpu,1001
42467,yolo_x_cpu,982
42468,yolo_x_cpu,951
42469,yolo_x_cpu,940
42470,yolo_x_cpu,973
42471,yolo_x_cpu,976
42472,yolo_x_cpu,937
42473,yolo_x_cpu,893
42474,yolo_x_cpu,877
42475,yolo_x_cpu,863
42476,yolo_x_cpu,862
42477,yolo_x_cpu,894
42478,yolo_x_cpu,925
42479,yolo_x_cpu,904
42480,yolo_x_cpu,840
42481,yolo_x_cpu,917
42482,yolo_x_cpu,858
42483,yolo_x_cpu,794
42484,yolo_x_cpu,876
42485,yolo_x_cpu,873
42486,yolo_x_cpu,854
42487,yolo_x_cpu,846
42488,yolo_x_cpu,854
42489,yolo_x_cpu,869
42490,yolo_x_cpu,835
42491,yolo_x_cpu,848
42492,yolo_x_cpu,905
42493,yolo_x_cpu,882
42494,yolo_x_cpu,883
42495,yolo_x_cpu,837
42496,yolo_x_cpu,854
42497,yolo_x_cpu,876
42498,yolo_x_cpu,876
42499,yolo_x_cpu,941
42500,yolo_x_cpu,875
42501,yolo_x_cpu,959
42502,yolo_x_cpu,894
42503,yolo_x_cpu,896
42504,yolo_x_cpu,834
42505,yolo_x_cpu,835
42506,yolo_x_cpu,844
42507,yolo_x_cpu,869
42508,yolo_x_cpu,931
42509,yolo_x_cpu,941
42510,yolo_x_cpu,994
42511,yolo_x_cpu,954
42512,yolo_x_cpu,911
42513,yolo_x_cpu,869
42514,yolo_x_cpu,870
42515,yolo_x_cpu,877
42516,yolo_x_cpu,909
42517,yolo_x_cpu,910
42518,yolo_x_cpu,889
42519,yolo_x_cpu,869
42520,yolo_x_cpu,828
42521,yolo_x_cpu,957
42522,yolo_x_cpu,969
42523,yolo_x_cpu,954
42524,yolo_x_cpu,933
42525,yolo_x_cpu,903
42526,yolo_x_cpu,876
42527,yolo_x_cpu,870
42528,yolo_x_cpu,920
42529,yolo_x_cpu,912
42530,yolo_x_cpu,905
42531,yolo_x_cpu,899
42532,yolo_x_cpu,908
42533,yolo_x_cpu,852
42534,yolo_x_cpu,866
42535,yolo_x_cpu,825
42536,yolo_x_cpu,835
42537,yolo_x_cpu,807
42538,yolo_x_cpu,743
42539,yolo_x_cpu,812
42540,yolo_x_cpu,793
42541,yolo_x_cpu,781
42542,yolo_x_cpu,833
42543,yolo_x_cpu,831
42544,yolo_x_cpu,836
42545,yolo_x_cpu,851
42546,yolo_x_cpu,851
42547,yolo_x_cpu,837
42548,yolo_x_cpu,819
42549,yolo_x_cpu,817
42550,yolo_x_cpu,834
42551,yolo_x_cpu,825
42552,yolo_x_cpu,803
42553,yolo_x_cpu,779
42554,yolo_x_cpu,785
42555,yolo_x_cpu,793
42556,yolo_x_cpu,840
42557,yolo_x_cpu,880
42558,yolo_x_cpu,822
42559,yolo_x_cpu,870
42560,yolo_x_cpu,771
42561,yolo_x_cpu,771
42562,yolo_x_cpu,791
42563,yolo_x_cpu,793
42564,yolo_x_cpu,821
42565,yolo_x_cpu,792
42566,yolo_x_cpu,760
42567,yolo_x_cpu,728
42568,yolo_x_cpu,753
42569,yolo_x_cpu,735
42570,yolo_x_cpu,669
42571,yolo_x_cpu,709
42572,yolo_x_cpu,748
42573,yolo_x_cpu,786
42574,yolo_x_cpu,748
42575,yolo_x_cpu,750
42576,yolo_x_cpu,799
42577,yolo_x_cpu,767
42578,yolo_x_cpu,777
42579,yolo_x_cpu,777
42580,yolo_x_cpu,770
42581,yolo_x_cpu,774
42582,yolo_x_cpu,814
42583,yolo_x_cpu,786
42584,yolo_x_cpu,780
42585,yolo_x_cpu,779
42586,yolo_x_cpu,745
42587,yolo_x_cpu,709
42588,yolo_x_cpu,711
42589,yolo_x_cpu,710
42590,yolo_x_cpu,718
42591,yolo_x_cpu,625
42592,yolo_x_cpu,600
42593,yolo_x_cpu,634
42594,yolo_x_cpu,748
42595,yolo_x_cpu,806
42596,yolo_x_cpu,744
42597,yolo_x_cpu,733
42598,yolo_x_cpu,749
42599,yolo_x_cpu,729
42600,yolo_x_cpu,725
42601,yolo_x_cpu,726
42602,yolo_x_cpu,712
42603,yolo_x_cpu,729
42604,yolo_x_cpu,686
42605,yolo_x_cpu,715
42606,yolo_x_cpu,696
42607,yolo_x_cpu,674
42608,yolo_x_cpu,659
42609,yolo_x_cpu,651
42610,yolo_x_cpu,613
42611,yolo_x_cpu,684
42612,yolo_x_cpu,676
42613,yolo_x_cpu,615
42614,yolo_x_cpu,583
42615,yolo_x_cpu,623
42616,yolo_x_cpu,574
42617,yolo_x_cpu,580
42618,yolo_x_cpu,659
42619,yolo_x_cpu,636
42620,yolo_x_cpu,615
42621,yolo_x_cpu,593
42622,yolo_x_cpu,562
42623,yolo_x_cpu,572
42624,yolo_x_cpu,600
42625,yolo_x_cpu,618
42626,yolo_x_cpu,557
42627,yolo_x_cpu,568
42628,yolo_x_cpu,589
42629,yolo_x_cpu,540
42630,yolo_x_cpu,598
42631,yolo_x_cpu,592
42632,yolo_x_cpu,534
42633,yolo_x_cpu,535
42634,yolo_x_cpu,580
42635,yolo_x_cpu,561
42636,yolo_x_cpu,559
42637,yolo_x_cpu,563
42638,yolo_x_cpu,511
42639,yolo_x_cpu,560
42640,yolo_x_cpu,569
42641,yolo_x_cpu,561
42642,yolo_x_cpu,464
42643,yolo_x_cpu,442
42644,yolo_x_cpu,581
42645,yolo_x_cpu,492
42646,yolo_x_cpu,503
42647,yolo_x_cpu,495
42648,yolo_x_cpu,464
42649,yolo_x_cpu,470
42650,yolo_x_cpu,452
42651,yolo_x_cpu,500
42652,yolo_x_cpu,442
42653,yolo_x_cpu,481
42654,yolo_x_cpu,441
42655,yolo_x_cpu,397
42656,yolo_x_cpu,427
42657,yolo_x_cpu,365
42658,yolo_x_cpu,367
42659,yolo_x_cpu,406
42660,yolo_x_cpu,382
42661,yolo_x_cpu,396
42662,yolo_x_cpu,342
42663,yolo_x_cpu,367
42664,yolo_x_cpu,344
42665,yolo_x_cpu,340
42666,yolo_x_cpu,327
42667,yolo_x_cpu,355
42668,yolo_x_cpu,338
42669,yolo_x_cpu,356
42670,yolo_x_cpu,354
42671,yolo_x_cpu,343
42672,yolo_x_cpu,333
42673,yolo_x_cpu,334
42674,yolo_x_cpu,329
42675,yolo_x_cpu,341
42676,yolo_x_cpu,369
42677,yolo_x_cpu,323
42678,yolo_x_cpu,322
42679,yolo_x_cpu,285
42680,yolo_x_cpu,281
42681,yolo_x_cpu,285
42682,yolo_x_cpu,271
42683,yolo_x_cpu,289
42684,yolo_x_cpu,312
42685,yolo_x_cpu,373
42686,yolo_x_cpu,394
42687,yolo_x_cpu,350
42688,yolo_x_cpu,356
42689,yolo_x_cpu,365
42690,yolo_x_cpu,336
42691,yolo_x_cpu,398
42692,yolo_x_cpu,303
42693,yolo_x_cpu,331
42694,yolo_x_cpu,335
42695,yolo_x_cpu,351
42696,yolo_x_cpu,290
42697,yolo_x_cpu,271
42698,yolo_x_cpu,253
42699,yolo_x_cpu,286
42700,yolo_x_cpu,244
42701,yolo_x_cpu,298
42702,yolo_x_cpu,289
42703,yolo_x_cpu,305
42704,yolo_x_cpu,276
42705,yolo_x_cpu,265
42706,yolo_x_cpu,322
42707,yolo_x_cpu,295
42708,yolo_x_cpu,261
42709,yolo_x_cpu,261
42710,yolo_x_cpu,271
42711,yolo_x_cpu,266
42712,yolo_x_cpu,258
42713,yolo_x_cpu,285
42714,yolo_x_cpu,247
42715,yolo_x_cpu,240
42716,yolo_x_cpu,270
42717,yolo_x_cpu,297
42718,yolo_x_cpu,278
42719,yolo_x_cpu,305
42720,yolo_x_cpu,296
42721,yolo_x_cpu,309
42722,yolo_x_cpu,303
42723,yolo_x_cpu,272
42724,yolo_x_cpu,274
42725,yolo_x_cpu,270
42726,yolo_x_cpu,285
42727,yolo_x_cpu,271
42728,yolo_x_cpu,258
42729,yolo_x_cpu,245
42730,yolo_x_cpu,275
42731,yolo_x_cpu,316
42732,yolo_x_cpu,299
42733,yolo_x_cpu,327
42734,yolo_x_cpu,278
42735,yolo_x_cpu,251
42736,yolo_x_cpu,271
42737,yolo_x_cpu,233
42738,yolo_x_cpu,237
42739,yolo_x_cpu,213
42740,yolo_x_cpu,211
42741,yolo_x_cpu,217
42742,yolo_x_cpu,227
42743,yolo_x_cpu,213
42744,yolo_x_cpu,196
42745,yolo_x_cpu,208
42746,yolo_x_cpu,193
42747,yolo_x_cpu,232
42748,yolo_x_cpu,224
42749,yolo_x_cpu,189
42750,yolo_x_cpu,218
42751,yolo_x_cpu,209
42752,yolo_x_cpu,192
42753,yolo_x_cpu,223
42754,yolo_x_cpu,222
42755,yolo_x_cpu,229
42756,yolo_x_cpu,226
42757,yolo_x_cpu,210
42758,yolo_x_cpu,184
42759,yolo_x_cpu,152
42760,yolo_x_cpu,204
42761,yolo_x_cpu,221
42762,yolo_x_cpu,223
42763,yolo_x_cpu,198
42764,yolo_x_cpu,202
42765,yolo_x_cpu,234
42766,yolo_x_cpu,222
42767,yolo_x_cpu,205
42768,yolo_x_cpu,196
42769,yolo_x_cpu,175
42770,yolo_x_cpu,161
42771,yolo_x_cpu,159
42772,yolo_x_cpu,146
42773,yolo_x_cpu,163
42774,yolo_x_cpu,175
42775,yolo_x_cpu,201
42776,yolo_x_cpu,167
42777,yolo_x_cpu,124
42778,yolo_x_cpu,132
42779,yolo_x_cpu,148
42780,yolo_x_cpu,153
42781,yolo_x_cpu,123
42782,yolo_x_cpu,145
42783,yolo_x_cpu,118
42784,yolo_x_cpu,135
42785,yolo_x_cpu,139
42786,yolo_x_cpu,148
42787,yolo_x_cpu,121
42788,yolo_x_cpu,90
42789,yolo_x_cpu,123
42790,yolo_x_cpu,153
42791,yolo_x_cpu,146
42792,yolo_x_cpu,134
42793,yolo_x_cpu,162
42794,yolo_x_cpu,165
42795,yolo_x_cpu,145
42796,yolo_x_cpu,147
42797,yolo_x_cpu,161
42798,yolo_x_cpu,140
42799,yolo_x_cpu,168
42800,yolo_x_cpu,151
42801,yolo_x_cpu,130
42802,yolo_x_cpu,106
42803,yolo_x_cpu,128
42804,yolo_x_cpu,128
42805,yolo_x_cpu,138
42806,yolo_x_cpu,146
42807,yolo_x_cpu,132
42808,yolo_x_cpu,163
42809,yolo_x_cpu,146
42810,yolo_x_cpu,157
42811,yolo_x_cpu,141
42812,yolo_x_cpu,133
42813,yolo_x_cpu,114
42814,yolo_x_cpu,147
42815,yolo_x_cpu,157
42816,yolo_x_cpu,122
42817,yolo_x_cpu,104
42818,yolo_x_cpu,116
42819,yolo_x_cpu,120
42820,yolo_x_cpu,125
42821,yolo_x_cpu,106
42822,yolo_x_cpu,102
42823,yolo_x_cpu,124
42824,yolo_x_cpu,129
42825,yolo_x_cpu,124
42826,yolo_x_cpu,147
42827,yolo_x_cpu,143
42828,yolo_x_cpu,116
42829,yolo_x_cpu,129
42830,yolo_x_cpu,135
42831,yolo_x_cpu,171
42832,yolo_x_cpu,159
42833,yolo_x_cpu,144
42834,yolo_x_cpu,146
42835,yolo_x_cpu,150
42836,yolo_x_cpu,126
42837,yolo_x_cpu,130
42838,yolo_x_cpu,127
42839,yolo_x_cpu,115
42840,yolo_x_cpu,136
42841,yolo_x_cpu,120
42842,yolo_x_cpu,106
42843,yolo_x_cpu,114
42844,yolo_x_cpu,125
42845,yolo_x_cpu,117
42846,yolo_x_cpu,116
42847,yolo_x_cpu,114
42848,yolo_x_cpu,110
42849,yolo_x_cpu,106
42850,yolo_x_cpu,109
42851,yolo_x_cpu,93
42852,yolo_x_cpu,101
42853,yolo_x_cpu,116
42854,yolo_x_cpu,119
42855,yolo_x_cpu,103
42856,yolo_x_cpu,88
42857,yolo_x_cpu,100
42858,yolo_x_cpu,87
42859,yolo_x_cpu,100
42860,yolo_x_cpu,88
42861,yolo_x_cpu,103
42862,yolo_x_cpu,95
42863,yolo_x_cpu,101
42864,yolo_x_cpu,92
42865,yolo_x_cpu,79
42866,yolo_x_cpu,97
42867,yolo_x_cpu,93
42868,yolo_x_cpu,108
42869,yolo_x_cpu,111
42870,yolo_x_cpu,89
42871,yolo_x_cpu,91
42872,yolo_x_cpu,83
42873,yolo_x_cpu,85
42874,yolo_x_cpu,87
42875,yolo_x_cpu,75
42876,yolo_x_cpu,97
42877,yolo_x_cpu,76
42878,yolo_x_cpu,70
42879,yolo_x_cpu,84
42880,yolo_x_cpu,69
42881,yolo_x_cpu,96
42882,yolo_x_cpu,107
42883,yolo_x_cpu,73
42884,yolo_x_cpu,86
42885,yolo_x_cpu,93
42886,yolo_x_cpu,101
42887,yolo_x_cpu,86
42888,yolo_x_cpu,81
42889,yolo_x_cpu,92
42890,yolo_x_cpu,92
42891,yolo_x_cpu,91
42892,yolo_x_cpu,80
42893,yolo_x_cpu,82
42894,yolo_x_cpu,91
42895,yolo_x_cpu,86
42896,yolo_x_cpu,91
42897,yolo_x_cpu,94
42898,yolo_x_cpu,79
42899,yolo_x_cpu,84
42900,yolo_x_cpu,102
42901,yolo_x_cpu,734
42902,yolo_x_cpu,805
42903,yolo_x_cpu,630
42904,yolo_x_cpu,265
42905,yolo_x_cpu,285
42906,yolo_x_cpu,322
42907,yolo_x_cpu,343
42908,yolo_x_cpu,323
42909,yolo_x_cpu,318
42910,yolo_x_cpu,279
42911,yolo_x_cpu,254
42912,yolo_x_cpu,211
42913,yolo_x_cpu,242
42914,yolo_x_cpu,201
42915,yolo_x_cpu,187
42916,yolo_x_cpu,202
42917,yolo_x_cpu,150
42918,yolo_x_cpu,149
42919,yolo_x_cpu,178
42920,yolo_x_cpu,156
42921,yolo_x_cpu,110
42922,yolo_x_cpu,108
42923,yolo_x_cpu,90
42924,yolo_x_cpu,73
42925,yolo_x_cpu,83
42926,yolo_x_cpu,67
42927,yolo_x_cpu,70
42928,yolo_x_cpu,73
42929,yolo_x_cpu,73
42930,yolo_x_cpu,111
42931,yolo_x_cpu,90
42932,yolo_x_cpu,74
42933,yolo_x_cpu,60
42934,yolo_x_cpu,85
42935,yolo_x_cpu,61
42936,yolo_x_cpu,56
42937,yolo_x_cpu,76
42938,yolo_x_cpu,81
42939,yolo_x_cpu,87
42940,yolo_x_cpu,72
42941,yolo_x_cpu,67
42942,yolo_x_cpu,70
42943,yolo_x_cpu,59
42944,yolo_x_cpu,45
42945,yolo_x_cpu,40
42946,yolo_x_cpu,44
42947,yolo_x_cpu,60
42948,yolo_x_cpu,61
42949,yolo_x_cpu,78
42950,yolo_x_cpu,64
42951,yolo_x_cpu,50
42952,yolo_x_cpu,50
42953,yolo_x_cpu,50
42954,yolo_x_cpu,52
42955,yolo_x_cpu,50
42956,yolo_x_cpu,51
42957,yolo_x_cpu,45
42958,yolo_x_cpu,52
42959,yolo_x_cpu,40
42960,yolo_x_cpu,35
42961,yolo_x_cpu,37
42962,yolo_x_cpu,35
42963,yolo_x_cpu,36
42964,yolo_x_cpu,61
42965,yolo_x_cpu,43
42966,yolo_x_cpu,64
42967,yolo_x_cpu,51
42968,yolo_x_cpu,53
42969,yolo_x_cpu,41
42970,yolo_x_cpu,60
42971,yolo_x_cpu,44
42972,yolo_x_cpu,43
42973,yolo_x_cpu,40
42974,yolo_x_cpu,33
42975,yolo_x_cpu,44
42976,yolo_x_cpu,53
42977,yolo_x_cpu,31
42978,yolo_x_cpu,45
42979,yolo_x_cpu,42
42980,yolo_x_cpu,42
42981,yolo_x_cpu,47
42982,yolo_x_cpu,35
42983,yolo_x_cpu,49
42984,yolo_x_cpu,50
42985,yolo_x_cpu,65
42986,yolo_x_cpu,76
42987,yolo_x_cpu,54
42988,yolo_x_cpu,59
42989,yolo_x_cpu,39
42990,yolo_x_cpu,39
42991,yolo_x_cpu,48
42992,yolo_x_cpu,40
42993,yolo_x_cpu,42
42994,yolo_x_cpu,50
42995,yolo_x_cpu,63
42996,yolo_x_cpu,75
42997,yolo_x_cpu,68
42998,yolo_x_cpu,59
42999,yolo_x_cpu,81
43000,yolo_x_cpu,55
43001,yolo_x_cpu,60
43002,yolo_x_cpu,56
43003,yolo_x_cpu,58
43004,yolo_x_cpu,61
43005,yolo_x_cpu,51
43006,yolo_x_cpu,55
43007,yolo_x_cpu,58
43008,yolo_x_cpu,41
43009,yolo_x_cpu,52
43010,yolo_x_cpu,42
43011,yolo_x_cpu,43
43012,yolo_x_cpu,46
43013,yolo_x_cpu,58
43014,yolo_x_cpu,44
43015,yolo_x_cpu,50
43016,yolo_x_cpu,25
43017,yolo_x_cpu,20
43018,yolo_x_cpu,11
43019,yolo_x_cpu,19
43020,yolo_x_cpu,20
43021,yolo_x_cpu,11
43022,yolo_x_cpu,18
43023,yolo_x_cpu,17
43024,yolo_x_cpu,25
43025,yolo_x_cpu,11
43026,yolo_x_cpu,20
43027,yolo_x_cpu,40
43028,yolo_x_cpu,26
43029,yolo_x_cpu,30
43030,yolo_x_cpu,20
43031,yolo_x_cpu,28
43032,yolo_x_cpu,38
43033,yolo_x_cpu,61
43034,yolo_x_cpu,42
43035,yolo_x_cpu,52
43036,yolo_x_cpu,31
43037,yolo_x_cpu,26
43038,yolo_x_cpu,35
43039,yolo_x_cpu,32
43040,yolo_x_cpu,32
43041,yolo_x_cpu,41
43042,yolo_x_cpu,46
43043,yolo_x_cpu,42
43044,yolo_x_cpu,37
43045,yolo_x_cpu,37
43046,yolo_x_cpu,31
43047,yolo_x_cpu,27
43048,yolo_x_cpu,31
43049,yolo_x_cpu,42
43050,yolo_x_cpu,52
43051,yolo_x_cpu,60
43052,yolo_x_cpu,47
43053,yolo_x_cpu,31
43054,yolo_x_cpu,40
43055,yolo_x_cpu,31
43056,yolo_x_cpu,40
43057,yolo_x_cpu,30
43058,yolo_x_cpu,37
43059,yolo_x_cpu,47
43060,yolo_x_cpu,41
43061,yolo_x_cpu,31
43062,yolo_x_cpu,40
43063,yolo_x_cpu,60
43064,yolo_x_cpu,65
43065,yolo_x_cpu,55
43066,yolo_x_cpu,69
43067,yolo_x_cpu,74
43068,yolo_x_cpu,65
43069,yolo_x_cpu,63
43070,yolo_x_cpu,67
43071,yolo_x_cpu,59
43072,yolo_x_cpu,64
43073,yolo_x_cpu,50
43074,yolo_x_cpu,39
43075,yolo_x_cpu,46
43076,yolo_x_cpu,38
43077,yolo_x_cpu,30
43078,yolo_x_cpu,30
43079,yolo_x_cpu,25
43080,yolo_x_cpu,21
43081,yolo_x_cpu,15
43082,yolo_x_cpu,9
43083,yolo_x_cpu,20
43084,yolo_x_cpu,25
43085,yolo_x_cpu,22
43086,yolo_x_cpu,32
43087,yolo_x_cpu,50
43088,yolo_x_cpu,53
43089,yolo_x_cpu,43
43090,yolo_x_cpu,44
43091,yolo_x_cpu,46
43092,yolo_x_cpu,46
43093,yolo_x_cpu,65
43094,yolo_x_cpu,70
43095,yolo_x_cpu,68
43096,yolo_x_cpu,73
43097,yolo_x_cpu,71
43098,yolo_x_cpu,72
43099,yolo_x_cpu,70
43100,yolo_x_cpu,59
43101,yolo_x_cpu,50
43102,yolo_x_cpu,62
43103,yolo_x_cpu,66
43104,yolo_x_cpu,72
43105,yolo_x_cpu,87
43106,yolo_x_cpu,90
43107,yolo_x_cpu,107
43108,yolo_x_cpu,87
43109,yolo_x_cpu,79
43110,yolo_x_cpu,78
43111,yolo_x_cpu,82
43112,yolo_x_cpu,84
43113,yolo_x_cpu,92
43114,yolo_x_cpu,87
43115,yolo_x_cpu,84
43116,yolo_x_cpu,90
43117,yolo_x_cpu,97
43118,yolo_x_cpu,88
43119,yolo_x_cpu,110
43120,yolo_x_cpu,126
43121,yolo_x_cpu,102
43122,yolo_x_cpu,93
43123,yolo_x_cpu,109
43124,yolo_x_cpu,131
43125,yolo_x_cpu,106
43126,yolo_x_cpu,106
43127,yolo_x_cpu,126
43128,yolo_x_cpu,118
43129,yolo_x_cpu,118
43130,yolo_x_cpu,107
43131,yolo_x_cpu,130
43132,yolo_x_cpu,103
43133,yolo_x_cpu,87
43134,yolo_x_cpu,99
43135,yolo_x_cpu,127
43136,yolo_x_cpu,106
43137,yolo_x_cpu,108
43138,yolo_x_cpu,119
43139,yolo_x_cpu,140
43140,yolo_x_cpu,155
43141,yolo_x_cpu,160
43142,yolo_x_cpu,182
43143,yolo_x_cpu,189
43144,yolo_x_cpu,173
43145,yolo_x_cpu,153
43146,yolo_x_cpu,160
43147,yolo_x_cpu,161
43148,yolo_x_cpu,137
43149,yolo_x_cpu,141
43150,yolo_x_cpu,127
43151,yolo_x_cpu,134
43152,yolo_x_cpu,131
43153,yolo_x_cpu,173
43154,yolo_x_cpu,168
43155,yolo_x_cpu,158
43156,yolo_x_cpu,153
43157,yolo_x_cpu,145
43158,yolo_x_cpu,142
43159,yolo_x_cpu,153
43160,yolo_x_cpu,172
43161,yolo_x_cpu,171
43162,yolo_x_cpu,169
43163,yolo_x_cpu,183
43164,yolo_x_cpu,173
43165,yolo_x_cpu,195
43166,yolo_x_cpu,210
43167,yolo_x_cpu,231
43168,yolo_x_cpu,227
43169,yolo_x_cpu,269
43170,yolo_x_cpu,228
43171,yolo_x_cpu,202
43172,yolo_x_cpu,196
43173,yolo_x_cpu,215
43174,yolo_x_cpu,195
43175,yolo_x_cpu,224
43176,yolo_x_cpu,234
43177,yolo_x_cpu,236
43178,yolo_x_cpu,247
43179,yolo_x_cpu,266
43180,yolo_x_cpu,278
43181,yolo_x_cpu,262
43182,yolo_x_cpu,255
43183,yolo_x_cpu,245
43184,yolo_x_cpu,285
43185,yolo_x_cpu,287
43186,yolo_x_cpu,300
43187,yolo_x_cpu,279
43188,yolo_x_cpu,289
43189,yolo_x_cpu,291
43190,yolo_x_cpu,339
43191,yolo_x_cpu,386
43192,yolo_x_cpu,346
43193,yolo_x_cpu,436
43194,yolo_x_cpu,385
43195,yolo_x_cpu,408
43196,yolo_x_cpu,413
43197,yolo_x_cpu,426
43198,yolo_x_cpu,470
43199,yolo_x_cpu,443
43200,yolo_x_cpu,520
43201,yolo_x_cpu,516
43202,yolo_x_cpu,484
43203,yolo_x_cpu,459
43204,yolo_x_cpu,466
43205,yolo_x_cpu,458
43206,yolo_x_cpu,437
43207,yolo_x_cpu,446
43208,yolo_x_cpu,450
43209,yolo_x_cpu,495
43210,yolo_x_cpu,461
43211,yolo_x_cpu,479
43212,yolo_x_cpu,477
43213,yolo_x_cpu,452
43214,yolo_x_cpu,544
43215,yolo_x_cpu,522
43216,yolo_x_cpu,559
43217,yolo_x_cpu,500
43218,yolo_x_cpu,564
43219,yolo_x_cpu,542
43220,yolo_x_cpu,547
43221,yolo_x_cpu,543
43222,yolo_x_cpu,524
43223,yolo_x_cpu,573
43224,yolo_x_cpu,519
43225,yolo_x_cpu,538
43226,yolo_x_cpu,548
43227,yolo_x_cpu,519
43228,yolo_x_cpu,582
43229,yolo_x_cpu,608
43230,yolo_x_cpu,582
43231,yolo_x_cpu,616
43232,yolo_x_cpu,603
43233,yolo_x_cpu,694
43234,yolo_x_cpu,713
43235,yolo_x_cpu,755
43236,yolo_x_cpu,679
43237,yolo_x_cpu,771
43238,yolo_x_cpu,761
43239,yolo_x_cpu,645
43240,yolo_x_cpu,836
43241,yolo_x_cpu,802
43242,yolo_x_cpu,768
43243,yolo_x_cpu,716
43244,yolo_x_cpu,701
43245,yolo_x_cpu,737
43246,yolo_x_cpu,681
43247,yolo_x_cpu,733
43248,yolo_x_cpu,776
43249,yolo_x_cpu,724
43250,yolo_x_cpu,749
43251,yolo_x_cpu,805
43252,yolo_x_cpu,744
43253,yolo_x_cpu,788
43254,yolo_x_cpu,809
43255,yolo_x_cpu,801
43256,yolo_x_cpu,844
43257,yolo_x_cpu,889
43258,yolo_x_cpu,910
43259,yolo_x_cpu,900
43260,yolo_x_cpu,969
43261,yolo_x_cpu,929
43262,yolo_x_cpu,1042
43263,yolo_x_cpu,943
43264,yolo_x_cpu,974
43265,yolo_x_cpu,909
43266,yolo_x_cpu,896
43267,yolo_x_cpu,917
43268,yolo_x_cpu,997
43269,yolo_x_cpu,974
43270,yolo_x_cpu,952
43271,yolo_x_cpu,979
43272,yolo_x_cpu,962
43273,yolo_x_cpu,890
43274,yolo_x_cpu,878
43275,yolo_x_cpu,849
43276,yolo_x_cpu,1005
43277,yolo_x_cpu,932
43278,yolo_x_cpu,924
43279,yolo_x_cpu,970
43280,yolo_x_cpu,936
43281,yolo_x_cpu,1003
43282,yolo_x_cpu,1011
43283,yolo_x_cpu,980
43284,yolo_x_cpu,987
43285,yolo_x_cpu,1020
43286,yolo_x_cpu,1001
43287,yolo_x_cpu,1021
43288,yolo_x_cpu,1028
43289,yolo_x_cpu,1136
43290,yolo_x_cpu,1057
43291,yolo_x_cpu,1082
43292,yolo_x_cpu,1152
43293,yolo_x_cpu,1112
43294,yolo_x_cpu,1170
43295,yolo_x_cpu,1120
43296,yolo_x_cpu,1059
43297,yolo_x_cpu,1005
43298,yolo_x_cpu,1100
43299,yolo_x_cpu,1095
43300,yolo_x_cpu,1080
43301,yolo_x_cpu,1066
43302,yolo_x_cpu,1135
43303,yolo_x_cpu,1154
43304,yolo_x_cpu,1174
43305,yolo_x_cpu,1188
43306,yolo_x_cpu,1187
43307,yolo_x_cpu,1161
43308,yolo_x_cpu,1230
43309,yolo_x_cpu,1217
43310,yolo_x_cpu,1248
43311,yolo_x_cpu,1240
43312,yolo_x_cpu,1302
43313,yolo_x_cpu,1328
43314,yolo_x_cpu,1363
43315,yolo_x_cpu,1323
43316,yolo_x_cpu,1314
43317,yolo_x_cpu,1343
43318,yolo_x_cpu,1285
43319,yolo_x_cpu,1228
43320,yolo_x_cpu,1214
43321,yolo_x_cpu,1305
43322,yolo_x_cpu,1282
43323,yolo_x_cpu,1210
43324,yolo_x_cpu,1216
43325,yolo_x_cpu,1187
43326,yolo_x_cpu,1179
43327,yolo_x_cpu,1211
43328,yolo_x_cpu,1219
43329,yolo_x_cpu,1181
43330,yolo_x_cpu,1223
43331,yolo_x_cpu,1224
43332,yolo_x_cpu,1282
43333,yolo_x_cpu,1237
43334,yolo_x_cpu,1260
43335,yolo_x_cpu,1342
43336,yolo_x_cpu,1261
43337,yolo_x_cpu,1276
43338,yolo_x_cpu,1291
43339,yolo_x_cpu,1271
43340,yolo_x_cpu,1332
43341,yolo_x_cpu,1399
43342,yolo_x_cpu,1346
43343,yolo_x_cpu,1398
43344,yolo_x_cpu,1341
43345,yolo_x_cpu,1293
43346,yolo_x_cpu,1303
43347,yolo_x_cpu,1225
43348,yolo_x_cpu,1259
43349,yolo_x_cpu,1155
43350,yolo_x_cpu,1086
43351,yolo_x_cpu,1147
43352,yolo_x_cpu,1202
43353,yolo_x_cpu,1262
43354,yolo_x_cpu,1223
43355,yolo_x_cpu,1132
43356,yolo_x_cpu,1195
43357,yolo_x_cpu,1168
43358,yolo_x_cpu,1225
43359,yolo_x_cpu,1270
43360,yolo_x_cpu,1267
43361,yolo_x_cpu,1245
43362,yolo_x_cpu,1297
43363,yolo_x_cpu,1369
43364,yolo_x_cpu,1309
43365,yolo_x_cpu,1344
43366,yolo_x_cpu,1351
43367,yolo_x_cpu,1320
43368,yolo_x_cpu,1293
43369,yolo_x_cpu,1345
43370,yolo_x_cpu,1397
43371,yolo_x_cpu,1308
43372,yolo_x_cpu,1343
43373,yolo_x_cpu,1306
43374,yolo_x_cpu,1326
43375,yolo_x_cpu,1305
43376,yolo_x_cpu,1334
43377,yolo_x_cpu,1270
43378,yolo_x_cpu,1308
43379,yolo_x_cpu,1276
43380,yolo_x_cpu,1260
43381,yolo_x_cpu,1291
43382,yolo_x_cpu,1322
43383,yolo_x_cpu,1377
43384,yolo_x_cpu,1347
43385,yolo_x_cpu,1371
43386,yolo_x_cpu,1306
43387,yolo_x_cpu,1335
43388,yolo_x_cpu,1289
43389,yolo_x_cpu,1237
43390,yolo_x_cpu,1244
43391,yolo_x_cpu,1250
43392,yolo_x_cpu,1324
43393,yolo_x_cpu,1292
43394,yolo_x_cpu,1256
43395,yolo_x_cpu,1204
43396,yolo_x_cpu,1290
43397,yolo_x_cpu,1272
43398,yolo_x_cpu,1271
43399,yolo_x_cpu,1258
43400,yolo_x_cpu,1275
43401,yolo_x_cpu,1263
43402,yolo_x_cpu,1278
43403,yolo_x_cpu,1299
43404,yolo_x_cpu,1267
43405,yolo_x_cpu,1218
43406,yolo_x_cpu,1251
43407,yolo_x_cpu,1232
43408,yolo_x_cpu,1256
43409,yolo_x_cpu,1236
43410,yolo_x_cpu,1227
43411,yolo_x_cpu,1265
43412,yolo_x_cpu,1231
43413,yolo_x_cpu,1254
43414,yolo_x_cpu,1314
43415,yolo_x_cpu,1341
43416,yolo_x_cpu,1321
43417,yolo_x_cpu,1291
43418,yolo_x_cpu,1278
43419,yolo_x_cpu,1206
43420,yolo_x_cpu,1299
43421,yolo_x_cpu,1297
43422,yolo_x_cpu,1299
43423,yolo_x_cpu,1225
43424,yolo_x_cpu,1262
43425,yolo_x_cpu,1287
43426,yolo_x_cpu,1188
43427,yolo_x_cpu,1219
43428,yolo_x_cpu,1243
43429,yolo_x_cpu,1256
43430,yolo_x_cpu,1224
43431,yolo_x_cpu,1281
43432,yolo_x_cpu,1219
43433,yolo_x_cpu,1225
43434,yolo_x_cpu,1287
43435,yolo_x_cpu,1274
43436,yolo_x_cpu,1243
43437,yolo_x_cpu,1248
43438,yolo_x_cpu,1277
43439,yolo_x_cpu,1183
43440,yolo_x_cpu,1189
43441,yolo_x_cpu,1163
43442,yolo_x_cpu,1132
43443,yolo_x_cpu,1187
43444,yolo_x_cpu,1232
43445,yolo_x_cpu,1250
43446,yolo_x_cpu,1270
43447,yolo_x_cpu,1280
43448,yolo_x_cpu,1203
43449,yolo_x_cpu,1216
43450,yolo_x_cpu,1191
43451,yolo_x_cpu,1141
43452,yolo_x_cpu,1173
43453,yolo_x_cpu,1180
43454,yolo_x_cpu,1152
43455,yolo_x_cpu,1153
43456,yolo_x_cpu,1167
43457,yolo_x_cpu,1195
43458,yolo_x_cpu,1180
43459,yolo_x_cpu,1185
43460,yolo_x_cpu,1264
43461,yolo_x_cpu,1220
43462,yolo_x_cpu,1217
43463,yolo_x_cpu,1239
43464,yolo_x_cpu,1210
43465,yolo_x_cpu,1175
43466,yolo_x_cpu,1133
43467,yolo_x_cpu,1132
43468,yolo_x_cpu,1191
43469,yolo_x_cpu,1220
43470,yolo_x_cpu,1154
43471,yolo_x_cpu,1204
43472,yolo_x_cpu,1259
43473,yolo_x_cpu,1284
43474,yolo_x_cpu,1208
43475,yolo_x_cpu,1230
43476,yolo_x_cpu,1270
43477,yolo_x_cpu,1185
43478,yolo_x_cpu,1167
43479,yolo_x_cpu,1121
43480,yolo_x_cpu,1200
43481,yolo_x_cpu,1227
43482,yolo_x_cpu,1194
43483,yolo_x_cpu,1240
43484,yolo_x_cpu,1246
43485,yolo_x_cpu,1172
43486,yolo_x_cpu,1222
43487,yolo_x_cpu,1232
43488,yolo_x_cpu,1204
43489,yolo_x_cpu,1194
43490,yolo_x_cpu,1151
43491,yolo_x_cpu,1160
43492,yolo_x_cpu,1152
43493,yolo_x_cpu,1135
43494,yolo_x_cpu,1122
43495,yolo_x_cpu,1158
43496,yolo_x_cpu,1122
43497,yolo_x_cpu,1155
43498,yolo_x_cpu,1138
43499,yolo_x_cpu,1166
43500,yolo_x_cpu,1096
43501,yolo_x_cpu,1097
43502,yolo_x_cpu,1184
43503,yolo_x_cpu,1159
43504,yolo_x_cpu,1204
43505,yolo_x_cpu,1189
43506,yolo_x_cpu,1202
43507,yolo_x_cpu,1236
43508,yolo_x_cpu,1183
43509,yolo_x_cpu,1185
43510,yolo_x_cpu,1206
43511,yolo_x_cpu,1215
43512,yolo_x_cpu,1252
43513,yolo_x_cpu,1239
43514,yolo_x_cpu,1252
43515,yolo_x_cpu,1327
43516,yolo_x_cpu,1258
43517,yolo_x_cpu,1299
43518,yolo_x_cpu,1324
43519,yolo_x_cpu,1333
43520,yolo_x_cpu,1325
43521,yolo_x_cpu,1325
43522,yolo_x_cpu,1325
43523,yolo_x_cpu,1315
43524,yolo_x_cpu,1387
43525,yolo_x_cpu,1333
43526,yolo_x_cpu,1346
43527,yolo_x_cpu,1431
43528,yolo_x_cpu,1379
43529,yolo_x_cpu,1336
43530,yolo_x_cpu,1401
43531,yolo_x_cpu,1458
43532,yolo_x_cpu,1445
43533,yolo_x_cpu,1399
43534,yolo_x_cpu,1413
43535,yolo_x_cpu,1413
43536,yolo_x_cpu,1447
43537,yolo_x_cpu,1434
43538,yolo_x_cpu,1487
43539,yolo_x_cpu,1545
43540,yolo_x_cpu,1548
43541,yolo_x_cpu,1559
43542,yolo_x_cpu,1524
43543,yolo_x_cpu,1588
43544,yolo_x_cpu,1595
43545,yolo_x_cpu,1632
43546,yolo_x_cpu,1567
43547,yolo_x_cpu,1528
43548,yolo_x_cpu,1555
43549,yolo_x_cpu,1470
43550,yolo_x_cpu,1454
43551,yolo_x_cpu,1453
43552,yolo_x_cpu,1421
43553,yolo_x_cpu,1471
43554,yolo_x_cpu,1430
43555,yolo_x_cpu,1409
43556,yolo_x_cpu,1465
43557,yolo_x_cpu,1405
43558,yolo_x_cpu,1336
43559,yolo_x_cpu,1372
43560,yolo_x_cpu,1351
43561,yolo_x_cpu,1351
43562,yolo_x_cpu,1329
43563,yolo_x_cpu,1213
43564,yolo_x_cpu,1269
43565,yolo_x_cpu,1338
43566,yolo_x_cpu,1358
43567,yolo_x_cpu,1246
43568,yolo_x_cpu,1250
43569,yolo_x_cpu,1346
43570,yolo_x_cpu,1303
43571,yolo_x_cpu,1278
43572,yolo_x_cpu,1327
43573,yolo_x_cpu,1344
43574,yolo_x_cpu,1359
43575,yolo_x_cpu,1314
43576,yolo_x_cpu,1399
43577,yolo_x_cpu,1410
43578,yolo_x_cpu,1463
43579,yolo_x_cpu,1431
43580,yolo_x_cpu,1407
43581,yolo_x_cpu,1470
43582,yolo_x_cpu,1410
43583,yolo_x_cpu,1507
43584,yolo_x_cpu,1430
43585,yolo_x_cpu,1452
43586,yolo_x_cpu,1384
43587,yolo_x_cpu,1415
43588,yolo_x_cpu,1421
43589,yolo_x_cpu,1490
43590,yolo_x_cpu,1448
43591,yolo_x_cpu,1480
43592,yolo_x_cpu,1495
43593,yolo_x_cpu,1466
43594,yolo_x_cpu,1447
43595,yolo_x_cpu,1503
43596,yolo_x_cpu,1500
43597,yolo_x_cpu,1413
43598,yolo_x_cpu,1439
43599,yolo_x_cpu,1437
43600,yolo_x_cpu,1462
43601,yolo_x_cpu,1432
43602,yolo_x_cpu,1422
43603,yolo_x_cpu,1439
43604,yolo_x_cpu,1474
43605,yolo_x_cpu,1427
43606,yolo_x_cpu,1531
43607,yolo_x_cpu,1507
43608,yolo_x_cpu,1531
43609,yolo_x_cpu,1467
43610,yolo_x_cpu,1466
43611,yolo_x_cpu,1464
43612,yolo_x_cpu,1483
43613,yolo_x_cpu,1496
43614,yolo_x_cpu,1487
43615,yolo_x_cpu,1427
43616,yolo_x_cpu,1518
43617,yolo_x_cpu,1474
43618,yolo_x_cpu,1445
43619,yolo_x_cpu,1526
43620,yolo_x_cpu,1476
43621,yolo_x_cpu,1512
43622,yolo_x_cpu,1525
43623,yolo_x_cpu,1502
43624,yolo_x_cpu,1450
43625,yolo_x_cpu,1439
43626,yolo_x_cpu,1439
43627,yolo_x_cpu,1431
43628,yolo_x_cpu,1488
43629,yolo_x_cpu,1495
43630,yolo_x_cpu,1469
43631,yolo_x_cpu,1429
43632,yolo_x_cpu,1413
43633,yolo_x_cpu,1454
43634,yolo_x_cpu,1352
43635,yolo_x_cpu,1373
43636,yolo_x_cpu,1466
43637,yolo_x_cpu,1459
43638,yolo_x_cpu,1515
43639,yolo_x_cpu,1563
43640,yolo_x_cpu,1458
43641,yolo_x_cpu,1526
43642,yolo_x_cpu,1435
43643,yolo_x_cpu,1541
43644,yolo_x_cpu,1547
43645,yolo_x_cpu,1492
43646,yolo_x_cpu,1471
43647,yolo_x_cpu,1465
43648,yolo_x_cpu,1460
43649,yolo_x_cpu,1413
43650,yolo_x_cpu,1384
43651,yolo_x_cpu,1511
43652,yolo_x_cpu,1437
43653,yolo_x_cpu,1379
43654,yolo_x_cpu,1455
43655,yolo_x_cpu,1426
43656,yolo_x_cpu,1511
43657,yolo_x_cpu,1512
43658,yolo_x_cpu,1442
43659,yolo_x_cpu,1369
43660,yolo_x_cpu,1407
43661,yolo_x_cpu,1346
43662,yolo_x_cpu,1322
43663,yolo_x_cpu,1324
43664,yolo_x_cpu,1318
43665,yolo_x_cpu,1338
43666,yolo_x_cpu,1293
43667,yolo_x_cpu,1279
43668,yolo_x_cpu,1357
43669,yolo_x_cpu,1361
43670,yolo_x_cpu,1365
43671,yolo_x_cpu,1379
43672,yolo_x_cpu,1431
43673,yolo_x_cpu,1406
43674,yolo_x_cpu,1366
43675,yolo_x_cpu,1401
43676,yolo_x_cpu,1397
43677,yolo_x_cpu,1381
43678,yolo_x_cpu,1386
43679,yolo_x_cpu,1337
43680,yolo_x_cpu,1382
43681,yolo_x_cpu,1387
43682,yolo_x_cpu,1423
43683,yolo_x_cpu,1430
43684,yolo_x_cpu,1468
43685,yolo_x_cpu,1429
43686,yolo_x_cpu,1407
43687,yolo_x_cpu,1447
43688,yolo_x_cpu,1405
43689,yolo_x_cpu,1351
43690,yolo_x_cpu,1348
43691,yolo_x_cpu,1376
43692,yolo_x_cpu,1377
43693,yolo_x_cpu,1381
43694,yolo_x_cpu,1411
43695,yolo_x_cpu,1332
43696,yolo_x_cpu,1362
43697,yolo_x_cpu,1334
43698,yolo_x_cpu,1363
43699,yolo_x_cpu,1364
43700,yolo_x_cpu,1360
43701,yolo_x_cpu,1438
43702,yolo_x_cpu,1420
43703,yolo_x_cpu,1416
43704,yolo_x_cpu,1438
43705,yolo_x_cpu,1453
43706,yolo_x_cpu,1418
43707,yolo_x_cpu,1466
43708,yolo_x_cpu,1454
43709,yolo_x_cpu,1404
43710,yolo_x_cpu,1458
43711,yolo_x_cpu,1474
43712,yolo_x_cpu,1461
43713,yolo_x_cpu,1449
43714,yolo_x_cpu,1445
43715,yolo_x_cpu,1454
43716,yolo_x_cpu,1486
43717,yolo_x_cpu,1373
43718,yolo_x_cpu,1406
43719,yolo_x_cpu,1411
43720,yolo_x_cpu,1395
43721,yolo_x_cpu,1358
43722,yolo_x_cpu,1430
43723,yolo_x_cpu,1358
43724,yolo_x_cpu,1401
43725,yolo_x_cpu,1398
43726,yolo_x_cpu,1362
43727,yolo_x_cpu,1394
43728,yolo_x_cpu,1380
43729,yolo_x_cpu,1379
43730,yolo_x_cpu,1382
43731,yolo_x_cpu,1367
43732,yolo_x_cpu,1313
43733,yolo_x_cpu,1360
43734,yolo_x_cpu,1371
43735,yolo_x_cpu,1409
43736,yolo_x_cpu,1423
43737,yolo_x_cpu,1431
43738,yolo_x_cpu,1452
43739,yolo_x_cpu,1401
43740,yolo_x_cpu,1356
43741,yolo_x_cpu,1432
43742,yolo_x_cpu,1414
43743,yolo_x_cpu,1354
43744,yolo_x_cpu,1366
43745,yolo_x_cpu,1350
43746,yolo_x_cpu,1298
43747,yolo_x_cpu,1400
43748,yolo_x_cpu,1432
43749,yolo_x_cpu,1401
43750,yolo_x_cpu,1417
43751,yolo_x_cpu,1417
43752,yolo_x_cpu,1338
43753,yolo_x_cpu,1398
43754,yolo_x_cpu,1340
43755,yolo_x_cpu,1369
43756,yolo_x_cpu,1412
43757,yolo_x_cpu,1461
43758,yolo_x_cpu,1394
43759,yolo_x_cpu,1443
43760,yolo_x_cpu,1325
43761,yolo_x_cpu,1300
43762,yolo_x_cpu,1302
43763,yolo_x_cpu,1387
43764,yolo_x_cpu,1415
43765,yolo_x_cpu,1439
43766,yolo_x_cpu,1412
43767,yolo_x_cpu,1435
43768,yolo_x_cpu,1388
43769,yolo_x_cpu,1303
43770,yolo_x_cpu,1378
43771,yolo_x_cpu,1398
43772,yolo_x_cpu,1401
43773,yolo_x_cpu,1426
43774,yolo_x_cpu,1416
43775,yolo_x_cpu,1387
43776,yolo_x_cpu,1387
43777,yolo_x_cpu,1390
43778,yolo_x_cpu,1370
43779,yolo_x_cpu,1374
43780,yolo_x_cpu,1439
43781,yolo_x_cpu,1477
43782,yolo_x_cpu,1515
43783,yolo_x_cpu,1500
43784,yolo_x_cpu,1594
43785,yolo_x_cpu,1587
43786,yolo_x_cpu,1539
43787,yolo_x_cpu,1456
43788,yolo_x_cpu,1441
43789,yolo_x_cpu,1377
43790,yolo_x_cpu,1351
43791,yolo_x_cpu,1316
43792,yolo_x_cpu,1348
43793,yolo_x_cpu,1382
43794,yolo_x_cpu,1345
43795,yolo_x_cpu,1312
43796,yolo_x_cpu,1344
43797,yolo_x_cpu,1308
43798,yolo_x_cpu,1310
43799,yolo_x_cpu,1295
43800,yolo_x_cpu,1260
43801,yolo_x_cpu,1267
43802,yolo_x_cpu,1331
43803,yolo_x_cpu,1318
43804,yolo_x_cpu,1318
43805,yolo_x_cpu,1373
43806,yolo_x_cpu,1375
43807,yolo_x_cpu,1329
43808,yolo_x_cpu,1310
43809,yolo_x_cpu,1311
43810,yolo_x_cpu,1303
43811,yolo_x_cpu,1340
43812,yolo_x_cpu,1315
43813,yolo_x_cpu,1326
43814,yolo_x_cpu,1337
43815,yolo_x_cpu,1318
43816,yolo_x_cpu,1265
43817,yolo_x_cpu,1249
43818,yolo_x_cpu,1288
43819,yolo_x_cpu,1315
43820,yolo_x_cpu,1302
43821,yolo_x_cpu,1188
43822,yolo_x_cpu,1138
43823,yolo_x_cpu,1102
43824,yolo_x_cpu,1058
43825,yolo_x_cpu,1094
43826,yolo_x_cpu,1114
43827,yolo_x_cpu,1076
43828,yolo_x_cpu,1173
43829,yolo_x_cpu,1114
43830,yolo_x_cpu,1135
43831,yolo_x_cpu,1172
43832,yolo_x_cpu,1122
43833,yolo_x_cpu,1071
43834,yolo_x_cpu,1086
43835,yolo_x_cpu,1053
43836,yolo_x_cpu,997
43837,yolo_x_cpu,1053
43838,yolo_x_cpu,1067
43839,yolo_x_cpu,1145
43840,yolo_x_cpu,1114
43841,yolo_x_cpu,1106
43842,yolo_x_cpu,1097
43843,yolo_x_cpu,1143
43844,yolo_x_cpu,1091
43845,yolo_x_cpu,1067
43846,yolo_x_cpu,1042
43847,yolo_x_cpu,1091
43848,yolo_x_cpu,1064
43849,yolo_x_cpu,1059
43850,yolo_x_cpu,1042
43851,yolo_x_cpu,1108
43852,yolo_x_cpu,1081
43853,yolo_x_cpu,1063
43854,yolo_x_cpu,1092
43855,yolo_x_cpu,1116
43856,yolo_x_cpu,1057
43857,yolo_x_cpu,1008
43858,yolo_x_cpu,1075
43859,yolo_x_cpu,1075
43860,yolo_x_cpu,1084
43861,yolo_x_cpu,1016
43862,yolo_x_cpu,1031
43863,yolo_x_cpu,1016
43864,yolo_x_cpu,911
43865,yolo_x_cpu,947
43866,yolo_x_cpu,958
43867,yolo_x_cpu,1017
43868,yolo_x_cpu,1083
43869,yolo_x_cpu,1042
43870,yolo_x_cpu,1003
43871,yolo_x_cpu,1040
43872,yolo_x_cpu,991
43873,yolo_x_cpu,1007
43874,yolo_x_cpu,1028
43875,yolo_x_cpu,955
43876,yolo_x_cpu,1008
43877,yolo_x_cpu,1030
43878,yolo_x_cpu,949
43879,yolo_x_cpu,991
43880,yolo_x_cpu,958
43881,yolo_x_cpu,1007
43882,yolo_x_cpu,1015
43883,yolo_x_cpu,966
43884,yolo_x_cpu,964
43885,yolo_x_cpu,1035
43886,yolo_x_cpu,994
43887,yolo_x_cpu,997
43888,yolo_x_cpu,920
43889,yolo_x_cpu,913
43890,yolo_x_cpu,857
43891,yolo_x_cpu,954
43892,yolo_x_cpu,961
43893,yolo_x_cpu,922
43894,yolo_x_cpu,956
43895,yolo_x_cpu,968
43896,yolo_x_cpu,914
43897,yolo_x_cpu,919
43898,yolo_x_cpu,953
43899,yolo_x_cpu,938
43900,yolo_x_cpu,891
43901,yolo_x_cpu,927
43902,yolo_x_cpu,942
43903,yolo_x_cpu,993
43904,yolo_x_cpu,949
43905,yolo_x_cpu,885
43906,yolo_x_cpu,884
43907,yolo_x_cpu,888
43908,yolo_x_cpu,916
43909,yolo_x_cpu,932
43910,yolo_x_cpu,869
43911,yolo_x_cpu,857
43912,yolo_x_cpu,839
43913,yolo_x_cpu,943
43914,yolo_x_cpu,939
43915,yolo_x_cpu,879
43916,yolo_x_cpu,900
43917,yolo_x_cpu,850
43918,yolo_x_cpu,888
43919,yolo_x_cpu,902
43920,yolo_x_cpu,890
43921,yolo_x_cpu,855
43922,yolo_x_cpu,889
43923,yolo_x_cpu,908
43924,yolo_x_cpu,894
43925,yolo_x_cpu,905
43926,yolo_x_cpu,965
43927,yolo_x_cpu,893
43928,yolo_x_cpu,963
43929,yolo_x_cpu,1012
43930,yolo_x_cpu,980
43931,yolo_x_cpu,1010
43932,yolo_x_cpu,973
43933,yolo_x_cpu,991
43934,yolo_x_cpu,1030
43935,yolo_x_cpu,1014
43936,yolo_x_cpu,1020
43937,yolo_x_cpu,1065
43938,yolo_x_cpu,1102
43939,yolo_x_cpu,1086
43940,yolo_x_cpu,1121
43941,yolo_x_cpu,1044
43942,yolo_x_cpu,1012
43943,yolo_x_cpu,971
43944,yolo_x_cpu,943
43945,yolo_x_cpu,945
43946,yolo_x_cpu,873
43947,yolo_x_cpu,936
43948,yolo_x_cpu,980
43949,yolo_x_cpu,1004
43950,yolo_x_cpu,984
43951,yolo_x_cpu,905
43952,yolo_x_cpu,887
43953,yolo_x_cpu,888
43954,yolo_x_cpu,852
43955,yolo_x_cpu,918
43956,yolo_x_cpu,875
43957,yolo_x_cpu,941
43958,yolo_x_cpu,858
43959,yolo_x_cpu,919
43960,yolo_x_cpu,904
43961,yolo_x_cpu,901
43962,yolo_x_cpu,897
43963,yolo_x_cpu,924
43964,yolo_x_cpu,944
43965,yolo_x_cpu,912
43966,yolo_x_cpu,876
43967,yolo_x_cpu,907
43968,yolo_x_cpu,915
43969,yolo_x_cpu,893
43970,yolo_x_cpu,879
43971,yolo_x_cpu,844
43972,yolo_x_cpu,833
43973,yolo_x_cpu,800
43974,yolo_x_cpu,806
43975,yolo_x_cpu,810
43976,yolo_x_cpu,809
43977,yolo_x_cpu,813
43978,yolo_x_cpu,892
43979,yolo_x_cpu,810
43980,yolo_x_cpu,759
43981,yolo_x_cpu,736
43982,yolo_x_cpu,766
43983,yolo_x_cpu,728
43984,yolo_x_cpu,695
43985,yolo_x_cpu,708
43986,yolo_x_cpu,735
43987,yolo_x_cpu,736
43988,yolo_x_cpu,767
43989,yolo_x_cpu,746
43990,yolo_x_cpu,718
43991,yolo_x_cpu,754
43992,yolo_x_cpu,721
43993,yolo_x_cpu,763
43994,yolo_x_cpu,693
43995,yolo_x_cpu,812
43996,yolo_x_cpu,810
43997,yolo_x_cpu,770
43998,yolo_x_cpu,794
43999,yolo_x_cpu,783
44000,yolo_x_cpu,701
44001,yolo_x_cpu,765
44002,yolo_x_cpu,729
44003,yolo_x_cpu,693
44004,yolo_x_cpu,755
44005,yolo_x_cpu,694
44006,yolo_x_cpu,725
44007,yolo_x_cpu,650
44008,yolo_x_cpu,631
44009,yolo_x_cpu,685
44010,yolo_x_cpu,650
44011,yolo_x_cpu,681
44012,yolo_x_cpu,648
44013,yolo_x_cpu,692
44014,yolo_x_cpu,709
44015,yolo_x_cpu,732
44016,yolo_x_cpu,749
44017,yolo_x_cpu,712
44018,yolo_x_cpu,684
44019,yolo_x_cpu,635
44020,yolo_x_cpu,653
44021,yolo_x_cpu,629
44022,yolo_x_cpu,612
44023,yolo_x_cpu,544
44024,yolo_x_cpu,572
44025,yolo_x_cpu,698
44026,yolo_x_cpu,583
44027,yolo_x_cpu,585
44028,yolo_x_cpu,626
44029,yolo_x_cpu,604
44030,yolo_x_cpu,636
44031,yolo_x_cpu,637
44032,yolo_x_cpu,611
44033,yolo_x_cpu,581
44034,yolo_x_cpu,614
44035,yolo_x_cpu,618
44036,yolo_x_cpu,528
44037,yolo_x_cpu,621
44038,yolo_x_cpu,575
44039,yolo_x_cpu,629
44040,yolo_x_cpu,568
44041,yolo_x_cpu,707
44042,yolo_x_cpu,598
44043,yolo_x_cpu,570
44044,yolo_x_cpu,521
44045,yolo_x_cpu,509
44046,yolo_x_cpu,533
44047,yolo_x_cpu,480
44048,yolo_x_cpu,472
44049,yolo_x_cpu,530
44050,yolo_x_cpu,555
44051,yolo_x_cpu,527
44052,yolo_x_cpu,491
44053,yolo_x_cpu,458
44054,yolo_x_cpu,471
44055,yolo_x_cpu,457
44056,yolo_x_cpu,510
44057,yolo_x_cpu,480
44058,yolo_x_cpu,501
44059,yolo_x_cpu,445
44060,yolo_x_cpu,445
44061,yolo_x_cpu,392
44062,yolo_x_cpu,372
44063,yolo_x_cpu,442
44064,yolo_x_cpu,385
44065,yolo_x_cpu,415
44066,yolo_x_cpu,364
44067,yolo_x_cpu,368
44068,yolo_x_cpu,368
44069,yolo_x_cpu,390
44070,yolo_x_cpu,385
44071,yolo_x_cpu,392
44072,yolo_x_cpu,483
44073,yolo_x_cpu,450
44074,yolo_x_cpu,429
44075,yolo_x_cpu,415
44076,yolo_x_cpu,392
44077,yolo_x_cpu,421
44078,yolo_x_cpu,405
44079,yolo_x_cpu,357
44080,yolo_x_cpu,381
44081,yolo_x_cpu,385
44082,yolo_x_cpu,381
44083,yolo_x_cpu,407
44084,yolo_x_cpu,349
44085,yolo_x_cpu,306
44086,yolo_x_cpu,357
44087,yolo_x_cpu,346
44088,yolo_x_cpu,318
44089,yolo_x_cpu,353
44090,yolo_x_cpu,366
44091,yolo_x_cpu,298
44092,yolo_x_cpu,365
44093,yolo_x_cpu,378
44094,yolo_x_cpu,319
44095,yolo_x_cpu,351
44096,yolo_x_cpu,352
44097,yolo_x_cpu,313
44098,yolo_x_cpu,292
44099,yolo_x_cpu,268
44100,yolo_x_cpu,305
44101,yolo_x_cpu,336
44102,yolo_x_cpu,339
44103,yolo_x_cpu,308
44104,yolo_x_cpu,289
44105,yolo_x_cpu,318
44106,yolo_x_cpu,397
44107,yolo_x_cpu,350
44108,yolo_x_cpu,315
44109,yolo_x_cpu,306
44110,yolo_x_cpu,295
44111,yolo_x_cpu,341
44112,yolo_x_cpu,323
44113,yolo_x_cpu,309
44114,yolo_x_cpu,326
44115,yolo_x_cpu,353
44116,yolo_x_cpu,334
44117,yolo_x_cpu,296
44118,yolo_x_cpu,276
44119,yolo_x_cpu,262
44120,yolo_x_cpu,291
44121,yolo_x_cpu,274
44122,yolo_x_cpu,277
44123,yolo_x_cpu,290
44124,yolo_x_cpu,287
44125,yolo_x_cpu,278
44126,yolo_x_cpu,285
44127,yolo_x_cpu,296
44128,yolo_x_cpu,316
44129,yolo_x_cpu,257
44130,yolo_x_cpu,304
44131,yolo_x_cpu,380
44132,yolo_x_cpu,359
44133,yolo_x_cpu,382
44134,yolo_x_cpu,353
44135,yolo_x_cpu,304
44136,yolo_x_cpu,285
44137,yolo_x_cpu,310
44138,yolo_x_cpu,256
44139,yolo_x_cpu,257
44140,yolo_x_cpu,233
44141,yolo_x_cpu,210
44142,yolo_x_cpu,214
44143,yolo_x_cpu,218
44144,yolo_x_cpu,216
44145,yolo_x_cpu,245
44146,yolo_x_cpu,249
44147,yolo_x_cpu,245
44148,yolo_x_cpu,276
44149,yolo_x_cpu,284
44150,yolo_x_cpu,253
44151,yolo_x_cpu,244
44152,yolo_x_cpu,251
44153,yolo_x_cpu,251
44154,yolo_x_cpu,242
44155,yolo_x_cpu,260
44156,yolo_x_cpu,297
44157,yolo_x_cpu,278
44158,yolo_x_cpu,219
44159,yolo_x_cpu,203
44160,yolo_x_cpu,202
44161,yolo_x_cpu,218
44162,yolo_x_cpu,200
44163,yolo_x_cpu,214
44164,yolo_x_cpu,200
44165,yolo_x_cpu,206
44166,yolo_x_cpu,207
44167,yolo_x_cpu,202
44168,yolo_x_cpu,224
44169,yolo_x_cpu,205
44170,yolo_x_cpu,236
44171,yolo_x_cpu,253
44172,yolo_x_cpu,258
44173,yolo_x_cpu,255
44174,yolo_x_cpu,279
44175,yolo_x_cpu,260
44176,yolo_x_cpu,298
44177,yolo_x_cpu,257
44178,yolo_x_cpu,232
44179,yolo_x_cpu,260
44180,yolo_x_cpu,226
44181,yolo_x_cpu,238
44182,yolo_x_cpu,200
44183,yolo_x_cpu,178
44184,yolo_x_cpu,159
44185,yolo_x_cpu,171
44186,yolo_x_cpu,152
44187,yolo_x_cpu,162
44188,yolo_x_cpu,164
44189,yolo_x_cpu,194
44190,yolo_x_cpu,178
44191,yolo_x_cpu,206
44192,yolo_x_cpu,167
44193,yolo_x_cpu,171
44194,yolo_x_cpu,156
44195,yolo_x_cpu,175
44196,yolo_x_cpu,199
44197,yolo_x_cpu,160
44198,yolo_x_cpu,207
44199,yolo_x_cpu,191
44200,yolo_x_cpu,176
44201,yolo_x_cpu,157
44202,yolo_x_cpu,142
44203,yolo_x_cpu,164
44204,yolo_x_cpu,162
44205,yolo_x_cpu,166
44206,yolo_x_cpu,178
44207,yolo_x_cpu,173
44208,yolo_x_cpu,159
44209,yolo_x_cpu,137
44210,yolo_x_cpu,160
44211,yolo_x_cpu,165
44212,yolo_x_cpu,128
44213,yolo_x_cpu,136
44214,yolo_x_cpu,125
44215,yolo_x_cpu,103
44216,yolo_x_cpu,115
44217,yolo_x_cpu,126
44218,yolo_x_cpu,129
44219,yolo_x_cpu,125
44220,yolo_x_cpu,154
44221,yolo_x_cpu,116
44222,yolo_x_cpu,144
44223,yolo_x_cpu,160
44224,yolo_x_cpu,120
44225,yolo_x_cpu,152
44226,yolo_x_cpu,166
44227,yolo_x_cpu,137
44228,yolo_x_cpu,154
44229,yolo_x_cpu,108
44230,yolo_x_cpu,111
44231,yolo_x_cpu,136
44232,yolo_x_cpu,115
44233,yolo_x_cpu,111
44234,yolo_x_cpu,142
44235,yolo_x_cpu,164
44236,yolo_x_cpu,136
44237,yolo_x_cpu,154
44238,yolo_x_cpu,161
44239,yolo_x_cpu,160
44240,yolo_x_cpu,141
44241,yolo_x_cpu,150
44242,yolo_x_cpu,156
44243,yolo_x_cpu,148
44244,yolo_x_cpu,132
44245,yolo_x_cpu,142
44246,yolo_x_cpu,139
44247,yolo_x_cpu,116
44248,yolo_x_cpu,128
44249,yolo_x_cpu,133
44250,yolo_x_cpu,138
44251,yolo_x_cpu,124
44252,yolo_x_cpu,123
44253,yolo_x_cpu,116
44254,yolo_x_cpu,122
44255,yolo_x_cpu,127
44256,yolo_x_cpu,118
44257,yolo_x_cpu,94
44258,yolo_x_cpu,97
44259,yolo_x_cpu,107
44260,yolo_x_cpu,95
44261,yolo_x_cpu,72
44262,yolo_x_cpu,98
44263,yolo_x_cpu,100
44264,yolo_x_cpu,93
44265,yolo_x_cpu,85
44266,yolo_x_cpu,86
44267,yolo_x_cpu,97
44268,yolo_x_cpu,84
44269,yolo_x_cpu,93
44270,yolo_x_cpu,84
44271,yolo_x_cpu,81
44272,yolo_x_cpu,91
44273,yolo_x_cpu,97
44274,yolo_x_cpu,70
44275,yolo_x_cpu,96
44276,yolo_x_cpu,84
44277,yolo_x_cpu,103
44278,yolo_x_cpu,103
44279,yolo_x_cpu,121
44280,yolo_x_cpu,125
44281,yolo_x_cpu,90
44282,yolo_x_cpu,94
44283,yolo_x_cpu,85
44284,yolo_x_cpu,99
44285,yolo_x_cpu,77
44286,yolo_x_cpu,81
44287,yolo_x_cpu,86
44288,yolo_x_cpu,97
44289,yolo_x_cpu,91
44290,yolo_x_cpu,73
44291,yolo_x_cpu,73
44292,yolo_x_cpu,87
44293,yolo_x_cpu,69
44294,yolo_x_cpu,76
44295,yolo_x_cpu,89
44296,yolo_x_cpu,93
44297,yolo_x_cpu,98
44298,yolo_x_cpu,101
44299,yolo_x_cpu,93
44300,yolo_x_cpu,124
44301,yolo_x_cpu,119
44302,yolo_x_cpu,104
44303,yolo_x_cpu,110
44304,yolo_x_cpu,95
44305,yolo_x_cpu,86
44306,yolo_x_cpu,87
44307,yolo_x_cpu,66
44308,yolo_x_cpu,110
44309,yolo_x_cpu,94
44310,yolo_x_cpu,104
44311,yolo_x_cpu,90
44312,yolo_x_cpu,95
44313,yolo_x_cpu,90
44314,yolo_x_cpu,78
44315,yolo_x_cpu,84
44316,yolo_x_cpu,79
44317,yolo_x_cpu,122
44318,yolo_x_cpu,131
44319,yolo_x_cpu,89
44320,yolo_x_cpu,66
44321,yolo_x_cpu,90
44322,yolo_x_cpu,87
44323,yolo_x_cpu,83
44324,yolo_x_cpu,86
44325,yolo_x_cpu,72
44326,yolo_x_cpu,78
44327,yolo_x_cpu,89
44328,yolo_x_cpu,83
44329,yolo_x_cpu,101
44330,yolo_x_cpu,73
44331,yolo_x_cpu,83
44332,yolo_x_cpu,78
44333,yolo_x_cpu,79
44334,yolo_x_cpu,78
44335,yolo_x_cpu,87
44336,yolo_x_cpu,90
44337,yolo_x_cpu,88
44338,yolo_x_cpu,123
44339,yolo_x_cpu,105
44340,yolo_x_cpu,99
44341,yolo_x_cpu,496
44342,yolo_x_cpu,599
44343,yolo_x_cpu,476
44344,yolo_x_cpu,199
44345,yolo_x_cpu,162
44346,yolo_x_cpu,211
44347,yolo_x_cpu,219
44348,yolo_x_cpu,176
44349,yolo_x_cpu,144
44350,yolo_x_cpu,164
44351,yolo_x_cpu,159
44352,yolo_x_cpu,143
44353,yolo_x_cpu,139
44354,yolo_x_cpu,129
44355,yolo_x_cpu,143
44356,yolo_x_cpu,138
44357,yolo_x_cpu,112
44358,yolo_x_cpu,118
44359,yolo_x_cpu,115
44360,yolo_x_cpu,101
44361,yolo_x_cpu,80
44362,yolo_x_cpu,75
44363,yolo_x_cpu,56
44364,yolo_x_cpu,66
44365,yolo_x_cpu,63
44366,yolo_x_cpu,70
44367,yolo_x_cpu,48
44368,yolo_x_cpu,52
44369,yolo_x_cpu,59
44370,yolo_x_cpu,73
44371,yolo_x_cpu,86
44372,yolo_x_cpu,54
44373,yolo_x_cpu,58
44374,yolo_x_cpu,67
44375,yolo_x_cpu,68
44376,yolo_x_cpu,57
44377,yolo_x_cpu,74
44378,yolo_x_cpu,67
44379,yolo_x_cpu,54
44380,yolo_x_cpu,63
44381,yolo_x_cpu,85
44382,yolo_x_cpu,86
44383,yolo_x_cpu,56
44384,yolo_x_cpu,40
44385,yolo_x_cpu,63
44386,yolo_x_cpu,63
44387,yolo_x_cpu,60
44388,yolo_x_cpu,81
44389,yolo_x_cpu,80
44390,yolo_x_cpu,80
44391,yolo_x_cpu,79
44392,yolo_x_cpu,60
44393,yolo_x_cpu,59
44394,yolo_x_cpu,65
44395,yolo_x_cpu,56
44396,yolo_x_cpu,51
44397,yolo_x_cpu,69
44398,yolo_x_cpu,74
44399,yolo_x_cpu,64
44400,yolo_x_cpu,67
44401,yolo_x_cpu,79
44402,yolo_x_cpu,77
44403,yolo_x_cpu,98
44404,yolo_x_cpu,85
44405,yolo_x_cpu,66
44406,yolo_x_cpu,70
44407,yolo_x_cpu,54
44408,yolo_x_cpu,46
44409,yolo_x_cpu,56
44410,yolo_x_cpu,43
44411,yolo_x_cpu,39
44412,yolo_x_cpu,42
44413,yolo_x_cpu,56
44414,yolo_x_cpu,55
44415,yolo_x_cpu,35
44416,yolo_x_cpu,38
44417,yolo_x_cpu,40
44418,yolo_x_cpu,40
44419,yolo_x_cpu,37
44420,yolo_x_cpu,27
44421,yolo_x_cpu,38
44422,yolo_x_cpu,29
44423,yolo_x_cpu,37
44424,yolo_x_cpu,46
44425,yolo_x_cpu,31
44426,yolo_x_cpu,31
44427,yolo_x_cpu,34
44428,yolo_x_cpu,45
44429,yolo_x_cpu,40
44430,yolo_x_cpu,42
44431,yolo_x_cpu,34
44432,yolo_x_cpu,40
44433,yolo_x_cpu,33
44434,yolo_x_cpu,40
44435,yolo_x_cpu,45
44436,yolo_x_cpu,35
44437,yolo_x_cpu,35
44438,yolo_x_cpu,24
44439,yolo_x_cpu,18
44440,yolo_x_cpu,15
44441,yolo_x_cpu,38
44442,yolo_x_cpu,36
44443,yolo_x_cpu,42
44444,yolo_x_cpu,34
44445,yolo_x_cpu,28
44446,yolo_x_cpu,29
44447,yolo_x_cpu,26
44448,yolo_x_cpu,27
44449,yolo_x_cpu,27
44450,yolo_x_cpu,30
44451,yolo_x_cpu,28
44452,yolo_x_cpu,39
44453,yolo_x_cpu,48
44454,yolo_x_cpu,48
44455,yolo_x_cpu,30
44456,yolo_x_cpu,43
44457,yolo_x_cpu,27
44458,yolo_x_cpu,34
44459,yolo_x_cpu,30
44460,yolo_x_cpu,33
44461,yolo_x_cpu,20
44462,yolo_x_cpu,27
44463,yolo_x_cpu,30
44464,yolo_x_cpu,26
44465,yolo_x_cpu,20
44466,yolo_x_cpu,49
44467,yolo_x_cpu,36
44468,yolo_x_cpu,34
44469,yolo_x_cpu,33
44470,yolo_x_cpu,30
44471,yolo_x_cpu,32
44472,yolo_x_cpu,21
44473,yolo_x_cpu,22
44474,yolo_x_cpu,23
44475,yolo_x_cpu,24
44476,yolo_x_cpu,18
44477,yolo_x_cpu,21
44478,yolo_x_cpu,17
44479,yolo_x_cpu,19
44480,yolo_x_cpu,12
44481,yolo_x_cpu,16
44482,yolo_x_cpu,20
44483,yolo_x_cpu,16
44484,yolo_x_cpu,11
44485,yolo_x_cpu,16
44486,yolo_x_cpu,25
44487,yolo_x_cpu,19
44488,yolo_x_cpu,17
44489,yolo_x_cpu,17
44490,yolo_x_cpu,14
44491,yolo_x_cpu,15
44492,yolo_x_cpu,12
44493,yolo_x_cpu,23
44494,yolo_x_cpu,19
44495,yolo_x_cpu,21
44496,yolo_x_cpu,20
44497,yolo_x_cpu,11
44498,yolo_x_cpu,6
44499,yolo_x_cpu,11
44500,yolo_x_cpu,19
44501,yolo_x_cpu,22
44502,yolo_x_cpu,37
44503,yolo_x_cpu,42
44504,yolo_x_cpu,40
44505,yolo_x_cpu,35
44506,yolo_x_cpu,34
44507,yolo_x_cpu,28
44508,yolo_x_cpu,42
44509,yolo_x_cpu,33
44510,yolo_x_cpu,26
44511,yolo_x_cpu,38
44512,yolo_x_cpu,42
44513,yolo_x_cpu,41
44514,yolo_x_cpu,40
44515,yolo_x_cpu,45
44516,yolo_x_cpu,36
44517,yolo_x_cpu,34
44518,yolo_x_cpu,37
44519,yolo_x_cpu,42
44520,yolo_x_cpu,41
44521,yolo_x_cpu,50
44522,yolo_x_cpu,47
44523,yolo_x_cpu,65
44524,yolo_x_cpu,68
44525,yolo_x_cpu,78
44526,yolo_x_cpu,60
44527,yolo_x_cpu,56
44528,yolo_x_cpu,65
44529,yolo_x_cpu,59
44530,yolo_x_cpu,57
44531,yolo_x_cpu,74
44532,yolo_x_cpu,79
44533,yolo_x_cpu,80
44534,yolo_x_cpu,99
44535,yolo_x_cpu,103
44536,yolo_x_cpu,107
44537,yolo_x_cpu,127
44538,yolo_x_cpu,111
44539,yolo_x_cpu,113
44540,yolo_x_cpu,140
44541,yolo_x_cpu,140
44542,yolo_x_cpu,140
44543,yolo_x_cpu,142
44544,yolo_x_cpu,149
44545,yolo_x_cpu,177
44546,yolo_x_cpu,199
44547,yolo_x_cpu,214
44548,yolo_x_cpu,212
44549,yolo_x_cpu,201
44550,yolo_x_cpu,182
44551,yolo_x_cpu,191
44552,yolo_x_cpu,196
44553,yolo_x_cpu,224
44554,yolo_x_cpu,217
44555,yolo_x_cpu,232
44556,yolo_x_cpu,200
44557,yolo_x_cpu,222
44558,yolo_x_cpu,239
44559,yolo_x_cpu,267
44560,yolo_x_cpu,263
44561,yolo_x_cpu,273
44562,yolo_x_cpu,289
44563,yolo_x_cpu,275
44564,yolo_x_cpu,306
44565,yolo_x_cpu,330
44566,yolo_x_cpu,313
44567,yolo_x_cpu,343
44568,yolo_x_cpu,386
44569,yolo_x_cpu,360
44570,yolo_x_cpu,374
44571,yolo_x_cpu,364
44572,yolo_x_cpu,390
44573,yolo_x_cpu,442
44574,yolo_x_cpu,448
44575,yolo_x_cpu,448
44576,yolo_x_cpu,443
44577,yolo_x_cpu,477
44578,yolo_x_cpu,468
44579,yolo_x_cpu,520
44580,yolo_x_cpu,547
44581,yolo_x_cpu,525
44582,yolo_x_cpu,530
44583,yolo_x_cpu,535
44584,yolo_x_cpu,526
44585,yolo_x_cpu,577
44586,yolo_x_cpu,506
44587,yolo_x_cpu,581
44588,yolo_x_cpu,607
44589,yolo_x_cpu,606
44590,yolo_x_cpu,578
44591,yolo_x_cpu,570
44592,yolo_x_cpu,714
44593,yolo_x_cpu,660
44594,yolo_x_cpu,804
44595,yolo_x_cpu,826
44596,yolo_x_cpu,804
44597,yolo_x_cpu,774
44598,yolo_x_cpu,800
44599,yolo_x_cpu,782
44600,yolo_x_cpu,807
44601,yolo_x_cpu,847
44602,yolo_x_cpu,809
44603,yolo_x_cpu,870
44604,yolo_x_cpu,847
44605,yolo_x_cpu,822
44606,yolo_x_cpu,803
44607,yolo_x_cpu,895
44608,yolo_x_cpu,916
44609,yolo_x_cpu,909
44610,yolo_x_cpu,922
44611,yolo_x_cpu,955
44612,yolo_x_cpu,961
44613,yolo_x_cpu,999
44614,yolo_x_cpu,1054
44615,yolo_x_cpu,1077
44616,yolo_x_cpu,1066
44617,yolo_x_cpu,1091
44618,yolo_x_cpu,1062
44619,yolo_x_cpu,1080
44620,yolo_x_cpu,1127
44621,yolo_x_cpu,1121
44622,yolo_x_cpu,1167
44623,yolo_x_cpu,1222
44624,yolo_x_cpu,1214
44625,yolo_x_cpu,1241
44626,yolo_x_cpu,1347
44627,yolo_x_cpu,1364
44628,yolo_x_cpu,1343
44629,yolo_x_cpu,1364
44630,yolo_x_cpu,1322
44631,yolo_x_cpu,1326
44632,yolo_x_cpu,1318
44633,yolo_x_cpu,1373
44634,yolo_x_cpu,1368
44635,yolo_x_cpu,1408
44636,yolo_x_cpu,1351
44637,yolo_x_cpu,1349
44638,yolo_x_cpu,1345
44639,yolo_x_cpu,1304
