minute,function_id,count
0,yolo_x_cpu,531
1,yolo_x_cpu,574
2,yolo_x_cpu,592
3,yolo_x_cpu,450
4,yolo_x_cpu,476
5,yolo_x_cpu,584
6,yolo_x_cpu,482
7,yolo_x_cpu,476
8,yolo_x_cpu,559
9,yolo_x_cpu,568
10,yolo_x_cpu,617
11,yolo_x_cpu,684
12,yolo_x_cpu,505
13,yolo_x_cpu,575
14,yolo_x_cpu,592
15,yolo_x_cpu,485
16,yolo_x_cpu,617
17,yolo_x_cpu,502
18,yolo_x_cpu,584
19,yolo_x_cpu,544
20,yolo_x_cpu,548
21,yolo_x_cpu,633
22,yolo_x_cpu,612
23,yolo_x_cpu,574
24,yolo_x_cpu,608
25,yolo_x_cpu,540
26,yolo_x_cpu,667
27,yolo_x_cpu,722
28,yolo_x_cpu,772
29,yolo_x_cpu,712
30,yolo_x_cpu,578
31,yolo_x_cpu,645
32,yolo_x_cpu,685
33,yolo_x_cpu,672
34,yolo_x_cpu,541
35,yolo_x_cpu,624
36,yolo_x_cpu,595
37,yolo_x_cpu,652
38,yolo_x_cpu,699
39,yolo_x_cpu,676
40,yolo_x_cpu,589
41,yolo_x_cpu,767
42,yolo_x_cpu,664
43,yolo_x_cpu,693
44,yolo_x_cpu,708
45,yolo_x_cpu,661
46,yolo_x_cpu,587
47,yolo_x_cpu,526
48,yolo_x_cpu,632
49,yolo_x_cpu,551
50,yolo_x_cpu,591
51,yolo_x_cpu,676
52,yolo_x_cpu,660
53,yolo_x_cpu,565
54,yolo_x_cpu,747
55,yolo_x_cpu,707
56,yolo_x_cpu,625
57,yolo_x_cpu,773
58,yolo_x_cpu,566
59,yolo_x_cpu,618
60,yolo_x_cpu,628
61,yolo_x_cpu,582
62,yolo_x_cpu,645
63,yolo_x_cpu,666
64,yolo_x_cpu,797
65,yolo_x_cpu,773
66,yolo_x_cpu,772
67,yolo_x_cpu,659
68,yolo_x_cpu,618
69,yolo_x_cpu,511
70,yolo_x_cpu,592
71,yolo_x_cpu,448
72,yolo_x_cpu,532
73,yolo_x_cpu,570
74,yolo_x_cpu,593
75,yolo_x_cpu,680
76,yolo_x_cpu,676
77,yolo_x_cpu,623
78,yolo_x_cpu,634
79,yolo_x_cpu,557
80,yolo_x_cpu,618
81,yolo_x_cpu,637
82,yolo_x_cpu,676
83,yolo_x_cpu,745
84,yolo_x_cpu,689
85,yolo_x_cpu,686
86,yolo_x_cpu,814
87,yolo_x_cpu,623
88,yolo_x_cpu,775
89,yolo_x_cpu,730
90,yolo_x_cpu,794
91,yolo_x_cpu,907
92,yolo_x_cpu,791
93,yolo_x_cpu,683
94,yolo_x_cpu,794
95,yolo_x_cpu,722
96,yolo_x_cpu,688
97,yolo_x_cpu,605
98,yolo_x_cpu,744
99,yolo_x_cpu,643
100,yolo_x_cpu,703
101,yolo_x_cpu,698
102,yolo_x_cpu,640
103,yolo_x_cpu,554
104,yolo_x_cpu,656
105,yolo_x_cpu,674
106,yolo_x_cpu,663
107,yolo_x_cpu,693
108,yolo_x_cpu,761
109,yolo_x_cpu,715
110,yolo_x_cpu,719
111,yolo_x_cpu,810
112,yolo_x_cpu,868
113,yolo_x_cpu,819
114,yolo_x_cpu,822
115,yolo_x_cpu,728
116,yolo_x_cpu,710
117,yolo_x_cpu,664
118,yolo_x_cpu,657
119,yolo_x_cpu,683
120,yolo_x_cpu,646
121,yolo_x_cpu,847
122,yolo_x_cpu,910
123,yolo_x_cpu,830
124,yolo_x_cpu,780
125,yolo_x_cpu,813
126,yolo_x_cpu,706
127,yolo_x_cpu,613
128,yolo_x_cpu,560
129,yolo_x_cpu,594
130,yolo_x_cpu,608
131,yolo_x_cpu,664
132,yolo_x_cpu,727
133,yolo_x_cpu,606
134,yolo_x_cpu,657
135,yolo_x_cpu,730
136,yolo_x_cpu,722
137,yolo_x_cpu,636
138,yolo_x_cpu,619
139,yolo_x_cpu,641
140,yolo_x_cpu,639
141,yolo_x_cpu,722
142,yolo_x_cpu,890
143,yolo_x_cpu,938
144,yolo_x_cpu,815
145,yolo_x_cpu,784
146,yolo_x_cpu,819
147,yolo_x_cpu,750
148,yolo_x_cpu,712
149,yolo_x_cpu,889
150,yolo_x_cpu,851
151,yolo_x_cpu,667
152,yolo_x_cpu,708
153,yolo_x_cpu,706
154,yolo_x_cpu,800
155,yolo_x_cpu,887
156,yolo_x_cpu,862
157,yolo_x_cpu,715
158,yolo_x_cpu,765
159,yolo_x_cpu,701
160,yolo_x_cpu,741
161,yolo_x_cpu,668
162,yolo_x_cpu,599
163,yolo_x_cpu,729
164,yolo_x_cpu,758
165,yolo_x_cpu,733
166,yolo_x_cpu,703
167,yolo_x_cpu,841
168,yolo_x_cpu,761
169,yolo_x_cpu,715
170,yolo_x_cpu,738
171,yolo_x_cpu,716
172,yolo_x_cpu,669
173,yolo_x_cpu,774
174,yolo_x_cpu,736
175,yolo_x_cpu,664
176,yolo_x_cpu,778
177,yolo_x_cpu,761
178,yolo_x_cpu,685
179,yolo_x_cpu,702
180,yolo_x_cpu,736
181,yolo_x_cpu,676
182,yolo_x_cpu,831
183,yolo_x_cpu,817
184,yolo_x_cpu,713
185,yolo_x_cpu,669
186,yolo_x_cpu,628
187,yolo_x_cpu,933
188,yolo_x_cpu,966
189,yolo_x_cpu,668
190,yolo_x_cpu,710
191,yolo_x_cpu,720
192,yolo_x_cpu,709
193,yolo_x_cpu,734
194,yolo_x_cpu,731
195,yolo_x_cpu,837
196,yolo_x_cpu,929
197,yolo_x_cpu,890
198,yolo_x_cpu,849
199,yolo_x_cpu,884
200,yolo_x_cpu,855
201,yolo_x_cpu,651
202,yolo_x_cpu,686
203,yolo_x_cpu,783
204,yolo_x_cpu,739
205,yolo_x_cpu,776
206,yolo_x_cpu,698
207,yolo_x_cpu,774
208,yolo_x_cpu,763
209,yolo_x_cpu,594
210,yolo_x_cpu,733
211,yolo_x_cpu,657
212,yolo_x_cpu,764
213,yolo_x_cpu,639
214,yolo_x_cpu,656
215,yolo_x_cpu,739
216,yolo_x_cpu,644
217,yolo_x_cpu,623
218,yolo_x_cpu,664
219,yolo_x_cpu,638
220,yolo_x_cpu,635
221,yolo_x_cpu,697
222,yolo_x_cpu,640
223,yolo_x_cpu,769
224,yolo_x_cpu,640
225,yolo_x_cpu,805
226,yolo_x_cpu,643
227,yolo_x_cpu,613
228,yolo_x_cpu,731
229,yolo_x_cpu,720
230,yolo_x_cpu,731
231,yolo_x_cpu,716
232,yolo_x_cpu,732
233,yolo_x_cpu,692
234,yolo_x_cpu,1056
235,yolo_x_cpu,851
236,yolo_x_cpu,853
237,yolo_x_cpu,885
238,yolo_x_cpu,796
239,yolo_x_cpu,961
240,yolo_x_cpu,736
241,yolo_x_cpu,762
242,yolo_x_cpu,808
243,yolo_x_cpu,873
244,yolo_x_cpu,779
245,yolo_x_cpu,843
246,yolo_x_cpu,854
247,yolo_x_cpu,1020
248,yolo_x_cpu,884
249,yolo_x_cpu,995
250,yolo_x_cpu,939
251,yolo_x_cpu,1090
252,yolo_x_cpu,985
253,yolo_x_cpu,1061
254,yolo_x_cpu,1078
255,yolo_x_cpu,998
256,yolo_x_cpu,1084
257,yolo_x_cpu,1037
258,yolo_x_cpu,1157
259,yolo_x_cpu,1121
260,yolo_x_cpu,1283
261,yolo_x_cpu,1307
262,yolo_x_cpu,1309
263,yolo_x_cpu,1126
264,yolo_x_cpu,1281
265,yolo_x_cpu,1258
266,yolo_x_cpu,1384
267,yolo_x_cpu,1289
268,yolo_x_cpu,1261
269,yolo_x_cpu,1393
270,yolo_x_cpu,1347
271,yolo_x_cpu,1736
272,yolo_x_cpu,1619
273,yolo_x_cpu,1705
274,yolo_x_cpu,1891
275,yolo_x_cpu,1735
276,yolo_x_cpu,1557
277,yolo_x_cpu,1480
278,yolo_x_cpu,1523
279,yolo_x_cpu,1676
280,yolo_x_cpu,1634
281,yolo_x_cpu,1650
282,yolo_x_cpu,1258
283,yolo_x_cpu,1346
284,yolo_x_cpu,1289
285,yolo_x_cpu,1414
286,yolo_x_cpu,1335
287,yolo_x_cpu,1412
288,yolo_x_cpu,1230
289,yolo_x_cpu,1332
290,yolo_x_cpu,1342
291,yolo_x_cpu,1476
292,yolo_x_cpu,1317
293,yolo_x_cpu,1557
294,yolo_x_cpu,1635
295,yolo_x_cpu,1427
296,yolo_x_cpu,1282
297,yolo_x_cpu,1352
298,yolo_x_cpu,1263
299,yolo_x_cpu,1583
300,yolo_x_cpu,1454
301,yolo_x_cpu,1482
302,yolo_x_cpu,1445
303,yolo_x_cpu,1566
304,yolo_x_cpu,1369
305,yolo_x_cpu,1379
306,yolo_x_cpu,1271
307,yolo_x_cpu,1317
308,yolo_x_cpu,1353
309,yolo_x_cpu,1357
310,yolo_x_cpu,1366
311,yolo_x_cpu,1369
312,yolo_x_cpu,1338
313,yolo_x_cpu,1340
314,yolo_x_cpu,1324
315,yolo_x_cpu,1264
316,yolo_x_cpu,1355
317,yolo_x_cpu,1365
318,yolo_x_cpu,1632
319,yolo_x_cpu,1473
320,yolo_x_cpu,1326
321,yolo_x_cpu,1301
322,yolo_x_cpu,1307
323,yolo_x_cpu,1172
324,yolo_x_cpu,1393
325,yolo_x_cpu,1375
326,yolo_x_cpu,1299
327,yolo_x_cpu,1180
328,yolo_x_cpu,1252
329,yolo_x_cpu,1278
330,yolo_x_cpu,1158
331,yolo_x_cpu,1252
332,yolo_x_cpu,1128
333,yolo_x_cpu,1478
334,yolo_x_cpu,1316
335,yolo_x_cpu,1205
336,yolo_x_cpu,1065
337,yolo_x_cpu,1233
338,yolo_x_cpu,1179
339,yolo_x_cpu,1337
340,yolo_x_cpu,1097
341,yolo_x_cpu,1162
342,yolo_x_cpu,1225
343,yolo_x_cpu,943
344,yolo_x_cpu,1304
345,yolo_x_cpu,1252
346,yolo_x_cpu,1183
347,yolo_x_cpu,992
348,yolo_x_cpu,1164
349,yolo_x_cpu,1176
350,yolo_x_cpu,1238
351,yolo_x_cpu,914
352,yolo_x_cpu,999
353,yolo_x_cpu,1007
354,yolo_x_cpu,928
355,yolo_x_cpu,990
356,yolo_x_cpu,1104
357,yolo_x_cpu,1141
358,yolo_x_cpu,1026
359,yolo_x_cpu,927
360,yolo_x_cpu,862
361,yolo_x_cpu,1046
362,yolo_x_cpu,938
363,yolo_x_cpu,950
364,yolo_x_cpu,856
365,yolo_x_cpu,880
366,yolo_x_cpu,1080
367,yolo_x_cpu,1006
368,yolo_x_cpu,1020
369,yolo_x_cpu,1045
370,yolo_x_cpu,926
371,yolo_x_cpu,908
372,yolo_x_cpu,762
373,yolo_x_cpu,912
374,yolo_x_cpu,981
375,yolo_x_cpu,1107
376,yolo_x_cpu,961
377,yolo_x_cpu,997
378,yolo_x_cpu,891
379,yolo_x_cpu,884
380,yolo_x_cpu,949
381,yolo_x_cpu,937
382,yolo_x_cpu,861
383,yolo_x_cpu,859
384,yolo_x_cpu,847
385,yolo_x_cpu,744
386,yolo_x_cpu,807
387,yolo_x_cpu,830
388,yolo_x_cpu,760
389,yolo_x_cpu,888
390,yolo_x_cpu,673
391,yolo_x_cpu,852
392,yolo_x_cpu,735
393,yolo_x_cpu,677
394,yolo_x_cpu,738
395,yolo_x_cpu,588
396,yolo_x_cpu,652
397,yolo_x_cpu,689
398,yolo_x_cpu,607
399,yolo_x_cpu,605
400,yolo_x_cpu,663
401,yolo_x_cpu,734
402,yolo_x_cpu,666
403,yolo_x_cpu,539
404,yolo_x_cpu,535
405,yolo_x_cpu,551
406,yolo_x_cpu,741
407,yolo_x_cpu,686
408,yolo_x_cpu,727
409,yolo_x_cpu,810
410,yolo_x_cpu,786
411,yolo_x_cpu,712
412,yolo_x_cpu,674
413,yolo_x_cpu,821
414,yolo_x_cpu,801
415,yolo_x_cpu,633
416,yolo_x_cpu,608
417,yolo_x_cpu,563
418,yolo_x_cpu,583
419,yolo_x_cpu,787
420,yolo_x_cpu,705
421,yolo_x_cpu,623
422,yolo_x_cpu,681
423,yolo_x_cpu,642
424,yolo_x_cpu,476
425,yolo_x_cpu,603
426,yolo_x_cpu,590
427,yolo_x_cpu,809
428,yolo_x_cpu,724
429,yolo_x_cpu,700
430,yolo_x_cpu,619
431,yolo_x_cpu,676
432,yolo_x_cpu,756
433,yolo_x_cpu,671
434,yolo_x_cpu,717
435,yolo_x_cpu,818
436,yolo_x_cpu,614
437,yolo_x_cpu,745
438,yolo_x_cpu,658
439,yolo_x_cpu,845
440,yolo_x_cpu,945
441,yolo_x_cpu,711
442,yolo_x_cpu,729
443,yolo_x_cpu,659
444,yolo_x_cpu,834
445,yolo_x_cpu,683
446,yolo_x_cpu,659
447,yolo_x_cpu,629
448,yolo_x_cpu,780
449,yolo_x_cpu,755
450,yolo_x_cpu,790
451,yolo_x_cpu,763
452,yolo_x_cpu,759
453,yolo_x_cpu,744
454,yolo_x_cpu,641
455,yolo_x_cpu,619
456,yolo_x_cpu,765
457,yolo_x_cpu,657
458,yolo_x_cpu,735
459,yolo_x_cpu,701
460,yolo_x_cpu,603
461,yolo_x_cpu,635
462,yolo_x_cpu,670
463,yolo_x_cpu,711
464,yolo_x_cpu,723
465,yolo_x_cpu,856
466,yolo_x_cpu,728
467,yolo_x_cpu,673
468,yolo_x_cpu,730
469,yolo_x_cpu,795
470,yolo_x_cpu,727
471,yolo_x_cpu,636
472,yolo_x_cpu,676
473,yolo_x_cpu,673
474,yolo_x_cpu,762
475,yolo_x_cpu,799
476,yolo_x_cpu,788
477,yolo_x_cpu,756
478,yolo_x_cpu,916
479,yolo_x_cpu,826
480,yolo_x_cpu,850
481,yolo_x_cpu,838
482,yolo_x_cpu,828
483,yolo_x_cpu,933
484,yolo_x_cpu,924
485,yolo_x_cpu,948
486,yolo_x_cpu,881
487,yolo_x_cpu,964
488,yolo_x_cpu,934
489,yolo_x_cpu,886
490,yolo_x_cpu,803
491,yolo_x_cpu,933
492,yolo_x_cpu,1040
493,yolo_x_cpu,964
494,yolo_x_cpu,1116
495,yolo_x_cpu,1138
496,yolo_x_cpu,916
497,yolo_x_cpu,974
498,yolo_x_cpu,989
499,yolo_x_cpu,857
500,yolo_x_cpu,924
501,yolo_x_cpu,922
502,yolo_x_cpu,819
503,yolo_x_cpu,887
504,yolo_x_cpu,829
505,yolo_x_cpu,977
506,yolo_x_cpu,881
507,yolo_x_cpu,988
508,yolo_x_cpu,891
509,yolo_x_cpu,1132
510,yolo_x_cpu,994
511,yolo_x_cpu,938
512,yolo_x_cpu,1121
513,yolo_x_cpu,917
514,yolo_x_cpu,1056
515,yolo_x_cpu,1051
516,yolo_x_cpu,1041
517,yolo_x_cpu,1037
518,yolo_x_cpu,982
519,yolo_x_cpu,974
520,yolo_x_cpu,1071
521,yolo_x_cpu,1118
522,yolo_x_cpu,1044
523,yolo_x_cpu,1099
524,yolo_x_cpu,1261
525,yolo_x_cpu,1156
526,yolo_x_cpu,1111
527,yolo_x_cpu,1369
528,yolo_x_cpu,1375
529,yolo_x_cpu,1436
530,yolo_x_cpu,1287
531,yolo_x_cpu,1197
532,yolo_x_cpu,1374
533,yolo_x_cpu,1403
534,yolo_x_cpu,1333
535,yolo_x_cpu,1431
536,yolo_x_cpu,1444
537,yolo_x_cpu,1303
538,yolo_x_cpu,1394
539,yolo_x_cpu,1233
540,yolo_x_cpu,1437
541,yolo_x_cpu,1528
542,yolo_x_cpu,1478
543,yolo_x_cpu,1490
544,yolo_x_cpu,1498
545,yolo_x_cpu,1592
546,yolo_x_cpu,1585
547,yolo_x_cpu,1526
548,yolo_x_cpu,1510
549,yolo_x_cpu,1527
550,yolo_x_cpu,1663
551,yolo_x_cpu,1699
552,yolo_x_cpu,1496
553,yolo_x_cpu,1570
554,yolo_x_cpu,1597
555,yolo_x_cpu,1547
556,yolo_x_cpu,1603
557,yolo_x_cpu,1692
558,yolo_x_cpu,1700
559,yolo_x_cpu,1573
560,yolo_x_cpu,1669
561,yolo_x_cpu,1623
562,yolo_x_cpu,1531
563,yolo_x_cpu,1440
564,yolo_x_cpu,1488
565,yolo_x_cpu,1472
566,yolo_x_cpu,1448
567,yolo_x_cpu,1435
568,yolo_x_cpu,1499
569,yolo_x_cpu,1636
570,yolo_x_cpu,1484
571,yolo_x_cpu,1453
572,yolo_x_cpu,1357
573,yolo_x_cpu,1361
574,yolo_x_cpu,1561
575,yolo_x_cpu,1626
576,yolo_x_cpu,1401
577,yolo_x_cpu,1499
578,yolo_x_cpu,1322
579,yolo_x_cpu,1290
580,yolo_x_cpu,1489
581,yolo_x_cpu,1509
582,yolo_x_cpu,1557
583,yolo_x_cpu,1512
584,yolo_x_cpu,1611
585,yolo_x_cpu,1417
586,yolo_x_cpu,1529
587,yolo_x_cpu,1580
588,yolo_x_cpu,1525
589,yolo_x_cpu,1582
590,yolo_x_cpu,1621
591,yolo_x_cpu,1713
592,yolo_x_cpu,1601
593,yolo_x_cpu,1650
594,yolo_x_cpu,1759
595,yolo_x_cpu,1893
596,yolo_x_cpu,1785
597,yolo_x_cpu,1669
598,yolo_x_cpu,1672
599,yolo_x_cpu,1491
600,yolo_x_cpu,1579
601,yolo_x_cpu,1521
602,yolo_x_cpu,1628
603,yolo_x_cpu,2133
604,yolo_x_cpu,1670
605,yolo_x_cpu,1586
606,yolo_x_cpu,1672
607,yolo_x_cpu,1716
608,yolo_x_cpu,1838
609,yolo_x_cpu,1880
610,yolo_x_cpu,1690
611,yolo_x_cpu,1604
612,yolo_x_cpu,1642
613,yolo_x_cpu,1826
614,yolo_x_cpu,1453
615,yolo_x_cpu,1540
616,yolo_x_cpu,1399
617,yolo_x_cpu,1411
618,yolo_x_cpu,1296
619,yolo_x_cpu,1386
620,yolo_x_cpu,1492
621,yolo_x_cpu,1614
622,yolo_x_cpu,1417
623,yolo_x_cpu,1530
624,yolo_x_cpu,1594
625,yolo_x_cpu,1506
626,yolo_x_cpu,1446
627,yolo_x_cpu,1435
628,yolo_x_cpu,1441
629,yolo_x_cpu,1576
630,yolo_x_cpu,1454
631,yolo_x_cpu,1436
632,yolo_x_cpu,1605
633,yolo_x_cpu,1503
634,yolo_x_cpu,1496
635,yolo_x_cpu,1595
636,yolo_x_cpu,1613
637,yolo_x_cpu,1631
638,yolo_x_cpu,1698
639,yolo_x_cpu,1759
640,yolo_x_cpu,1874
641,yolo_x_cpu,1703
642,yolo_x_cpu,1728
643,yolo_x_cpu,1779
644,yolo_x_cpu,1485
645,yolo_x_cpu,1636
646,yolo_x_cpu,1556
647,yolo_x_cpu,1813
648,yolo_x_cpu,1506
649,yolo_x_cpu,1627
650,yolo_x_cpu,1658
651,yolo_x_cpu,1890
652,yolo_x_cpu,1570
653,yolo_x_cpu,1620
654,yolo_x_cpu,1590
655,yolo_x_cpu,1509
656,yolo_x_cpu,1461
657,yolo_x_cpu,1559
658,yolo_x_cpu,1566
659,yolo_x_cpu,1485
660,yolo_x_cpu,1606
661,yolo_x_cpu,1834
662,yolo_x_cpu,1662
663,yolo_x_cpu,1700
664,yolo_x_cpu,1643
665,yolo_x_cpu,1640
666,yolo_x_cpu,1508
667,yolo_x_cpu,1635
668,yolo_x_cpu,1658
669,yolo_x_cpu,1640
670,yolo_x_cpu,1576
671,yolo_x_cpu,1701
672,yolo_x_cpu,1655
673,yolo_x_cpu,1605
674,yolo_x_cpu,1582
675,yolo_x_cpu,1788
676,yolo_x_cpu,1710
677,yolo_x_cpu,1790
678,yolo_x_cpu,1488
679,yolo_x_cpu,1708
680,yolo_x_cpu,1690
681,yolo_x_cpu,1775
682,yolo_x_cpu,1747
683,yolo_x_cpu,1733
684,yolo_x_cpu,1574
685,yolo_x_cpu,1533
686,yolo_x_cpu,1677
687,yolo_x_cpu,1557
688,yolo_x_cpu,1684
689,yolo_x_cpu,1775
690,yolo_x_cpu,1777
691,yolo_x_cpu,1657
692,yolo_x_cpu,1542
693,yolo_x_cpu,1676
694,yolo_x_cpu,1834
695,yolo_x_cpu,1630
696,yolo_x_cpu,1647
697,yolo_x_cpu,1968
698,yolo_x_cpu,1834
699,yolo_x_cpu,1810
700,yolo_x_cpu,1801
701,yolo_x_cpu,1764
702,yolo_x_cpu,1622
703,yolo_x_cpu,1710
704,yolo_x_cpu,1869
705,yolo_x_cpu,1780
706,yolo_x_cpu,1889
707,yolo_x_cpu,1664
708,yolo_x_cpu,1598
709,yolo_x_cpu,1524
710,yolo_x_cpu,1713
711,yolo_x_cpu,1509
712,yolo_x_cpu,1524
713,yolo_x_cpu,1479
714,yolo_x_cpu,1538
715,yolo_x_cpu,1807
716,yolo_x_cpu,1613
717,yolo_x_cpu,1754
718,yolo_x_cpu,1647
719,yolo_x_cpu,1502
720,yolo_x_cpu,1620
721,yolo_x_cpu,1541
722,yolo_x_cpu,1657
723,yolo_x_cpu,1787
724,yolo_x_cpu,1759
725,yolo_x_cpu,1537
726,yolo_x_cpu,1680
727,yolo_x_cpu,1506
728,yolo_x_cpu,1559
729,yolo_x_cpu,1828
730,yolo_x_cpu,1509
731,yolo_x_cpu,1681
732,yolo_x_cpu,1643
733,yolo_x_cpu,1676
734,yolo_x_cpu,1643
735,yolo_x_cpu,1574
736,yolo_x_cpu,1541
737,yolo_x_cpu,1405
738,yolo_x_cpu,1466
739,yolo_x_cpu,1711
740,yolo_x_cpu,1588
741,yolo_x_cpu,1449
742,yolo_x_cpu,1759
743,yolo_x_cpu,1520
744,yolo_x_cpu,1536
745,yolo_x_cpu,1568
746,yolo_x_cpu,1588
747,yolo_x_cpu,1536
748,yolo_x_cpu,1504
749,yolo_x_cpu,1395
750,yolo_x_cpu,1424
751,yolo_x_cpu,1915
752,yolo_x_cpu,1575
753,yolo_x_cpu,1636
754,yolo_x_cpu,1528
755,yolo_x_cpu,1744
756,yolo_x_cpu,1561
757,yolo_x_cpu,1466
758,yolo_x_cpu,1716
759,yolo_x_cpu,1795
760,yolo_x_cpu,1658
761,yolo_x_cpu,1525
762,yolo_x_cpu,1532
763,yolo_x_cpu,1337
764,yolo_x_cpu,1473
765,yolo_x_cpu,1564
766,yolo_x_cpu,1511
767,yolo_x_cpu,1596
768,yolo_x_cpu,1408
769,yolo_x_cpu,1436
770,yolo_x_cpu,1398
771,yolo_x_cpu,1426
772,yolo_x_cpu,1400
773,yolo_x_cpu,1601
774,yolo_x_cpu,1699
775,yolo_x_cpu,1662
776,yolo_x_cpu,1650
777,yolo_x_cpu,1514
778,yolo_x_cpu,1715
779,yolo_x_cpu,1480
780,yolo_x_cpu,1508
781,yolo_x_cpu,1526
782,yolo_x_cpu,1567
783,yolo_x_cpu,1453
784,yolo_x_cpu,1508
785,yolo_x_cpu,1268
786,yolo_x_cpu,1471
787,yolo_x_cpu,1389
788,yolo_x_cpu,1406
789,yolo_x_cpu,1447
790,yolo_x_cpu,1584
791,yolo_x_cpu,1532
792,yolo_x_cpu,1353
793,yolo_x_cpu,1378
794,yolo_x_cpu,1410
795,yolo_x_cpu,1397
796,yolo_x_cpu,1358
797,yolo_x_cpu,1304
798,yolo_x_cpu,1577
799,yolo_x_cpu,1642
800,yolo_x_cpu,1454
801,yolo_x_cpu,1513
802,yolo_x_cpu,1501
803,yolo_x_cpu,1473
804,yolo_x_cpu,1551
805,yolo_x_cpu,1448
806,yolo_x_cpu,1395
807,yolo_x_cpu,1552
808,yolo_x_cpu,1555
809,yolo_x_cpu,1476
810,yolo_x_cpu,1692
811,yolo_x_cpu,1571
812,yolo_x_cpu,1462
813,yolo_x_cpu,1480
814,yolo_x_cpu,1364
815,yolo_x_cpu,1362
816,yolo_x_cpu,1317
817,yolo_x_cpu,1449
818,yolo_x_cpu,1507
819,yolo_x_cpu,1357
820,yolo_x_cpu,1440
821,yolo_x_cpu,1490
822,yolo_x_cpu,1520
823,yolo_x_cpu,1410
824,yolo_x_cpu,1197
825,yolo_x_cpu,1388
826,yolo_x_cpu,1377
827,yolo_x_cpu,1494
828,yolo_x_cpu,1279
829,yolo_x_cpu,1267
830,yolo_x_cpu,1548
831,yolo_x_cpu,1563
832,yolo_x_cpu,1462
833,yolo_x_cpu,1342
834,yolo_x_cpu,1499
835,yolo_x_cpu,1386
836,yolo_x_cpu,1327
837,yolo_x_cpu,1202
838,yolo_x_cpu,1214
839,yolo_x_cpu,1150
840,yolo_x_cpu,1264
841,yolo_x_cpu,1413
842,yolo_x_cpu,1302
843,yolo_x_cpu,1325
844,yolo_x_cpu,1325
845,yolo_x_cpu,1372
846,yolo_x_cpu,1276
847,yolo_x_cpu,1414
848,yolo_x_cpu,1146
849,yolo_x_cpu,1132
850,yolo_x_cpu,1447
851,yolo_x_cpu,1235
852,yolo_x_cpu,1274
853,yolo_x_cpu,1327
854,yolo_x_cpu,1348
855,yolo_x_cpu,1369
856,yolo_x_cpu,1184
857,yolo_x_cpu,1075
858,yolo_x_cpu,1005
859,yolo_x_cpu,1030
860,yolo_x_cpu,1001
861,yolo_x_cpu,1054
862,yolo_x_cpu,1202
863,yolo_x_cpu,932
864,yolo_x_cpu,912
865,yolo_x_cpu,1067
866,yolo_x_cpu,1135
867,yolo_x_cpu,1136
868,yolo_x_cpu,983
869,yolo_x_cpu,1057
870,yolo_x_cpu,1067
871,yolo_x_cpu,1017
872,yolo_x_cpu,868
873,yolo_x_cpu,954
874,yolo_x_cpu,857
875,yolo_x_cpu,1001
876,yolo_x_cpu,910
877,yolo_x_cpu,966
878,yolo_x_cpu,923
879,yolo_x_cpu,902
880,yolo_x_cpu,883
881,yolo_x_cpu,907
882,yolo_x_cpu,912
883,yolo_x_cpu,847
884,yolo_x_cpu,698
885,yolo_x_cpu,737
886,yolo_x_cpu,819
887,yolo_x_cpu,778
888,yolo_x_cpu,776
889,yolo_x_cpu,838
890,yolo_x_cpu,804
891,yolo_x_cpu,844
892,yolo_x_cpu,822
893,yolo_x_cpu,901
894,yolo_x_cpu,786
895,yolo_x_cpu,879
896,yolo_x_cpu,682
897,yolo_x_cpu,806
898,yolo_x_cpu,751
899,yolo_x_cpu,674
900,yolo_x_cpu,744
901,yolo_x_cpu,676
902,yolo_x_cpu,714
903,yolo_x_cpu,789
904,yolo_x_cpu,725
905,yolo_x_cpu,699
906,yolo_x_cpu,751
907,yolo_x_cpu,680
908,yolo_x_cpu,651
909,yolo_x_cpu,486
910,yolo_x_cpu,602
911,yolo_x_cpu,595
912,yolo_x_cpu,588
913,yolo_x_cpu,594
914,yolo_x_cpu,662
915,yolo_x_cpu,607
916,yolo_x_cpu,674
917,yolo_x_cpu,563
918,yolo_x_cpu,573
919,yolo_x_cpu,651
920,yolo_x_cpu,634
921,yolo_x_cpu,586
922,yolo_x_cpu,680
923,yolo_x_cpu,664
924,yolo_x_cpu,632
925,yolo_x_cpu,746
926,yolo_x_cpu,569
927,yolo_x_cpu,704
928,yolo_x_cpu,671
929,yolo_x_cpu,487
930,yolo_x_cpu,542
931,yolo_x_cpu,547
932,yolo_x_cpu,508
933,yolo_x_cpu,427
934,yolo_x_cpu,445
935,yolo_x_cpu,431
936,yolo_x_cpu,396
937,yolo_x_cpu,404
938,yolo_x_cpu,505
939,yolo_x_cpu,455
940,yolo_x_cpu,388
941,yolo_x_cpu,448
942,yolo_x_cpu,426
943,yolo_x_cpu,412
944,yolo_x_cpu,420
945,yolo_x_cpu,351
946,yolo_x_cpu,311
947,yolo_x_cpu,372
948,yolo_x_cpu,360
949,yolo_x_cpu,316
950,yolo_x_cpu,340
951,yolo_x_cpu,414
952,yolo_x_cpu,390
953,yolo_x_cpu,362
954,yolo_x_cpu,381
955,yolo_x_cpu,278
956,yolo_x_cpu,344
957,yolo_x_cpu,327
958,yolo_x_cpu,317
959,yolo_x_cpu,343
960,yolo_x_cpu,302
961,yolo_x_cpu,272
962,yolo_x_cpu,284
963,yolo_x_cpu,227
964,yolo_x_cpu,237
965,yolo_x_cpu,231
966,yolo_x_cpu,279
967,yolo_x_cpu,250
968,yolo_x_cpu,239
969,yolo_x_cpu,263
970,yolo_x_cpu,238
971,yolo_x_cpu,231
972,yolo_x_cpu,249
973,yolo_x_cpu,200
974,yolo_x_cpu,131
975,yolo_x_cpu,183
976,yolo_x_cpu,126
977,yolo_x_cpu,111
978,yolo_x_cpu,153
979,yolo_x_cpu,194
980,yolo_x_cpu,158
981,yolo_x_cpu,137
982,yolo_x_cpu,181
983,yolo_x_cpu,211
984,yolo_x_cpu,173
985,yolo_x_cpu,243
986,yolo_x_cpu,183
987,yolo_x_cpu,200
988,yolo_x_cpu,151
989,yolo_x_cpu,191
990,yolo_x_cpu,184
991,yolo_x_cpu,198
992,yolo_x_cpu,167
993,yolo_x_cpu,158
994,yolo_x_cpu,90
995,yolo_x_cpu,153
996,yolo_x_cpu,145
997,yolo_x_cpu,117
998,yolo_x_cpu,143
999,yolo_x_cpu,127
1000,yolo_x_cpu,111
1001,yolo_x_cpu,104
1002,yolo_x_cpu,96
1003,yolo_x_cpu,116
1004,yolo_x_cpu,128
1005,yolo_x_cpu,104
1006,yolo_x_cpu,100
1007,yolo_x_cpu,109
1008,yolo_x_cpu,87
1009,yolo_x_cpu,120
1010,yolo_x_cpu,123
1011,yolo_x_cpu,95
1012,yolo_x_cpu,100
1013,yolo_x_cpu,113
1014,yolo_x_cpu,139
1015,yolo_x_cpu,95
1016,yolo_x_cpu,84
1017,yolo_x_cpu,65
1018,yolo_x_cpu,99
1019,yolo_x_cpu,127
1020,yolo_x_cpu,188
1021,yolo_x_cpu,85
1022,yolo_x_cpu,84
1023,yolo_x_cpu,119
1024,yolo_x_cpu,126
1025,yolo_x_cpu,106
1026,yolo_x_cpu,57
1027,yolo_x_cpu,79
1028,yolo_x_cpu,68
1029,yolo_x_cpu,90
1030,yolo_x_cpu,113
1031,yolo_x_cpu,92
1032,yolo_x_cpu,89
1033,yolo_x_cpu,101
1034,yolo_x_cpu,142
1035,yolo_x_cpu,70
1036,yolo_x_cpu,80
1037,yolo_x_cpu,76
1038,yolo_x_cpu,58
1039,yolo_x_cpu,71
1040,yolo_x_cpu,73
1041,yolo_x_cpu,41
1042,yolo_x_cpu,50
1043,yolo_x_cpu,53
1044,yolo_x_cpu,40
1045,yolo_x_cpu,43
1046,yolo_x_cpu,41
1047,yolo_x_cpu,24
1048,yolo_x_cpu,30
1049,yolo_x_cpu,68
1050,yolo_x_cpu,101
1051,yolo_x_cpu,98
1052,yolo_x_cpu,40
1053,yolo_x_cpu,40
1054,yolo_x_cpu,158
1055,yolo_x_cpu,86
1056,yolo_x_cpu,98
1057,yolo_x_cpu,43
1058,yolo_x_cpu,53
1059,yolo_x_cpu,50
1060,yolo_x_cpu,65
1061,yolo_x_cpu,65
1062,yolo_x_cpu,109
1063,yolo_x_cpu,48
1064,yolo_x_cpu,46
1065,yolo_x_cpu,38
1066,yolo_x_cpu,35
1067,yolo_x_cpu,25
1068,yolo_x_cpu,52
1069,yolo_x_cpu,45
1070,yolo_x_cpu,39
1071,yolo_x_cpu,53
1072,yolo_x_cpu,27
1073,yolo_x_cpu,34
1074,yolo_x_cpu,21
1075,yolo_x_cpu,28
1076,yolo_x_cpu,31
1077,yolo_x_cpu,22
1078,yolo_x_cpu,40
1079,yolo_x_cpu,23
1080,yolo_x_cpu,38
1081,yolo_x_cpu,29
1082,yolo_x_cpu,28
1083,yolo_x_cpu,47
1084,yolo_x_cpu,23
1085,yolo_x_cpu,32
1086,yolo_x_cpu,23
1087,yolo_x_cpu,40
1088,yolo_x_cpu,49
1089,yolo_x_cpu,53
1090,yolo_x_cpu,42
1091,yolo_x_cpu,29
1092,yolo_x_cpu,75
1093,yolo_x_cpu,49
1094,yolo_x_cpu,44
1095,yolo_x_cpu,65
1096,yolo_x_cpu,50
1097,yolo_x_cpu,28
1098,yolo_x_cpu,18
1099,yolo_x_cpu,13
1100,yolo_x_cpu,37
1101,yolo_x_cpu,46
1102,yolo_x_cpu,44
1103,yolo_x_cpu,54
1104,yolo_x_cpu,39
1105,yolo_x_cpu,53
1106,yolo_x_cpu,29
1107,yolo_x_cpu,23
1108,yolo_x_cpu,58
1109,yolo_x_cpu,24
1110,yolo_x_cpu,17
1111,yolo_x_cpu,16
1112,yolo_x_cpu,19
1113,yolo_x_cpu,11
1114,yolo_x_cpu,21
1115,yolo_x_cpu,28
1116,yolo_x_cpu,9
1117,yolo_x_cpu,36
1118,yolo_x_cpu,24
1119,yolo_x_cpu,49
1120,yolo_x_cpu,30
1121,yolo_x_cpu,12
1122,yolo_x_cpu,23
1123,yolo_x_cpu,18
1124,yolo_x_cpu,28
1125,yolo_x_cpu,25
1126,yolo_x_cpu,26
1127,yolo_x_cpu,44
1128,yolo_x_cpu,19
1129,yolo_x_cpu,29
1130,yolo_x_cpu,21
1131,yolo_x_cpu,28
1132,yolo_x_cpu,35
1133,yolo_x_cpu,30
1134,yolo_x_cpu,36
1135,yolo_x_cpu,26
1136,yolo_x_cpu,27
1137,yolo_x_cpu,22
1138,yolo_x_cpu,16
1139,yolo_x_cpu,18
1140,yolo_x_cpu,15
1141,yolo_x_cpu,20
1142,yolo_x_cpu,14
1143,yolo_x_cpu,15
1144,yolo_x_cpu,12
1145,yolo_x_cpu,20
1146,yolo_x_cpu,23
1147,yolo_x_cpu,11
1148,yolo_x_cpu,15
1149,yolo_x_cpu,51
1150,yolo_x_cpu,22
1151,yolo_x_cpu,26
1152,yolo_x_cpu,30
1153,yolo_x_cpu,27
1154,yolo_x_cpu,31
1155,yolo_x_cpu,14
1156,yolo_x_cpu,37
1157,yolo_x_cpu,26
1158,yolo_x_cpu,15
1159,yolo_x_cpu,34
1160,yolo_x_cpu,21
1161,yolo_x_cpu,28
1162,yolo_x_cpu,18
1163,yolo_x_cpu,39
1164,yolo_x_cpu,28
1165,yolo_x_cpu,10
1166,yolo_x_cpu,27
1167,yolo_x_cpu,24
1168,yolo_x_cpu,27
1169,yolo_x_cpu,46
1170,yolo_x_cpu,58
1171,yolo_x_cpu,48
1172,yolo_x_cpu,41
1173,yolo_x_cpu,36
1174,yolo_x_cpu,13
1175,yolo_x_cpu,30
1176,yolo_x_cpu,22
1177,yolo_x_cpu,17
1178,yolo_x_cpu,37
1179,yolo_x_cpu,34
1180,yolo_x_cpu,13
1181,yolo_x_cpu,29
1182,yolo_x_cpu,24
1183,yolo_x_cpu,27
1184,yolo_x_cpu,24
1185,yolo_x_cpu,70
1186,yolo_x_cpu,15
1187,yolo_x_cpu,14
1188,yolo_x_cpu,21
1189,yolo_x_cpu,16
1190,yolo_x_cpu,11
1191,yolo_x_cpu,15
1192,yolo_x_cpu,16
1193,yolo_x_cpu,37
1194,yolo_x_cpu,19
1195,yolo_x_cpu,19
1196,yolo_x_cpu,5
1197,yolo_x_cpu,23
1198,yolo_x_cpu,12
1199,yolo_x_cpu,6
1200,yolo_x_cpu,14
1201,yolo_x_cpu,16
1202,yolo_x_cpu,23
1203,yolo_x_cpu,10
1204,yolo_x_cpu,55
1205,yolo_x_cpu,16
1206,yolo_x_cpu,17
1207,yolo_x_cpu,25
1208,yolo_x_cpu,26
1209,yolo_x_cpu,28
1210,yolo_x_cpu,17
1211,yolo_x_cpu,11
1212,yolo_x_cpu,13
1213,yolo_x_cpu,35
1214,yolo_x_cpu,22
1215,yolo_x_cpu,17
1216,yolo_x_cpu,41
1217,yolo_x_cpu,20
1218,yolo_x_cpu,17
1219,yolo_x_cpu,26
1220,yolo_x_cpu,26
1221,yolo_x_cpu,28
1222,yolo_x_cpu,15
1223,yolo_x_cpu,16
1224,yolo_x_cpu,39
1225,yolo_x_cpu,44
1226,yolo_x_cpu,25
1227,yolo_x_cpu,31
1228,yolo_x_cpu,16
1229,yolo_x_cpu,16
1230,yolo_x_cpu,52
1231,yolo_x_cpu,22
1232,yolo_x_cpu,22
1233,yolo_x_cpu,41
1234,yolo_x_cpu,22
1235,yolo_x_cpu,27
1236,yolo_x_cpu,40
1237,yolo_x_cpu,8
1238,yolo_x_cpu,24
1239,yolo_x_cpu,85
1240,yolo_x_cpu,31
1241,yolo_x_cpu,57
1242,yolo_x_cpu,42
1243,yolo_x_cpu,51
1244,yolo_x_cpu,67
1245,yolo_x_cpu,66
1246,yolo_x_cpu,16
1247,yolo_x_cpu,10
1248,yolo_x_cpu,19
1249,yolo_x_cpu,3
1250,yolo_x_cpu,18
1251,yolo_x_cpu,31
1252,yolo_x_cpu,24
1253,yolo_x_cpu,38
1254,yolo_x_cpu,36
1255,yolo_x_cpu,18
1256,yolo_x_cpu,22
1257,yolo_x_cpu,29
1258,yolo_x_cpu,27
1259,yolo_x_cpu,23
1260,yolo_x_cpu,9
1261,yolo_x_cpu,7
1262,yolo_x_cpu,32
1263,yolo_x_cpu,18
1264,yolo_x_cpu,49
1265,yolo_x_cpu,62
1266,yolo_x_cpu,41
1267,yolo_x_cpu,28
1268,yolo_x_cpu,25
1269,yolo_x_cpu,18
1270,yolo_x_cpu,26
1271,yolo_x_cpu,21
1272,yolo_x_cpu,20
1273,yolo_x_cpu,19
1274,yolo_x_cpu,36
1275,yolo_x_cpu,42
1276,yolo_x_cpu,29
1277,yolo_x_cpu,35
1278,yolo_x_cpu,26
1279,yolo_x_cpu,34
1280,yolo_x_cpu,23
1281,yolo_x_cpu,23
1282,yolo_x_cpu,40
1283,yolo_x_cpu,33
1284,yolo_x_cpu,41
1285,yolo_x_cpu,62
1286,yolo_x_cpu,160
1287,yolo_x_cpu,147
1288,yolo_x_cpu,29
1289,yolo_x_cpu,53
1290,yolo_x_cpu,40
1291,yolo_x_cpu,58
1292,yolo_x_cpu,113
1293,yolo_x_cpu,64
1294,yolo_x_cpu,22
1295,yolo_x_cpu,43
1296,yolo_x_cpu,30
1297,yolo_x_cpu,56
1298,yolo_x_cpu,34
1299,yolo_x_cpu,66
1300,yolo_x_cpu,53
1301,yolo_x_cpu,25
1302,yolo_x_cpu,26
1303,yolo_x_cpu,39
1304,yolo_x_cpu,60
1305,yolo_x_cpu,52
1306,yolo_x_cpu,43
1307,yolo_x_cpu,48
1308,yolo_x_cpu,67
1309,yolo_x_cpu,75
1310,yolo_x_cpu,62
1311,yolo_x_cpu,44
1312,yolo_x_cpu,77
1313,yolo_x_cpu,180
1314,yolo_x_cpu,85
1315,yolo_x_cpu,99
1316,yolo_x_cpu,58
1317,yolo_x_cpu,75
1318,yolo_x_cpu,91
1319,yolo_x_cpu,77
1320,yolo_x_cpu,88
1321,yolo_x_cpu,68
1322,yolo_x_cpu,75
1323,yolo_x_cpu,94
1324,yolo_x_cpu,56
1325,yolo_x_cpu,56
1326,yolo_x_cpu,54
1327,yolo_x_cpu,81
1328,yolo_x_cpu,84
1329,yolo_x_cpu,87
1330,yolo_x_cpu,81
1331,yolo_x_cpu,119
1332,yolo_x_cpu,94
1333,yolo_x_cpu,68
1334,yolo_x_cpu,90
1335,yolo_x_cpu,111
1336,yolo_x_cpu,111
1337,yolo_x_cpu,98
1338,yolo_x_cpu,103
1339,yolo_x_cpu,105
1340,yolo_x_cpu,141
1341,yolo_x_cpu,108
1342,yolo_x_cpu,141
1343,yolo_x_cpu,109
1344,yolo_x_cpu,139
1345,yolo_x_cpu,146
1346,yolo_x_cpu,139
1347,yolo_x_cpu,140
1348,yolo_x_cpu,107
1349,yolo_x_cpu,204
1350,yolo_x_cpu,154
1351,yolo_x_cpu,116
1352,yolo_x_cpu,142
1353,yolo_x_cpu,130
1354,yolo_x_cpu,105
1355,yolo_x_cpu,162
1356,yolo_x_cpu,109
1357,yolo_x_cpu,140
1358,yolo_x_cpu,144
1359,yolo_x_cpu,150
1360,yolo_x_cpu,165
1361,yolo_x_cpu,158
1362,yolo_x_cpu,204
1363,yolo_x_cpu,167
1364,yolo_x_cpu,170
1365,yolo_x_cpu,182
1366,yolo_x_cpu,210
1367,yolo_x_cpu,177
1368,yolo_x_cpu,138
1369,yolo_x_cpu,107
1370,yolo_x_cpu,158
1371,yolo_x_cpu,156
1372,yolo_x_cpu,174
1373,yolo_x_cpu,141
1374,yolo_x_cpu,155
1375,yolo_x_cpu,132
1376,yolo_x_cpu,188
1377,yolo_x_cpu,250
1378,yolo_x_cpu,239
1379,yolo_x_cpu,278
1380,yolo_x_cpu,229
1381,yolo_x_cpu,195
1382,yolo_x_cpu,276
1383,yolo_x_cpu,182
1384,yolo_x_cpu,202
1385,yolo_x_cpu,189
1386,yolo_x_cpu,190
1387,yolo_x_cpu,159
1388,yolo_x_cpu,185
1389,yolo_x_cpu,243
1390,yolo_x_cpu,303
1391,yolo_x_cpu,308
1392,yolo_x_cpu,238
1393,yolo_x_cpu,194
1394,yolo_x_cpu,228
1395,yolo_x_cpu,223
1396,yolo_x_cpu,216
1397,yolo_x_cpu,211
1398,yolo_x_cpu,236
1399,yolo_x_cpu,208
1400,yolo_x_cpu,270
1401,yolo_x_cpu,304
1402,yolo_x_cpu,301
1403,yolo_x_cpu,221
1404,yolo_x_cpu,212
1405,yolo_x_cpu,243
1406,yolo_x_cpu,244
1407,yolo_x_cpu,311
1408,yolo_x_cpu,184
1409,yolo_x_cpu,233
1410,yolo_x_cpu,248
1411,yolo_x_cpu,230
1412,yolo_x_cpu,264
1413,yolo_x_cpu,253
1414,yolo_x_cpu,255
1415,yolo_x_cpu,292
1416,yolo_x_cpu,279
1417,yolo_x_cpu,288
1418,yolo_x_cpu,302
1419,yolo_x_cpu,277
1420,yolo_x_cpu,247
1421,yolo_x_cpu,257
1422,yolo_x_cpu,281
1423,yolo_x_cpu,232
1424,yolo_x_cpu,268
1425,yolo_x_cpu,183
1426,yolo_x_cpu,282
1427,yolo_x_cpu,230
1428,yolo_x_cpu,249
1429,yolo_x_cpu,417
1430,yolo_x_cpu,424
1431,yolo_x_cpu,479
1432,yolo_x_cpu,450
1433,yolo_x_cpu,260
1434,yolo_x_cpu,282
1435,yolo_x_cpu,267
1436,yolo_x_cpu,301
1437,yolo_x_cpu,299
1438,yolo_x_cpu,274
1439,yolo_x_cpu,300
1440,yolo_x_cpu,237
1441,yolo_x_cpu,339
1442,yolo_x_cpu,351
1443,yolo_x_cpu,319
1444,yolo_x_cpu,289
1445,yolo_x_cpu,285
1446,yolo_x_cpu,430
1447,yolo_x_cpu,316
1448,yolo_x_cpu,244
1449,yolo_x_cpu,255
1450,yolo_x_cpu,293
1451,yolo_x_cpu,311
1452,yolo_x_cpu,303
1453,yolo_x_cpu,362
1454,yolo_x_cpu,288
1455,yolo_x_cpu,275
1456,yolo_x_cpu,219
1457,yolo_x_cpu,283
1458,yolo_x_cpu,297
1459,yolo_x_cpu,297
1460,yolo_x_cpu,284
1461,yolo_x_cpu,298
1462,yolo_x_cpu,310
1463,yolo_x_cpu,310
1464,yolo_x_cpu,293
1465,yolo_x_cpu,371
1466,yolo_x_cpu,312
1467,yolo_x_cpu,396
1468,yolo_x_cpu,409
1469,yolo_x_cpu,350
1470,yolo_x_cpu,317
1471,yolo_x_cpu,306
1472,yolo_x_cpu,276
1473,yolo_x_cpu,417
1474,yolo_x_cpu,362
1475,yolo_x_cpu,467
1476,yolo_x_cpu,296
1477,yolo_x_cpu,294
1478,yolo_x_cpu,339
1479,yolo_x_cpu,300
1480,yolo_x_cpu,306
1481,yolo_x_cpu,326
1482,yolo_x_cpu,280
1483,yolo_x_cpu,251
1484,yolo_x_cpu,334
1485,yolo_x_cpu,267
1486,yolo_x_cpu,343
1487,yolo_x_cpu,309
1488,yolo_x_cpu,281
1489,yolo_x_cpu,299
1490,yolo_x_cpu,311
1491,yolo_x_cpu,274
1492,yolo_x_cpu,336
1493,yolo_x_cpu,318
1494,yolo_x_cpu,318
1495,yolo_x_cpu,373
1496,yolo_x_cpu,333
1497,yolo_x_cpu,404
1498,yolo_x_cpu,273
1499,yolo_x_cpu,385
1500,yolo_x_cpu,517
1501,yolo_x_cpu,305
1502,yolo_x_cpu,287
1503,yolo_x_cpu,363
1504,yolo_x_cpu,305
1505,yolo_x_cpu,332
1506,yolo_x_cpu,367
1507,yolo_x_cpu,332
1508,yolo_x_cpu,335
1509,yolo_x_cpu,292
1510,yolo_x_cpu,348
1511,yolo_x_cpu,322
1512,yolo_x_cpu,338
1513,yolo_x_cpu,361
1514,yolo_x_cpu,272
1515,yolo_x_cpu,337
1516,yolo_x_cpu,338
1517,yolo_x_cpu,385
1518,yolo_x_cpu,378
1519,yolo_x_cpu,330
1520,yolo_x_cpu,375
1521,yolo_x_cpu,365
1522,yolo_x_cpu,499
1523,yolo_x_cpu,351
1524,yolo_x_cpu,434
1525,yolo_x_cpu,417
1526,yolo_x_cpu,385
1527,yolo_x_cpu,342
1528,yolo_x_cpu,287
1529,yolo_x_cpu,340
1530,yolo_x_cpu,309
1531,yolo_x_cpu,359
1532,yolo_x_cpu,390
1533,yolo_x_cpu,308
1534,yolo_x_cpu,480
1535,yolo_x_cpu,450
1536,yolo_x_cpu,343
1537,yolo_x_cpu,340
1538,yolo_x_cpu,382
1539,yolo_x_cpu,315
1540,yolo_x_cpu,306
1541,yolo_x_cpu,409
1542,yolo_x_cpu,358
1543,yolo_x_cpu,272
1544,yolo_x_cpu,326
1545,yolo_x_cpu,336
1546,yolo_x_cpu,329
1547,yolo_x_cpu,342
1548,yolo_x_cpu,495
1549,yolo_x_cpu,320
1550,yolo_x_cpu,506
1551,yolo_x_cpu,314
1552,yolo_x_cpu,357
1553,yolo_x_cpu,374
1554,yolo_x_cpu,394
1555,yolo_x_cpu,528
1556,yolo_x_cpu,396
1557,yolo_x_cpu,390
1558,yolo_x_cpu,357
1559,yolo_x_cpu,357
1560,yolo_x_cpu,351
1561,yolo_x_cpu,373
1562,yolo_x_cpu,366
1563,yolo_x_cpu,359
1564,yolo_x_cpu,401
1565,yolo_x_cpu,423
1566,yolo_x_cpu,462
1567,yolo_x_cpu,454
1568,yolo_x_cpu,484
1569,yolo_x_cpu,393
1570,yolo_x_cpu,399
1571,yolo_x_cpu,478
1572,yolo_x_cpu,399
1573,yolo_x_cpu,449
1574,yolo_x_cpu,421
1575,yolo_x_cpu,462
1576,yolo_x_cpu,458
1577,yolo_x_cpu,429
1578,yolo_x_cpu,547
1579,yolo_x_cpu,483
1580,yolo_x_cpu,457
1581,yolo_x_cpu,674
1582,yolo_x_cpu,722
1583,yolo_x_cpu,428
1584,yolo_x_cpu,442
1585,yolo_x_cpu,497
1586,yolo_x_cpu,410
1587,yolo_x_cpu,392
1588,yolo_x_cpu,449
1589,yolo_x_cpu,422
1590,yolo_x_cpu,381
1591,yolo_x_cpu,425
1592,yolo_x_cpu,420
1593,yolo_x_cpu,561
1594,yolo_x_cpu,335
1595,yolo_x_cpu,362
1596,yolo_x_cpu,388
1597,yolo_x_cpu,358
1598,yolo_x_cpu,361
1599,yolo_x_cpu,411
1600,yolo_x_cpu,377
1601,yolo_x_cpu,361
1602,yolo_x_cpu,352
1603,yolo_x_cpu,387
1604,yolo_x_cpu,375
1605,yolo_x_cpu,429
1606,yolo_x_cpu,551
1607,yolo_x_cpu,570
1608,yolo_x_cpu,420
1609,yolo_x_cpu,396
1610,yolo_x_cpu,390
1611,yolo_x_cpu,473
1612,yolo_x_cpu,493
1613,yolo_x_cpu,475
1614,yolo_x_cpu,376
1615,yolo_x_cpu,355
1616,yolo_x_cpu,405
1617,yolo_x_cpu,424
1618,yolo_x_cpu,379
1619,yolo_x_cpu,541
1620,yolo_x_cpu,360
1621,yolo_x_cpu,416
1622,yolo_x_cpu,493
1623,yolo_x_cpu,487
1624,yolo_x_cpu,408
1625,yolo_x_cpu,466
1626,yolo_x_cpu,569
1627,yolo_x_cpu,403
1628,yolo_x_cpu,334
1629,yolo_x_cpu,421
1630,yolo_x_cpu,460
1631,yolo_x_cpu,396
1632,yolo_x_cpu,465
1633,yolo_x_cpu,497
1634,yolo_x_cpu,408
1635,yolo_x_cpu,414
1636,yolo_x_cpu,385
1637,yolo_x_cpu,389
1638,yolo_x_cpu,390
1639,yolo_x_cpu,369
1640,yolo_x_cpu,419
1641,yolo_x_cpu,394
1642,yolo_x_cpu,469
1643,yolo_x_cpu,500
1644,yolo_x_cpu,468
1645,yolo_x_cpu,431
1646,yolo_x_cpu,399
1647,yolo_x_cpu,381
1648,yolo_x_cpu,438
1649,yolo_x_cpu,428
1650,yolo_x_cpu,365
1651,yolo_x_cpu,457
1652,yolo_x_cpu,485
1653,yolo_x_cpu,501
1654,yolo_x_cpu,462
1655,yolo_x_cpu,467
1656,yolo_x_cpu,426
1657,yolo_x_cpu,474
1658,yolo_x_cpu,345
1659,yolo_x_cpu,327
1660,yolo_x_cpu,389
1661,yolo_x_cpu,535
1662,yolo_x_cpu,359
1663,yolo_x_cpu,286
1664,yolo_x_cpu,327
1665,yolo_x_cpu,356
1666,yolo_x_cpu,424
1667,yolo_x_cpu,387
1668,yolo_x_cpu,540
1669,yolo_x_cpu,555
1670,yolo_x_cpu,455
1671,yolo_x_cpu,496
1672,yolo_x_cpu,448
1673,yolo_x_cpu,464
1674,yolo_x_cpu,447
1675,yolo_x_cpu,502
1676,yolo_x_cpu,363
1677,yolo_x_cpu,375
1678,yolo_x_cpu,450
1679,yolo_x_cpu,408
1680,yolo_x_cpu,404
1681,yolo_x_cpu,323
1682,yolo_x_cpu,392
1683,yolo_x_cpu,312
1684,yolo_x_cpu,350
1685,yolo_x_cpu,310
1686,yolo_x_cpu,290
1687,yolo_x_cpu,330
1688,yolo_x_cpu,330
1689,yolo_x_cpu,398
1690,yolo_x_cpu,429
1691,yolo_x_cpu,492
1692,yolo_x_cpu,380
1693,yolo_x_cpu,340
1694,yolo_x_cpu,369
1695,yolo_x_cpu,387
1696,yolo_x_cpu,393
1697,yolo_x_cpu,478
1698,yolo_x_cpu,514
1699,yolo_x_cpu,644
1700,yolo_x_cpu,476
1701,yolo_x_cpu,412
1702,yolo_x_cpu,439
1703,yolo_x_cpu,293
1704,yolo_x_cpu,394
1705,yolo_x_cpu,421
1706,yolo_x_cpu,476
1707,yolo_x_cpu,553
1708,yolo_x_cpu,486
1709,yolo_x_cpu,344
1710,yolo_x_cpu,539
1711,yolo_x_cpu,838
1712,yolo_x_cpu,728
1713,yolo_x_cpu,732
1714,yolo_x_cpu,757
1715,yolo_x_cpu,656
1716,yolo_x_cpu,702
1717,yolo_x_cpu,615
1718,yolo_x_cpu,521
1719,yolo_x_cpu,526
1720,yolo_x_cpu,461
1721,yolo_x_cpu,377
1722,yolo_x_cpu,409
1723,yolo_x_cpu,449
1724,yolo_x_cpu,457
1725,yolo_x_cpu,432
1726,yolo_x_cpu,450
1727,yolo_x_cpu,392
1728,yolo_x_cpu,443
1729,yolo_x_cpu,493
1730,yolo_x_cpu,518
1731,yolo_x_cpu,392
1732,yolo_x_cpu,345
1733,yolo_x_cpu,402
1734,yolo_x_cpu,315
1735,yolo_x_cpu,397
1736,yolo_x_cpu,359
1737,yolo_x_cpu,441
1738,yolo_x_cpu,442
1739,yolo_x_cpu,509
1740,yolo_x_cpu,483
1741,yolo_x_cpu,391
1742,yolo_x_cpu,413
1743,yolo_x_cpu,402
1744,yolo_x_cpu,404
1745,yolo_x_cpu,400
1746,yolo_x_cpu,365
1747,yolo_x_cpu,375
1748,yolo_x_cpu,460
1749,yolo_x_cpu,450
1750,yolo_x_cpu,434
1751,yolo_x_cpu,471
1752,yolo_x_cpu,448
1753,yolo_x_cpu,399
1754,yolo_x_cpu,553
1755,yolo_x_cpu,513
1756,yolo_x_cpu,383
1757,yolo_x_cpu,315
1758,yolo_x_cpu,420
1759,yolo_x_cpu,409
1760,yolo_x_cpu,402
1761,yolo_x_cpu,356
1762,yolo_x_cpu,385
1763,yolo_x_cpu,290
1764,yolo_x_cpu,395
1765,yolo_x_cpu,405
1766,yolo_x_cpu,391
1767,yolo_x_cpu,349
1768,yolo_x_cpu,400
1769,yolo_x_cpu,345
1770,yolo_x_cpu,332
1771,yolo_x_cpu,381
1772,yolo_x_cpu,319
1773,yolo_x_cpu,319
1774,yolo_x_cpu,288
1775,yolo_x_cpu,344
1776,yolo_x_cpu,339
1777,yolo_x_cpu,441
1778,yolo_x_cpu,271
1779,yolo_x_cpu,409
1780,yolo_x_cpu,411
1781,yolo_x_cpu,379
1782,yolo_x_cpu,339
1783,yolo_x_cpu,362
1784,yolo_x_cpu,328
1785,yolo_x_cpu,537
1786,yolo_x_cpu,516
1787,yolo_x_cpu,459
1788,yolo_x_cpu,479
1789,yolo_x_cpu,479
1790,yolo_x_cpu,498
1791,yolo_x_cpu,358
1792,yolo_x_cpu,431
1793,yolo_x_cpu,455
1794,yolo_x_cpu,506
1795,yolo_x_cpu,447
1796,yolo_x_cpu,410
1797,yolo_x_cpu,380
1798,yolo_x_cpu,347
1799,yolo_x_cpu,282
1800,yolo_x_cpu,389
1801,yolo_x_cpu,346
1802,yolo_x_cpu,422
1803,yolo_x_cpu,338
1804,yolo_x_cpu,337
1805,yolo_x_cpu,370
1806,yolo_x_cpu,420
1807,yolo_x_cpu,373
1808,yolo_x_cpu,465
1809,yolo_x_cpu,444
1810,yolo_x_cpu,371
1811,yolo_x_cpu,429
1812,yolo_x_cpu,254
1813,yolo_x_cpu,297
1814,yolo_x_cpu,292
1815,yolo_x_cpu,322
1816,yolo_x_cpu,318
1817,yolo_x_cpu,257
1818,yolo_x_cpu,327
1819,yolo_x_cpu,327
1820,yolo_x_cpu,395
1821,yolo_x_cpu,306
1822,yolo_x_cpu,278
1823,yolo_x_cpu,411
1824,yolo_x_cpu,298
1825,yolo_x_cpu,335
1826,yolo_x_cpu,248
1827,yolo_x_cpu,409
1828,yolo_x_cpu,232
1829,yolo_x_cpu,310
1830,yolo_x_cpu,294
1831,yolo_x_cpu,322
1832,yolo_x_cpu,367
1833,yolo_x_cpu,347
1834,yolo_x_cpu,450
1835,yolo_x_cpu,463
1836,yolo_x_cpu,391
1837,yolo_x_cpu,408
1838,yolo_x_cpu,369
1839,yolo_x_cpu,355
1840,yolo_x_cpu,339
1841,yolo_x_cpu,365
1842,yolo_x_cpu,390
1843,yolo_x_cpu,303
1844,yolo_x_cpu,370
1845,yolo_x_cpu,409
1846,yolo_x_cpu,420
1847,yolo_x_cpu,301
1848,yolo_x_cpu,286
1849,yolo_x_cpu,349
1850,yolo_x_cpu,324
1851,yolo_x_cpu,429
1852,yolo_x_cpu,324
1853,yolo_x_cpu,309
1854,yolo_x_cpu,359
1855,yolo_x_cpu,374
1856,yolo_x_cpu,291
1857,yolo_x_cpu,278
1858,yolo_x_cpu,335
1859,yolo_x_cpu,294
1860,yolo_x_cpu,229
1861,yolo_x_cpu,268
1862,yolo_x_cpu,220
1863,yolo_x_cpu,237
1864,yolo_x_cpu,253
1865,yolo_x_cpu,307
1866,yolo_x_cpu,271
1867,yolo_x_cpu,357
1868,yolo_x_cpu,276
1869,yolo_x_cpu,284
1870,yolo_x_cpu,267
1871,yolo_x_cpu,264
1872,yolo_x_cpu,280
1873,yolo_x_cpu,229
1874,yolo_x_cpu,310
1875,yolo_x_cpu,324
1876,yolo_x_cpu,311
1877,yolo_x_cpu,279
1878,yolo_x_cpu,259
1879,yolo_x_cpu,281
1880,yolo_x_cpu,237
1881,yolo_x_cpu,304
1882,yolo_x_cpu,324
1883,yolo_x_cpu,285
1884,yolo_x_cpu,275
1885,yolo_x_cpu,241
1886,yolo_x_cpu,347
1887,yolo_x_cpu,358
1888,yolo_x_cpu,378
1889,yolo_x_cpu,320
1890,yolo_x_cpu,368
1891,yolo_x_cpu,426
1892,yolo_x_cpu,309
1893,yolo_x_cpu,358
1894,yolo_x_cpu,343
1895,yolo_x_cpu,306
1896,yolo_x_cpu,307
1897,yolo_x_cpu,272
1898,yolo_x_cpu,321
1899,yolo_x_cpu,243
1900,yolo_x_cpu,266
1901,yolo_x_cpu,297
1902,yolo_x_cpu,326
1903,yolo_x_cpu,257
1904,yolo_x_cpu,246
1905,yolo_x_cpu,245
1906,yolo_x_cpu,251
1907,yolo_x_cpu,317
1908,yolo_x_cpu,297
1909,yolo_x_cpu,294
1910,yolo_x_cpu,355
1911,yolo_x_cpu,353
1912,yolo_x_cpu,346
1913,yolo_x_cpu,336
1914,yolo_x_cpu,337
1915,yolo_x_cpu,279
1916,yolo_x_cpu,334
1917,yolo_x_cpu,238
1918,yolo_x_cpu,282
1919,yolo_x_cpu,249
1920,yolo_x_cpu,272
1921,yolo_x_cpu,321
1922,yolo_x_cpu,354
1923,yolo_x_cpu,266
1924,yolo_x_cpu,228
1925,yolo_x_cpu,247
1926,yolo_x_cpu,229
1927,yolo_x_cpu,223
1928,yolo_x_cpu,262
1929,yolo_x_cpu,241
1930,yolo_x_cpu,205
1931,yolo_x_cpu,308
1932,yolo_x_cpu,430
1933,yolo_x_cpu,264
1934,yolo_x_cpu,250
1935,yolo_x_cpu,387
1936,yolo_x_cpu,359
1937,yolo_x_cpu,384
1938,yolo_x_cpu,422
1939,yolo_x_cpu,359
1940,yolo_x_cpu,295
1941,yolo_x_cpu,271
1942,yolo_x_cpu,311
1943,yolo_x_cpu,286
1944,yolo_x_cpu,336
1945,yolo_x_cpu,307
1946,yolo_x_cpu,283
1947,yolo_x_cpu,362
1948,yolo_x_cpu,522
1949,yolo_x_cpu,403
1950,yolo_x_cpu,293
1951,yolo_x_cpu,336
1952,yolo_x_cpu,317
1953,yolo_x_cpu,337
1954,yolo_x_cpu,354
1955,yolo_x_cpu,354
1956,yolo_x_cpu,330
1957,yolo_x_cpu,368
1958,yolo_x_cpu,410
1959,yolo_x_cpu,423
1960,yolo_x_cpu,429
1961,yolo_x_cpu,343
1962,yolo_x_cpu,406
1963,yolo_x_cpu,422
1964,yolo_x_cpu,329
1965,yolo_x_cpu,516
1966,yolo_x_cpu,527
1967,yolo_x_cpu,433
1968,yolo_x_cpu,535
1969,yolo_x_cpu,424
1970,yolo_x_cpu,460
1971,yolo_x_cpu,325
1972,yolo_x_cpu,355
1973,yolo_x_cpu,297
1974,yolo_x_cpu,323
1975,yolo_x_cpu,308
1976,yolo_x_cpu,309
1977,yolo_x_cpu,284
1978,yolo_x_cpu,458
1979,yolo_x_cpu,299
1980,yolo_x_cpu,431
1981,yolo_x_cpu,489
1982,yolo_x_cpu,342
1983,yolo_x_cpu,488
1984,yolo_x_cpu,467
1985,yolo_x_cpu,277
1986,yolo_x_cpu,250
1987,yolo_x_cpu,289
1988,yolo_x_cpu,363
1989,yolo_x_cpu,311
1990,yolo_x_cpu,340
1991,yolo_x_cpu,322
1992,yolo_x_cpu,348
1993,yolo_x_cpu,282
1994,yolo_x_cpu,338
1995,yolo_x_cpu,311
1996,yolo_x_cpu,334
1997,yolo_x_cpu,315
1998,yolo_x_cpu,324
1999,yolo_x_cpu,410
2000,yolo_x_cpu,355
2001,yolo_x_cpu,340
2002,yolo_x_cpu,424
2003,yolo_x_cpu,347
2004,yolo_x_cpu,410
2005,yolo_x_cpu,410
2006,yolo_x_cpu,393
2007,yolo_x_cpu,364
2008,yolo_x_cpu,301
2009,yolo_x_cpu,298
2010,yolo_x_cpu,284
2011,yolo_x_cpu,363
2012,yolo_x_cpu,365
2013,yolo_x_cpu,300
2014,yolo_x_cpu,286
2015,yolo_x_cpu,254
2016,yolo_x_cpu,341
2017,yolo_x_cpu,306
2018,yolo_x_cpu,442
2019,yolo_x_cpu,497
2020,yolo_x_cpu,420
2021,yolo_x_cpu,339
2022,yolo_x_cpu,261
2023,yolo_x_cpu,252
2024,yolo_x_cpu,389
2025,yolo_x_cpu,284
2026,yolo_x_cpu,271
2027,yolo_x_cpu,327
2028,yolo_x_cpu,297
2029,yolo_x_cpu,326
2030,yolo_x_cpu,318
2031,yolo_x_cpu,391
2032,yolo_x_cpu,352
2033,yolo_x_cpu,367
2034,yolo_x_cpu,323
2035,yolo_x_cpu,315
2036,yolo_x_cpu,327
2037,yolo_x_cpu,326
2038,yolo_x_cpu,266
2039,yolo_x_cpu,289
2040,yolo_x_cpu,294
2041,yolo_x_cpu,239
2042,yolo_x_cpu,226
2043,yolo_x_cpu,271
2044,yolo_x_cpu,283
2045,yolo_x_cpu,294
2046,yolo_x_cpu,335
2047,yolo_x_cpu,392
2048,yolo_x_cpu,308
2049,yolo_x_cpu,317
2050,yolo_x_cpu,291
2051,yolo_x_cpu,315
2052,yolo_x_cpu,358
2053,yolo_x_cpu,270
2054,yolo_x_cpu,383
2055,yolo_x_cpu,295
2056,yolo_x_cpu,331
2057,yolo_x_cpu,443
2058,yolo_x_cpu,376
2059,yolo_x_cpu,300
2060,yolo_x_cpu,289
2061,yolo_x_cpu,437
2062,yolo_x_cpu,327
2063,yolo_x_cpu,232
2064,yolo_x_cpu,336
2065,yolo_x_cpu,377
2066,yolo_x_cpu,316
2067,yolo_x_cpu,316
2068,yolo_x_cpu,306
2069,yolo_x_cpu,241
2070,yolo_x_cpu,315
2071,yolo_x_cpu,322
2072,yolo_x_cpu,304
2073,yolo_x_cpu,312
2074,yolo_x_cpu,392
2075,yolo_x_cpu,426
2076,yolo_x_cpu,389
2077,yolo_x_cpu,406
2078,yolo_x_cpu,245
2079,yolo_x_cpu,313
2080,yolo_x_cpu,231
2081,yolo_x_cpu,320
2082,yolo_x_cpu,336
2083,yolo_x_cpu,346
2084,yolo_x_cpu,268
2085,yolo_x_cpu,332
2086,yolo_x_cpu,377
2087,yolo_x_cpu,262
2088,yolo_x_cpu,332
2089,yolo_x_cpu,343
2090,yolo_x_cpu,316
2091,yolo_x_cpu,324
2092,yolo_x_cpu,330
2093,yolo_x_cpu,520
2094,yolo_x_cpu,366
2095,yolo_x_cpu,438
2096,yolo_x_cpu,261
2097,yolo_x_cpu,440
2098,yolo_x_cpu,361
2099,yolo_x_cpu,314
2100,yolo_x_cpu,381
2101,yolo_x_cpu,436
2102,yolo_x_cpu,393
2103,yolo_x_cpu,349
2104,yolo_x_cpu,341
2105,yolo_x_cpu,373
2106,yolo_x_cpu,425
2107,yolo_x_cpu,483
2108,yolo_x_cpu,367
2109,yolo_x_cpu,290
2110,yolo_x_cpu,418
2111,yolo_x_cpu,350
2112,yolo_x_cpu,356
2113,yolo_x_cpu,340
2114,yolo_x_cpu,361
2115,yolo_x_cpu,372
2116,yolo_x_cpu,376
2117,yolo_x_cpu,406
2118,yolo_x_cpu,436
2119,yolo_x_cpu,517
2120,yolo_x_cpu,462
2121,yolo_x_cpu,438
2122,yolo_x_cpu,470
2123,yolo_x_cpu,530
2124,yolo_x_cpu,370
2125,yolo_x_cpu,326
2126,yolo_x_cpu,396
2127,yolo_x_cpu,287
2128,yolo_x_cpu,414
2129,yolo_x_cpu,409
2130,yolo_x_cpu,383
2131,yolo_x_cpu,464
2132,yolo_x_cpu,462
2133,yolo_x_cpu,450
2134,yolo_x_cpu,518
2135,yolo_x_cpu,449
2136,yolo_x_cpu,386
2137,yolo_x_cpu,382
2138,yolo_x_cpu,449
2139,yolo_x_cpu,468
2140,yolo_x_cpu,474
2141,yolo_x_cpu,405
2142,yolo_x_cpu,425
2143,yolo_x_cpu,460
2144,yolo_x_cpu,487
2145,yolo_x_cpu,348
2146,yolo_x_cpu,377
2147,yolo_x_cpu,460
2148,yolo_x_cpu,421
2149,yolo_x_cpu,511
2150,yolo_x_cpu,435
2151,yolo_x_cpu,497
2152,yolo_x_cpu,466
2153,yolo_x_cpu,508
2154,yolo_x_cpu,497
2155,yolo_x_cpu,449
2156,yolo_x_cpu,401
2157,yolo_x_cpu,437
2158,yolo_x_cpu,387
2159,yolo_x_cpu,448
2160,yolo_x_cpu,493
2161,yolo_x_cpu,483
2162,yolo_x_cpu,390
2163,yolo_x_cpu,507
2164,yolo_x_cpu,660
2165,yolo_x_cpu,567
2166,yolo_x_cpu,499
2167,yolo_x_cpu,491
2168,yolo_x_cpu,490
2169,yolo_x_cpu,553
2170,yolo_x_cpu,528
2171,yolo_x_cpu,584
2172,yolo_x_cpu,584
2173,yolo_x_cpu,478
2174,yolo_x_cpu,507
2175,yolo_x_cpu,449
2176,yolo_x_cpu,406
2177,yolo_x_cpu,432
2178,yolo_x_cpu,445
2179,yolo_x_cpu,469
2180,yolo_x_cpu,477
2181,yolo_x_cpu,442
2182,yolo_x_cpu,454
2183,yolo_x_cpu,365
2184,yolo_x_cpu,448
2185,yolo_x_cpu,560
2186,yolo_x_cpu,459
2187,yolo_x_cpu,451
2188,yolo_x_cpu,480
2189,yolo_x_cpu,490
2190,yolo_x_cpu,486
2191,yolo_x_cpu,722
2192,yolo_x_cpu,705
2193,yolo_x_cpu,545
2194,yolo_x_cpu,475
2195,yolo_x_cpu,452
2196,yolo_x_cpu,589
2197,yolo_x_cpu,420
2198,yolo_x_cpu,474
2199,yolo_x_cpu,465
2200,yolo_x_cpu,484
2201,yolo_x_cpu,516
2202,yolo_x_cpu,518
2203,yolo_x_cpu,475
2204,yolo_x_cpu,550
2205,yolo_x_cpu,595
2206,yolo_x_cpu,517
2207,yolo_x_cpu,610
2208,yolo_x_cpu,549
2209,yolo_x_cpu,492
2210,yolo_x_cpu,528
2211,yolo_x_cpu,487
2212,yolo_x_cpu,543
2213,yolo_x_cpu,602
2214,yolo_x_cpu,724
2215,yolo_x_cpu,562
2216,yolo_x_cpu,550
2217,yolo_x_cpu,517
2218,yolo_x_cpu,552
2219,yolo_x_cpu,478
2220,yolo_x_cpu,502
2221,yolo_x_cpu,515
2222,yolo_x_cpu,543
2223,yolo_x_cpu,459
2224,yolo_x_cpu,512
2225,yolo_x_cpu,514
2226,yolo_x_cpu,600
2227,yolo_x_cpu,594
2228,yolo_x_cpu,527
2229,yolo_x_cpu,486
2230,yolo_x_cpu,449
2231,yolo_x_cpu,462
2232,yolo_x_cpu,517
2233,yolo_x_cpu,494
2234,yolo_x_cpu,464
2235,yolo_x_cpu,498
2236,yolo_x_cpu,530
2237,yolo_x_cpu,652
2238,yolo_x_cpu,533
2239,yolo_x_cpu,505
2240,yolo_x_cpu,536
2241,yolo_x_cpu,569
2242,yolo_x_cpu,524
2243,yolo_x_cpu,536
2244,yolo_x_cpu,496
2245,yolo_x_cpu,562
2246,yolo_x_cpu,589
2247,yolo_x_cpu,576
2248,yolo_x_cpu,550
2249,yolo_x_cpu,678
2250,yolo_x_cpu,580
2251,yolo_x_cpu,578
2252,yolo_x_cpu,568
2253,yolo_x_cpu,589
2254,yolo_x_cpu,597
2255,yolo_x_cpu,627
2256,yolo_x_cpu,416
2257,yolo_x_cpu,515
2258,yolo_x_cpu,611
2259,yolo_x_cpu,718
2260,yolo_x_cpu,574
2261,yolo_x_cpu,563
2262,yolo_x_cpu,607
2263,yolo_x_cpu,472
2264,yolo_x_cpu,448
2265,yolo_x_cpu,350
2266,yolo_x_cpu,516
2267,yolo_x_cpu,484
2268,yolo_x_cpu,488
2269,yolo_x_cpu,392
2270,yolo_x_cpu,365
2271,yolo_x_cpu,678
2272,yolo_x_cpu,519
2273,yolo_x_cpu,489
2274,yolo_x_cpu,485
2275,yolo_x_cpu,618
2276,yolo_x_cpu,734
2277,yolo_x_cpu,650
2278,yolo_x_cpu,534
2279,yolo_x_cpu,489
2280,yolo_x_cpu,511
2281,yolo_x_cpu,427
2282,yolo_x_cpu,428
2283,yolo_x_cpu,543
2284,yolo_x_cpu,443
2285,yolo_x_cpu,461
2286,yolo_x_cpu,577
2287,yolo_x_cpu,644
2288,yolo_x_cpu,660
2289,yolo_x_cpu,603
2290,yolo_x_cpu,554
2291,yolo_x_cpu,552
2292,yolo_x_cpu,506
2293,yolo_x_cpu,466
2294,yolo_x_cpu,487
2295,yolo_x_cpu,441
2296,yolo_x_cpu,565
2297,yolo_x_cpu,483
2298,yolo_x_cpu,511
2299,yolo_x_cpu,439
2300,yolo_x_cpu,503
2301,yolo_x_cpu,346
2302,yolo_x_cpu,354
2303,yolo_x_cpu,298
2304,yolo_x_cpu,350
2305,yolo_x_cpu,364
2306,yolo_x_cpu,411
2307,yolo_x_cpu,435
2308,yolo_x_cpu,580
2309,yolo_x_cpu,418
2310,yolo_x_cpu,384
2311,yolo_x_cpu,391
2312,yolo_x_cpu,469
2313,yolo_x_cpu,458
2314,yolo_x_cpu,407
2315,yolo_x_cpu,321
2316,yolo_x_cpu,311
2317,yolo_x_cpu,273
2318,yolo_x_cpu,342
2319,yolo_x_cpu,401
2320,yolo_x_cpu,436
2321,yolo_x_cpu,359
2322,yolo_x_cpu,379
2323,yolo_x_cpu,433
2324,yolo_x_cpu,350
2325,yolo_x_cpu,411
2326,yolo_x_cpu,279
2327,yolo_x_cpu,330
2328,yolo_x_cpu,458
2329,yolo_x_cpu,366
2330,yolo_x_cpu,309
2331,yolo_x_cpu,283
2332,yolo_x_cpu,249
2333,yolo_x_cpu,251
2334,yolo_x_cpu,314
2335,yolo_x_cpu,267
2336,yolo_x_cpu,334
2337,yolo_x_cpu,387
2338,yolo_x_cpu,307
2339,yolo_x_cpu,299
2340,yolo_x_cpu,300
2341,yolo_x_cpu,233
2342,yolo_x_cpu,240
2343,yolo_x_cpu,348
2344,yolo_x_cpu,239
2345,yolo_x_cpu,308
2346,yolo_x_cpu,309
2347,yolo_x_cpu,314
2348,yolo_x_cpu,219
2349,yolo_x_cpu,290
2350,yolo_x_cpu,351
2351,yolo_x_cpu,244
2352,yolo_x_cpu,237
2353,yolo_x_cpu,300
2354,yolo_x_cpu,397
2355,yolo_x_cpu,212
2356,yolo_x_cpu,214
2357,yolo_x_cpu,256
2358,yolo_x_cpu,299
2359,yolo_x_cpu,278
2360,yolo_x_cpu,224
2361,yolo_x_cpu,259
2362,yolo_x_cpu,260
2363,yolo_x_cpu,296
2364,yolo_x_cpu,277
2365,yolo_x_cpu,219
2366,yolo_x_cpu,211
2367,yolo_x_cpu,192
2368,yolo_x_cpu,277
2369,yolo_x_cpu,316
2370,yolo_x_cpu,208
2371,yolo_x_cpu,354
2372,yolo_x_cpu,216
2373,yolo_x_cpu,202
2374,yolo_x_cpu,225
2375,yolo_x_cpu,164
2376,yolo_x_cpu,196
2377,yolo_x_cpu,278
2378,yolo_x_cpu,180
2379,yolo_x_cpu,249
2380,yolo_x_cpu,243
2381,yolo_x_cpu,201
2382,yolo_x_cpu,130
2383,yolo_x_cpu,158
2384,yolo_x_cpu,148
2385,yolo_x_cpu,169
2386,yolo_x_cpu,205
2387,yolo_x_cpu,185
2388,yolo_x_cpu,197
2389,yolo_x_cpu,181
2390,yolo_x_cpu,179
2391,yolo_x_cpu,157
2392,yolo_x_cpu,179
2393,yolo_x_cpu,156
2394,yolo_x_cpu,160
2395,yolo_x_cpu,159
2396,yolo_x_cpu,183
2397,yolo_x_cpu,149
2398,yolo_x_cpu,170
2399,yolo_x_cpu,164
2400,yolo_x_cpu,112
2401,yolo_x_cpu,124
2402,yolo_x_cpu,161
2403,yolo_x_cpu,78
2404,yolo_x_cpu,179
2405,yolo_x_cpu,211
2406,yolo_x_cpu,140
2407,yolo_x_cpu,188
2408,yolo_x_cpu,119
2409,yolo_x_cpu,148
2410,yolo_x_cpu,104
2411,yolo_x_cpu,176
2412,yolo_x_cpu,107
2413,yolo_x_cpu,120
2414,yolo_x_cpu,197
2415,yolo_x_cpu,149
2416,yolo_x_cpu,168
2417,yolo_x_cpu,85
2418,yolo_x_cpu,91
2419,yolo_x_cpu,137
2420,yolo_x_cpu,127
2421,yolo_x_cpu,89
2422,yolo_x_cpu,91
2423,yolo_x_cpu,108
2424,yolo_x_cpu,87
2425,yolo_x_cpu,49
2426,yolo_x_cpu,57
2427,yolo_x_cpu,70
2428,yolo_x_cpu,59
2429,yolo_x_cpu,68
2430,yolo_x_cpu,140
2431,yolo_x_cpu,71
2432,yolo_x_cpu,65
2433,yolo_x_cpu,74
2434,yolo_x_cpu,60
2435,yolo_x_cpu,100
2436,yolo_x_cpu,31
2437,yolo_x_cpu,62
2438,yolo_x_cpu,70
2439,yolo_x_cpu,66
2440,yolo_x_cpu,58
2441,yolo_x_cpu,59
2442,yolo_x_cpu,46
2443,yolo_x_cpu,85
2444,yolo_x_cpu,102
2445,yolo_x_cpu,109
2446,yolo_x_cpu,129
2447,yolo_x_cpu,74
2448,yolo_x_cpu,101
2449,yolo_x_cpu,65
2450,yolo_x_cpu,92
2451,yolo_x_cpu,94
2452,yolo_x_cpu,77
2453,yolo_x_cpu,71
2454,yolo_x_cpu,91
2455,yolo_x_cpu,140
2456,yolo_x_cpu,115
2457,yolo_x_cpu,145
2458,yolo_x_cpu,110
2459,yolo_x_cpu,69
2460,yolo_x_cpu,79
2461,yolo_x_cpu,165
2462,yolo_x_cpu,88
2463,yolo_x_cpu,117
2464,yolo_x_cpu,82
2465,yolo_x_cpu,117
2466,yolo_x_cpu,60
2467,yolo_x_cpu,59
2468,yolo_x_cpu,110
2469,yolo_x_cpu,49
2470,yolo_x_cpu,89
2471,yolo_x_cpu,55
2472,yolo_x_cpu,25
2473,yolo_x_cpu,76
2474,yolo_x_cpu,102
2475,yolo_x_cpu,107
2476,yolo_x_cpu,79
2477,yolo_x_cpu,67
2478,yolo_x_cpu,115
2479,yolo_x_cpu,82
2480,yolo_x_cpu,89
2481,yolo_x_cpu,109
2482,yolo_x_cpu,132
2483,yolo_x_cpu,54
2484,yolo_x_cpu,60
2485,yolo_x_cpu,54
2486,yolo_x_cpu,65
2487,yolo_x_cpu,40
2488,yolo_x_cpu,44
2489,yolo_x_cpu,10
2490,yolo_x_cpu,45
2491,yolo_x_cpu,30
2492,yolo_x_cpu,65
2493,yolo_x_cpu,72
2494,yolo_x_cpu,69
2495,yolo_x_cpu,78
2496,yolo_x_cpu,54
2497,yolo_x_cpu,44
2498,yolo_x_cpu,29
2499,yolo_x_cpu,97
2500,yolo_x_cpu,17
2501,yolo_x_cpu,14
2502,yolo_x_cpu,20
2503,yolo_x_cpu,20
2504,yolo_x_cpu,16
2505,yolo_x_cpu,20
2506,yolo_x_cpu,29
2507,yolo_x_cpu,28
2508,yolo_x_cpu,16
2509,yolo_x_cpu,12
2510,yolo_x_cpu,24
2511,yolo_x_cpu,32
2512,yolo_x_cpu,61
2513,yolo_x_cpu,74
2514,yolo_x_cpu,104
2515,yolo_x_cpu,93
2516,yolo_x_cpu,72
2517,yolo_x_cpu,59
2518,yolo_x_cpu,39
2519,yolo_x_cpu,27
2520,yolo_x_cpu,34
2521,yolo_x_cpu,27
2522,yolo_x_cpu,15
2523,yolo_x_cpu,31
2524,yolo_x_cpu,29
2525,yolo_x_cpu,14
2526,yolo_x_cpu,34
2527,yolo_x_cpu,43
2528,yolo_x_cpu,38
2529,yolo_x_cpu,21
2530,yolo_x_cpu,33
2531,yolo_x_cpu,26
2532,yolo_x_cpu,22
2533,yolo_x_cpu,23
2534,yolo_x_cpu,33
2535,yolo_x_cpu,23
2536,yolo_x_cpu,19
2537,yolo_x_cpu,30
2538,yolo_x_cpu,10
2539,yolo_x_cpu,30
2540,yolo_x_cpu,14
2541,yolo_x_cpu,15
2542,yolo_x_cpu,11
2543,yolo_x_cpu,16
2544,yolo_x_cpu,9
2545,yolo_x_cpu,9
2546,yolo_x_cpu,30
2547,yolo_x_cpu,32
2548,yolo_x_cpu,27
2549,yolo_x_cpu,16
2550,yolo_x_cpu,15
2551,yolo_x_cpu,31
2552,yolo_x_cpu,23
2553,yolo_x_cpu,25
2554,yolo_x_cpu,20
2555,yolo_x_cpu,19
2556,yolo_x_cpu,11
2557,yolo_x_cpu,20
2558,yolo_x_cpu,16
2559,yolo_x_cpu,18
2560,yolo_x_cpu,7
2561,yolo_x_cpu,11
2562,yolo_x_cpu,15
2563,yolo_x_cpu,41
2564,yolo_x_cpu,19
2565,yolo_x_cpu,10
2566,yolo_x_cpu,16
2567,yolo_x_cpu,12
2568,yolo_x_cpu,14
2569,yolo_x_cpu,7
2570,yolo_x_cpu,8
2571,yolo_x_cpu,12
2572,yolo_x_cpu,3
2573,yolo_x_cpu,10
2574,yolo_x_cpu,3
2575,yolo_x_cpu,10
2576,yolo_x_cpu,10
2577,yolo_x_cpu,24
2578,yolo_x_cpu,9
2579,yolo_x_cpu,10
2580,yolo_x_cpu,9
2581,yolo_x_cpu,8
2582,yolo_x_cpu,9
2583,yolo_x_cpu,22
2584,yolo_x_cpu,4
2585,yolo_x_cpu,20
2586,yolo_x_cpu,7
2587,yolo_x_cpu,15
2588,yolo_x_cpu,8
2589,yolo_x_cpu,9
2590,yolo_x_cpu,8
2591,yolo_x_cpu,7
2592,yolo_x_cpu,9
2593,yolo_x_cpu,24
2594,yolo_x_cpu,5
2595,yolo_x_cpu,2
2596,yolo_x_cpu,20
2597,yolo_x_cpu,6
2598,yolo_x_cpu,15
2599,yolo_x_cpu,10
2600,yolo_x_cpu,12
2601,yolo_x_cpu,4
2602,yolo_x_cpu,1
2603,yolo_x_cpu,1
2604,yolo_x_cpu,9
2605,yolo_x_cpu,7
2606,yolo_x_cpu,2
2607,yolo_x_cpu,7
2608,yolo_x_cpu,7
2609,yolo_x_cpu,30
2610,yolo_x_cpu,42
2611,yolo_x_cpu,27
2612,yolo_x_cpu,55
2613,yolo_x_cpu,31
2614,yolo_x_cpu,16
2615,yolo_x_cpu,20
2616,yolo_x_cpu,12
2617,yolo_x_cpu,1
2618,yolo_x_cpu,5
2619,yolo_x_cpu,7
2620,yolo_x_cpu,6
2621,yolo_x_cpu,15
2622,yolo_x_cpu,15
2623,yolo_x_cpu,23
2624,yolo_x_cpu,1
2625,yolo_x_cpu,2
2626,yolo_x_cpu,12
2627,yolo_x_cpu,7
2628,yolo_x_cpu,3
2629,yolo_x_cpu,9
2630,yolo_x_cpu,12
2631,yolo_x_cpu,0
2632,yolo_x_cpu,4
2633,yolo_x_cpu,14
2634,yolo_x_cpu,7
2635,yolo_x_cpu,36
2636,yolo_x_cpu,14
2637,yolo_x_cpu,12
2638,yolo_x_cpu,15
2639,yolo_x_cpu,5
2640,yolo_x_cpu,4
2641,yolo_x_cpu,11
2642,yolo_x_cpu,8
2643,yolo_x_cpu,23
2644,yolo_x_cpu,7
2645,yolo_x_cpu,11
2646,yolo_x_cpu,7
2647,yolo_x_cpu,5
2648,yolo_x_cpu,5
2649,yolo_x_cpu,5
2650,yolo_x_cpu,20
2651,yolo_x_cpu,15
2652,yolo_x_cpu,21
2653,yolo_x_cpu,28
2654,yolo_x_cpu,30
2655,yolo_x_cpu,178
2656,yolo_x_cpu,152
2657,yolo_x_cpu,75
2658,yolo_x_cpu,93
2659,yolo_x_cpu,56
2660,yolo_x_cpu,28
2661,yolo_x_cpu,2
2662,yolo_x_cpu,24
2663,yolo_x_cpu,20
2664,yolo_x_cpu,7
2665,yolo_x_cpu,4
2666,yolo_x_cpu,24
2667,yolo_x_cpu,7
2668,yolo_x_cpu,14
2669,yolo_x_cpu,15
2670,yolo_x_cpu,6
2671,yolo_x_cpu,10
2672,yolo_x_cpu,4
2673,yolo_x_cpu,1
2674,yolo_x_cpu,22
2675,yolo_x_cpu,17
2676,yolo_x_cpu,9
2677,yolo_x_cpu,13
2678,yolo_x_cpu,5
2679,yolo_x_cpu,24
2680,yolo_x_cpu,21
2681,yolo_x_cpu,34
2682,yolo_x_cpu,14
2683,yolo_x_cpu,7
2684,yolo_x_cpu,8
2685,yolo_x_cpu,3
2686,yolo_x_cpu,23
2687,yolo_x_cpu,7
2688,yolo_x_cpu,4
2689,yolo_x_cpu,9
2690,yolo_x_cpu,4
2691,yolo_x_cpu,8
2692,yolo_x_cpu,4
2693,yolo_x_cpu,17
2694,yolo_x_cpu,11
2695,yolo_x_cpu,33
2696,yolo_x_cpu,17
2697,yolo_x_cpu,19
2698,yolo_x_cpu,11
2699,yolo_x_cpu,20
2700,yolo_x_cpu,14
2701,yolo_x_cpu,11
2702,yolo_x_cpu,14
2703,yolo_x_cpu,33
2704,yolo_x_cpu,14
2705,yolo_x_cpu,17
2706,yolo_x_cpu,27
2707,yolo_x_cpu,11
2708,yolo_x_cpu,24
2709,yolo_x_cpu,24
2710,yolo_x_cpu,5
2711,yolo_x_cpu,13
2712,yolo_x_cpu,29
2713,yolo_x_cpu,41
2714,yolo_x_cpu,30
2715,yolo_x_cpu,13
2716,yolo_x_cpu,14
2717,yolo_x_cpu,7
2718,yolo_x_cpu,9
2719,yolo_x_cpu,13
2720,yolo_x_cpu,8
2721,yolo_x_cpu,6
2722,yolo_x_cpu,13
2723,yolo_x_cpu,21
2724,yolo_x_cpu,31
2725,yolo_x_cpu,12
2726,yolo_x_cpu,18
2727,yolo_x_cpu,19
2728,yolo_x_cpu,36
2729,yolo_x_cpu,6
2730,yolo_x_cpu,18
2731,yolo_x_cpu,27
2732,yolo_x_cpu,18
2733,yolo_x_cpu,21
2734,yolo_x_cpu,24
2735,yolo_x_cpu,11
2736,yolo_x_cpu,10
2737,yolo_x_cpu,17
2738,yolo_x_cpu,19
2739,yolo_x_cpu,17
2740,yolo_x_cpu,63
2741,yolo_x_cpu,6
2742,yolo_x_cpu,10
2743,yolo_x_cpu,12
2744,yolo_x_cpu,23
2745,yolo_x_cpu,21
2746,yolo_x_cpu,50
2747,yolo_x_cpu,36
2748,yolo_x_cpu,26
2749,yolo_x_cpu,17
2750,yolo_x_cpu,19
2751,yolo_x_cpu,28
2752,yolo_x_cpu,53
2753,yolo_x_cpu,89
2754,yolo_x_cpu,35
2755,yolo_x_cpu,78
2756,yolo_x_cpu,92
2757,yolo_x_cpu,46
2758,yolo_x_cpu,72
2759,yolo_x_cpu,77
2760,yolo_x_cpu,31
2761,yolo_x_cpu,46
2762,yolo_x_cpu,36
2763,yolo_x_cpu,83
2764,yolo_x_cpu,29
2765,yolo_x_cpu,64
2766,yolo_x_cpu,38
2767,yolo_x_cpu,42
2768,yolo_x_cpu,94
2769,yolo_x_cpu,89
2770,yolo_x_cpu,53
2771,yolo_x_cpu,92
2772,yolo_x_cpu,71
2773,yolo_x_cpu,50
2774,yolo_x_cpu,92
2775,yolo_x_cpu,70
2776,yolo_x_cpu,76
2777,yolo_x_cpu,40
2778,yolo_x_cpu,54
2779,yolo_x_cpu,62
2780,yolo_x_cpu,75
2781,yolo_x_cpu,83
2782,yolo_x_cpu,129
2783,yolo_x_cpu,47
2784,yolo_x_cpu,38
2785,yolo_x_cpu,89
2786,yolo_x_cpu,84
2787,yolo_x_cpu,89
2788,yolo_x_cpu,121
2789,yolo_x_cpu,171
2790,yolo_x_cpu,46
2791,yolo_x_cpu,50
2792,yolo_x_cpu,45
2793,yolo_x_cpu,37
2794,yolo_x_cpu,105
2795,yolo_x_cpu,93
2796,yolo_x_cpu,139
2797,yolo_x_cpu,54
2798,yolo_x_cpu,85
2799,yolo_x_cpu,84
2800,yolo_x_cpu,93
2801,yolo_x_cpu,80
2802,yolo_x_cpu,187
2803,yolo_x_cpu,126
2804,yolo_x_cpu,65
2805,yolo_x_cpu,89
2806,yolo_x_cpu,336
2807,yolo_x_cpu,258
2808,yolo_x_cpu,103
2809,yolo_x_cpu,92
2810,yolo_x_cpu,82
2811,yolo_x_cpu,53
2812,yolo_x_cpu,99
2813,yolo_x_cpu,97
2814,yolo_x_cpu,95
2815,yolo_x_cpu,94
2816,yolo_x_cpu,118
2817,yolo_x_cpu,264
2818,yolo_x_cpu,206
2819,yolo_x_cpu,144
2820,yolo_x_cpu,145
2821,yolo_x_cpu,115
2822,yolo_x_cpu,132
2823,yolo_x_cpu,123
2824,yolo_x_cpu,142
2825,yolo_x_cpu,115
2826,yolo_x_cpu,97
2827,yolo_x_cpu,124
2828,yolo_x_cpu,151
2829,yolo_x_cpu,80
2830,yolo_x_cpu,97
2831,yolo_x_cpu,144
2832,yolo_x_cpu,207
2833,yolo_x_cpu,98
2834,yolo_x_cpu,112
2835,yolo_x_cpu,141
2836,yolo_x_cpu,153
2837,yolo_x_cpu,115
2838,yolo_x_cpu,164
2839,yolo_x_cpu,152
2840,yolo_x_cpu,170
2841,yolo_x_cpu,204
2842,yolo_x_cpu,290
2843,yolo_x_cpu,312
2844,yolo_x_cpu,150
2845,yolo_x_cpu,134
2846,yolo_x_cpu,174
2847,yolo_x_cpu,117
2848,yolo_x_cpu,112
2849,yolo_x_cpu,137
2850,yolo_x_cpu,100
2851,yolo_x_cpu,339
2852,yolo_x_cpu,181
2853,yolo_x_cpu,163
2854,yolo_x_cpu,103
2855,yolo_x_cpu,201
2856,yolo_x_cpu,117
2857,yolo_x_cpu,106
2858,yolo_x_cpu,102
2859,yolo_x_cpu,78
2860,yolo_x_cpu,133
2861,yolo_x_cpu,125
2862,yolo_x_cpu,217
2863,yolo_x_cpu,115
2864,yolo_x_cpu,147
2865,yolo_x_cpu,81
2866,yolo_x_cpu,141
2867,yolo_x_cpu,138
2868,yolo_x_cpu,147
2869,yolo_x_cpu,168
2870,yolo_x_cpu,111
2871,yolo_x_cpu,138
2872,yolo_x_cpu,132
2873,yolo_x_cpu,176
2874,yolo_x_cpu,162
2875,yolo_x_cpu,165
2876,yolo_x_cpu,121
2877,yolo_x_cpu,214
2878,yolo_x_cpu,139
2879,yolo_x_cpu,157
2880,yolo_x_cpu,179
2881,yolo_x_cpu,151
2882,yolo_x_cpu,117
2883,yolo_x_cpu,149
2884,yolo_x_cpu,115
2885,yolo_x_cpu,222
2886,yolo_x_cpu,247
2887,yolo_x_cpu,178
2888,yolo_x_cpu,183
2889,yolo_x_cpu,159
2890,yolo_x_cpu,237
2891,yolo_x_cpu,178
2892,yolo_x_cpu,196
2893,yolo_x_cpu,248
2894,yolo_x_cpu,238
2895,yolo_x_cpu,246
2896,yolo_x_cpu,228
2897,yolo_x_cpu,236
2898,yolo_x_cpu,266
2899,yolo_x_cpu,232
2900,yolo_x_cpu,165
2901,yolo_x_cpu,235
2902,yolo_x_cpu,322
2903,yolo_x_cpu,235
2904,yolo_x_cpu,192
2905,yolo_x_cpu,170
2906,yolo_x_cpu,165
2907,yolo_x_cpu,265
2908,yolo_x_cpu,319
2909,yolo_x_cpu,242
2910,yolo_x_cpu,274
2911,yolo_x_cpu,177
2912,yolo_x_cpu,193
2913,yolo_x_cpu,139
2914,yolo_x_cpu,197
2915,yolo_x_cpu,186
2916,yolo_x_cpu,167
2917,yolo_x_cpu,193
2918,yolo_x_cpu,237
2919,yolo_x_cpu,222
2920,yolo_x_cpu,323
2921,yolo_x_cpu,241
2922,yolo_x_cpu,182
2923,yolo_x_cpu,156
2924,yolo_x_cpu,164
2925,yolo_x_cpu,203
2926,yolo_x_cpu,182
2927,yolo_x_cpu,279
2928,yolo_x_cpu,283
2929,yolo_x_cpu,284
2930,yolo_x_cpu,241
2931,yolo_x_cpu,300
2932,yolo_x_cpu,222
2933,yolo_x_cpu,213
2934,yolo_x_cpu,339
2935,yolo_x_cpu,244
2936,yolo_x_cpu,216
2937,yolo_x_cpu,225
2938,yolo_x_cpu,283
2939,yolo_x_cpu,218
2940,yolo_x_cpu,278
2941,yolo_x_cpu,195
2942,yolo_x_cpu,238
2943,yolo_x_cpu,342
2944,yolo_x_cpu,265
2945,yolo_x_cpu,270
2946,yolo_x_cpu,243
2947,yolo_x_cpu,213
2948,yolo_x_cpu,232
2949,yolo_x_cpu,246
2950,yolo_x_cpu,315
2951,yolo_x_cpu,258
2952,yolo_x_cpu,314
2953,yolo_x_cpu,279
2954,yolo_x_cpu,351
2955,yolo_x_cpu,220
2956,yolo_x_cpu,284
2957,yolo_x_cpu,364
2958,yolo_x_cpu,222
2959,yolo_x_cpu,239
2960,yolo_x_cpu,231
2961,yolo_x_cpu,217
2962,yolo_x_cpu,298
2963,yolo_x_cpu,308
2964,yolo_x_cpu,282
2965,yolo_x_cpu,256
2966,yolo_x_cpu,423
2967,yolo_x_cpu,362
2968,yolo_x_cpu,302
2969,yolo_x_cpu,354
2970,yolo_x_cpu,296
2971,yolo_x_cpu,301
2972,yolo_x_cpu,392
2973,yolo_x_cpu,300
2974,yolo_x_cpu,358
2975,yolo_x_cpu,392
2976,yolo_x_cpu,268
2977,yolo_x_cpu,360
2978,yolo_x_cpu,189
2979,yolo_x_cpu,291
2980,yolo_x_cpu,243
2981,yolo_x_cpu,249
2982,yolo_x_cpu,198
2983,yolo_x_cpu,296
2984,yolo_x_cpu,293
2985,yolo_x_cpu,243
2986,yolo_x_cpu,197
2987,yolo_x_cpu,219
2988,yolo_x_cpu,204
2989,yolo_x_cpu,211
2990,yolo_x_cpu,225
2991,yolo_x_cpu,296
2992,yolo_x_cpu,296
2993,yolo_x_cpu,327
2994,yolo_x_cpu,370
2995,yolo_x_cpu,331
2996,yolo_x_cpu,325
2997,yolo_x_cpu,379
2998,yolo_x_cpu,412
2999,yolo_x_cpu,344
3000,yolo_x_cpu,330
3001,yolo_x_cpu,315
3002,yolo_x_cpu,326
3003,yolo_x_cpu,326
3004,yolo_x_cpu,345
3005,yolo_x_cpu,356
3006,yolo_x_cpu,316
3007,yolo_x_cpu,283
3008,yolo_x_cpu,310
3009,yolo_x_cpu,256
3010,yolo_x_cpu,223
3011,yolo_x_cpu,299
3012,yolo_x_cpu,189
3013,yolo_x_cpu,283
3014,yolo_x_cpu,243
3015,yolo_x_cpu,232
3016,yolo_x_cpu,198
3017,yolo_x_cpu,261
3018,yolo_x_cpu,317
3019,yolo_x_cpu,497
3020,yolo_x_cpu,363
3021,yolo_x_cpu,335
3022,yolo_x_cpu,354
3023,yolo_x_cpu,278
3024,yolo_x_cpu,257
3025,yolo_x_cpu,263
3026,yolo_x_cpu,284
3027,yolo_x_cpu,284
3028,yolo_x_cpu,245
3029,yolo_x_cpu,264
3030,yolo_x_cpu,255
3031,yolo_x_cpu,283
3032,yolo_x_cpu,481
3033,yolo_x_cpu,266
3034,yolo_x_cpu,354
3035,yolo_x_cpu,397
3036,yolo_x_cpu,429
3037,yolo_x_cpu,217
3038,yolo_x_cpu,269
3039,yolo_x_cpu,323
3040,yolo_x_cpu,417
3041,yolo_x_cpu,456
3042,yolo_x_cpu,291
3043,yolo_x_cpu,294
3044,yolo_x_cpu,287
3045,yolo_x_cpu,399
3046,yolo_x_cpu,327
3047,yolo_x_cpu,335
3048,yolo_x_cpu,292
3049,yolo_x_cpu,446
3050,yolo_x_cpu,300
3051,yolo_x_cpu,321
3052,yolo_x_cpu,267
3053,yolo_x_cpu,207
3054,yolo_x_cpu,288
3055,yolo_x_cpu,292
3056,yolo_x_cpu,368
3057,yolo_x_cpu,276
3058,yolo_x_cpu,369
3059,yolo_x_cpu,241
3060,yolo_x_cpu,277
3061,yolo_x_cpu,355
3062,yolo_x_cpu,345
3063,yolo_x_cpu,322
3064,yolo_x_cpu,385
3065,yolo_x_cpu,326
3066,yolo_x_cpu,335
3067,yolo_x_cpu,295
3068,yolo_x_cpu,313
3069,yolo_x_cpu,255
3070,yolo_x_cpu,325
3071,yolo_x_cpu,275
3072,yolo_x_cpu,336
3073,yolo_x_cpu,470
3074,yolo_x_cpu,258
3075,yolo_x_cpu,226
3076,yolo_x_cpu,369
3077,yolo_x_cpu,290
3078,yolo_x_cpu,407
3079,yolo_x_cpu,357
3080,yolo_x_cpu,355
3081,yolo_x_cpu,335
3082,yolo_x_cpu,304
3083,yolo_x_cpu,333
3084,yolo_x_cpu,299
3085,yolo_x_cpu,271
3086,yolo_x_cpu,271
3087,yolo_x_cpu,344
3088,yolo_x_cpu,364
3089,yolo_x_cpu,305
3090,yolo_x_cpu,299
3091,yolo_x_cpu,316
3092,yolo_x_cpu,244
3093,yolo_x_cpu,329
3094,yolo_x_cpu,401
3095,yolo_x_cpu,499
3096,yolo_x_cpu,366
3097,yolo_x_cpu,344
3098,yolo_x_cpu,286
3099,yolo_x_cpu,334
3100,yolo_x_cpu,358
3101,yolo_x_cpu,359
3102,yolo_x_cpu,413
3103,yolo_x_cpu,393
3104,yolo_x_cpu,317
3105,yolo_x_cpu,323
3106,yolo_x_cpu,267
3107,yolo_x_cpu,250
3108,yolo_x_cpu,219
3109,yolo_x_cpu,171
3110,yolo_x_cpu,194
3111,yolo_x_cpu,230
3112,yolo_x_cpu,187
3113,yolo_x_cpu,206
3114,yolo_x_cpu,321
3115,yolo_x_cpu,303
3116,yolo_x_cpu,278
3117,yolo_x_cpu,275
3118,yolo_x_cpu,490
3119,yolo_x_cpu,367
3120,yolo_x_cpu,296
3121,yolo_x_cpu,272
3122,yolo_x_cpu,317
3123,yolo_x_cpu,267
3124,yolo_x_cpu,268
3125,yolo_x_cpu,269
3126,yolo_x_cpu,242
3127,yolo_x_cpu,237
3128,yolo_x_cpu,370
3129,yolo_x_cpu,267
3130,yolo_x_cpu,222
3131,yolo_x_cpu,256
3132,yolo_x_cpu,269
3133,yolo_x_cpu,315
3134,yolo_x_cpu,225
3135,yolo_x_cpu,178
3136,yolo_x_cpu,288
3137,yolo_x_cpu,316
3138,yolo_x_cpu,255
3139,yolo_x_cpu,282
3140,yolo_x_cpu,222
3141,yolo_x_cpu,254
3142,yolo_x_cpu,302
3143,yolo_x_cpu,265
3144,yolo_x_cpu,224
3145,yolo_x_cpu,267
3146,yolo_x_cpu,252
3147,yolo_x_cpu,370
3148,yolo_x_cpu,337
3149,yolo_x_cpu,188
3150,yolo_x_cpu,412
3151,yolo_x_cpu,518
3152,yolo_x_cpu,432
3153,yolo_x_cpu,336
3154,yolo_x_cpu,305
3155,yolo_x_cpu,303
3156,yolo_x_cpu,343
3157,yolo_x_cpu,365
3158,yolo_x_cpu,325
3159,yolo_x_cpu,243
3160,yolo_x_cpu,228
3161,yolo_x_cpu,274
3162,yolo_x_cpu,289
3163,yolo_x_cpu,334
3164,yolo_x_cpu,236
3165,yolo_x_cpu,276
3166,yolo_x_cpu,256
3167,yolo_x_cpu,356
3168,yolo_x_cpu,305
3169,yolo_x_cpu,330
3170,yolo_x_cpu,385
3171,yolo_x_cpu,281
3172,yolo_x_cpu,304
3173,yolo_x_cpu,345
3174,yolo_x_cpu,294
3175,yolo_x_cpu,222
3176,yolo_x_cpu,329
3177,yolo_x_cpu,208
3178,yolo_x_cpu,215
3179,yolo_x_cpu,279
3180,yolo_x_cpu,270
3181,yolo_x_cpu,289
3182,yolo_x_cpu,284
3183,yolo_x_cpu,210
3184,yolo_x_cpu,349
3185,yolo_x_cpu,398
3186,yolo_x_cpu,291
3187,yolo_x_cpu,369
3188,yolo_x_cpu,320
3189,yolo_x_cpu,362
3190,yolo_x_cpu,352
3191,yolo_x_cpu,371
3192,yolo_x_cpu,292
3193,yolo_x_cpu,300
3194,yolo_x_cpu,343
3195,yolo_x_cpu,390
3196,yolo_x_cpu,315
3197,yolo_x_cpu,302
3198,yolo_x_cpu,366
3199,yolo_x_cpu,386
3200,yolo_x_cpu,333
3201,yolo_x_cpu,390
3202,yolo_x_cpu,379
3203,yolo_x_cpu,376
3204,yolo_x_cpu,338
3205,yolo_x_cpu,251
3206,yolo_x_cpu,225
3207,yolo_x_cpu,300
3208,yolo_x_cpu,332
3209,yolo_x_cpu,285
3210,yolo_x_cpu,252
3211,yolo_x_cpu,244
3212,yolo_x_cpu,247
3213,yolo_x_cpu,333
3214,yolo_x_cpu,249
3215,yolo_x_cpu,257
3216,yolo_x_cpu,265
3217,yolo_x_cpu,256
3218,yolo_x_cpu,295
3219,yolo_x_cpu,279
3220,yolo_x_cpu,263
3221,yolo_x_cpu,267
3222,yolo_x_cpu,258
3223,yolo_x_cpu,253
3224,yolo_x_cpu,404
3225,yolo_x_cpu,257
3226,yolo_x_cpu,224
3227,yolo_x_cpu,245
3228,yolo_x_cpu,267
3229,yolo_x_cpu,233
3230,yolo_x_cpu,268
3231,yolo_x_cpu,375
3232,yolo_x_cpu,284
3233,yolo_x_cpu,271
3234,yolo_x_cpu,356
3235,yolo_x_cpu,286
3236,yolo_x_cpu,330
3237,yolo_x_cpu,257
3238,yolo_x_cpu,324
3239,yolo_x_cpu,254
3240,yolo_x_cpu,239
3241,yolo_x_cpu,399
3242,yolo_x_cpu,267
3243,yolo_x_cpu,226
3244,yolo_x_cpu,220
3245,yolo_x_cpu,436
3246,yolo_x_cpu,250
3247,yolo_x_cpu,254
3248,yolo_x_cpu,234
3249,yolo_x_cpu,161
3250,yolo_x_cpu,224
3251,yolo_x_cpu,238
3252,yolo_x_cpu,194
3253,yolo_x_cpu,211
3254,yolo_x_cpu,217
3255,yolo_x_cpu,300
3256,yolo_x_cpu,260
3257,yolo_x_cpu,255
3258,yolo_x_cpu,256
3259,yolo_x_cpu,275
3260,yolo_x_cpu,327
3261,yolo_x_cpu,229
3262,yolo_x_cpu,235
3263,yolo_x_cpu,197
3264,yolo_x_cpu,265
3265,yolo_x_cpu,274
3266,yolo_x_cpu,332
3267,yolo_x_cpu,278
3268,yolo_x_cpu,236
3269,yolo_x_cpu,310
3270,yolo_x_cpu,174
3271,yolo_x_cpu,270
3272,yolo_x_cpu,261
3273,yolo_x_cpu,268
3274,yolo_x_cpu,230
3275,yolo_x_cpu,315
3276,yolo_x_cpu,300
3277,yolo_x_cpu,194
3278,yolo_x_cpu,156
3279,yolo_x_cpu,219
3280,yolo_x_cpu,186
3281,yolo_x_cpu,293
3282,yolo_x_cpu,242
3283,yolo_x_cpu,261
3284,yolo_x_cpu,226
3285,yolo_x_cpu,251
3286,yolo_x_cpu,282
3287,yolo_x_cpu,301
3288,yolo_x_cpu,253
3289,yolo_x_cpu,257
3290,yolo_x_cpu,265
3291,yolo_x_cpu,231
3292,yolo_x_cpu,280
3293,yolo_x_cpu,221
3294,yolo_x_cpu,180
3295,yolo_x_cpu,228
3296,yolo_x_cpu,256
3297,yolo_x_cpu,226
3298,yolo_x_cpu,223
3299,yolo_x_cpu,267
3300,yolo_x_cpu,280
3301,yolo_x_cpu,236
3302,yolo_x_cpu,281
3303,yolo_x_cpu,298
3304,yolo_x_cpu,318
3305,yolo_x_cpu,371
3306,yolo_x_cpu,337
3307,yolo_x_cpu,326
3308,yolo_x_cpu,268
3309,yolo_x_cpu,288
3310,yolo_x_cpu,296
3311,yolo_x_cpu,296
3312,yolo_x_cpu,258
3313,yolo_x_cpu,342
3314,yolo_x_cpu,416
3315,yolo_x_cpu,217
3316,yolo_x_cpu,266
3317,yolo_x_cpu,310
3318,yolo_x_cpu,341
3319,yolo_x_cpu,320
3320,yolo_x_cpu,312
3321,yolo_x_cpu,389
3322,yolo_x_cpu,367
3323,yolo_x_cpu,357
3324,yolo_x_cpu,303
3325,yolo_x_cpu,396
3326,yolo_x_cpu,376
3327,yolo_x_cpu,320
3328,yolo_x_cpu,294
3329,yolo_x_cpu,281
3330,yolo_x_cpu,319
3331,yolo_x_cpu,269
3332,yolo_x_cpu,289
3333,yolo_x_cpu,241
3334,yolo_x_cpu,280
3335,yolo_x_cpu,282
3336,yolo_x_cpu,228
3337,yolo_x_cpu,296
3338,yolo_x_cpu,341
3339,yolo_x_cpu,319
3340,yolo_x_cpu,307
3341,yolo_x_cpu,333
3342,yolo_x_cpu,300
3343,yolo_x_cpu,407
3344,yolo_x_cpu,251
3345,yolo_x_cpu,343
3346,yolo_x_cpu,239
3347,yolo_x_cpu,253
3348,yolo_x_cpu,317
3349,yolo_x_cpu,274
3350,yolo_x_cpu,242
3351,yolo_x_cpu,276
3352,yolo_x_cpu,304
3353,yolo_x_cpu,346
3354,yolo_x_cpu,315
3355,yolo_x_cpu,365
3356,yolo_x_cpu,386
3357,yolo_x_cpu,276
3358,yolo_x_cpu,190
3359,yolo_x_cpu,267
3360,yolo_x_cpu,350
3361,yolo_x_cpu,326
3362,yolo_x_cpu,334
3363,yolo_x_cpu,255
3364,yolo_x_cpu,261
3365,yolo_x_cpu,292
3366,yolo_x_cpu,271
3367,yolo_x_cpu,274
3368,yolo_x_cpu,272
3369,yolo_x_cpu,329
3370,yolo_x_cpu,329
3371,yolo_x_cpu,297
3372,yolo_x_cpu,314
3373,yolo_x_cpu,421
3374,yolo_x_cpu,371
3375,yolo_x_cpu,366
3376,yolo_x_cpu,315
3377,yolo_x_cpu,400
3378,yolo_x_cpu,345
3379,yolo_x_cpu,377
3380,yolo_x_cpu,413
3381,yolo_x_cpu,313
3382,yolo_x_cpu,322
3383,yolo_x_cpu,345
3384,yolo_x_cpu,227
3385,yolo_x_cpu,304
3386,yolo_x_cpu,243
3387,yolo_x_cpu,226
3388,yolo_x_cpu,282
3389,yolo_x_cpu,388
3390,yolo_x_cpu,354
3391,yolo_x_cpu,304
3392,yolo_x_cpu,302
3393,yolo_x_cpu,306
3394,yolo_x_cpu,306
3395,yolo_x_cpu,296
3396,yolo_x_cpu,193
3397,yolo_x_cpu,276
3398,yolo_x_cpu,284
3399,yolo_x_cpu,254
3400,yolo_x_cpu,304
3401,yolo_x_cpu,242
3402,yolo_x_cpu,221
3403,yolo_x_cpu,255
3404,yolo_x_cpu,239
3405,yolo_x_cpu,267
3406,yolo_x_cpu,234
3407,yolo_x_cpu,347
3408,yolo_x_cpu,287
3409,yolo_x_cpu,333
3410,yolo_x_cpu,194
3411,yolo_x_cpu,247
3412,yolo_x_cpu,217
3413,yolo_x_cpu,223
3414,yolo_x_cpu,206
3415,yolo_x_cpu,234
3416,yolo_x_cpu,309
3417,yolo_x_cpu,338
3418,yolo_x_cpu,447
3419,yolo_x_cpu,329
3420,yolo_x_cpu,431
3421,yolo_x_cpu,407
3422,yolo_x_cpu,341
3423,yolo_x_cpu,371
3424,yolo_x_cpu,417
3425,yolo_x_cpu,320
3426,yolo_x_cpu,282
3427,yolo_x_cpu,286
3428,yolo_x_cpu,306
3429,yolo_x_cpu,260
3430,yolo_x_cpu,235
3431,yolo_x_cpu,304
3432,yolo_x_cpu,273
3433,yolo_x_cpu,217
3434,yolo_x_cpu,278
3435,yolo_x_cpu,380
3436,yolo_x_cpu,364
3437,yolo_x_cpu,419
3438,yolo_x_cpu,300
3439,yolo_x_cpu,293
3440,yolo_x_cpu,312
3441,yolo_x_cpu,318
3442,yolo_x_cpu,377
3443,yolo_x_cpu,444
3444,yolo_x_cpu,372
3445,yolo_x_cpu,371
3446,yolo_x_cpu,375
3447,yolo_x_cpu,341
3448,yolo_x_cpu,325
3449,yolo_x_cpu,323
3450,yolo_x_cpu,396
3451,yolo_x_cpu,332
3452,yolo_x_cpu,351
3453,yolo_x_cpu,381
3454,yolo_x_cpu,389
3455,yolo_x_cpu,363
3456,yolo_x_cpu,313
3457,yolo_x_cpu,363
3458,yolo_x_cpu,525
3459,yolo_x_cpu,324
3460,yolo_x_cpu,350
3461,yolo_x_cpu,316
3462,yolo_x_cpu,381
3463,yolo_x_cpu,375
3464,yolo_x_cpu,237
3465,yolo_x_cpu,270
3466,yolo_x_cpu,304
3467,yolo_x_cpu,272
3468,yolo_x_cpu,372
3469,yolo_x_cpu,322
3470,yolo_x_cpu,262
3471,yolo_x_cpu,307
3472,yolo_x_cpu,304
3473,yolo_x_cpu,282
3474,yolo_x_cpu,405
3475,yolo_x_cpu,273
3476,yolo_x_cpu,228
3477,yolo_x_cpu,260
3478,yolo_x_cpu,269
3479,yolo_x_cpu,250
3480,yolo_x_cpu,302
3481,yolo_x_cpu,307
3482,yolo_x_cpu,305
3483,yolo_x_cpu,243
3484,yolo_x_cpu,242
3485,yolo_x_cpu,254
3486,yolo_x_cpu,234
3487,yolo_x_cpu,292
3488,yolo_x_cpu,302
3489,yolo_x_cpu,401
3490,yolo_x_cpu,305
3491,yolo_x_cpu,295
3492,yolo_x_cpu,218
3493,yolo_x_cpu,224
3494,yolo_x_cpu,241
3495,yolo_x_cpu,302
3496,yolo_x_cpu,340
3497,yolo_x_cpu,359
3498,yolo_x_cpu,372
3499,yolo_x_cpu,221
3500,yolo_x_cpu,270
3501,yolo_x_cpu,330
3502,yolo_x_cpu,345
3503,yolo_x_cpu,231
3504,yolo_x_cpu,278
3505,yolo_x_cpu,277
3506,yolo_x_cpu,345
3507,yolo_x_cpu,426
3508,yolo_x_cpu,322
3509,yolo_x_cpu,345
3510,yolo_x_cpu,440
3511,yolo_x_cpu,407
3512,yolo_x_cpu,378
3513,yolo_x_cpu,309
3514,yolo_x_cpu,308
3515,yolo_x_cpu,330
3516,yolo_x_cpu,341
3517,yolo_x_cpu,377
3518,yolo_x_cpu,356
3519,yolo_x_cpu,376
3520,yolo_x_cpu,371
3521,yolo_x_cpu,551
3522,yolo_x_cpu,468
3523,yolo_x_cpu,328
3524,yolo_x_cpu,421
3525,yolo_x_cpu,333
3526,yolo_x_cpu,326
3527,yolo_x_cpu,307
3528,yolo_x_cpu,274
3529,yolo_x_cpu,271
3530,yolo_x_cpu,297
3531,yolo_x_cpu,343
3532,yolo_x_cpu,396
3533,yolo_x_cpu,423
3534,yolo_x_cpu,329
3535,yolo_x_cpu,271
3536,yolo_x_cpu,320
3537,yolo_x_cpu,373
3538,yolo_x_cpu,381
3539,yolo_x_cpu,357
3540,yolo_x_cpu,436
3541,yolo_x_cpu,408
3542,yolo_x_cpu,459
3543,yolo_x_cpu,385
3544,yolo_x_cpu,423
3545,yolo_x_cpu,398
3546,yolo_x_cpu,354
3547,yolo_x_cpu,304
3548,yolo_x_cpu,408
3549,yolo_x_cpu,338
3550,yolo_x_cpu,304
3551,yolo_x_cpu,255
3552,yolo_x_cpu,374
3553,yolo_x_cpu,400
3554,yolo_x_cpu,345
3555,yolo_x_cpu,448
3556,yolo_x_cpu,404
3557,yolo_x_cpu,306
3558,yolo_x_cpu,301
3559,yolo_x_cpu,359
3560,yolo_x_cpu,389
3561,yolo_x_cpu,414
3562,yolo_x_cpu,450
3563,yolo_x_cpu,370
3564,yolo_x_cpu,493
3565,yolo_x_cpu,333
3566,yolo_x_cpu,348
3567,yolo_x_cpu,414
3568,yolo_x_cpu,342
3569,yolo_x_cpu,464
3570,yolo_x_cpu,387
3571,yolo_x_cpu,485
3572,yolo_x_cpu,410
3573,yolo_x_cpu,589
3574,yolo_x_cpu,441
3575,yolo_x_cpu,431
3576,yolo_x_cpu,385
3577,yolo_x_cpu,452
3578,yolo_x_cpu,428
3579,yolo_x_cpu,437
3580,yolo_x_cpu,418
3581,yolo_x_cpu,487
3582,yolo_x_cpu,447
3583,yolo_x_cpu,429
3584,yolo_x_cpu,375
3585,yolo_x_cpu,458
3586,yolo_x_cpu,423
3587,yolo_x_cpu,351
3588,yolo_x_cpu,563
3589,yolo_x_cpu,462
3590,yolo_x_cpu,444
3591,yolo_x_cpu,496
3592,yolo_x_cpu,420
3593,yolo_x_cpu,424
3594,yolo_x_cpu,483
3595,yolo_x_cpu,509
3596,yolo_x_cpu,497
3597,yolo_x_cpu,620
3598,yolo_x_cpu,483
3599,yolo_x_cpu,478
3600,yolo_x_cpu,585
3601,yolo_x_cpu,555
3602,yolo_x_cpu,560
3603,yolo_x_cpu,461
3604,yolo_x_cpu,519
3605,yolo_x_cpu,711
3606,yolo_x_cpu,583
3607,yolo_x_cpu,665
3608,yolo_x_cpu,578
3609,yolo_x_cpu,538
3610,yolo_x_cpu,627
3611,yolo_x_cpu,526
3612,yolo_x_cpu,504
3613,yolo_x_cpu,578
3614,yolo_x_cpu,687
3615,yolo_x_cpu,559
3616,yolo_x_cpu,570
3617,yolo_x_cpu,585
3618,yolo_x_cpu,459
3619,yolo_x_cpu,601
3620,yolo_x_cpu,482
3621,yolo_x_cpu,586
3622,yolo_x_cpu,463
3623,yolo_x_cpu,561
3624,yolo_x_cpu,568
3625,yolo_x_cpu,543
3626,yolo_x_cpu,551
3627,yolo_x_cpu,551
3628,yolo_x_cpu,565
3629,yolo_x_cpu,630
3630,yolo_x_cpu,702
3631,yolo_x_cpu,686
3632,yolo_x_cpu,770
3633,yolo_x_cpu,693
3634,yolo_x_cpu,560
3635,yolo_x_cpu,697
3636,yolo_x_cpu,580
3637,yolo_x_cpu,651
3638,yolo_x_cpu,601
3639,yolo_x_cpu,696
3640,yolo_x_cpu,687
3641,yolo_x_cpu,536
3642,yolo_x_cpu,684
3643,yolo_x_cpu,725
3644,yolo_x_cpu,703
3645,yolo_x_cpu,523
3646,yolo_x_cpu,544
3647,yolo_x_cpu,619
3648,yolo_x_cpu,649
3649,yolo_x_cpu,539
3650,yolo_x_cpu,546
3651,yolo_x_cpu,488
3652,yolo_x_cpu,668
3653,yolo_x_cpu,671
3654,yolo_x_cpu,1015
3655,yolo_x_cpu,546
3656,yolo_x_cpu,569
3657,yolo_x_cpu,512
3658,yolo_x_cpu,672
3659,yolo_x_cpu,637
3660,yolo_x_cpu,611
3661,yolo_x_cpu,621
3662,yolo_x_cpu,543
3663,yolo_x_cpu,559
3664,yolo_x_cpu,722
3665,yolo_x_cpu,619
3666,yolo_x_cpu,644
3667,yolo_x_cpu,606
3668,yolo_x_cpu,577
3669,yolo_x_cpu,621
3670,yolo_x_cpu,677
3671,yolo_x_cpu,595
3672,yolo_x_cpu,597
3673,yolo_x_cpu,735
3674,yolo_x_cpu,542
3675,yolo_x_cpu,635
3676,yolo_x_cpu,561
3677,yolo_x_cpu,548
3678,yolo_x_cpu,640
3679,yolo_x_cpu,676
3680,yolo_x_cpu,552
3681,yolo_x_cpu,898
3682,yolo_x_cpu,745
3683,yolo_x_cpu,674
3684,yolo_x_cpu,686
3685,yolo_x_cpu,742
3686,yolo_x_cpu,715
3687,yolo_x_cpu,551
3688,yolo_x_cpu,551
3689,yolo_x_cpu,768
3690,yolo_x_cpu,620
3691,yolo_x_cpu,614
3692,yolo_x_cpu,684
3693,yolo_x_cpu,646
3694,yolo_x_cpu,619
3695,yolo_x_cpu,743
3696,yolo_x_cpu,532
3697,yolo_x_cpu,533
3698,yolo_x_cpu,570
3699,yolo_x_cpu,581
3700,yolo_x_cpu,547
3701,yolo_x_cpu,529
3702,yolo_x_cpu,599
3703,yolo_x_cpu,544
3704,yolo_x_cpu,511
3705,yolo_x_cpu,554
3706,yolo_x_cpu,633
3707,yolo_x_cpu,624
3708,yolo_x_cpu,473
3709,yolo_x_cpu,608
3710,yolo_x_cpu,562
3711,yolo_x_cpu,452
3712,yolo_x_cpu,444
3713,yolo_x_cpu,473
3714,yolo_x_cpu,442
3715,yolo_x_cpu,453
3716,yolo_x_cpu,461
3717,yolo_x_cpu,502
3718,yolo_x_cpu,476
3719,yolo_x_cpu,439
3720,yolo_x_cpu,480
3721,yolo_x_cpu,498
3722,yolo_x_cpu,538
3723,yolo_x_cpu,439
3724,yolo_x_cpu,541
3725,yolo_x_cpu,481
3726,yolo_x_cpu,452
3727,yolo_x_cpu,488
3728,yolo_x_cpu,461
3729,yolo_x_cpu,486
3730,yolo_x_cpu,418
3731,yolo_x_cpu,439
3732,yolo_x_cpu,414
3733,yolo_x_cpu,357
3734,yolo_x_cpu,505
3735,yolo_x_cpu,482
3736,yolo_x_cpu,457
3737,yolo_x_cpu,379
3738,yolo_x_cpu,467
3739,yolo_x_cpu,520
3740,yolo_x_cpu,531
3741,yolo_x_cpu,499
3742,yolo_x_cpu,610
3743,yolo_x_cpu,418
3744,yolo_x_cpu,485
3745,yolo_x_cpu,347
3746,yolo_x_cpu,498
3747,yolo_x_cpu,337
3748,yolo_x_cpu,380
3749,yolo_x_cpu,296
3750,yolo_x_cpu,307
3751,yolo_x_cpu,371
3752,yolo_x_cpu,443
3753,yolo_x_cpu,378
3754,yolo_x_cpu,342
3755,yolo_x_cpu,350
3756,yolo_x_cpu,326
3757,yolo_x_cpu,325
3758,yolo_x_cpu,386
3759,yolo_x_cpu,314
3760,yolo_x_cpu,668
3761,yolo_x_cpu,216
3762,yolo_x_cpu,263
3763,yolo_x_cpu,394
3764,yolo_x_cpu,246
3765,yolo_x_cpu,397
3766,yolo_x_cpu,277
3767,yolo_x_cpu,310
3768,yolo_x_cpu,276
3769,yolo_x_cpu,330
3770,yolo_x_cpu,341
3771,yolo_x_cpu,372
3772,yolo_x_cpu,327
3773,yolo_x_cpu,357
3774,yolo_x_cpu,397
3775,yolo_x_cpu,316
3776,yolo_x_cpu,310
3777,yolo_x_cpu,247
3778,yolo_x_cpu,268
3779,yolo_x_cpu,287
3780,yolo_x_cpu,282
3781,yolo_x_cpu,245
3782,yolo_x_cpu,346
3783,yolo_x_cpu,312
3784,yolo_x_cpu,264
3785,yolo_x_cpu,230
3786,yolo_x_cpu,241
3787,yolo_x_cpu,264
3788,yolo_x_cpu,243
3789,yolo_x_cpu,190
3790,yolo_x_cpu,200
3791,yolo_x_cpu,283
3792,yolo_x_cpu,253
3793,yolo_x_cpu,245
3794,yolo_x_cpu,288
3795,yolo_x_cpu,344
3796,yolo_x_cpu,219
3797,yolo_x_cpu,257
3798,yolo_x_cpu,344
3799,yolo_x_cpu,351
3800,yolo_x_cpu,266
3801,yolo_x_cpu,229
3802,yolo_x_cpu,182
3803,yolo_x_cpu,217
3804,yolo_x_cpu,226
3805,yolo_x_cpu,288
3806,yolo_x_cpu,277
3807,yolo_x_cpu,180
3808,yolo_x_cpu,297
3809,yolo_x_cpu,327
3810,yolo_x_cpu,248
3811,yolo_x_cpu,191
3812,yolo_x_cpu,191
3813,yolo_x_cpu,198
3814,yolo_x_cpu,120
3815,yolo_x_cpu,126
3816,yolo_x_cpu,127
3817,yolo_x_cpu,169
3818,yolo_x_cpu,186
3819,yolo_x_cpu,140
3820,yolo_x_cpu,121
3821,yolo_x_cpu,122
3822,yolo_x_cpu,157
3823,yolo_x_cpu,108
3824,yolo_x_cpu,127
3825,yolo_x_cpu,84
3826,yolo_x_cpu,130
3827,yolo_x_cpu,137
3828,yolo_x_cpu,223
3829,yolo_x_cpu,157
3830,yolo_x_cpu,116
3831,yolo_x_cpu,135
3832,yolo_x_cpu,177
3833,yolo_x_cpu,108
3834,yolo_x_cpu,172
3835,yolo_x_cpu,197
3836,yolo_x_cpu,177
3837,yolo_x_cpu,124
3838,yolo_x_cpu,117
3839,yolo_x_cpu,129
3840,yolo_x_cpu,222
3841,yolo_x_cpu,177
3842,yolo_x_cpu,101
3843,yolo_x_cpu,108
3844,yolo_x_cpu,128
3845,yolo_x_cpu,166
3846,yolo_x_cpu,125
3847,yolo_x_cpu,108
3848,yolo_x_cpu,91
3849,yolo_x_cpu,299
3850,yolo_x_cpu,119
3851,yolo_x_cpu,84
3852,yolo_x_cpu,109
3853,yolo_x_cpu,116
3854,yolo_x_cpu,101
3855,yolo_x_cpu,101
3856,yolo_x_cpu,113
3857,yolo_x_cpu,108
3858,yolo_x_cpu,128
3859,yolo_x_cpu,179
3860,yolo_x_cpu,173
3861,yolo_x_cpu,81
3862,yolo_x_cpu,63
3863,yolo_x_cpu,105
3864,yolo_x_cpu,105
3865,yolo_x_cpu,82
3866,yolo_x_cpu,79
3867,yolo_x_cpu,95
3868,yolo_x_cpu,141
3869,yolo_x_cpu,54
3870,yolo_x_cpu,71
3871,yolo_x_cpu,100
3872,yolo_x_cpu,95
3873,yolo_x_cpu,73
3874,yolo_x_cpu,99
3875,yolo_x_cpu,131
3876,yolo_x_cpu,120
3877,yolo_x_cpu,89
3878,yolo_x_cpu,155
3879,yolo_x_cpu,84
3880,yolo_x_cpu,67
3881,yolo_x_cpu,101
3882,yolo_x_cpu,115
3883,yolo_x_cpu,95
3884,yolo_x_cpu,105
3885,yolo_x_cpu,90
3886,yolo_x_cpu,49
3887,yolo_x_cpu,66
3888,yolo_x_cpu,51
3889,yolo_x_cpu,71
3890,yolo_x_cpu,73
3891,yolo_x_cpu,49
3892,yolo_x_cpu,56
3893,yolo_x_cpu,59
3894,yolo_x_cpu,46
3895,yolo_x_cpu,62
3896,yolo_x_cpu,40
3897,yolo_x_cpu,53
3898,yolo_x_cpu,34
3899,yolo_x_cpu,52
3900,yolo_x_cpu,62
3901,yolo_x_cpu,34
3902,yolo_x_cpu,42
3903,yolo_x_cpu,32
3904,yolo_x_cpu,27
3905,yolo_x_cpu,20
3906,yolo_x_cpu,35
3907,yolo_x_cpu,33
3908,yolo_x_cpu,41
3909,yolo_x_cpu,46
3910,yolo_x_cpu,66
3911,yolo_x_cpu,16
3912,yolo_x_cpu,32
3913,yolo_x_cpu,20
3914,yolo_x_cpu,28
3915,yolo_x_cpu,34
3916,yolo_x_cpu,54
3917,yolo_x_cpu,52
3918,yolo_x_cpu,49
3919,yolo_x_cpu,69
3920,yolo_x_cpu,67
3921,yolo_x_cpu,40
3922,yolo_x_cpu,64
3923,yolo_x_cpu,39
3924,yolo_x_cpu,45
3925,yolo_x_cpu,26
3926,yolo_x_cpu,32
3927,yolo_x_cpu,28
3928,yolo_x_cpu,30
3929,yolo_x_cpu,24
3930,yolo_x_cpu,33
3931,yolo_x_cpu,22
3932,yolo_x_cpu,15
3933,yolo_x_cpu,20
3934,yolo_x_cpu,16
3935,yolo_x_cpu,23
3936,yolo_x_cpu,77
3937,yolo_x_cpu,35
3938,yolo_x_cpu,93
3939,yolo_x_cpu,87
3940,yolo_x_cpu,15
3941,yolo_x_cpu,22
3942,yolo_x_cpu,33
3943,yolo_x_cpu,41
3944,yolo_x_cpu,21
3945,yolo_x_cpu,15
3946,yolo_x_cpu,11
3947,yolo_x_cpu,28
3948,yolo_x_cpu,57
3949,yolo_x_cpu,30
3950,yolo_x_cpu,55
3951,yolo_x_cpu,78
3952,yolo_x_cpu,67
3953,yolo_x_cpu,64
3954,yolo_x_cpu,27
3955,yolo_x_cpu,47
3956,yolo_x_cpu,14
3957,yolo_x_cpu,17
3958,yolo_x_cpu,17
3959,yolo_x_cpu,8
3960,yolo_x_cpu,22
3961,yolo_x_cpu,29
3962,yolo_x_cpu,53
3963,yolo_x_cpu,22
3964,yolo_x_cpu,11
3965,yolo_x_cpu,14
3966,yolo_x_cpu,14
3967,yolo_x_cpu,133
3968,yolo_x_cpu,95
3969,yolo_x_cpu,43
3970,yolo_x_cpu,12
3971,yolo_x_cpu,40
3972,yolo_x_cpu,48
3973,yolo_x_cpu,19
3974,yolo_x_cpu,11
3975,yolo_x_cpu,27
3976,yolo_x_cpu,44
3977,yolo_x_cpu,18
3978,yolo_x_cpu,17
3979,yolo_x_cpu,11
3980,yolo_x_cpu,19
3981,yolo_x_cpu,18
3982,yolo_x_cpu,21
3983,yolo_x_cpu,13
3984,yolo_x_cpu,12
3985,yolo_x_cpu,0
3986,yolo_x_cpu,5
3987,yolo_x_cpu,3
3988,yolo_x_cpu,3
3989,yolo_x_cpu,3
3990,yolo_x_cpu,11
3991,yolo_x_cpu,20
3992,yolo_x_cpu,3
3993,yolo_x_cpu,18
3994,yolo_x_cpu,12
3995,yolo_x_cpu,12
3996,yolo_x_cpu,22
3997,yolo_x_cpu,26
3998,yolo_x_cpu,2
3999,yolo_x_cpu,10
4000,yolo_x_cpu,15
4001,yolo_x_cpu,29
4002,yolo_x_cpu,29
4003,yolo_x_cpu,25
4004,yolo_x_cpu,82
4005,yolo_x_cpu,49
4006,yolo_x_cpu,17
4007,yolo_x_cpu,20
4008,yolo_x_cpu,11
4009,yolo_x_cpu,9
4010,yolo_x_cpu,12
4011,yolo_x_cpu,29
4012,yolo_x_cpu,1
4013,yolo_x_cpu,6
4014,yolo_x_cpu,9
4015,yolo_x_cpu,19
4016,yolo_x_cpu,47
4017,yolo_x_cpu,17
4018,yolo_x_cpu,19
4019,yolo_x_cpu,4
4020,yolo_x_cpu,2
4021,yolo_x_cpu,9
4022,yolo_x_cpu,4
4023,yolo_x_cpu,21
4024,yolo_x_cpu,17
4025,yolo_x_cpu,24
4026,yolo_x_cpu,11
4027,yolo_x_cpu,5
4028,yolo_x_cpu,11
4029,yolo_x_cpu,3
4030,yolo_x_cpu,6
4031,yolo_x_cpu,26
4032,yolo_x_cpu,8
4033,yolo_x_cpu,15
4034,yolo_x_cpu,4
4035,yolo_x_cpu,27
4036,yolo_x_cpu,38
4037,yolo_x_cpu,4
4038,yolo_x_cpu,20
4039,yolo_x_cpu,14
4040,yolo_x_cpu,17
4041,yolo_x_cpu,7
4042,yolo_x_cpu,29
4043,yolo_x_cpu,35
4044,yolo_x_cpu,24
4045,yolo_x_cpu,19
4046,yolo_x_cpu,19
4047,yolo_x_cpu,54
4048,yolo_x_cpu,38
4049,yolo_x_cpu,31
4050,yolo_x_cpu,14
4051,yolo_x_cpu,26
4052,yolo_x_cpu,10
4053,yolo_x_cpu,10
4054,yolo_x_cpu,13
4055,yolo_x_cpu,28
4056,yolo_x_cpu,11
4057,yolo_x_cpu,6
4058,yolo_x_cpu,16
4059,yolo_x_cpu,3
4060,yolo_x_cpu,2
4061,yolo_x_cpu,8
4062,yolo_x_cpu,1
4063,yolo_x_cpu,2
4064,yolo_x_cpu,3
4065,yolo_x_cpu,3
4066,yolo_x_cpu,12
4067,yolo_x_cpu,12
4068,yolo_x_cpu,7
4069,yolo_x_cpu,15
4070,yolo_x_cpu,2
4071,yolo_x_cpu,5
4072,yolo_x_cpu,9
4073,yolo_x_cpu,12
4074,yolo_x_cpu,4
4075,yolo_x_cpu,2
4076,yolo_x_cpu,3
4077,yolo_x_cpu,2
4078,yolo_x_cpu,4
4079,yolo_x_cpu,1
4080,yolo_x_cpu,7
4081,yolo_x_cpu,9
4082,yolo_x_cpu,11
4083,yolo_x_cpu,12
4084,yolo_x_cpu,29
4085,yolo_x_cpu,4
4086,yolo_x_cpu,7
4087,yolo_x_cpu,7
4088,yolo_x_cpu,40
4089,yolo_x_cpu,10
4090,yolo_x_cpu,6
4091,yolo_x_cpu,9
4092,yolo_x_cpu,9
4093,yolo_x_cpu,5
4094,yolo_x_cpu,23
4095,yolo_x_cpu,15
4096,yolo_x_cpu,27
4097,yolo_x_cpu,28
4098,yolo_x_cpu,30
4099,yolo_x_cpu,49
4100,yolo_x_cpu,30
4101,yolo_x_cpu,7
4102,yolo_x_cpu,2
4103,yolo_x_cpu,29
4104,yolo_x_cpu,7
4105,yolo_x_cpu,3
4106,yolo_x_cpu,5
4107,yolo_x_cpu,2
4108,yolo_x_cpu,10
4109,yolo_x_cpu,3
4110,yolo_x_cpu,7
4111,yolo_x_cpu,4
4112,yolo_x_cpu,9
4113,yolo_x_cpu,6
4114,yolo_x_cpu,7
4115,yolo_x_cpu,4
4116,yolo_x_cpu,6
4117,yolo_x_cpu,7
4118,yolo_x_cpu,14
4119,yolo_x_cpu,17
4120,yolo_x_cpu,8
4121,yolo_x_cpu,9
4122,yolo_x_cpu,32
4123,yolo_x_cpu,24
4124,yolo_x_cpu,14
4125,yolo_x_cpu,20
4126,yolo_x_cpu,22
4127,yolo_x_cpu,4
4128,yolo_x_cpu,19
4129,yolo_x_cpu,15
4130,yolo_x_cpu,59
4131,yolo_x_cpu,55
4132,yolo_x_cpu,20
4133,yolo_x_cpu,11
4134,yolo_x_cpu,21
4135,yolo_x_cpu,17
4136,yolo_x_cpu,19
4137,yolo_x_cpu,10
4138,yolo_x_cpu,16
4139,yolo_x_cpu,8
4140,yolo_x_cpu,10
4141,yolo_x_cpu,60
4142,yolo_x_cpu,40
4143,yolo_x_cpu,15
4144,yolo_x_cpu,17
4145,yolo_x_cpu,12
4146,yolo_x_cpu,23
4147,yolo_x_cpu,5
4148,yolo_x_cpu,23
4149,yolo_x_cpu,44
4150,yolo_x_cpu,21
4151,yolo_x_cpu,27
4152,yolo_x_cpu,36
4153,yolo_x_cpu,46
4154,yolo_x_cpu,45
4155,yolo_x_cpu,43
4156,yolo_x_cpu,96
4157,yolo_x_cpu,103
4158,yolo_x_cpu,46
4159,yolo_x_cpu,88
4160,yolo_x_cpu,46
4161,yolo_x_cpu,79
4162,yolo_x_cpu,19
4163,yolo_x_cpu,44
4164,yolo_x_cpu,65
4165,yolo_x_cpu,26
4166,yolo_x_cpu,34
4167,yolo_x_cpu,51
4168,yolo_x_cpu,31
4169,yolo_x_cpu,14
4170,yolo_x_cpu,24
4171,yolo_x_cpu,37
4172,yolo_x_cpu,55
4173,yolo_x_cpu,31
4174,yolo_x_cpu,40
4175,yolo_x_cpu,26
4176,yolo_x_cpu,23
4177,yolo_x_cpu,50
4178,yolo_x_cpu,49
4179,yolo_x_cpu,33
4180,yolo_x_cpu,10
4181,yolo_x_cpu,30
4182,yolo_x_cpu,19
4183,yolo_x_cpu,49
4184,yolo_x_cpu,45
4185,yolo_x_cpu,16
4186,yolo_x_cpu,18
4187,yolo_x_cpu,27
4188,yolo_x_cpu,10
4189,yolo_x_cpu,31
4190,yolo_x_cpu,17
4191,yolo_x_cpu,22
4192,yolo_x_cpu,30
4193,yolo_x_cpu,33
4194,yolo_x_cpu,33
4195,yolo_x_cpu,43
4196,yolo_x_cpu,38
4197,yolo_x_cpu,50
4198,yolo_x_cpu,57
4199,yolo_x_cpu,88
4200,yolo_x_cpu,20
4201,yolo_x_cpu,54
4202,yolo_x_cpu,63
4203,yolo_x_cpu,71
4204,yolo_x_cpu,56
4205,yolo_x_cpu,39
4206,yolo_x_cpu,75
4207,yolo_x_cpu,65
4208,yolo_x_cpu,84
4209,yolo_x_cpu,96
4210,yolo_x_cpu,141
4211,yolo_x_cpu,53
4212,yolo_x_cpu,92
4213,yolo_x_cpu,69
4214,yolo_x_cpu,55
4215,yolo_x_cpu,61
4216,yolo_x_cpu,59
4217,yolo_x_cpu,62
4218,yolo_x_cpu,103
4219,yolo_x_cpu,125
4220,yolo_x_cpu,156
4221,yolo_x_cpu,77
4222,yolo_x_cpu,59
4223,yolo_x_cpu,47
4224,yolo_x_cpu,75
4225,yolo_x_cpu,158
4226,yolo_x_cpu,67
4227,yolo_x_cpu,79
4228,yolo_x_cpu,105
4229,yolo_x_cpu,133
4230,yolo_x_cpu,103
4231,yolo_x_cpu,90
4232,yolo_x_cpu,92
4233,yolo_x_cpu,92
4234,yolo_x_cpu,94
4235,yolo_x_cpu,72
4236,yolo_x_cpu,97
4237,yolo_x_cpu,86
4238,yolo_x_cpu,120
4239,yolo_x_cpu,148
4240,yolo_x_cpu,115
4241,yolo_x_cpu,118
4242,yolo_x_cpu,84
4243,yolo_x_cpu,78
4244,yolo_x_cpu,146
4245,yolo_x_cpu,174
4246,yolo_x_cpu,160
4247,yolo_x_cpu,104
4248,yolo_x_cpu,186
4249,yolo_x_cpu,196
4250,yolo_x_cpu,172
4251,yolo_x_cpu,167
4252,yolo_x_cpu,186
4253,yolo_x_cpu,111
4254,yolo_x_cpu,195
4255,yolo_x_cpu,170
4256,yolo_x_cpu,115
4257,yolo_x_cpu,123
4258,yolo_x_cpu,82
4259,yolo_x_cpu,183
4260,yolo_x_cpu,162
4261,yolo_x_cpu,213
4262,yolo_x_cpu,126
4263,yolo_x_cpu,208
4264,yolo_x_cpu,129
4265,yolo_x_cpu,167
4266,yolo_x_cpu,166
4267,yolo_x_cpu,148
4268,yolo_x_cpu,181
4269,yolo_x_cpu,277
4270,yolo_x_cpu,196
4271,yolo_x_cpu,128
4272,yolo_x_cpu,186
4273,yolo_x_cpu,163
4274,yolo_x_cpu,200
4275,yolo_x_cpu,186
4276,yolo_x_cpu,256
4277,yolo_x_cpu,201
4278,yolo_x_cpu,294
4279,yolo_x_cpu,258
4280,yolo_x_cpu,283
4281,yolo_x_cpu,144
4282,yolo_x_cpu,184
4283,yolo_x_cpu,245
4284,yolo_x_cpu,238
4285,yolo_x_cpu,170
4286,yolo_x_cpu,173
4287,yolo_x_cpu,200
4288,yolo_x_cpu,167
4289,yolo_x_cpu,202
4290,yolo_x_cpu,236
4291,yolo_x_cpu,216
4292,yolo_x_cpu,198
4293,yolo_x_cpu,266
4294,yolo_x_cpu,259
4295,yolo_x_cpu,243
4296,yolo_x_cpu,237
4297,yolo_x_cpu,264
4298,yolo_x_cpu,257
4299,yolo_x_cpu,250
4300,yolo_x_cpu,256
4301,yolo_x_cpu,273
4302,yolo_x_cpu,335
4303,yolo_x_cpu,349
4304,yolo_x_cpu,296
4305,yolo_x_cpu,350
4306,yolo_x_cpu,346
4307,yolo_x_cpu,440
4308,yolo_x_cpu,361
4309,yolo_x_cpu,345
4310,yolo_x_cpu,296
4311,yolo_x_cpu,336
4312,yolo_x_cpu,429
4313,yolo_x_cpu,306
4314,yolo_x_cpu,426
4315,yolo_x_cpu,485
4316,yolo_x_cpu,459
4317,yolo_x_cpu,357
4318,yolo_x_cpu,352
4319,yolo_x_cpu,372
4320,yolo_x_cpu,415
4321,yolo_x_cpu,415
4322,yolo_x_cpu,423
4323,yolo_x_cpu,408
4324,yolo_x_cpu,381
4325,yolo_x_cpu,378
4326,yolo_x_cpu,385
4327,yolo_x_cpu,343
4328,yolo_x_cpu,437
4329,yolo_x_cpu,327
4330,yolo_x_cpu,422
4331,yolo_x_cpu,423
4332,yolo_x_cpu,378
4333,yolo_x_cpu,497
4334,yolo_x_cpu,444
4335,yolo_x_cpu,458
4336,yolo_x_cpu,404
4337,yolo_x_cpu,444
4338,yolo_x_cpu,362
4339,yolo_x_cpu,451
4340,yolo_x_cpu,515
4341,yolo_x_cpu,459
4342,yolo_x_cpu,582
4343,yolo_x_cpu,503
4344,yolo_x_cpu,428
4345,yolo_x_cpu,472
4346,yolo_x_cpu,479
4347,yolo_x_cpu,502
4348,yolo_x_cpu,488
4349,yolo_x_cpu,558
4350,yolo_x_cpu,520
4351,yolo_x_cpu,428
4352,yolo_x_cpu,509
4353,yolo_x_cpu,568
4354,yolo_x_cpu,536
4355,yolo_x_cpu,578
4356,yolo_x_cpu,608
4357,yolo_x_cpu,564
4358,yolo_x_cpu,641
4359,yolo_x_cpu,484
4360,yolo_x_cpu,496
4361,yolo_x_cpu,523
4362,yolo_x_cpu,530
4363,yolo_x_cpu,534
4364,yolo_x_cpu,517
4365,yolo_x_cpu,491
4366,yolo_x_cpu,436
4367,yolo_x_cpu,421
4368,yolo_x_cpu,417
4369,yolo_x_cpu,468
4370,yolo_x_cpu,445
4371,yolo_x_cpu,418
4372,yolo_x_cpu,464
4373,yolo_x_cpu,546
4374,yolo_x_cpu,529
4375,yolo_x_cpu,437
4376,yolo_x_cpu,491
4377,yolo_x_cpu,428
4378,yolo_x_cpu,492
4379,yolo_x_cpu,499
4380,yolo_x_cpu,533
4381,yolo_x_cpu,720
4382,yolo_x_cpu,476
4383,yolo_x_cpu,566
4384,yolo_x_cpu,504
4385,yolo_x_cpu,556
4386,yolo_x_cpu,578
4387,yolo_x_cpu,529
4388,yolo_x_cpu,558
4389,yolo_x_cpu,570
4390,yolo_x_cpu,659
4391,yolo_x_cpu,682
4392,yolo_x_cpu,885
4393,yolo_x_cpu,590
4394,yolo_x_cpu,630
4395,yolo_x_cpu,560
4396,yolo_x_cpu,559
4397,yolo_x_cpu,583
4398,yolo_x_cpu,556
4399,yolo_x_cpu,515
4400,yolo_x_cpu,677
4401,yolo_x_cpu,485
4402,yolo_x_cpu,603
4403,yolo_x_cpu,654
4404,yolo_x_cpu,616
4405,yolo_x_cpu,545
4406,yolo_x_cpu,662
4407,yolo_x_cpu,776
4408,yolo_x_cpu,805
4409,yolo_x_cpu,715
4410,yolo_x_cpu,757
4411,yolo_x_cpu,767
4412,yolo_x_cpu,728
4413,yolo_x_cpu,738
4414,yolo_x_cpu,591
4415,yolo_x_cpu,653
4416,yolo_x_cpu,689
4417,yolo_x_cpu,558
4418,yolo_x_cpu,588
4419,yolo_x_cpu,586
4420,yolo_x_cpu,559
4421,yolo_x_cpu,648
4422,yolo_x_cpu,470
4423,yolo_x_cpu,534
4424,yolo_x_cpu,684
4425,yolo_x_cpu,617
4426,yolo_x_cpu,575
4427,yolo_x_cpu,752
4428,yolo_x_cpu,627
4429,yolo_x_cpu,626
4430,yolo_x_cpu,631
4431,yolo_x_cpu,632
4432,yolo_x_cpu,636
4433,yolo_x_cpu,755
4434,yolo_x_cpu,616
4435,yolo_x_cpu,700
4436,yolo_x_cpu,892
4437,yolo_x_cpu,590
4438,yolo_x_cpu,748
4439,yolo_x_cpu,794
4440,yolo_x_cpu,654
4441,yolo_x_cpu,731
4442,yolo_x_cpu,746
4443,yolo_x_cpu,715
4444,yolo_x_cpu,549
4445,yolo_x_cpu,538
4446,yolo_x_cpu,593
4447,yolo_x_cpu,517
4448,yolo_x_cpu,626
4449,yolo_x_cpu,686
4450,yolo_x_cpu,765
4451,yolo_x_cpu,705
4452,yolo_x_cpu,673
4453,yolo_x_cpu,755
4454,yolo_x_cpu,685
4455,yolo_x_cpu,783
4456,yolo_x_cpu,737
4457,yolo_x_cpu,728
4458,yolo_x_cpu,671
4459,yolo_x_cpu,691
4460,yolo_x_cpu,652
4461,yolo_x_cpu,728
4462,yolo_x_cpu,717
4463,yolo_x_cpu,682
4464,yolo_x_cpu,791
4465,yolo_x_cpu,678
4466,yolo_x_cpu,739
4467,yolo_x_cpu,704
4468,yolo_x_cpu,695
4469,yolo_x_cpu,677
4470,yolo_x_cpu,736
4471,yolo_x_cpu,700
4472,yolo_x_cpu,470
4473,yolo_x_cpu,645
4474,yolo_x_cpu,701
4475,yolo_x_cpu,575
4476,yolo_x_cpu,584
4477,yolo_x_cpu,609
4478,yolo_x_cpu,595
4479,yolo_x_cpu,560
4480,yolo_x_cpu,558
4481,yolo_x_cpu,749
4482,yolo_x_cpu,642
4483,yolo_x_cpu,641
4484,yolo_x_cpu,673
4485,yolo_x_cpu,629
4486,yolo_x_cpu,702
4487,yolo_x_cpu,656
4488,yolo_x_cpu,653
4489,yolo_x_cpu,743
4490,yolo_x_cpu,664
4491,yolo_x_cpu,695
4492,yolo_x_cpu,739
4493,yolo_x_cpu,731
4494,yolo_x_cpu,752
4495,yolo_x_cpu,911
4496,yolo_x_cpu,715
4497,yolo_x_cpu,787
4498,yolo_x_cpu,654
4499,yolo_x_cpu,753
4500,yolo_x_cpu,715
4501,yolo_x_cpu,689
4502,yolo_x_cpu,644
4503,yolo_x_cpu,736
4504,yolo_x_cpu,699
4505,yolo_x_cpu,595
4506,yolo_x_cpu,754
4507,yolo_x_cpu,699
4508,yolo_x_cpu,556
4509,yolo_x_cpu,686
4510,yolo_x_cpu,649
4511,yolo_x_cpu,740
4512,yolo_x_cpu,704
4513,yolo_x_cpu,720
4514,yolo_x_cpu,523
4515,yolo_x_cpu,538
4516,yolo_x_cpu,623
4517,yolo_x_cpu,581
4518,yolo_x_cpu,614
4519,yolo_x_cpu,568
4520,yolo_x_cpu,676
4521,yolo_x_cpu,672
4522,yolo_x_cpu,685
4523,yolo_x_cpu,780
4524,yolo_x_cpu,690
4525,yolo_x_cpu,602
4526,yolo_x_cpu,667
4527,yolo_x_cpu,645
4528,yolo_x_cpu,565
4529,yolo_x_cpu,582
4530,yolo_x_cpu,612
4531,yolo_x_cpu,675
4532,yolo_x_cpu,555
4533,yolo_x_cpu,619
4534,yolo_x_cpu,660
4535,yolo_x_cpu,744
4536,yolo_x_cpu,712
4537,yolo_x_cpu,708
4538,yolo_x_cpu,695
4539,yolo_x_cpu,652
4540,yolo_x_cpu,645
4541,yolo_x_cpu,682
4542,yolo_x_cpu,603
4543,yolo_x_cpu,667
4544,yolo_x_cpu,809
4545,yolo_x_cpu,771
4546,yolo_x_cpu,777
4547,yolo_x_cpu,741
4548,yolo_x_cpu,920
4549,yolo_x_cpu,727
4550,yolo_x_cpu,757
4551,yolo_x_cpu,830
4552,yolo_x_cpu,748
4553,yolo_x_cpu,700
4554,yolo_x_cpu,647
4555,yolo_x_cpu,771
4556,yolo_x_cpu,725
4557,yolo_x_cpu,592
4558,yolo_x_cpu,707
4559,yolo_x_cpu,635
4560,yolo_x_cpu,652
4561,yolo_x_cpu,655
4562,yolo_x_cpu,833
4563,yolo_x_cpu,711
4564,yolo_x_cpu,771
4565,yolo_x_cpu,758
4566,yolo_x_cpu,726
4567,yolo_x_cpu,820
4568,yolo_x_cpu,823
4569,yolo_x_cpu,763
4570,yolo_x_cpu,840
4571,yolo_x_cpu,848
4572,yolo_x_cpu,924
4573,yolo_x_cpu,849
4574,yolo_x_cpu,901
4575,yolo_x_cpu,1022
4576,yolo_x_cpu,1146
4577,yolo_x_cpu,962
4578,yolo_x_cpu,1058
4579,yolo_x_cpu,1084
4580,yolo_x_cpu,1257
4581,yolo_x_cpu,1146
4582,yolo_x_cpu,1033
4583,yolo_x_cpu,1177
4584,yolo_x_cpu,1241
4585,yolo_x_cpu,1100
4586,yolo_x_cpu,1068
4587,yolo_x_cpu,1209
4588,yolo_x_cpu,1115
4589,yolo_x_cpu,1247
4590,yolo_x_cpu,1379
4591,yolo_x_cpu,1694
4592,yolo_x_cpu,1516
4593,yolo_x_cpu,1480
4594,yolo_x_cpu,1430
4595,yolo_x_cpu,1332
4596,yolo_x_cpu,1421
4597,yolo_x_cpu,1574
4598,yolo_x_cpu,1644
4599,yolo_x_cpu,1686
4600,yolo_x_cpu,1550
4601,yolo_x_cpu,1306
4602,yolo_x_cpu,1447
4603,yolo_x_cpu,1642
4604,yolo_x_cpu,1405
4605,yolo_x_cpu,1394
4606,yolo_x_cpu,1468
4607,yolo_x_cpu,1392
4608,yolo_x_cpu,1344
4609,yolo_x_cpu,1354
4610,yolo_x_cpu,1503
4611,yolo_x_cpu,1373
4612,yolo_x_cpu,1326
4613,yolo_x_cpu,1348
4614,yolo_x_cpu,1630
4615,yolo_x_cpu,1702
4616,yolo_x_cpu,1459
4617,yolo_x_cpu,1538
4618,yolo_x_cpu,1372
4619,yolo_x_cpu,1446
4620,yolo_x_cpu,1516
4621,yolo_x_cpu,1270
4622,yolo_x_cpu,1289
4623,yolo_x_cpu,1278
4624,yolo_x_cpu,1312
4625,yolo_x_cpu,1216
4626,yolo_x_cpu,1276
4627,yolo_x_cpu,1254
4628,yolo_x_cpu,1177
4629,yolo_x_cpu,1253
4630,yolo_x_cpu,1357
4631,yolo_x_cpu,1285
4632,yolo_x_cpu,1201
4633,yolo_x_cpu,1158
4634,yolo_x_cpu,1139
4635,yolo_x_cpu,1038
4636,yolo_x_cpu,1105
4637,yolo_x_cpu,1262
4638,yolo_x_cpu,1214
4639,yolo_x_cpu,1224
4640,yolo_x_cpu,1184
4641,yolo_x_cpu,1098
4642,yolo_x_cpu,1189
4643,yolo_x_cpu,1155
4644,yolo_x_cpu,1115
4645,yolo_x_cpu,1176
4646,yolo_x_cpu,1168
4647,yolo_x_cpu,1122
4648,yolo_x_cpu,1308
4649,yolo_x_cpu,1094
4650,yolo_x_cpu,1193
4651,yolo_x_cpu,1205
4652,yolo_x_cpu,1058
4653,yolo_x_cpu,1161
4654,yolo_x_cpu,1303
4655,yolo_x_cpu,1064
4656,yolo_x_cpu,1753
4657,yolo_x_cpu,1199
4658,yolo_x_cpu,1151
4659,yolo_x_cpu,1153
4660,yolo_x_cpu,1143
4661,yolo_x_cpu,977
4662,yolo_x_cpu,890
4663,yolo_x_cpu,1118
4664,yolo_x_cpu,1093
4665,yolo_x_cpu,1095
4666,yolo_x_cpu,1032
4667,yolo_x_cpu,938
4668,yolo_x_cpu,986
4669,yolo_x_cpu,1019
4670,yolo_x_cpu,1023
4671,yolo_x_cpu,931
4672,yolo_x_cpu,882
4673,yolo_x_cpu,992
4674,yolo_x_cpu,1012
4675,yolo_x_cpu,1168
4676,yolo_x_cpu,1166
4677,yolo_x_cpu,1122
4678,yolo_x_cpu,1067
4679,yolo_x_cpu,1181
4680,yolo_x_cpu,1015
4681,yolo_x_cpu,1189
4682,yolo_x_cpu,955
4683,yolo_x_cpu,1094
4684,yolo_x_cpu,965
4685,yolo_x_cpu,1088
4686,yolo_x_cpu,1094
4687,yolo_x_cpu,936
4688,yolo_x_cpu,980
4689,yolo_x_cpu,1076
4690,yolo_x_cpu,1080
4691,yolo_x_cpu,920
4692,yolo_x_cpu,788
4693,yolo_x_cpu,902
4694,yolo_x_cpu,852
4695,yolo_x_cpu,834
4696,yolo_x_cpu,830
4697,yolo_x_cpu,934
4698,yolo_x_cpu,940
4699,yolo_x_cpu,899
4700,yolo_x_cpu,991
4701,yolo_x_cpu,1123
4702,yolo_x_cpu,1022
4703,yolo_x_cpu,824
4704,yolo_x_cpu,1116
4705,yolo_x_cpu,1034
4706,yolo_x_cpu,901
4707,yolo_x_cpu,817
4708,yolo_x_cpu,729
4709,yolo_x_cpu,819
4710,yolo_x_cpu,868
4711,yolo_x_cpu,943
4712,yolo_x_cpu,941
4713,yolo_x_cpu,764
4714,yolo_x_cpu,945
4715,yolo_x_cpu,1015
4716,yolo_x_cpu,749
4717,yolo_x_cpu,755
4718,yolo_x_cpu,643
4719,yolo_x_cpu,1036
4720,yolo_x_cpu,914
4721,yolo_x_cpu,726
4722,yolo_x_cpu,672
4723,yolo_x_cpu,706
4724,yolo_x_cpu,567
4725,yolo_x_cpu,632
4726,yolo_x_cpu,510
4727,yolo_x_cpu,548
4728,yolo_x_cpu,535
4729,yolo_x_cpu,645
4730,yolo_x_cpu,587
4731,yolo_x_cpu,664
4732,yolo_x_cpu,681
4733,yolo_x_cpu,648
4734,yolo_x_cpu,586
4735,yolo_x_cpu,559
4736,yolo_x_cpu,658
4737,yolo_x_cpu,533
4738,yolo_x_cpu,575
4739,yolo_x_cpu,657
4740,yolo_x_cpu,770
4741,yolo_x_cpu,560
4742,yolo_x_cpu,553
4743,yolo_x_cpu,544
4744,yolo_x_cpu,735
4745,yolo_x_cpu,768
4746,yolo_x_cpu,567
4747,yolo_x_cpu,576
4748,yolo_x_cpu,548
4749,yolo_x_cpu,559
4750,yolo_x_cpu,574
4751,yolo_x_cpu,598
4752,yolo_x_cpu,598
4753,yolo_x_cpu,658
4754,yolo_x_cpu,554
4755,yolo_x_cpu,611
4756,yolo_x_cpu,652
4757,yolo_x_cpu,524
4758,yolo_x_cpu,680
4759,yolo_x_cpu,693
4760,yolo_x_cpu,701
4761,yolo_x_cpu,626
4762,yolo_x_cpu,631
4763,yolo_x_cpu,644
4764,yolo_x_cpu,669
4765,yolo_x_cpu,596
4766,yolo_x_cpu,612
4767,yolo_x_cpu,677
4768,yolo_x_cpu,817
4769,yolo_x_cpu,646
4770,yolo_x_cpu,850
4771,yolo_x_cpu,860
4772,yolo_x_cpu,727
4773,yolo_x_cpu,842
4774,yolo_x_cpu,955
4775,yolo_x_cpu,756
4776,yolo_x_cpu,868
4777,yolo_x_cpu,794
4778,yolo_x_cpu,804
4779,yolo_x_cpu,798
4780,yolo_x_cpu,866
4781,yolo_x_cpu,784
4782,yolo_x_cpu,804
4783,yolo_x_cpu,831
4784,yolo_x_cpu,657
4785,yolo_x_cpu,797
4786,yolo_x_cpu,781
4787,yolo_x_cpu,755
4788,yolo_x_cpu,895
4789,yolo_x_cpu,901
4790,yolo_x_cpu,843
4791,yolo_x_cpu,805
4792,yolo_x_cpu,698
4793,yolo_x_cpu,696
4794,yolo_x_cpu,882
4795,yolo_x_cpu,801
4796,yolo_x_cpu,761
4797,yolo_x_cpu,724
4798,yolo_x_cpu,809
4799,yolo_x_cpu,766
4800,yolo_x_cpu,710
4801,yolo_x_cpu,806
4802,yolo_x_cpu,868
4803,yolo_x_cpu,760
4804,yolo_x_cpu,846
4805,yolo_x_cpu,839
4806,yolo_x_cpu,792
4807,yolo_x_cpu,803
4808,yolo_x_cpu,1230
4809,yolo_x_cpu,1089
4810,yolo_x_cpu,1029
4811,yolo_x_cpu,953
4812,yolo_x_cpu,773
4813,yolo_x_cpu,785
4814,yolo_x_cpu,1005
4815,yolo_x_cpu,834
4816,yolo_x_cpu,845
4817,yolo_x_cpu,738
4818,yolo_x_cpu,729
4819,yolo_x_cpu,980
4820,yolo_x_cpu,1023
4821,yolo_x_cpu,959
4822,yolo_x_cpu,958
4823,yolo_x_cpu,894
4824,yolo_x_cpu,924
4825,yolo_x_cpu,1055
4826,yolo_x_cpu,1087
4827,yolo_x_cpu,1107
4828,yolo_x_cpu,958
4829,yolo_x_cpu,1018
4830,yolo_x_cpu,954
4831,yolo_x_cpu,887
4832,yolo_x_cpu,1001
4833,yolo_x_cpu,954
4834,yolo_x_cpu,1117
4835,yolo_x_cpu,1253
4836,yolo_x_cpu,1267
4837,yolo_x_cpu,1278
4838,yolo_x_cpu,1098
4839,yolo_x_cpu,1092
4840,yolo_x_cpu,1187
4841,yolo_x_cpu,1133
4842,yolo_x_cpu,1042
4843,yolo_x_cpu,1214
4844,yolo_x_cpu,1196
4845,yolo_x_cpu,1203
4846,yolo_x_cpu,1178
4847,yolo_x_cpu,1278
4848,yolo_x_cpu,1248
4849,yolo_x_cpu,1198
4850,yolo_x_cpu,1200
4851,yolo_x_cpu,1285
4852,yolo_x_cpu,1386
4853,yolo_x_cpu,1539
4854,yolo_x_cpu,1315
4855,yolo_x_cpu,1380
4856,yolo_x_cpu,1342
4857,yolo_x_cpu,1347
4858,yolo_x_cpu,1247
4859,yolo_x_cpu,1510
4860,yolo_x_cpu,1378
4861,yolo_x_cpu,1625
4862,yolo_x_cpu,1630
4863,yolo_x_cpu,1684
4864,yolo_x_cpu,1605
4865,yolo_x_cpu,1576
4866,yolo_x_cpu,1640
4867,yolo_x_cpu,1407
4868,yolo_x_cpu,1628
4869,yolo_x_cpu,1557
4870,yolo_x_cpu,1510
4871,yolo_x_cpu,1494
4872,yolo_x_cpu,1511
4873,yolo_x_cpu,1548
4874,yolo_x_cpu,1632
4875,yolo_x_cpu,1495
4876,yolo_x_cpu,1665
4877,yolo_x_cpu,1711
4878,yolo_x_cpu,1725
4879,yolo_x_cpu,1579
4880,yolo_x_cpu,1634
4881,yolo_x_cpu,1618
4882,yolo_x_cpu,1624
4883,yolo_x_cpu,1618
4884,yolo_x_cpu,1596
4885,yolo_x_cpu,1721
4886,yolo_x_cpu,1700
4887,yolo_x_cpu,1718
4888,yolo_x_cpu,1773
4889,yolo_x_cpu,1970
4890,yolo_x_cpu,1789
4891,yolo_x_cpu,1735
4892,yolo_x_cpu,1767
4893,yolo_x_cpu,1751
4894,yolo_x_cpu,1795
4895,yolo_x_cpu,1912
4896,yolo_x_cpu,1777
4897,yolo_x_cpu,1759
4898,yolo_x_cpu,1653
4899,yolo_x_cpu,1565
4900,yolo_x_cpu,1739
4901,yolo_x_cpu,1866
4902,yolo_x_cpu,1978
4903,yolo_x_cpu,1887
4904,yolo_x_cpu,1781
4905,yolo_x_cpu,1717
4906,yolo_x_cpu,2211
4907,yolo_x_cpu,1967
4908,yolo_x_cpu,1821
4909,yolo_x_cpu,1852
4910,yolo_x_cpu,1845
4911,yolo_x_cpu,2089
4912,yolo_x_cpu,1932
4913,yolo_x_cpu,1958
4914,yolo_x_cpu,1924
4915,yolo_x_cpu,1948
4916,yolo_x_cpu,2031
4917,yolo_x_cpu,1997
4918,yolo_x_cpu,1998
4919,yolo_x_cpu,1877
4920,yolo_x_cpu,1888
4921,yolo_x_cpu,1760
4922,yolo_x_cpu,1855
4923,yolo_x_cpu,1908
4924,yolo_x_cpu,1940
4925,yolo_x_cpu,1944
4926,yolo_x_cpu,1986
4927,yolo_x_cpu,1836
4928,yolo_x_cpu,1828
4929,yolo_x_cpu,1910
4930,yolo_x_cpu,2278
4931,yolo_x_cpu,2030
4932,yolo_x_cpu,1897
4933,yolo_x_cpu,1955
4934,yolo_x_cpu,1862
4935,yolo_x_cpu,1732
4936,yolo_x_cpu,1813
4937,yolo_x_cpu,1633
4938,yolo_x_cpu,1828
4939,yolo_x_cpu,1877
4940,yolo_x_cpu,1807
4941,yolo_x_cpu,1999
4942,yolo_x_cpu,1717
4943,yolo_x_cpu,1632
4944,yolo_x_cpu,1696
4945,yolo_x_cpu,1945
4946,yolo_x_cpu,1925
4947,yolo_x_cpu,2029
4948,yolo_x_cpu,1803
4949,yolo_x_cpu,1925
4950,yolo_x_cpu,1802
4951,yolo_x_cpu,1812
4952,yolo_x_cpu,1801
4953,yolo_x_cpu,1797
4954,yolo_x_cpu,1832
4955,yolo_x_cpu,1591
4956,yolo_x_cpu,1779
4957,yolo_x_cpu,1880
4958,yolo_x_cpu,1926
4959,yolo_x_cpu,1789
4960,yolo_x_cpu,1765
4961,yolo_x_cpu,1997
4962,yolo_x_cpu,2156
4963,yolo_x_cpu,1899
4964,yolo_x_cpu,1892
4965,yolo_x_cpu,1879
4966,yolo_x_cpu,1949
4967,yolo_x_cpu,1984
4968,yolo_x_cpu,2034
4969,yolo_x_cpu,1977
4970,yolo_x_cpu,1977
4971,yolo_x_cpu,2030
4972,yolo_x_cpu,1968
4973,yolo_x_cpu,1999
4974,yolo_x_cpu,2053
4975,yolo_x_cpu,2248
4976,yolo_x_cpu,2082
4977,yolo_x_cpu,1987
4978,yolo_x_cpu,1911
4979,yolo_x_cpu,2052
4980,yolo_x_cpu,2076
4981,yolo_x_cpu,2141
4982,yolo_x_cpu,2094
4983,yolo_x_cpu,2140
4984,yolo_x_cpu,2056
4985,yolo_x_cpu,1984
4986,yolo_x_cpu,2384
4987,yolo_x_cpu,2088
4988,yolo_x_cpu,2038
4989,yolo_x_cpu,1954
4990,yolo_x_cpu,1981
4991,yolo_x_cpu,1993
4992,yolo_x_cpu,2193
4993,yolo_x_cpu,2161
4994,yolo_x_cpu,2187
4995,yolo_x_cpu,2307
4996,yolo_x_cpu,2286
4997,yolo_x_cpu,2308
4998,yolo_x_cpu,2275
4999,yolo_x_cpu,2083
5000,yolo_x_cpu,2167
5001,yolo_x_cpu,2401
5002,yolo_x_cpu,2339
5003,yolo_x_cpu,2086
5004,yolo_x_cpu,2030
5005,yolo_x_cpu,2257
5006,yolo_x_cpu,2460
5007,yolo_x_cpu,2266
5008,yolo_x_cpu,2260
5009,yolo_x_cpu,2143
5010,yolo_x_cpu,2190
5011,yolo_x_cpu,2377
5012,yolo_x_cpu,2316
5013,yolo_x_cpu,2425
5014,yolo_x_cpu,2059
5015,yolo_x_cpu,2196
5016,yolo_x_cpu,2234
5017,yolo_x_cpu,2319
5018,yolo_x_cpu,2360
5019,yolo_x_cpu,2235
5020,yolo_x_cpu,2205
5021,yolo_x_cpu,2174
5022,yolo_x_cpu,2366
5023,yolo_x_cpu,2329
5024,yolo_x_cpu,2539
5025,yolo_x_cpu,2472
5026,yolo_x_cpu,2492
5027,yolo_x_cpu,2301
5028,yolo_x_cpu,2337
5029,yolo_x_cpu,2234
5030,yolo_x_cpu,2156
5031,yolo_x_cpu,2297
5032,yolo_x_cpu,2170
5033,yolo_x_cpu,2288
5034,yolo_x_cpu,2145
5035,yolo_x_cpu,1965
5036,yolo_x_cpu,2090
5037,yolo_x_cpu,2205
5038,yolo_x_cpu,2017
5039,yolo_x_cpu,2307
5040,yolo_x_cpu,1877
5041,yolo_x_cpu,2072
5042,yolo_x_cpu,2032
5043,yolo_x_cpu,2238
5044,yolo_x_cpu,2276
5045,yolo_x_cpu,2243
5046,yolo_x_cpu,2153
5047,yolo_x_cpu,2402
5048,yolo_x_cpu,2424
5049,yolo_x_cpu,2329
5050,yolo_x_cpu,2402
5051,yolo_x_cpu,2172
5052,yolo_x_cpu,2528
5053,yolo_x_cpu,2416
5054,yolo_x_cpu,2312
5055,yolo_x_cpu,2196
5056,yolo_x_cpu,2204
5057,yolo_x_cpu,2153
5058,yolo_x_cpu,1977
5059,yolo_x_cpu,2025
5060,yolo_x_cpu,2146
5061,yolo_x_cpu,2013
5062,yolo_x_cpu,2235
5063,yolo_x_cpu,2231
5064,yolo_x_cpu,2612
5065,yolo_x_cpu,2438
5066,yolo_x_cpu,2476
5067,yolo_x_cpu,2273
5068,yolo_x_cpu,2320
5069,yolo_x_cpu,2115
5070,yolo_x_cpu,2247
5071,yolo_x_cpu,2292
5072,yolo_x_cpu,2244
5073,yolo_x_cpu,2360
5074,yolo_x_cpu,2235
5075,yolo_x_cpu,2132
5076,yolo_x_cpu,2260
5077,yolo_x_cpu,2081
5078,yolo_x_cpu,2119
5079,yolo_x_cpu,2259
5080,yolo_x_cpu,2213
5081,yolo_x_cpu,2156
5082,yolo_x_cpu,2185
5083,yolo_x_cpu,2060
5084,yolo_x_cpu,2223
5085,yolo_x_cpu,2262
5086,yolo_x_cpu,2169
5087,yolo_x_cpu,2207
5088,yolo_x_cpu,2085
5089,yolo_x_cpu,1907
5090,yolo_x_cpu,1947
5091,yolo_x_cpu,2096
5092,yolo_x_cpu,2143
5093,yolo_x_cpu,1905
5094,yolo_x_cpu,2261
5095,yolo_x_cpu,2162
5096,yolo_x_cpu,2118
5097,yolo_x_cpu,2284
5098,yolo_x_cpu,2054
5099,yolo_x_cpu,1909
5100,yolo_x_cpu,1811
5101,yolo_x_cpu,2007
5102,yolo_x_cpu,1996
5103,yolo_x_cpu,2128
5104,yolo_x_cpu,2248
5105,yolo_x_cpu,2234
5106,yolo_x_cpu,1944
5107,yolo_x_cpu,1959
5108,yolo_x_cpu,2013
5109,yolo_x_cpu,1909
5110,yolo_x_cpu,1906
5111,yolo_x_cpu,2020
5112,yolo_x_cpu,2060
5113,yolo_x_cpu,2006
5114,yolo_x_cpu,2104
5115,yolo_x_cpu,1970
5116,yolo_x_cpu,1997
5117,yolo_x_cpu,2028
5118,yolo_x_cpu,2006
5119,yolo_x_cpu,2024
5120,yolo_x_cpu,2090
5121,yolo_x_cpu,2043
5122,yolo_x_cpu,1987
5123,yolo_x_cpu,1918
5124,yolo_x_cpu,2035
5125,yolo_x_cpu,1936
5126,yolo_x_cpu,1998
5127,yolo_x_cpu,2073
5128,yolo_x_cpu,1961
5129,yolo_x_cpu,1962
5130,yolo_x_cpu,1893
5131,yolo_x_cpu,1778
5132,yolo_x_cpu,1844
5133,yolo_x_cpu,1758
5134,yolo_x_cpu,1966
5135,yolo_x_cpu,1795
5136,yolo_x_cpu,1665
5137,yolo_x_cpu,1652
5138,yolo_x_cpu,1826
5139,yolo_x_cpu,1939
5140,yolo_x_cpu,2033
5141,yolo_x_cpu,2047
5142,yolo_x_cpu,1913
5143,yolo_x_cpu,1860
5144,yolo_x_cpu,1787
5145,yolo_x_cpu,1622
5146,yolo_x_cpu,1485
5147,yolo_x_cpu,1495
5148,yolo_x_cpu,1501
5149,yolo_x_cpu,1494
5150,yolo_x_cpu,1477
5151,yolo_x_cpu,1604
5152,yolo_x_cpu,1537
5153,yolo_x_cpu,1433
5154,yolo_x_cpu,1669
5155,yolo_x_cpu,1693
5156,yolo_x_cpu,1680
5157,yolo_x_cpu,1589
5158,yolo_x_cpu,1665
5159,yolo_x_cpu,1579
5160,yolo_x_cpu,1500
5161,yolo_x_cpu,1623
5162,yolo_x_cpu,1616
5163,yolo_x_cpu,1594
5164,yolo_x_cpu,1767
5165,yolo_x_cpu,1664
5166,yolo_x_cpu,1460
5167,yolo_x_cpu,1226
5168,yolo_x_cpu,1217
5169,yolo_x_cpu,1305
5170,yolo_x_cpu,1259
5171,yolo_x_cpu,1241
5172,yolo_x_cpu,1249
5173,yolo_x_cpu,1356
5174,yolo_x_cpu,1290
5175,yolo_x_cpu,1143
5176,yolo_x_cpu,1129
5177,yolo_x_cpu,1003
5178,yolo_x_cpu,1042
5179,yolo_x_cpu,1099
5180,yolo_x_cpu,1135
5181,yolo_x_cpu,1107
5182,yolo_x_cpu,1067
5183,yolo_x_cpu,1069
5184,yolo_x_cpu,1283
5185,yolo_x_cpu,1135
5186,yolo_x_cpu,1124
5187,yolo_x_cpu,1067
5188,yolo_x_cpu,1231
5189,yolo_x_cpu,1138
5190,yolo_x_cpu,1193
5191,yolo_x_cpu,1137
5192,yolo_x_cpu,968
5193,yolo_x_cpu,1052
5194,yolo_x_cpu,917
5195,yolo_x_cpu,873
5196,yolo_x_cpu,862
5197,yolo_x_cpu,997
5198,yolo_x_cpu,952
5199,yolo_x_cpu,842
5200,yolo_x_cpu,893
5201,yolo_x_cpu,829
5202,yolo_x_cpu,794
5203,yolo_x_cpu,774
5204,yolo_x_cpu,900
5205,yolo_x_cpu,752
5206,yolo_x_cpu,783
5207,yolo_x_cpu,759
5208,yolo_x_cpu,784
5209,yolo_x_cpu,886
5210,yolo_x_cpu,898
5211,yolo_x_cpu,782
5212,yolo_x_cpu,736
5213,yolo_x_cpu,905
5214,yolo_x_cpu,805
5215,yolo_x_cpu,781
5216,yolo_x_cpu,701
5217,yolo_x_cpu,896
5218,yolo_x_cpu,746
5219,yolo_x_cpu,683
5220,yolo_x_cpu,631
5221,yolo_x_cpu,667
5222,yolo_x_cpu,773
5223,yolo_x_cpu,731
5224,yolo_x_cpu,565
5225,yolo_x_cpu,625
5226,yolo_x_cpu,575
5227,yolo_x_cpu,619
5228,yolo_x_cpu,668
5229,yolo_x_cpu,673
5230,yolo_x_cpu,526
5231,yolo_x_cpu,551
5232,yolo_x_cpu,452
5233,yolo_x_cpu,557
5234,yolo_x_cpu,638
5235,yolo_x_cpu,548
5236,yolo_x_cpu,644
5237,yolo_x_cpu,653
5238,yolo_x_cpu,541
5239,yolo_x_cpu,441
5240,yolo_x_cpu,485
5241,yolo_x_cpu,631
5242,yolo_x_cpu,524
5243,yolo_x_cpu,431
5244,yolo_x_cpu,380
5245,yolo_x_cpu,310
5246,yolo_x_cpu,391
5247,yolo_x_cpu,396
5248,yolo_x_cpu,485
5249,yolo_x_cpu,360
5250,yolo_x_cpu,330
5251,yolo_x_cpu,279
5252,yolo_x_cpu,320
5253,yolo_x_cpu,431
5254,yolo_x_cpu,354
5255,yolo_x_cpu,440
5256,yolo_x_cpu,397
5257,yolo_x_cpu,306
5258,yolo_x_cpu,422
5259,yolo_x_cpu,285
5260,yolo_x_cpu,410
5261,yolo_x_cpu,363
5262,yolo_x_cpu,421
5263,yolo_x_cpu,364
5264,yolo_x_cpu,330
5265,yolo_x_cpu,455
5266,yolo_x_cpu,362
5267,yolo_x_cpu,361
5268,yolo_x_cpu,353
5269,yolo_x_cpu,285
5270,yolo_x_cpu,214
5271,yolo_x_cpu,215
5272,yolo_x_cpu,286
5273,yolo_x_cpu,274
5274,yolo_x_cpu,248
5275,yolo_x_cpu,322
5276,yolo_x_cpu,305
5277,yolo_x_cpu,305
5278,yolo_x_cpu,301
5279,yolo_x_cpu,316
5280,yolo_x_cpu,213
5281,yolo_x_cpu,316
5282,yolo_x_cpu,327
5283,yolo_x_cpu,253
5284,yolo_x_cpu,252
5285,yolo_x_cpu,228
5286,yolo_x_cpu,202
5287,yolo_x_cpu,156
5288,yolo_x_cpu,245
5289,yolo_x_cpu,218
5290,yolo_x_cpu,228
5291,yolo_x_cpu,226
5292,yolo_x_cpu,297
5293,yolo_x_cpu,274
5294,yolo_x_cpu,247
5295,yolo_x_cpu,264
5296,yolo_x_cpu,129
5297,yolo_x_cpu,129
5298,yolo_x_cpu,222
5299,yolo_x_cpu,266
5300,yolo_x_cpu,188
5301,yolo_x_cpu,183
5302,yolo_x_cpu,131
5303,yolo_x_cpu,127
5304,yolo_x_cpu,215
5305,yolo_x_cpu,160
5306,yolo_x_cpu,138
5307,yolo_x_cpu,134
5308,yolo_x_cpu,91
5309,yolo_x_cpu,151
5310,yolo_x_cpu,126
5311,yolo_x_cpu,145
5312,yolo_x_cpu,123
5313,yolo_x_cpu,102
5314,yolo_x_cpu,148
5315,yolo_x_cpu,134
5316,yolo_x_cpu,90
5317,yolo_x_cpu,111
5318,yolo_x_cpu,135
5319,yolo_x_cpu,100
5320,yolo_x_cpu,89
5321,yolo_x_cpu,78
5322,yolo_x_cpu,92
5323,yolo_x_cpu,107
5324,yolo_x_cpu,75
5325,yolo_x_cpu,113
5326,yolo_x_cpu,122
5327,yolo_x_cpu,91
5328,yolo_x_cpu,99
5329,yolo_x_cpu,91
5330,yolo_x_cpu,103
5331,yolo_x_cpu,87
5332,yolo_x_cpu,84
5333,yolo_x_cpu,97
5334,yolo_x_cpu,112
5335,yolo_x_cpu,87
5336,yolo_x_cpu,101
5337,yolo_x_cpu,141
5338,yolo_x_cpu,131
5339,yolo_x_cpu,208
5340,yolo_x_cpu,243
5341,yolo_x_cpu,249
5342,yolo_x_cpu,248
5343,yolo_x_cpu,219
5344,yolo_x_cpu,184
5345,yolo_x_cpu,151
5346,yolo_x_cpu,137
5347,yolo_x_cpu,156
5348,yolo_x_cpu,130
5349,yolo_x_cpu,143
5350,yolo_x_cpu,96
5351,yolo_x_cpu,96
5352,yolo_x_cpu,66
5353,yolo_x_cpu,100
5354,yolo_x_cpu,80
5355,yolo_x_cpu,75
5356,yolo_x_cpu,70
5357,yolo_x_cpu,39
5358,yolo_x_cpu,45
5359,yolo_x_cpu,25
5360,yolo_x_cpu,45
5361,yolo_x_cpu,48
5362,yolo_x_cpu,30
5363,yolo_x_cpu,55
5364,yolo_x_cpu,58
5365,yolo_x_cpu,46
5366,yolo_x_cpu,27
5367,yolo_x_cpu,24
5368,yolo_x_cpu,39
5369,yolo_x_cpu,81
5370,yolo_x_cpu,114
5371,yolo_x_cpu,55
5372,yolo_x_cpu,57
5373,yolo_x_cpu,37
5374,yolo_x_cpu,36
5375,yolo_x_cpu,27
5376,yolo_x_cpu,65
5377,yolo_x_cpu,40
5378,yolo_x_cpu,43
5379,yolo_x_cpu,76
5380,yolo_x_cpu,80
5381,yolo_x_cpu,60
5382,yolo_x_cpu,39
5383,yolo_x_cpu,55
5384,yolo_x_cpu,58
5385,yolo_x_cpu,44
5386,yolo_x_cpu,48
5387,yolo_x_cpu,31
5388,yolo_x_cpu,56
5389,yolo_x_cpu,82
5390,yolo_x_cpu,98
5391,yolo_x_cpu,75
5392,yolo_x_cpu,68
5393,yolo_x_cpu,45
5394,yolo_x_cpu,45
5395,yolo_x_cpu,19
5396,yolo_x_cpu,49
5397,yolo_x_cpu,45
5398,yolo_x_cpu,52
5399,yolo_x_cpu,28
5400,yolo_x_cpu,31
5401,yolo_x_cpu,36
5402,yolo_x_cpu,15
5403,yolo_x_cpu,19
5404,yolo_x_cpu,40
5405,yolo_x_cpu,36
5406,yolo_x_cpu,45
5407,yolo_x_cpu,40
5408,yolo_x_cpu,36
5409,yolo_x_cpu,33
5410,yolo_x_cpu,39
5411,yolo_x_cpu,8
5412,yolo_x_cpu,22
5413,yolo_x_cpu,17
5414,yolo_x_cpu,59
5415,yolo_x_cpu,50
5416,yolo_x_cpu,26
5417,yolo_x_cpu,38
5418,yolo_x_cpu,26
5419,yolo_x_cpu,26
5420,yolo_x_cpu,27
5421,yolo_x_cpu,36
5422,yolo_x_cpu,26
5423,yolo_x_cpu,39
5424,yolo_x_cpu,26
5425,yolo_x_cpu,30
5426,yolo_x_cpu,25
5427,yolo_x_cpu,33
5428,yolo_x_cpu,31
5429,yolo_x_cpu,26
5430,yolo_x_cpu,45
5431,yolo_x_cpu,35
5432,yolo_x_cpu,14
5433,yolo_x_cpu,10
5434,yolo_x_cpu,18
5435,yolo_x_cpu,22
5436,yolo_x_cpu,23
5437,yolo_x_cpu,36
5438,yolo_x_cpu,43
5439,yolo_x_cpu,44
5440,yolo_x_cpu,22
5441,yolo_x_cpu,18
5442,yolo_x_cpu,36
5443,yolo_x_cpu,17
5444,yolo_x_cpu,25
5445,yolo_x_cpu,30
5446,yolo_x_cpu,28
5447,yolo_x_cpu,30
5448,yolo_x_cpu,31
5449,yolo_x_cpu,24
5450,yolo_x_cpu,20
5451,yolo_x_cpu,29
5452,yolo_x_cpu,79
5453,yolo_x_cpu,32
5454,yolo_x_cpu,13
5455,yolo_x_cpu,35
5456,yolo_x_cpu,3
5457,yolo_x_cpu,18
5458,yolo_x_cpu,13
5459,yolo_x_cpu,2
5460,yolo_x_cpu,11
5461,yolo_x_cpu,13
5462,yolo_x_cpu,10
5463,yolo_x_cpu,12
5464,yolo_x_cpu,5
5465,yolo_x_cpu,7
5466,yolo_x_cpu,12
5467,yolo_x_cpu,13
5468,yolo_x_cpu,5
5469,yolo_x_cpu,12
5470,yolo_x_cpu,14
5471,yolo_x_cpu,14
5472,yolo_x_cpu,14
5473,yolo_x_cpu,24
5474,yolo_x_cpu,7
5475,yolo_x_cpu,8
5476,yolo_x_cpu,22
5477,yolo_x_cpu,12
5478,yolo_x_cpu,33
5479,yolo_x_cpu,20
5480,yolo_x_cpu,18
5481,yolo_x_cpu,18
5482,yolo_x_cpu,13
5483,yolo_x_cpu,22
5484,yolo_x_cpu,16
5485,yolo_x_cpu,4
5486,yolo_x_cpu,22
5487,yolo_x_cpu,10
5488,yolo_x_cpu,11
5489,yolo_x_cpu,21
5490,yolo_x_cpu,19
5491,yolo_x_cpu,12
5492,yolo_x_cpu,34
5493,yolo_x_cpu,33
5494,yolo_x_cpu,38
5495,yolo_x_cpu,21
5496,yolo_x_cpu,15
5497,yolo_x_cpu,16
5498,yolo_x_cpu,52
5499,yolo_x_cpu,84
5500,yolo_x_cpu,65
5501,yolo_x_cpu,46
5502,yolo_x_cpu,21
5503,yolo_x_cpu,13
5504,yolo_x_cpu,26
5505,yolo_x_cpu,20
5506,yolo_x_cpu,27
5507,yolo_x_cpu,27
5508,yolo_x_cpu,26
5509,yolo_x_cpu,10
5510,yolo_x_cpu,11
5511,yolo_x_cpu,40
5512,yolo_x_cpu,18
5513,yolo_x_cpu,9
5514,yolo_x_cpu,34
5515,yolo_x_cpu,29
5516,yolo_x_cpu,42
5517,yolo_x_cpu,13
5518,yolo_x_cpu,13
5519,yolo_x_cpu,13
5520,yolo_x_cpu,9
5521,yolo_x_cpu,21
5522,yolo_x_cpu,21
5523,yolo_x_cpu,14
5524,yolo_x_cpu,25
5525,yolo_x_cpu,26
5526,yolo_x_cpu,26
5527,yolo_x_cpu,18
5528,yolo_x_cpu,38
5529,yolo_x_cpu,7
5530,yolo_x_cpu,13
5531,yolo_x_cpu,9
5532,yolo_x_cpu,4
5533,yolo_x_cpu,30
5534,yolo_x_cpu,34
5535,yolo_x_cpu,23
5536,yolo_x_cpu,23
5537,yolo_x_cpu,14
5538,yolo_x_cpu,10
5539,yolo_x_cpu,3
5540,yolo_x_cpu,13
5541,yolo_x_cpu,23
5542,yolo_x_cpu,44
5543,yolo_x_cpu,25
5544,yolo_x_cpu,15
5545,yolo_x_cpu,22
5546,yolo_x_cpu,47
5547,yolo_x_cpu,30
5548,yolo_x_cpu,55
5549,yolo_x_cpu,25
5550,yolo_x_cpu,55
5551,yolo_x_cpu,59
5552,yolo_x_cpu,63
5553,yolo_x_cpu,110
5554,yolo_x_cpu,20
5555,yolo_x_cpu,16
5556,yolo_x_cpu,30
5557,yolo_x_cpu,14
5558,yolo_x_cpu,10
5559,yolo_x_cpu,18
5560,yolo_x_cpu,22
5561,yolo_x_cpu,40
5562,yolo_x_cpu,132
5563,yolo_x_cpu,40
5564,yolo_x_cpu,23
5565,yolo_x_cpu,26
5566,yolo_x_cpu,42
5567,yolo_x_cpu,10
5568,yolo_x_cpu,13
5569,yolo_x_cpu,18
5570,yolo_x_cpu,29
5571,yolo_x_cpu,38
5572,yolo_x_cpu,24
5573,yolo_x_cpu,54
5574,yolo_x_cpu,18
5575,yolo_x_cpu,27
5576,yolo_x_cpu,47
5577,yolo_x_cpu,77
5578,yolo_x_cpu,26
5579,yolo_x_cpu,16
5580,yolo_x_cpu,24
5581,yolo_x_cpu,15
5582,yolo_x_cpu,10
5583,yolo_x_cpu,28
5584,yolo_x_cpu,38
5585,yolo_x_cpu,33
5586,yolo_x_cpu,11
5587,yolo_x_cpu,26
5588,yolo_x_cpu,40
5589,yolo_x_cpu,27
5590,yolo_x_cpu,44
5591,yolo_x_cpu,57
5592,yolo_x_cpu,39
5593,yolo_x_cpu,34
5594,yolo_x_cpu,67
5595,yolo_x_cpu,39
5596,yolo_x_cpu,54
5597,yolo_x_cpu,36
5598,yolo_x_cpu,86
5599,yolo_x_cpu,70
5600,yolo_x_cpu,67
5601,yolo_x_cpu,75
5602,yolo_x_cpu,23
5603,yolo_x_cpu,19
5604,yolo_x_cpu,22
5605,yolo_x_cpu,25
5606,yolo_x_cpu,46
5607,yolo_x_cpu,22
5608,yolo_x_cpu,50
5609,yolo_x_cpu,45
5610,yolo_x_cpu,40
5611,yolo_x_cpu,62
5612,yolo_x_cpu,53
5613,yolo_x_cpu,43
5614,yolo_x_cpu,59
5615,yolo_x_cpu,40
5616,yolo_x_cpu,53
5617,yolo_x_cpu,79
5618,yolo_x_cpu,74
5619,yolo_x_cpu,106
5620,yolo_x_cpu,64
5621,yolo_x_cpu,66
5622,yolo_x_cpu,74
5623,yolo_x_cpu,94
5624,yolo_x_cpu,104
5625,yolo_x_cpu,85
5626,yolo_x_cpu,77
5627,yolo_x_cpu,50
5628,yolo_x_cpu,68
5629,yolo_x_cpu,47
5630,yolo_x_cpu,66
5631,yolo_x_cpu,76
5632,yolo_x_cpu,57
5633,yolo_x_cpu,83
5634,yolo_x_cpu,69
5635,yolo_x_cpu,77
5636,yolo_x_cpu,114
5637,yolo_x_cpu,97
5638,yolo_x_cpu,113
5639,yolo_x_cpu,56
5640,yolo_x_cpu,73
5641,yolo_x_cpu,134
5642,yolo_x_cpu,144
5643,yolo_x_cpu,134
5644,yolo_x_cpu,129
5645,yolo_x_cpu,138
5646,yolo_x_cpu,102
5647,yolo_x_cpu,104
5648,yolo_x_cpu,170
5649,yolo_x_cpu,125
5650,yolo_x_cpu,109
5651,yolo_x_cpu,116
5652,yolo_x_cpu,103
5653,yolo_x_cpu,159
5654,yolo_x_cpu,145
5655,yolo_x_cpu,181
5656,yolo_x_cpu,167
5657,yolo_x_cpu,164
5658,yolo_x_cpu,186
5659,yolo_x_cpu,160
5660,yolo_x_cpu,206
5661,yolo_x_cpu,171
5662,yolo_x_cpu,199
5663,yolo_x_cpu,171
5664,yolo_x_cpu,199
5665,yolo_x_cpu,202
5666,yolo_x_cpu,292
5667,yolo_x_cpu,274
5668,yolo_x_cpu,248
5669,yolo_x_cpu,295
5670,yolo_x_cpu,212
5671,yolo_x_cpu,206
5672,yolo_x_cpu,213
5673,yolo_x_cpu,217
5674,yolo_x_cpu,182
5675,yolo_x_cpu,179
5676,yolo_x_cpu,198
5677,yolo_x_cpu,244
5678,yolo_x_cpu,204
5679,yolo_x_cpu,216
5680,yolo_x_cpu,242
5681,yolo_x_cpu,196
5682,yolo_x_cpu,259
5683,yolo_x_cpu,253
5684,yolo_x_cpu,319
5685,yolo_x_cpu,255
5686,yolo_x_cpu,242
5687,yolo_x_cpu,234
5688,yolo_x_cpu,368
5689,yolo_x_cpu,232
5690,yolo_x_cpu,318
5691,yolo_x_cpu,289
5692,yolo_x_cpu,338
5693,yolo_x_cpu,263
5694,yolo_x_cpu,251
5695,yolo_x_cpu,205
5696,yolo_x_cpu,216
5697,yolo_x_cpu,260
5698,yolo_x_cpu,268
5699,yolo_x_cpu,270
5700,yolo_x_cpu,284
5701,yolo_x_cpu,273
5702,yolo_x_cpu,307
5703,yolo_x_cpu,313
5704,yolo_x_cpu,308
5705,yolo_x_cpu,257
5706,yolo_x_cpu,240
5707,yolo_x_cpu,286
5708,yolo_x_cpu,261
5709,yolo_x_cpu,261
5710,yolo_x_cpu,275
5711,yolo_x_cpu,294
5712,yolo_x_cpu,215
5713,yolo_x_cpu,289
5714,yolo_x_cpu,296
5715,yolo_x_cpu,253
5716,yolo_x_cpu,279
5717,yolo_x_cpu,285
5718,yolo_x_cpu,345
5719,yolo_x_cpu,354
5720,yolo_x_cpu,363
5721,yolo_x_cpu,299
5722,yolo_x_cpu,357
5723,yolo_x_cpu,318
5724,yolo_x_cpu,309
5725,yolo_x_cpu,383
5726,yolo_x_cpu,400
5727,yolo_x_cpu,380
5728,yolo_x_cpu,350
5729,yolo_x_cpu,342
5730,yolo_x_cpu,314
5731,yolo_x_cpu,353
5732,yolo_x_cpu,347
5733,yolo_x_cpu,284
5734,yolo_x_cpu,359
5735,yolo_x_cpu,340
5736,yolo_x_cpu,358
5737,yolo_x_cpu,374
5738,yolo_x_cpu,344
5739,yolo_x_cpu,288
5740,yolo_x_cpu,293
5741,yolo_x_cpu,358
5742,yolo_x_cpu,415
5743,yolo_x_cpu,428
5744,yolo_x_cpu,486
5745,yolo_x_cpu,378
5746,yolo_x_cpu,369
5747,yolo_x_cpu,375
5748,yolo_x_cpu,430
5749,yolo_x_cpu,387
5750,yolo_x_cpu,483
5751,yolo_x_cpu,601
5752,yolo_x_cpu,438
5753,yolo_x_cpu,404
5754,yolo_x_cpu,466
5755,yolo_x_cpu,432
5756,yolo_x_cpu,566
5757,yolo_x_cpu,557
5758,yolo_x_cpu,560
5759,yolo_x_cpu,458
5760,yolo_x_cpu,452
5761,yolo_x_cpu,567
5762,yolo_x_cpu,521
5763,yolo_x_cpu,652
5764,yolo_x_cpu,576
5765,yolo_x_cpu,549
5766,yolo_x_cpu,566
5767,yolo_x_cpu,684
5768,yolo_x_cpu,577
5769,yolo_x_cpu,511
5770,yolo_x_cpu,599
5771,yolo_x_cpu,582
5772,yolo_x_cpu,559
5773,yolo_x_cpu,623
5774,yolo_x_cpu,638
5775,yolo_x_cpu,568
5776,yolo_x_cpu,595
5777,yolo_x_cpu,575
5778,yolo_x_cpu,603
5779,yolo_x_cpu,613
5780,yolo_x_cpu,559
5781,yolo_x_cpu,481
5782,yolo_x_cpu,532
5783,yolo_x_cpu,412
5784,yolo_x_cpu,577
5785,yolo_x_cpu,651
5786,yolo_x_cpu,639
5787,yolo_x_cpu,603
5788,yolo_x_cpu,627
5789,yolo_x_cpu,617
5790,yolo_x_cpu,729
5791,yolo_x_cpu,696
5792,yolo_x_cpu,707
5793,yolo_x_cpu,657
5794,yolo_x_cpu,598
5795,yolo_x_cpu,732
5796,yolo_x_cpu,766
5797,yolo_x_cpu,842
5798,yolo_x_cpu,677
5799,yolo_x_cpu,636
5800,yolo_x_cpu,710
5801,yolo_x_cpu,658
5802,yolo_x_cpu,809
5803,yolo_x_cpu,587
5804,yolo_x_cpu,613
5805,yolo_x_cpu,628
5806,yolo_x_cpu,826
5807,yolo_x_cpu,598
5808,yolo_x_cpu,895
5809,yolo_x_cpu,970
5810,yolo_x_cpu,777
5811,yolo_x_cpu,840
5812,yolo_x_cpu,701
5813,yolo_x_cpu,800
5814,yolo_x_cpu,623
5815,yolo_x_cpu,731
5816,yolo_x_cpu,1000
5817,yolo_x_cpu,933
5818,yolo_x_cpu,1042
5819,yolo_x_cpu,971
5820,yolo_x_cpu,1050
5821,yolo_x_cpu,951
5822,yolo_x_cpu,795
5823,yolo_x_cpu,1027
5824,yolo_x_cpu,961
5825,yolo_x_cpu,782
5826,yolo_x_cpu,983
5827,yolo_x_cpu,835
5828,yolo_x_cpu,998
5829,yolo_x_cpu,820
5830,yolo_x_cpu,653
5831,yolo_x_cpu,825
5832,yolo_x_cpu,726
5833,yolo_x_cpu,782
5834,yolo_x_cpu,965
5835,yolo_x_cpu,801
5836,yolo_x_cpu,758
5837,yolo_x_cpu,686
5838,yolo_x_cpu,731
5839,yolo_x_cpu,771
5840,yolo_x_cpu,761
5841,yolo_x_cpu,670
5842,yolo_x_cpu,740
5843,yolo_x_cpu,886
5844,yolo_x_cpu,811
5845,yolo_x_cpu,629
5846,yolo_x_cpu,621
5847,yolo_x_cpu,715
5848,yolo_x_cpu,754
5849,yolo_x_cpu,696
5850,yolo_x_cpu,834
5851,yolo_x_cpu,835
5852,yolo_x_cpu,840
5853,yolo_x_cpu,763
5854,yolo_x_cpu,666
5855,yolo_x_cpu,594
5856,yolo_x_cpu,722
5857,yolo_x_cpu,684
5858,yolo_x_cpu,701
5859,yolo_x_cpu,734
5860,yolo_x_cpu,683
5861,yolo_x_cpu,894
5862,yolo_x_cpu,726
5863,yolo_x_cpu,699
5864,yolo_x_cpu,731
5865,yolo_x_cpu,565
5866,yolo_x_cpu,722
5867,yolo_x_cpu,563
5868,yolo_x_cpu,517
5869,yolo_x_cpu,607
5870,yolo_x_cpu,626
5871,yolo_x_cpu,685
5872,yolo_x_cpu,730
5873,yolo_x_cpu,726
5874,yolo_x_cpu,694
5875,yolo_x_cpu,910
5876,yolo_x_cpu,784
5877,yolo_x_cpu,656
5878,yolo_x_cpu,562
5879,yolo_x_cpu,670
5880,yolo_x_cpu,656
5881,yolo_x_cpu,685
5882,yolo_x_cpu,723
5883,yolo_x_cpu,678
5884,yolo_x_cpu,667
5885,yolo_x_cpu,766
5886,yolo_x_cpu,607
5887,yolo_x_cpu,745
5888,yolo_x_cpu,742
5889,yolo_x_cpu,792
5890,yolo_x_cpu,760
5891,yolo_x_cpu,657
5892,yolo_x_cpu,841
5893,yolo_x_cpu,713
5894,yolo_x_cpu,662
5895,yolo_x_cpu,631
5896,yolo_x_cpu,682
5897,yolo_x_cpu,766
5898,yolo_x_cpu,707
5899,yolo_x_cpu,726
5900,yolo_x_cpu,880
5901,yolo_x_cpu,701
5902,yolo_x_cpu,802
5903,yolo_x_cpu,806
5904,yolo_x_cpu,768
5905,yolo_x_cpu,597
5906,yolo_x_cpu,692
5907,yolo_x_cpu,663
5908,yolo_x_cpu,629
5909,yolo_x_cpu,566
5910,yolo_x_cpu,618
5911,yolo_x_cpu,744
5912,yolo_x_cpu,855
5913,yolo_x_cpu,856
5914,yolo_x_cpu,678
5915,yolo_x_cpu,800
5916,yolo_x_cpu,839
5917,yolo_x_cpu,700
5918,yolo_x_cpu,624
5919,yolo_x_cpu,611
5920,yolo_x_cpu,749
5921,yolo_x_cpu,666
5922,yolo_x_cpu,631
5923,yolo_x_cpu,725
5924,yolo_x_cpu,643
5925,yolo_x_cpu,709
5926,yolo_x_cpu,674
5927,yolo_x_cpu,731
5928,yolo_x_cpu,706
5929,yolo_x_cpu,592
5930,yolo_x_cpu,669
5931,yolo_x_cpu,751
5932,yolo_x_cpu,724
5933,yolo_x_cpu,893
5934,yolo_x_cpu,797
5935,yolo_x_cpu,620
5936,yolo_x_cpu,579
5937,yolo_x_cpu,665
5938,yolo_x_cpu,659
5939,yolo_x_cpu,678
5940,yolo_x_cpu,730
5941,yolo_x_cpu,848
5942,yolo_x_cpu,1027
5943,yolo_x_cpu,811
5944,yolo_x_cpu,753
5945,yolo_x_cpu,699
5946,yolo_x_cpu,786
5947,yolo_x_cpu,702
5948,yolo_x_cpu,645
5949,yolo_x_cpu,732
5950,yolo_x_cpu,753
5951,yolo_x_cpu,670
5952,yolo_x_cpu,697
5953,yolo_x_cpu,791
5954,yolo_x_cpu,700
5955,yolo_x_cpu,793
5956,yolo_x_cpu,621
5957,yolo_x_cpu,618
5958,yolo_x_cpu,669
5959,yolo_x_cpu,743
5960,yolo_x_cpu,758
5961,yolo_x_cpu,746
5962,yolo_x_cpu,695
5963,yolo_x_cpu,671
5964,yolo_x_cpu,743
5965,yolo_x_cpu,781
5966,yolo_x_cpu,767
5967,yolo_x_cpu,815
5968,yolo_x_cpu,576
5969,yolo_x_cpu,644
5970,yolo_x_cpu,670
5971,yolo_x_cpu,632
5972,yolo_x_cpu,687
5973,yolo_x_cpu,619
5974,yolo_x_cpu,718
5975,yolo_x_cpu,632
5976,yolo_x_cpu,668
5977,yolo_x_cpu,652
5978,yolo_x_cpu,588
5979,yolo_x_cpu,662
5980,yolo_x_cpu,620
5981,yolo_x_cpu,731
5982,yolo_x_cpu,706
5983,yolo_x_cpu,901
5984,yolo_x_cpu,788
5985,yolo_x_cpu,769
5986,yolo_x_cpu,697
5987,yolo_x_cpu,818
5988,yolo_x_cpu,841
5989,yolo_x_cpu,729
5990,yolo_x_cpu,702
5991,yolo_x_cpu,668
5992,yolo_x_cpu,672
5993,yolo_x_cpu,620
5994,yolo_x_cpu,651
5995,yolo_x_cpu,705
5996,yolo_x_cpu,765
5997,yolo_x_cpu,712
5998,yolo_x_cpu,821
5999,yolo_x_cpu,748
6000,yolo_x_cpu,942
6001,yolo_x_cpu,1008
6002,yolo_x_cpu,909
6003,yolo_x_cpu,889
6004,yolo_x_cpu,795
6005,yolo_x_cpu,719
6006,yolo_x_cpu,767
6007,yolo_x_cpu,884
6008,yolo_x_cpu,763
6009,yolo_x_cpu,876
6010,yolo_x_cpu,839
6011,yolo_x_cpu,791
6012,yolo_x_cpu,913
6013,yolo_x_cpu,885
6014,yolo_x_cpu,1043
6015,yolo_x_cpu,902
6016,yolo_x_cpu,971
6017,yolo_x_cpu,1164
6018,yolo_x_cpu,1110
6019,yolo_x_cpu,1047
6020,yolo_x_cpu,1161
6021,yolo_x_cpu,1021
6022,yolo_x_cpu,1211
6023,yolo_x_cpu,1068
6024,yolo_x_cpu,1321
6025,yolo_x_cpu,1336
6026,yolo_x_cpu,1219
6027,yolo_x_cpu,1268
6028,yolo_x_cpu,1133
6029,yolo_x_cpu,1412
6030,yolo_x_cpu,1584
6031,yolo_x_cpu,1668
6032,yolo_x_cpu,1297
6033,yolo_x_cpu,1756
6034,yolo_x_cpu,1842
6035,yolo_x_cpu,1482
6036,yolo_x_cpu,1725
6037,yolo_x_cpu,1677
6038,yolo_x_cpu,1534
6039,yolo_x_cpu,1612
6040,yolo_x_cpu,1643
6041,yolo_x_cpu,1422
6042,yolo_x_cpu,1403
6043,yolo_x_cpu,1508
6044,yolo_x_cpu,1429
6045,yolo_x_cpu,1652
6046,yolo_x_cpu,1496
6047,yolo_x_cpu,1417
6048,yolo_x_cpu,1433
6049,yolo_x_cpu,1492
6050,yolo_x_cpu,1444
6051,yolo_x_cpu,1392
6052,yolo_x_cpu,1429
6053,yolo_x_cpu,1355
6054,yolo_x_cpu,1356
6055,yolo_x_cpu,1302
6056,yolo_x_cpu,1394
6057,yolo_x_cpu,1428
6058,yolo_x_cpu,1308
6059,yolo_x_cpu,1237
6060,yolo_x_cpu,1423
6061,yolo_x_cpu,1569
6062,yolo_x_cpu,1326
6063,yolo_x_cpu,1481
6064,yolo_x_cpu,1493
6065,yolo_x_cpu,1447
6066,yolo_x_cpu,1525
6067,yolo_x_cpu,1573
6068,yolo_x_cpu,1248
6069,yolo_x_cpu,1381
6070,yolo_x_cpu,1331
6071,yolo_x_cpu,1419
6072,yolo_x_cpu,1441
6073,yolo_x_cpu,1285
6074,yolo_x_cpu,1506
6075,yolo_x_cpu,1417
6076,yolo_x_cpu,1315
6077,yolo_x_cpu,1317
6078,yolo_x_cpu,1423
6079,yolo_x_cpu,1346
6080,yolo_x_cpu,1152
6081,yolo_x_cpu,1063
6082,yolo_x_cpu,1094
6083,yolo_x_cpu,1127
6084,yolo_x_cpu,1086
6085,yolo_x_cpu,1294
6086,yolo_x_cpu,1213
6087,yolo_x_cpu,1220
6088,yolo_x_cpu,1232
6089,yolo_x_cpu,1260
6090,yolo_x_cpu,1120
6091,yolo_x_cpu,1109
6092,yolo_x_cpu,1161
6093,yolo_x_cpu,1267
6094,yolo_x_cpu,1187
6095,yolo_x_cpu,1085
6096,yolo_x_cpu,1157
6097,yolo_x_cpu,1041
6098,yolo_x_cpu,1165
6099,yolo_x_cpu,1144
6100,yolo_x_cpu,1166
6101,yolo_x_cpu,934
6102,yolo_x_cpu,951
6103,yolo_x_cpu,1235
6104,yolo_x_cpu,1022
6105,yolo_x_cpu,1096
6106,yolo_x_cpu,933
6107,yolo_x_cpu,1114
6108,yolo_x_cpu,886
6109,yolo_x_cpu,929
6110,yolo_x_cpu,1108
6111,yolo_x_cpu,1011
6112,yolo_x_cpu,905
6113,yolo_x_cpu,1180
6114,yolo_x_cpu,1116
6115,yolo_x_cpu,1061
6116,yolo_x_cpu,833
6117,yolo_x_cpu,908
6118,yolo_x_cpu,729
6119,yolo_x_cpu,756
6120,yolo_x_cpu,922
6121,yolo_x_cpu,857
6122,yolo_x_cpu,989
6123,yolo_x_cpu,888
6124,yolo_x_cpu,1038
6125,yolo_x_cpu,1064
6126,yolo_x_cpu,814
6127,yolo_x_cpu,795
6128,yolo_x_cpu,709
6129,yolo_x_cpu,758
6130,yolo_x_cpu,720
6131,yolo_x_cpu,760
6132,yolo_x_cpu,714
6133,yolo_x_cpu,811
6134,yolo_x_cpu,751
6135,yolo_x_cpu,841
6136,yolo_x_cpu,1024
6137,yolo_x_cpu,800
6138,yolo_x_cpu,776
6139,yolo_x_cpu,810
6140,yolo_x_cpu,772
6141,yolo_x_cpu,763
6142,yolo_x_cpu,820
6143,yolo_x_cpu,765
6144,yolo_x_cpu,686
6145,yolo_x_cpu,739
6146,yolo_x_cpu,783
6147,yolo_x_cpu,863
6148,yolo_x_cpu,883
6149,yolo_x_cpu,754
6150,yolo_x_cpu,708
6151,yolo_x_cpu,799
6152,yolo_x_cpu,713
6153,yolo_x_cpu,714
6154,yolo_x_cpu,691
6155,yolo_x_cpu,629
6156,yolo_x_cpu,622
6157,yolo_x_cpu,599
6158,yolo_x_cpu,537
6159,yolo_x_cpu,506
6160,yolo_x_cpu,506
6161,yolo_x_cpu,566
6162,yolo_x_cpu,596
6163,yolo_x_cpu,701
6164,yolo_x_cpu,700
6165,yolo_x_cpu,513
6166,yolo_x_cpu,540
6167,yolo_x_cpu,614
6168,yolo_x_cpu,735
6169,yolo_x_cpu,496
6170,yolo_x_cpu,522
6171,yolo_x_cpu,549
6172,yolo_x_cpu,574
6173,yolo_x_cpu,501
6174,yolo_x_cpu,486
6175,yolo_x_cpu,621
6176,yolo_x_cpu,561
6177,yolo_x_cpu,556
6178,yolo_x_cpu,602
6179,yolo_x_cpu,600
6180,yolo_x_cpu,693
6181,yolo_x_cpu,710
6182,yolo_x_cpu,615
6183,yolo_x_cpu,571
6184,yolo_x_cpu,725
6185,yolo_x_cpu,957
6186,yolo_x_cpu,784
6187,yolo_x_cpu,740
6188,yolo_x_cpu,810
6189,yolo_x_cpu,810
6190,yolo_x_cpu,837
6191,yolo_x_cpu,784
6192,yolo_x_cpu,763
6193,yolo_x_cpu,752
6194,yolo_x_cpu,717
6195,yolo_x_cpu,609
6196,yolo_x_cpu,582
6197,yolo_x_cpu,694
6198,yolo_x_cpu,557
6199,yolo_x_cpu,726
6200,yolo_x_cpu,702
6201,yolo_x_cpu,650
6202,yolo_x_cpu,634
6203,yolo_x_cpu,777
6204,yolo_x_cpu,828
6205,yolo_x_cpu,834
6206,yolo_x_cpu,562
6207,yolo_x_cpu,628
6208,yolo_x_cpu,764
6209,yolo_x_cpu,967
6210,yolo_x_cpu,802
6211,yolo_x_cpu,789
6212,yolo_x_cpu,751
6213,yolo_x_cpu,846
6214,yolo_x_cpu,656
6215,yolo_x_cpu,698
6216,yolo_x_cpu,679
6217,yolo_x_cpu,707
6218,yolo_x_cpu,738
6219,yolo_x_cpu,604
6220,yolo_x_cpu,679
6221,yolo_x_cpu,754
6222,yolo_x_cpu,893
6223,yolo_x_cpu,793
6224,yolo_x_cpu,750
6225,yolo_x_cpu,664
6226,yolo_x_cpu,807
6227,yolo_x_cpu,754
6228,yolo_x_cpu,786
6229,yolo_x_cpu,814
6230,yolo_x_cpu,615
6231,yolo_x_cpu,717
6232,yolo_x_cpu,804
6233,yolo_x_cpu,909
6234,yolo_x_cpu,813
6235,yolo_x_cpu,706
6236,yolo_x_cpu,746
6237,yolo_x_cpu,710
6238,yolo_x_cpu,642
6239,yolo_x_cpu,599
6240,yolo_x_cpu,648
6241,yolo_x_cpu,857
6242,yolo_x_cpu,688
6243,yolo_x_cpu,669
6244,yolo_x_cpu,769
6245,yolo_x_cpu,761
6246,yolo_x_cpu,767
6247,yolo_x_cpu,835
6248,yolo_x_cpu,858
6249,yolo_x_cpu,862
6250,yolo_x_cpu,912
6251,yolo_x_cpu,894
6252,yolo_x_cpu,799
6253,yolo_x_cpu,908
6254,yolo_x_cpu,978
6255,yolo_x_cpu,948
6256,yolo_x_cpu,886
6257,yolo_x_cpu,945
6258,yolo_x_cpu,902
6259,yolo_x_cpu,803
6260,yolo_x_cpu,785
6261,yolo_x_cpu,1070
6262,yolo_x_cpu,979
6263,yolo_x_cpu,955
6264,yolo_x_cpu,1002
6265,yolo_x_cpu,1033
6266,yolo_x_cpu,1094
6267,yolo_x_cpu,983
6268,yolo_x_cpu,998
6269,yolo_x_cpu,1027
6270,yolo_x_cpu,1035
6271,yolo_x_cpu,1054
6272,yolo_x_cpu,1189
6273,yolo_x_cpu,1005
6274,yolo_x_cpu,1146
6275,yolo_x_cpu,1081
6276,yolo_x_cpu,1105
6277,yolo_x_cpu,1046
6278,yolo_x_cpu,1114
6279,yolo_x_cpu,1056
6280,yolo_x_cpu,1343
6281,yolo_x_cpu,1351
6282,yolo_x_cpu,1265
6283,yolo_x_cpu,1140
6284,yolo_x_cpu,1295
6285,yolo_x_cpu,1218
6286,yolo_x_cpu,1304
6287,yolo_x_cpu,1304
6288,yolo_x_cpu,1577
6289,yolo_x_cpu,1412
6290,yolo_x_cpu,1521
6291,yolo_x_cpu,1321
6292,yolo_x_cpu,1483
6293,yolo_x_cpu,1431
6294,yolo_x_cpu,1471
6295,yolo_x_cpu,1491
6296,yolo_x_cpu,1565
6297,yolo_x_cpu,1540
6298,yolo_x_cpu,1655
6299,yolo_x_cpu,1480
6300,yolo_x_cpu,1488
6301,yolo_x_cpu,1494
6302,yolo_x_cpu,1515
6303,yolo_x_cpu,1638
6304,yolo_x_cpu,1578
6305,yolo_x_cpu,1454
6306,yolo_x_cpu,1450
6307,yolo_x_cpu,1422
6308,yolo_x_cpu,1574
6309,yolo_x_cpu,1553
6310,yolo_x_cpu,1716
6311,yolo_x_cpu,1644
6312,yolo_x_cpu,1604
6313,yolo_x_cpu,1629
6314,yolo_x_cpu,1543
6315,yolo_x_cpu,1555
6316,yolo_x_cpu,1703
6317,yolo_x_cpu,1773
6318,yolo_x_cpu,1838
6319,yolo_x_cpu,1859
6320,yolo_x_cpu,1824
6321,yolo_x_cpu,1940
6322,yolo_x_cpu,1970
6323,yolo_x_cpu,1960
6324,yolo_x_cpu,1906
6325,yolo_x_cpu,1809
6326,yolo_x_cpu,1927
6327,yolo_x_cpu,1993
6328,yolo_x_cpu,2153
6329,yolo_x_cpu,1880
6330,yolo_x_cpu,1943
6331,yolo_x_cpu,1861
6332,yolo_x_cpu,1915
6333,yolo_x_cpu,1846
6334,yolo_x_cpu,1666
6335,yolo_x_cpu,1597
6336,yolo_x_cpu,1684
6337,yolo_x_cpu,1661
6338,yolo_x_cpu,1594
6339,yolo_x_cpu,1823
6340,yolo_x_cpu,1992
6341,yolo_x_cpu,1788
6342,yolo_x_cpu,1720
6343,yolo_x_cpu,1787
6344,yolo_x_cpu,1704
6345,yolo_x_cpu,1831
6346,yolo_x_cpu,1976
6347,yolo_x_cpu,1879
6348,yolo_x_cpu,2161
6349,yolo_x_cpu,2330
6350,yolo_x_cpu,2303
6351,yolo_x_cpu,2016
6352,yolo_x_cpu,2060
6353,yolo_x_cpu,2121
6354,yolo_x_cpu,2024
6355,yolo_x_cpu,2031
6356,yolo_x_cpu,2430
6357,yolo_x_cpu,2072
6358,yolo_x_cpu,1893
6359,yolo_x_cpu,1813
6360,yolo_x_cpu,1996
6361,yolo_x_cpu,2003
6362,yolo_x_cpu,1989
6363,yolo_x_cpu,1840
6364,yolo_x_cpu,1860
6365,yolo_x_cpu,1979
6366,yolo_x_cpu,1958
6367,yolo_x_cpu,2051
6368,yolo_x_cpu,2046
6369,yolo_x_cpu,1983
6370,yolo_x_cpu,2060
6371,yolo_x_cpu,2210
6372,yolo_x_cpu,2209
6373,yolo_x_cpu,1915
6374,yolo_x_cpu,1975
6375,yolo_x_cpu,1964
6376,yolo_x_cpu,1951
6377,yolo_x_cpu,2032
6378,yolo_x_cpu,1947
6379,yolo_x_cpu,2185
6380,yolo_x_cpu,1982
6381,yolo_x_cpu,2021
6382,yolo_x_cpu,1884
6383,yolo_x_cpu,1870
6384,yolo_x_cpu,1830
6385,yolo_x_cpu,1989
6386,yolo_x_cpu,1871
6387,yolo_x_cpu,2133
6388,yolo_x_cpu,2075
6389,yolo_x_cpu,1921
6390,yolo_x_cpu,2038
6391,yolo_x_cpu,2155
6392,yolo_x_cpu,1975
6393,yolo_x_cpu,1978
6394,yolo_x_cpu,2015
6395,yolo_x_cpu,1758
6396,yolo_x_cpu,1898
6397,yolo_x_cpu,1923
6398,yolo_x_cpu,1775
6399,yolo_x_cpu,1850
6400,yolo_x_cpu,1890
6401,yolo_x_cpu,1943
6402,yolo_x_cpu,1943
6403,yolo_x_cpu,2057
6404,yolo_x_cpu,2075
6405,yolo_x_cpu,2101
6406,yolo_x_cpu,2209
6407,yolo_x_cpu,2051
6408,yolo_x_cpu,2012
6409,yolo_x_cpu,1900
6410,yolo_x_cpu,2164
6411,yolo_x_cpu,2010
6412,yolo_x_cpu,2041
6413,yolo_x_cpu,1995
6414,yolo_x_cpu,1895
6415,yolo_x_cpu,1904
6416,yolo_x_cpu,1950
6417,yolo_x_cpu,2440
6418,yolo_x_cpu,2215
6419,yolo_x_cpu,2038
6420,yolo_x_cpu,2170
6421,yolo_x_cpu,2121
6422,yolo_x_cpu,2116
6423,yolo_x_cpu,2225
6424,yolo_x_cpu,2431
6425,yolo_x_cpu,2205
6426,yolo_x_cpu,2164
6427,yolo_x_cpu,2066
6428,yolo_x_cpu,2237
6429,yolo_x_cpu,2277
6430,yolo_x_cpu,2225
6431,yolo_x_cpu,2050
6432,yolo_x_cpu,2033
6433,yolo_x_cpu,2162
6434,yolo_x_cpu,2123
6435,yolo_x_cpu,2161
6436,yolo_x_cpu,2192
6437,yolo_x_cpu,2047
6438,yolo_x_cpu,2058
6439,yolo_x_cpu,2249
6440,yolo_x_cpu,2131
6441,yolo_x_cpu,2006
6442,yolo_x_cpu,1959
6443,yolo_x_cpu,2194
6444,yolo_x_cpu,2188
6445,yolo_x_cpu,2243
6446,yolo_x_cpu,2134
6447,yolo_x_cpu,2080
6448,yolo_x_cpu,2031
6449,yolo_x_cpu,2111
6450,yolo_x_cpu,2102
6451,yolo_x_cpu,2205
6452,yolo_x_cpu,2250
6453,yolo_x_cpu,2330
6454,yolo_x_cpu,2013
6455,yolo_x_cpu,2432
6456,yolo_x_cpu,2297
6457,yolo_x_cpu,2116
6458,yolo_x_cpu,2088
6459,yolo_x_cpu,2123
6460,yolo_x_cpu,2042
6461,yolo_x_cpu,2297
6462,yolo_x_cpu,2369
6463,yolo_x_cpu,2193
6464,yolo_x_cpu,2129
6465,yolo_x_cpu,2252
6466,yolo_x_cpu,2174
6467,yolo_x_cpu,2047
6468,yolo_x_cpu,2313
6469,yolo_x_cpu,2645
6470,yolo_x_cpu,2257
6471,yolo_x_cpu,2377
6472,yolo_x_cpu,2343
6473,yolo_x_cpu,2244
6474,yolo_x_cpu,2143
6475,yolo_x_cpu,2247
6476,yolo_x_cpu,1963
6477,yolo_x_cpu,2236
6478,yolo_x_cpu,2332
6479,yolo_x_cpu,2269
6480,yolo_x_cpu,2149
6481,yolo_x_cpu,2074
6482,yolo_x_cpu,2121
6483,yolo_x_cpu,2147
6484,yolo_x_cpu,2048
6485,yolo_x_cpu,2115
6486,yolo_x_cpu,2069
6487,yolo_x_cpu,2051
6488,yolo_x_cpu,1931
6489,yolo_x_cpu,2044
6490,yolo_x_cpu,2113
6491,yolo_x_cpu,2070
6492,yolo_x_cpu,2113
6493,yolo_x_cpu,2251
6494,yolo_x_cpu,2162
6495,yolo_x_cpu,2074
6496,yolo_x_cpu,2292
6497,yolo_x_cpu,2185
6498,yolo_x_cpu,2184
6499,yolo_x_cpu,2060
6500,yolo_x_cpu,2110
6501,yolo_x_cpu,2233
6502,yolo_x_cpu,2213
6503,yolo_x_cpu,2197
6504,yolo_x_cpu,2135
6505,yolo_x_cpu,2127
6506,yolo_x_cpu,2024
6507,yolo_x_cpu,2020
6508,yolo_x_cpu,2061
6509,yolo_x_cpu,1973
6510,yolo_x_cpu,2233
6511,yolo_x_cpu,2491
6512,yolo_x_cpu,2108
6513,yolo_x_cpu,2024
6514,yolo_x_cpu,2174
6515,yolo_x_cpu,2045
6516,yolo_x_cpu,2119
6517,yolo_x_cpu,2163
6518,yolo_x_cpu,2106
6519,yolo_x_cpu,2212
6520,yolo_x_cpu,2119
6521,yolo_x_cpu,2334
6522,yolo_x_cpu,2227
6523,yolo_x_cpu,1950
6524,yolo_x_cpu,2038
6525,yolo_x_cpu,2229
6526,yolo_x_cpu,1993
6527,yolo_x_cpu,2038
6528,yolo_x_cpu,2076
6529,yolo_x_cpu,1840
6530,yolo_x_cpu,2210
6531,yolo_x_cpu,2431
6532,yolo_x_cpu,2157
6533,yolo_x_cpu,2038
6534,yolo_x_cpu,2004
6535,yolo_x_cpu,2115
6536,yolo_x_cpu,2119
6537,yolo_x_cpu,2243
6538,yolo_x_cpu,1931
6539,yolo_x_cpu,2033
6540,yolo_x_cpu,1986
6541,yolo_x_cpu,1979
6542,yolo_x_cpu,2097
6543,yolo_x_cpu,2142
6544,yolo_x_cpu,1994
6545,yolo_x_cpu,1871
6546,yolo_x_cpu,1873
6547,yolo_x_cpu,2046
6548,yolo_x_cpu,2185
6549,yolo_x_cpu,2219
6550,yolo_x_cpu,2052
6551,yolo_x_cpu,2197
6552,yolo_x_cpu,1874
6553,yolo_x_cpu,2032
6554,yolo_x_cpu,1903
6555,yolo_x_cpu,1887
6556,yolo_x_cpu,2074
6557,yolo_x_cpu,2110
6558,yolo_x_cpu,1767
6559,yolo_x_cpu,2081
6560,yolo_x_cpu,1918
6561,yolo_x_cpu,1918
6562,yolo_x_cpu,1860
6563,yolo_x_cpu,1862
6564,yolo_x_cpu,1925
6565,yolo_x_cpu,1645
6566,yolo_x_cpu,1874
6567,yolo_x_cpu,1793
6568,yolo_x_cpu,1726
6569,yolo_x_cpu,1708
6570,yolo_x_cpu,1863
6571,yolo_x_cpu,1826
6572,yolo_x_cpu,1801
6573,yolo_x_cpu,1696
6574,yolo_x_cpu,1659
6575,yolo_x_cpu,1672
6576,yolo_x_cpu,1679
6577,yolo_x_cpu,1656
6578,yolo_x_cpu,1532
6579,yolo_x_cpu,1389
6580,yolo_x_cpu,1665
6581,yolo_x_cpu,1760
6582,yolo_x_cpu,1739
6583,yolo_x_cpu,1589
6584,yolo_x_cpu,1754
6585,yolo_x_cpu,1656
6586,yolo_x_cpu,1651
6587,yolo_x_cpu,1619
6588,yolo_x_cpu,1771
6589,yolo_x_cpu,1534
6590,yolo_x_cpu,1633
6591,yolo_x_cpu,1596
6592,yolo_x_cpu,1521
6593,yolo_x_cpu,1525
6594,yolo_x_cpu,1651
6595,yolo_x_cpu,1625
6596,yolo_x_cpu,1473
6597,yolo_x_cpu,1519
6598,yolo_x_cpu,1636
6599,yolo_x_cpu,1330
6600,yolo_x_cpu,1524
6601,yolo_x_cpu,1426
6602,yolo_x_cpu,1341
6603,yolo_x_cpu,1302
6604,yolo_x_cpu,1323
6605,yolo_x_cpu,1262
6606,yolo_x_cpu,1295
6607,yolo_x_cpu,1274
6608,yolo_x_cpu,1236
6609,yolo_x_cpu,1040
6610,yolo_x_cpu,1198
6611,yolo_x_cpu,535
6612,yolo_x_cpu,1037
6613,yolo_x_cpu,1038
6614,yolo_x_cpu,1191
6615,yolo_x_cpu,1316
6616,yolo_x_cpu,1262
6617,yolo_x_cpu,1450
6618,yolo_x_cpu,1219
6619,yolo_x_cpu,1302
6620,yolo_x_cpu,1273
6621,yolo_x_cpu,1067
6622,yolo_x_cpu,1219
6623,yolo_x_cpu,1081
6624,yolo_x_cpu,1123
6625,yolo_x_cpu,968
6626,yolo_x_cpu,1066
6627,yolo_x_cpu,998
6628,yolo_x_cpu,1039
6629,yolo_x_cpu,979
6630,yolo_x_cpu,953
6631,yolo_x_cpu,1126
6632,yolo_x_cpu,1033
6633,yolo_x_cpu,946
6634,yolo_x_cpu,996
6635,yolo_x_cpu,842
6636,yolo_x_cpu,1027
6637,yolo_x_cpu,954
6638,yolo_x_cpu,1075
6639,yolo_x_cpu,1077
6640,yolo_x_cpu,1034
6641,yolo_x_cpu,830
6642,yolo_x_cpu,954
6643,yolo_x_cpu,909
6644,yolo_x_cpu,853
6645,yolo_x_cpu,763
6646,yolo_x_cpu,829
6647,yolo_x_cpu,854
6648,yolo_x_cpu,817
6649,yolo_x_cpu,757
6650,yolo_x_cpu,854
6651,yolo_x_cpu,780
6652,yolo_x_cpu,721
6653,yolo_x_cpu,831
6654,yolo_x_cpu,711
6655,yolo_x_cpu,712
6656,yolo_x_cpu,859
6657,yolo_x_cpu,725
6658,yolo_x_cpu,868
6659,yolo_x_cpu,818
6660,yolo_x_cpu,628
6661,yolo_x_cpu,814
6662,yolo_x_cpu,777
6663,yolo_x_cpu,771
6664,yolo_x_cpu,703
6665,yolo_x_cpu,654
6666,yolo_x_cpu,775
6667,yolo_x_cpu,694
6668,yolo_x_cpu,683
6669,yolo_x_cpu,708
6670,yolo_x_cpu,620
6671,yolo_x_cpu,537
6672,yolo_x_cpu,605
6673,yolo_x_cpu,527
6674,yolo_x_cpu,707
6675,yolo_x_cpu,487
6676,yolo_x_cpu,489
6677,yolo_x_cpu,524
6678,yolo_x_cpu,642
6679,yolo_x_cpu,540
6680,yolo_x_cpu,517
6681,yolo_x_cpu,472
6682,yolo_x_cpu,547
6683,yolo_x_cpu,486
6684,yolo_x_cpu,569
6685,yolo_x_cpu,457
6686,yolo_x_cpu,490
6687,yolo_x_cpu,457
6688,yolo_x_cpu,384
6689,yolo_x_cpu,363
6690,yolo_x_cpu,357
6691,yolo_x_cpu,310
6692,yolo_x_cpu,442
6693,yolo_x_cpu,371
6694,yolo_x_cpu,409
6695,yolo_x_cpu,346
6696,yolo_x_cpu,367
6697,yolo_x_cpu,333
6698,yolo_x_cpu,471
6699,yolo_x_cpu,305
6700,yolo_x_cpu,393
6701,yolo_x_cpu,331
6702,yolo_x_cpu,319
6703,yolo_x_cpu,315
6704,yolo_x_cpu,294
6705,yolo_x_cpu,325
6706,yolo_x_cpu,367
6707,yolo_x_cpu,477
6708,yolo_x_cpu,520
6709,yolo_x_cpu,424
6710,yolo_x_cpu,476
6711,yolo_x_cpu,371
6712,yolo_x_cpu,347
6713,yolo_x_cpu,385
6714,yolo_x_cpu,353
6715,yolo_x_cpu,356
6716,yolo_x_cpu,331
6717,yolo_x_cpu,443
6718,yolo_x_cpu,356
6719,yolo_x_cpu,442
6720,yolo_x_cpu,291
6721,yolo_x_cpu,284
6722,yolo_x_cpu,225
6723,yolo_x_cpu,284
6724,yolo_x_cpu,261
6725,yolo_x_cpu,291
6726,yolo_x_cpu,272
6727,yolo_x_cpu,299
6728,yolo_x_cpu,170
6729,yolo_x_cpu,292
6730,yolo_x_cpu,174
6731,yolo_x_cpu,272
6732,yolo_x_cpu,188
6733,yolo_x_cpu,174
6734,yolo_x_cpu,240
6735,yolo_x_cpu,205
6736,yolo_x_cpu,173
6737,yolo_x_cpu,184
6738,yolo_x_cpu,205
6739,yolo_x_cpu,162
6740,yolo_x_cpu,141
6741,yolo_x_cpu,140
6742,yolo_x_cpu,147
6743,yolo_x_cpu,158
6744,yolo_x_cpu,125
6745,yolo_x_cpu,139
6746,yolo_x_cpu,115
6747,yolo_x_cpu,193
6748,yolo_x_cpu,145
6749,yolo_x_cpu,89
6750,yolo_x_cpu,123
6751,yolo_x_cpu,110
6752,yolo_x_cpu,75
6753,yolo_x_cpu,118
6754,yolo_x_cpu,220
6755,yolo_x_cpu,241
6756,yolo_x_cpu,199
6757,yolo_x_cpu,151
6758,yolo_x_cpu,86
6759,yolo_x_cpu,158
6760,yolo_x_cpu,97
6761,yolo_x_cpu,93
6762,yolo_x_cpu,86
6763,yolo_x_cpu,125
6764,yolo_x_cpu,108
6765,yolo_x_cpu,135
6766,yolo_x_cpu,151
6767,yolo_x_cpu,103
6768,yolo_x_cpu,117
6769,yolo_x_cpu,137
6770,yolo_x_cpu,101
6771,yolo_x_cpu,65
6772,yolo_x_cpu,67
6773,yolo_x_cpu,66
6774,yolo_x_cpu,96
6775,yolo_x_cpu,120
6776,yolo_x_cpu,82
6777,yolo_x_cpu,81
6778,yolo_x_cpu,134
6779,yolo_x_cpu,82
6780,yolo_x_cpu,97
6781,yolo_x_cpu,113
6782,yolo_x_cpu,97
6783,yolo_x_cpu,115
6784,yolo_x_cpu,109
6785,yolo_x_cpu,57
6786,yolo_x_cpu,58
6787,yolo_x_cpu,77
6788,yolo_x_cpu,45
6789,yolo_x_cpu,45
6790,yolo_x_cpu,30
6791,yolo_x_cpu,45
6792,yolo_x_cpu,50
6793,yolo_x_cpu,40
6794,yolo_x_cpu,79
6795,yolo_x_cpu,66
6796,yolo_x_cpu,65
6797,yolo_x_cpu,36
6798,yolo_x_cpu,45
6799,yolo_x_cpu,52
6800,yolo_x_cpu,47
6801,yolo_x_cpu,63
6802,yolo_x_cpu,42
6803,yolo_x_cpu,43
6804,yolo_x_cpu,60
6805,yolo_x_cpu,59
6806,yolo_x_cpu,26
6807,yolo_x_cpu,63
6808,yolo_x_cpu,35
6809,yolo_x_cpu,19
6810,yolo_x_cpu,31
6811,yolo_x_cpu,43
6812,yolo_x_cpu,111
6813,yolo_x_cpu,98
6814,yolo_x_cpu,34
6815,yolo_x_cpu,43
6816,yolo_x_cpu,40
6817,yolo_x_cpu,37
6818,yolo_x_cpu,29
6819,yolo_x_cpu,45
6820,yolo_x_cpu,42
6821,yolo_x_cpu,42
6822,yolo_x_cpu,25
6823,yolo_x_cpu,22
6824,yolo_x_cpu,52
6825,yolo_x_cpu,43
6826,yolo_x_cpu,27
6827,yolo_x_cpu,53
6828,yolo_x_cpu,34
6829,yolo_x_cpu,51
6830,yolo_x_cpu,35
6831,yolo_x_cpu,50
6832,yolo_x_cpu,41
6833,yolo_x_cpu,44
6834,yolo_x_cpu,30
6835,yolo_x_cpu,37
6836,yolo_x_cpu,47
6837,yolo_x_cpu,22
6838,yolo_x_cpu,56
6839,yolo_x_cpu,20
6840,yolo_x_cpu,45
6841,yolo_x_cpu,50
6842,yolo_x_cpu,52
6843,yolo_x_cpu,22
6844,yolo_x_cpu,37
6845,yolo_x_cpu,47
6846,yolo_x_cpu,102
6847,yolo_x_cpu,65
6848,yolo_x_cpu,67
6849,yolo_x_cpu,43
6850,yolo_x_cpu,60
6851,yolo_x_cpu,33
6852,yolo_x_cpu,36
6853,yolo_x_cpu,43
6854,yolo_x_cpu,40
6855,yolo_x_cpu,89
6856,yolo_x_cpu,71
6857,yolo_x_cpu,97
6858,yolo_x_cpu,102
6859,yolo_x_cpu,37
6860,yolo_x_cpu,71
6861,yolo_x_cpu,155
6862,yolo_x_cpu,79
6863,yolo_x_cpu,75
6864,yolo_x_cpu,30
6865,yolo_x_cpu,54
6866,yolo_x_cpu,50
6867,yolo_x_cpu,62
6868,yolo_x_cpu,45
6869,yolo_x_cpu,42
6870,yolo_x_cpu,28
6871,yolo_x_cpu,232
6872,yolo_x_cpu,26
6873,yolo_x_cpu,68
6874,yolo_x_cpu,30
6875,yolo_x_cpu,45
6876,yolo_x_cpu,43
6877,yolo_x_cpu,78
6878,yolo_x_cpu,69
6879,yolo_x_cpu,51
6880,yolo_x_cpu,63
6881,yolo_x_cpu,45
6882,yolo_x_cpu,137
6883,yolo_x_cpu,23
6884,yolo_x_cpu,24
6885,yolo_x_cpu,20
6886,yolo_x_cpu,14
6887,yolo_x_cpu,20
6888,yolo_x_cpu,31
6889,yolo_x_cpu,87
6890,yolo_x_cpu,24
6891,yolo_x_cpu,26
6892,yolo_x_cpu,38
6893,yolo_x_cpu,28
6894,yolo_x_cpu,31
6895,yolo_x_cpu,33
6896,yolo_x_cpu,34
6897,yolo_x_cpu,10
6898,yolo_x_cpu,27
6899,yolo_x_cpu,29
6900,yolo_x_cpu,23
6901,yolo_x_cpu,20
6902,yolo_x_cpu,19
6903,yolo_x_cpu,18
6904,yolo_x_cpu,5
6905,yolo_x_cpu,38
6906,yolo_x_cpu,28
6907,yolo_x_cpu,22
6908,yolo_x_cpu,13
6909,yolo_x_cpu,22
6910,yolo_x_cpu,27
6911,yolo_x_cpu,14
6912,yolo_x_cpu,21
6913,yolo_x_cpu,23
6914,yolo_x_cpu,30
6915,yolo_x_cpu,46
6916,yolo_x_cpu,23
6917,yolo_x_cpu,14
6918,yolo_x_cpu,59
6919,yolo_x_cpu,41
6920,yolo_x_cpu,38
6921,yolo_x_cpu,52
6922,yolo_x_cpu,77
6923,yolo_x_cpu,72
6924,yolo_x_cpu,56
6925,yolo_x_cpu,60
6926,yolo_x_cpu,82
6927,yolo_x_cpu,149
6928,yolo_x_cpu,118
6929,yolo_x_cpu,164
6930,yolo_x_cpu,38
6931,yolo_x_cpu,51
6932,yolo_x_cpu,35
6933,yolo_x_cpu,20
6934,yolo_x_cpu,19
6935,yolo_x_cpu,30
6936,yolo_x_cpu,34
6937,yolo_x_cpu,23
6938,yolo_x_cpu,27
6939,yolo_x_cpu,36
6940,yolo_x_cpu,36
6941,yolo_x_cpu,44
6942,yolo_x_cpu,26
6943,yolo_x_cpu,23
6944,yolo_x_cpu,61
6945,yolo_x_cpu,45
6946,yolo_x_cpu,39
6947,yolo_x_cpu,14
6948,yolo_x_cpu,63
6949,yolo_x_cpu,87
6950,yolo_x_cpu,93
6951,yolo_x_cpu,60
6952,yolo_x_cpu,67
6953,yolo_x_cpu,95
6954,yolo_x_cpu,64
6955,yolo_x_cpu,69
6956,yolo_x_cpu,50
6957,yolo_x_cpu,66
6958,yolo_x_cpu,47
6959,yolo_x_cpu,36
6960,yolo_x_cpu,60
6961,yolo_x_cpu,41
6962,yolo_x_cpu,46
6963,yolo_x_cpu,58
6964,yolo_x_cpu,24
6965,yolo_x_cpu,40
6966,yolo_x_cpu,14
6967,yolo_x_cpu,36
6968,yolo_x_cpu,42
6969,yolo_x_cpu,20
6970,yolo_x_cpu,20
6971,yolo_x_cpu,27
6972,yolo_x_cpu,32
6973,yolo_x_cpu,53
6974,yolo_x_cpu,38
6975,yolo_x_cpu,13
6976,yolo_x_cpu,3
6977,yolo_x_cpu,15
6978,yolo_x_cpu,43
6979,yolo_x_cpu,57
6980,yolo_x_cpu,58
6981,yolo_x_cpu,15
6982,yolo_x_cpu,9
6983,yolo_x_cpu,17
6984,yolo_x_cpu,17
6985,yolo_x_cpu,25
6986,yolo_x_cpu,29
6987,yolo_x_cpu,24
6988,yolo_x_cpu,25
6989,yolo_x_cpu,31
6990,yolo_x_cpu,37
6991,yolo_x_cpu,11
6992,yolo_x_cpu,32
6993,yolo_x_cpu,21
6994,yolo_x_cpu,17
6995,yolo_x_cpu,20
6996,yolo_x_cpu,16
6997,yolo_x_cpu,45
6998,yolo_x_cpu,24
6999,yolo_x_cpu,25
7000,yolo_x_cpu,25
7001,yolo_x_cpu,28
7002,yolo_x_cpu,37
7003,yolo_x_cpu,14
7004,yolo_x_cpu,13
7005,yolo_x_cpu,22
7006,yolo_x_cpu,31
7007,yolo_x_cpu,31
7008,yolo_x_cpu,24
7009,yolo_x_cpu,22
7010,yolo_x_cpu,39
7011,yolo_x_cpu,23
7012,yolo_x_cpu,22
7013,yolo_x_cpu,23
7014,yolo_x_cpu,22
7015,yolo_x_cpu,36
7016,yolo_x_cpu,59
7017,yolo_x_cpu,30
7018,yolo_x_cpu,42
7019,yolo_x_cpu,21
7020,yolo_x_cpu,22
7021,yolo_x_cpu,71
7022,yolo_x_cpu,16
7023,yolo_x_cpu,23
7024,yolo_x_cpu,24
7025,yolo_x_cpu,17
7026,yolo_x_cpu,25
7027,yolo_x_cpu,80
7028,yolo_x_cpu,41
7029,yolo_x_cpu,22
7030,yolo_x_cpu,38
7031,yolo_x_cpu,9
7032,yolo_x_cpu,26
7033,yolo_x_cpu,40
7034,yolo_x_cpu,21
7035,yolo_x_cpu,33
7036,yolo_x_cpu,17
7037,yolo_x_cpu,33
7038,yolo_x_cpu,34
7039,yolo_x_cpu,27
7040,yolo_x_cpu,27
7041,yolo_x_cpu,29
7042,yolo_x_cpu,41
7043,yolo_x_cpu,40
7044,yolo_x_cpu,42
7045,yolo_x_cpu,35
7046,yolo_x_cpu,50
7047,yolo_x_cpu,39
7048,yolo_x_cpu,50
7049,yolo_x_cpu,51
7050,yolo_x_cpu,54
7051,yolo_x_cpu,23
7052,yolo_x_cpu,39
7053,yolo_x_cpu,49
7054,yolo_x_cpu,75
7055,yolo_x_cpu,108
7056,yolo_x_cpu,73
7057,yolo_x_cpu,61
7058,yolo_x_cpu,85
7059,yolo_x_cpu,94
7060,yolo_x_cpu,66
7061,yolo_x_cpu,55
7062,yolo_x_cpu,65
7063,yolo_x_cpu,92
7064,yolo_x_cpu,123
7065,yolo_x_cpu,69
7066,yolo_x_cpu,79
7067,yolo_x_cpu,70
7068,yolo_x_cpu,103
7069,yolo_x_cpu,80
7070,yolo_x_cpu,96
7071,yolo_x_cpu,88
7072,yolo_x_cpu,70
7073,yolo_x_cpu,79
7074,yolo_x_cpu,83
7075,yolo_x_cpu,76
7076,yolo_x_cpu,94
7077,yolo_x_cpu,67
7078,yolo_x_cpu,80
7079,yolo_x_cpu,173
7080,yolo_x_cpu,91
7081,yolo_x_cpu,139
7082,yolo_x_cpu,110
7083,yolo_x_cpu,111
7084,yolo_x_cpu,77
7085,yolo_x_cpu,113
7086,yolo_x_cpu,135
7087,yolo_x_cpu,144
7088,yolo_x_cpu,117
7089,yolo_x_cpu,111
7090,yolo_x_cpu,118
7091,yolo_x_cpu,136
7092,yolo_x_cpu,135
7093,yolo_x_cpu,117
7094,yolo_x_cpu,117
7095,yolo_x_cpu,191
7096,yolo_x_cpu,134
7097,yolo_x_cpu,196
7098,yolo_x_cpu,141
7099,yolo_x_cpu,137
7100,yolo_x_cpu,146
7101,yolo_x_cpu,126
7102,yolo_x_cpu,231
7103,yolo_x_cpu,247
7104,yolo_x_cpu,230
7105,yolo_x_cpu,154
7106,yolo_x_cpu,139
7107,yolo_x_cpu,150
7108,yolo_x_cpu,171
7109,yolo_x_cpu,185
7110,yolo_x_cpu,187
7111,yolo_x_cpu,235
7112,yolo_x_cpu,179
7113,yolo_x_cpu,195
7114,yolo_x_cpu,256
7115,yolo_x_cpu,361
7116,yolo_x_cpu,276
7117,yolo_x_cpu,313
7118,yolo_x_cpu,216
7119,yolo_x_cpu,311
7120,yolo_x_cpu,258
7121,yolo_x_cpu,219
7122,yolo_x_cpu,210
7123,yolo_x_cpu,616
7124,yolo_x_cpu,207
7125,yolo_x_cpu,216
7126,yolo_x_cpu,177
7127,yolo_x_cpu,179
7128,yolo_x_cpu,212
7129,yolo_x_cpu,246
7130,yolo_x_cpu,251
7131,yolo_x_cpu,284
7132,yolo_x_cpu,256
7133,yolo_x_cpu,265
7134,yolo_x_cpu,248
7135,yolo_x_cpu,346
7136,yolo_x_cpu,302
7137,yolo_x_cpu,228
7138,yolo_x_cpu,268
7139,yolo_x_cpu,303
7140,yolo_x_cpu,414
7141,yolo_x_cpu,456
7142,yolo_x_cpu,441
7143,yolo_x_cpu,372
7144,yolo_x_cpu,335
7145,yolo_x_cpu,273
7146,yolo_x_cpu,222
7147,yolo_x_cpu,268
7148,yolo_x_cpu,366
7149,yolo_x_cpu,418
7150,yolo_x_cpu,314
7151,yolo_x_cpu,302
7152,yolo_x_cpu,302
7153,yolo_x_cpu,344
7154,yolo_x_cpu,301
7155,yolo_x_cpu,392
7156,yolo_x_cpu,430
7157,yolo_x_cpu,274
7158,yolo_x_cpu,344
7159,yolo_x_cpu,303
7160,yolo_x_cpu,498
7161,yolo_x_cpu,293
7162,yolo_x_cpu,348
7163,yolo_x_cpu,272
7164,yolo_x_cpu,419
7165,yolo_x_cpu,250
7166,yolo_x_cpu,360
7167,yolo_x_cpu,419
7168,yolo_x_cpu,425
7169,yolo_x_cpu,417
7170,yolo_x_cpu,485
7171,yolo_x_cpu,333
7172,yolo_x_cpu,439
7173,yolo_x_cpu,324
7174,yolo_x_cpu,379
7175,yolo_x_cpu,433
7176,yolo_x_cpu,421
7177,yolo_x_cpu,407
7178,yolo_x_cpu,357
7179,yolo_x_cpu,445
7180,yolo_x_cpu,376
7181,yolo_x_cpu,415
7182,yolo_x_cpu,513
7183,yolo_x_cpu,453
7184,yolo_x_cpu,377
7185,yolo_x_cpu,365
7186,yolo_x_cpu,351
7187,yolo_x_cpu,378
7188,yolo_x_cpu,367
7189,yolo_x_cpu,352
7190,yolo_x_cpu,335
7191,yolo_x_cpu,498
7192,yolo_x_cpu,493
7193,yolo_x_cpu,511
7194,yolo_x_cpu,513
7195,yolo_x_cpu,567
7196,yolo_x_cpu,512
7197,yolo_x_cpu,447
7198,yolo_x_cpu,519
7199,yolo_x_cpu,444
7200,yolo_x_cpu,462
7201,yolo_x_cpu,470
7202,yolo_x_cpu,483
7203,yolo_x_cpu,462
7204,yolo_x_cpu,500
7205,yolo_x_cpu,418
7206,yolo_x_cpu,560
7207,yolo_x_cpu,632
7208,yolo_x_cpu,686
7209,yolo_x_cpu,688
7210,yolo_x_cpu,662
7211,yolo_x_cpu,661
7212,yolo_x_cpu,659
7213,yolo_x_cpu,615
7214,yolo_x_cpu,520
7215,yolo_x_cpu,601
7216,yolo_x_cpu,623
7217,yolo_x_cpu,860
7218,yolo_x_cpu,604
7219,yolo_x_cpu,607
7220,yolo_x_cpu,623
7221,yolo_x_cpu,668
7222,yolo_x_cpu,572
7223,yolo_x_cpu,618
7224,yolo_x_cpu,505
7225,yolo_x_cpu,666
7226,yolo_x_cpu,655
7227,yolo_x_cpu,561
7228,yolo_x_cpu,641
7229,yolo_x_cpu,740
7230,yolo_x_cpu,860
7231,yolo_x_cpu,809
7232,yolo_x_cpu,681
7233,yolo_x_cpu,678
7234,yolo_x_cpu,669
7235,yolo_x_cpu,614
7236,yolo_x_cpu,618
7237,yolo_x_cpu,631
7238,yolo_x_cpu,787
7239,yolo_x_cpu,857
7240,yolo_x_cpu,680
7241,yolo_x_cpu,834
7242,yolo_x_cpu,636
7243,yolo_x_cpu,636
7244,yolo_x_cpu,443
7245,yolo_x_cpu,540
7246,yolo_x_cpu,611
7247,yolo_x_cpu,605
7248,yolo_x_cpu,573
7249,yolo_x_cpu,524
7250,yolo_x_cpu,603
7251,yolo_x_cpu,574
7252,yolo_x_cpu,551
7253,yolo_x_cpu,655
7254,yolo_x_cpu,703
7255,yolo_x_cpu,620
7256,yolo_x_cpu,579
7257,yolo_x_cpu,531
7258,yolo_x_cpu,512
7259,yolo_x_cpu,633
7260,yolo_x_cpu,626
7261,yolo_x_cpu,643
7262,yolo_x_cpu,711
7263,yolo_x_cpu,774
7264,yolo_x_cpu,659
7265,yolo_x_cpu,574
7266,yolo_x_cpu,652
7267,yolo_x_cpu,648
7268,yolo_x_cpu,684
7269,yolo_x_cpu,624
7270,yolo_x_cpu,724
7271,yolo_x_cpu,920
7272,yolo_x_cpu,821
7273,yolo_x_cpu,832
7274,yolo_x_cpu,678
7275,yolo_x_cpu,689
7276,yolo_x_cpu,551
7277,yolo_x_cpu,698
7278,yolo_x_cpu,634
7279,yolo_x_cpu,695
7280,yolo_x_cpu,922
7281,yolo_x_cpu,670
7282,yolo_x_cpu,652
7283,yolo_x_cpu,645
7284,yolo_x_cpu,600
7285,yolo_x_cpu,670
7286,yolo_x_cpu,565
7287,yolo_x_cpu,532
7288,yolo_x_cpu,604
7289,yolo_x_cpu,620
7290,yolo_x_cpu,658
7291,yolo_x_cpu,642
7292,yolo_x_cpu,659
7293,yolo_x_cpu,724
7294,yolo_x_cpu,666
7295,yolo_x_cpu,619
7296,yolo_x_cpu,783
7297,yolo_x_cpu,623
7298,yolo_x_cpu,632
7299,yolo_x_cpu,726
7300,yolo_x_cpu,714
7301,yolo_x_cpu,614
7302,yolo_x_cpu,709
7303,yolo_x_cpu,658
7304,yolo_x_cpu,665
7305,yolo_x_cpu,633
7306,yolo_x_cpu,740
7307,yolo_x_cpu,622
7308,yolo_x_cpu,674
7309,yolo_x_cpu,644
7310,yolo_x_cpu,886
7311,yolo_x_cpu,689
7312,yolo_x_cpu,677
7313,yolo_x_cpu,720
7314,yolo_x_cpu,694
7315,yolo_x_cpu,873
7316,yolo_x_cpu,697
7317,yolo_x_cpu,703
7318,yolo_x_cpu,646
7319,yolo_x_cpu,593
7320,yolo_x_cpu,684
7321,yolo_x_cpu,693
7322,yolo_x_cpu,751
7323,yolo_x_cpu,727
7324,yolo_x_cpu,701
7325,yolo_x_cpu,719
7326,yolo_x_cpu,647
7327,yolo_x_cpu,677
7328,yolo_x_cpu,765
7329,yolo_x_cpu,776
7330,yolo_x_cpu,900
7331,yolo_x_cpu,650
7332,yolo_x_cpu,737
7333,yolo_x_cpu,627
7334,yolo_x_cpu,648
7335,yolo_x_cpu,751
7336,yolo_x_cpu,863
7337,yolo_x_cpu,782
7338,yolo_x_cpu,697
7339,yolo_x_cpu,608
7340,yolo_x_cpu,755
7341,yolo_x_cpu,730
7342,yolo_x_cpu,691
7343,yolo_x_cpu,587
7344,yolo_x_cpu,619
7345,yolo_x_cpu,667
7346,yolo_x_cpu,868
7347,yolo_x_cpu,971
7348,yolo_x_cpu,659
7349,yolo_x_cpu,739
7350,yolo_x_cpu,791
7351,yolo_x_cpu,824
7352,yolo_x_cpu,841
7353,yolo_x_cpu,881
7354,yolo_x_cpu,805
7355,yolo_x_cpu,672
7356,yolo_x_cpu,691
7357,yolo_x_cpu,722
7358,yolo_x_cpu,763
7359,yolo_x_cpu,630
7360,yolo_x_cpu,914
7361,yolo_x_cpu,687
7362,yolo_x_cpu,768
7363,yolo_x_cpu,826
7364,yolo_x_cpu,791
7365,yolo_x_cpu,731
7366,yolo_x_cpu,801
7367,yolo_x_cpu,898
7368,yolo_x_cpu,697
7369,yolo_x_cpu,715
7370,yolo_x_cpu,808
7371,yolo_x_cpu,810
7372,yolo_x_cpu,782
7373,yolo_x_cpu,820
7374,yolo_x_cpu,691
7375,yolo_x_cpu,628
7376,yolo_x_cpu,616
7377,yolo_x_cpu,753
7378,yolo_x_cpu,636
7379,yolo_x_cpu,619
7380,yolo_x_cpu,713
7381,yolo_x_cpu,757
7382,yolo_x_cpu,586
7383,yolo_x_cpu,690
7384,yolo_x_cpu,699
7385,yolo_x_cpu,605
7386,yolo_x_cpu,566
7387,yolo_x_cpu,549
7388,yolo_x_cpu,681
7389,yolo_x_cpu,571
7390,yolo_x_cpu,742
7391,yolo_x_cpu,637
7392,yolo_x_cpu,671
7393,yolo_x_cpu,735
7394,yolo_x_cpu,735
7395,yolo_x_cpu,791
7396,yolo_x_cpu,801
7397,yolo_x_cpu,728
7398,yolo_x_cpu,845
7399,yolo_x_cpu,767
7400,yolo_x_cpu,604
7401,yolo_x_cpu,702
7402,yolo_x_cpu,805
7403,yolo_x_cpu,750
7404,yolo_x_cpu,676
7405,yolo_x_cpu,868
7406,yolo_x_cpu,902
7407,yolo_x_cpu,794
7408,yolo_x_cpu,719
7409,yolo_x_cpu,744
7410,yolo_x_cpu,773
7411,yolo_x_cpu,615
7412,yolo_x_cpu,661
7413,yolo_x_cpu,798
7414,yolo_x_cpu,758
7415,yolo_x_cpu,675
7416,yolo_x_cpu,649
7417,yolo_x_cpu,751
7418,yolo_x_cpu,865
7419,yolo_x_cpu,778
7420,yolo_x_cpu,614
7421,yolo_x_cpu,832
7422,yolo_x_cpu,895
7423,yolo_x_cpu,780
7424,yolo_x_cpu,732
7425,yolo_x_cpu,721
7426,yolo_x_cpu,885
7427,yolo_x_cpu,842
7428,yolo_x_cpu,745
7429,yolo_x_cpu,858
7430,yolo_x_cpu,725
7431,yolo_x_cpu,685
7432,yolo_x_cpu,760
7433,yolo_x_cpu,667
7434,yolo_x_cpu,641
7435,yolo_x_cpu,617
7436,yolo_x_cpu,642
7437,yolo_x_cpu,725
7438,yolo_x_cpu,798
7439,yolo_x_cpu,851
7440,yolo_x_cpu,842
7441,yolo_x_cpu,857
7442,yolo_x_cpu,795
7443,yolo_x_cpu,1141
7444,yolo_x_cpu,856
7445,yolo_x_cpu,801
7446,yolo_x_cpu,833
7447,yolo_x_cpu,770
7448,yolo_x_cpu,808
7449,yolo_x_cpu,809
7450,yolo_x_cpu,935
7451,yolo_x_cpu,993
7452,yolo_x_cpu,984
7453,yolo_x_cpu,941
7454,yolo_x_cpu,1029
7455,yolo_x_cpu,1008
7456,yolo_x_cpu,1003
7457,yolo_x_cpu,1069
7458,yolo_x_cpu,1183
7459,yolo_x_cpu,1222
7460,yolo_x_cpu,1199
7461,yolo_x_cpu,1105
7462,yolo_x_cpu,1192
7463,yolo_x_cpu,1112
7464,yolo_x_cpu,1354
7465,yolo_x_cpu,1270
7466,yolo_x_cpu,1147
7467,yolo_x_cpu,1224
7468,yolo_x_cpu,1356
7469,yolo_x_cpu,1303
7470,yolo_x_cpu,1333
7471,yolo_x_cpu,1341
7472,yolo_x_cpu,1600
7473,yolo_x_cpu,1497
7474,yolo_x_cpu,1499
7475,yolo_x_cpu,1623
7476,yolo_x_cpu,1439
7477,yolo_x_cpu,1396
7478,yolo_x_cpu,1499
7479,yolo_x_cpu,1452
7480,yolo_x_cpu,1611
7481,yolo_x_cpu,1613
7482,yolo_x_cpu,1428
7483,yolo_x_cpu,1427
7484,yolo_x_cpu,1374
7485,yolo_x_cpu,1537
7486,yolo_x_cpu,1668
7487,yolo_x_cpu,1546
7488,yolo_x_cpu,1401
7489,yolo_x_cpu,1678
7490,yolo_x_cpu,1755
7491,yolo_x_cpu,1559
7492,yolo_x_cpu,1464
7493,yolo_x_cpu,1494
7494,yolo_x_cpu,1523
7495,yolo_x_cpu,1354
7496,yolo_x_cpu,1380
7497,yolo_x_cpu,1466
7498,yolo_x_cpu,1325
7499,yolo_x_cpu,1296
7500,yolo_x_cpu,1247
7501,yolo_x_cpu,1399
7502,yolo_x_cpu,1484
7503,yolo_x_cpu,1205
7504,yolo_x_cpu,1409
7505,yolo_x_cpu,1266
7506,yolo_x_cpu,1324
7507,yolo_x_cpu,1185
7508,yolo_x_cpu,1144
7509,yolo_x_cpu,1118
7510,yolo_x_cpu,1107
7511,yolo_x_cpu,1130
7512,yolo_x_cpu,1135
7513,yolo_x_cpu,1279
7514,yolo_x_cpu,1111
7515,yolo_x_cpu,1211
7516,yolo_x_cpu,1303
7517,yolo_x_cpu,1137
7518,yolo_x_cpu,1198
7519,yolo_x_cpu,1105
7520,yolo_x_cpu,1174
7521,yolo_x_cpu,1014
7522,yolo_x_cpu,1111
7523,yolo_x_cpu,1098
7524,yolo_x_cpu,1076
7525,yolo_x_cpu,962
7526,yolo_x_cpu,1096
7527,yolo_x_cpu,1063
7528,yolo_x_cpu,994
7529,yolo_x_cpu,1083
7530,yolo_x_cpu,1076
7531,yolo_x_cpu,1030
7532,yolo_x_cpu,972
7533,yolo_x_cpu,1051
7534,yolo_x_cpu,1043
7535,yolo_x_cpu,990
7536,yolo_x_cpu,1124
7537,yolo_x_cpu,1027
7538,yolo_x_cpu,1101
7539,yolo_x_cpu,1086
7540,yolo_x_cpu,878
7541,yolo_x_cpu,984
7542,yolo_x_cpu,1014
7543,yolo_x_cpu,895
7544,yolo_x_cpu,836
7545,yolo_x_cpu,972
7546,yolo_x_cpu,946
7547,yolo_x_cpu,937
7548,yolo_x_cpu,922
7549,yolo_x_cpu,846
7550,yolo_x_cpu,894
7551,yolo_x_cpu,922
7552,yolo_x_cpu,1043
7553,yolo_x_cpu,942
7554,yolo_x_cpu,900
7555,yolo_x_cpu,896
7556,yolo_x_cpu,921
7557,yolo_x_cpu,883
7558,yolo_x_cpu,879
7559,yolo_x_cpu,861
7560,yolo_x_cpu,837
7561,yolo_x_cpu,827
7562,yolo_x_cpu,854
7563,yolo_x_cpu,835
7564,yolo_x_cpu,770
7565,yolo_x_cpu,823
7566,yolo_x_cpu,998
7567,yolo_x_cpu,771
7568,yolo_x_cpu,737
7569,yolo_x_cpu,895
7570,yolo_x_cpu,664
7571,yolo_x_cpu,828
7572,yolo_x_cpu,982
7573,yolo_x_cpu,698
7574,yolo_x_cpu,764
7575,yolo_x_cpu,848
7576,yolo_x_cpu,652
7577,yolo_x_cpu,706
7578,yolo_x_cpu,751
7579,yolo_x_cpu,789
7580,yolo_x_cpu,855
7581,yolo_x_cpu,791
7582,yolo_x_cpu,839
7583,yolo_x_cpu,784
7584,yolo_x_cpu,608
7585,yolo_x_cpu,609
7586,yolo_x_cpu,763
7587,yolo_x_cpu,644
7588,yolo_x_cpu,705
7589,yolo_x_cpu,758
7590,yolo_x_cpu,776
7591,yolo_x_cpu,571
7592,yolo_x_cpu,614
7593,yolo_x_cpu,552
7594,yolo_x_cpu,561
7595,yolo_x_cpu,572
7596,yolo_x_cpu,577
7597,yolo_x_cpu,628
7598,yolo_x_cpu,517
7599,yolo_x_cpu,567
7600,yolo_x_cpu,594
7601,yolo_x_cpu,471
7602,yolo_x_cpu,549
7603,yolo_x_cpu,583
7604,yolo_x_cpu,534
7605,yolo_x_cpu,444
7606,yolo_x_cpu,475
7607,yolo_x_cpu,478
7608,yolo_x_cpu,497
7609,yolo_x_cpu,501
7610,yolo_x_cpu,576
7611,yolo_x_cpu,485
7612,yolo_x_cpu,523
7613,yolo_x_cpu,508
7614,yolo_x_cpu,494
7615,yolo_x_cpu,501
7616,yolo_x_cpu,509
7617,yolo_x_cpu,490
7618,yolo_x_cpu,460
7619,yolo_x_cpu,586
7620,yolo_x_cpu,544
7621,yolo_x_cpu,562
7622,yolo_x_cpu,599
7623,yolo_x_cpu,626
7624,yolo_x_cpu,556
7625,yolo_x_cpu,519
7626,yolo_x_cpu,614
7627,yolo_x_cpu,687
7628,yolo_x_cpu,693
7629,yolo_x_cpu,489
7630,yolo_x_cpu,510
7631,yolo_x_cpu,538
7632,yolo_x_cpu,568
7633,yolo_x_cpu,647
7634,yolo_x_cpu,613
7635,yolo_x_cpu,563
7636,yolo_x_cpu,739
7637,yolo_x_cpu,860
7638,yolo_x_cpu,645
7639,yolo_x_cpu,846
7640,yolo_x_cpu,606
7641,yolo_x_cpu,678
7642,yolo_x_cpu,743
7643,yolo_x_cpu,706
7644,yolo_x_cpu,597
7645,yolo_x_cpu,713
7646,yolo_x_cpu,655
7647,yolo_x_cpu,636
7648,yolo_x_cpu,642
7649,yolo_x_cpu,756
7650,yolo_x_cpu,834
7651,yolo_x_cpu,783
7652,yolo_x_cpu,765
7653,yolo_x_cpu,736
7654,yolo_x_cpu,708
7655,yolo_x_cpu,704
7656,yolo_x_cpu,701
7657,yolo_x_cpu,753
7658,yolo_x_cpu,556
7659,yolo_x_cpu,661
7660,yolo_x_cpu,619
7661,yolo_x_cpu,631
7662,yolo_x_cpu,826
7663,yolo_x_cpu,816
7664,yolo_x_cpu,601
7665,yolo_x_cpu,845
7666,yolo_x_cpu,676
7667,yolo_x_cpu,671
7668,yolo_x_cpu,817
7669,yolo_x_cpu,663
7670,yolo_x_cpu,692
7671,yolo_x_cpu,621
7672,yolo_x_cpu,786
7673,yolo_x_cpu,667
7674,yolo_x_cpu,748
7675,yolo_x_cpu,812
7676,yolo_x_cpu,723
7677,yolo_x_cpu,760
7678,yolo_x_cpu,850
7679,yolo_x_cpu,887
7680,yolo_x_cpu,990
7681,yolo_x_cpu,952
7682,yolo_x_cpu,705
7683,yolo_x_cpu,806
7684,yolo_x_cpu,1016
7685,yolo_x_cpu,889
7686,yolo_x_cpu,661
7687,yolo_x_cpu,700
7688,yolo_x_cpu,703
7689,yolo_x_cpu,799
7690,yolo_x_cpu,737
7691,yolo_x_cpu,841
7692,yolo_x_cpu,725
7693,yolo_x_cpu,864
7694,yolo_x_cpu,906
7695,yolo_x_cpu,814
7696,yolo_x_cpu,833
7697,yolo_x_cpu,806
7698,yolo_x_cpu,1147
7699,yolo_x_cpu,1141
7700,yolo_x_cpu,1064
7701,yolo_x_cpu,993
7702,yolo_x_cpu,857
7703,yolo_x_cpu,974
7704,yolo_x_cpu,910
7705,yolo_x_cpu,940
7706,yolo_x_cpu,954
7707,yolo_x_cpu,949
7708,yolo_x_cpu,979
7709,yolo_x_cpu,978
7710,yolo_x_cpu,1092
7711,yolo_x_cpu,933
7712,yolo_x_cpu,904
7713,yolo_x_cpu,931
7714,yolo_x_cpu,1048
7715,yolo_x_cpu,1044
7716,yolo_x_cpu,1029
7717,yolo_x_cpu,974
7718,yolo_x_cpu,1094
7719,yolo_x_cpu,964
7720,yolo_x_cpu,1049
7721,yolo_x_cpu,1152
7722,yolo_x_cpu,1100
7723,yolo_x_cpu,1193
7724,yolo_x_cpu,1187
7725,yolo_x_cpu,1226
7726,yolo_x_cpu,1286
7727,yolo_x_cpu,1274
7728,yolo_x_cpu,1206
7729,yolo_x_cpu,1204
7730,yolo_x_cpu,1323
7731,yolo_x_cpu,1258
7732,yolo_x_cpu,1246
7733,yolo_x_cpu,1464
7734,yolo_x_cpu,1434
7735,yolo_x_cpu,1385
7736,yolo_x_cpu,1391
7737,yolo_x_cpu,1487
7738,yolo_x_cpu,1467
7739,yolo_x_cpu,1387
7740,yolo_x_cpu,1470
7741,yolo_x_cpu,1611
7742,yolo_x_cpu,1627
7743,yolo_x_cpu,1658
7744,yolo_x_cpu,1726
7745,yolo_x_cpu,1516
7746,yolo_x_cpu,1719
7747,yolo_x_cpu,1898
7748,yolo_x_cpu,1748
7749,yolo_x_cpu,1677
7750,yolo_x_cpu,1717
7751,yolo_x_cpu,1672
7752,yolo_x_cpu,1518
7753,yolo_x_cpu,1618
7754,yolo_x_cpu,1610
7755,yolo_x_cpu,1566
7756,yolo_x_cpu,1808
7757,yolo_x_cpu,1597
7758,yolo_x_cpu,1554
7759,yolo_x_cpu,1654
7760,yolo_x_cpu,1621
7761,yolo_x_cpu,1638
7762,yolo_x_cpu,1698
7763,yolo_x_cpu,1731
7764,yolo_x_cpu,1723
7765,yolo_x_cpu,1534
7766,yolo_x_cpu,1716
7767,yolo_x_cpu,1708
7768,yolo_x_cpu,1694
7769,yolo_x_cpu,1755
7770,yolo_x_cpu,1860
7771,yolo_x_cpu,1633
7772,yolo_x_cpu,1737
7773,yolo_x_cpu,1642
7774,yolo_x_cpu,1733
7775,yolo_x_cpu,1680
7776,yolo_x_cpu,1786
7777,yolo_x_cpu,1974
7778,yolo_x_cpu,1809
7779,yolo_x_cpu,1714
7780,yolo_x_cpu,1883
7781,yolo_x_cpu,1982
7782,yolo_x_cpu,1981
7783,yolo_x_cpu,1878
7784,yolo_x_cpu,1806
7785,yolo_x_cpu,1830
7786,yolo_x_cpu,1789
7787,yolo_x_cpu,1892
7788,yolo_x_cpu,1733
7789,yolo_x_cpu,1977
7790,yolo_x_cpu,2046
7791,yolo_x_cpu,2074
7792,yolo_x_cpu,1726
7793,yolo_x_cpu,2044
7794,yolo_x_cpu,1760
7795,yolo_x_cpu,1763
7796,yolo_x_cpu,2360
7797,yolo_x_cpu,2293
7798,yolo_x_cpu,2046
7799,yolo_x_cpu,1946
7800,yolo_x_cpu,1969
7801,yolo_x_cpu,1874
7802,yolo_x_cpu,1738
7803,yolo_x_cpu,1846
7804,yolo_x_cpu,1844
7805,yolo_x_cpu,1789
7806,yolo_x_cpu,1909
7807,yolo_x_cpu,1799
7808,yolo_x_cpu,1846
7809,yolo_x_cpu,1807
7810,yolo_x_cpu,1736
7811,yolo_x_cpu,1846
7812,yolo_x_cpu,1747
7813,yolo_x_cpu,1634
7814,yolo_x_cpu,1702
7815,yolo_x_cpu,1779
7816,yolo_x_cpu,2030
7817,yolo_x_cpu,1683
7818,yolo_x_cpu,1737
7819,yolo_x_cpu,2035
7820,yolo_x_cpu,1926
7821,yolo_x_cpu,1732
7822,yolo_x_cpu,1908
7823,yolo_x_cpu,1801
7824,yolo_x_cpu,2001
7825,yolo_x_cpu,2154
7826,yolo_x_cpu,2069
7827,yolo_x_cpu,1962
7828,yolo_x_cpu,1787
7829,yolo_x_cpu,1787
7830,yolo_x_cpu,1920
7831,yolo_x_cpu,2100
7832,yolo_x_cpu,1948
7833,yolo_x_cpu,2250
7834,yolo_x_cpu,2108
7835,yolo_x_cpu,2154
7836,yolo_x_cpu,1868
7837,yolo_x_cpu,1903
7838,yolo_x_cpu,2078
7839,yolo_x_cpu,1981
7840,yolo_x_cpu,2002
7841,yolo_x_cpu,1865
7842,yolo_x_cpu,1957
7843,yolo_x_cpu,1973
7844,yolo_x_cpu,2094
7845,yolo_x_cpu,2045
7846,yolo_x_cpu,1764
7847,yolo_x_cpu,1916
7848,yolo_x_cpu,1943
7849,yolo_x_cpu,2042
7850,yolo_x_cpu,2133
7851,yolo_x_cpu,2110
7852,yolo_x_cpu,2214
7853,yolo_x_cpu,2153
7854,yolo_x_cpu,2081
7855,yolo_x_cpu,2203
7856,yolo_x_cpu,2426
7857,yolo_x_cpu,2075
7858,yolo_x_cpu,2055
7859,yolo_x_cpu,2242
7860,yolo_x_cpu,2181
7861,yolo_x_cpu,2181
7862,yolo_x_cpu,2119
7863,yolo_x_cpu,2210
7864,yolo_x_cpu,2003
7865,yolo_x_cpu,2236
7866,yolo_x_cpu,2283
7867,yolo_x_cpu,1951
7868,yolo_x_cpu,2026
7869,yolo_x_cpu,2300
7870,yolo_x_cpu,2278
7871,yolo_x_cpu,2075
7872,yolo_x_cpu,2160
7873,yolo_x_cpu,2109
7874,yolo_x_cpu,2142
7875,yolo_x_cpu,2188
7876,yolo_x_cpu,2232
7877,yolo_x_cpu,2263
7878,yolo_x_cpu,2215
7879,yolo_x_cpu,2235
7880,yolo_x_cpu,1934
7881,yolo_x_cpu,2241
7882,yolo_x_cpu,2172
7883,yolo_x_cpu,2203
7884,yolo_x_cpu,2162
7885,yolo_x_cpu,2260
7886,yolo_x_cpu,2232
7887,yolo_x_cpu,2215
7888,yolo_x_cpu,2300
7889,yolo_x_cpu,2249
7890,yolo_x_cpu,2229
7891,yolo_x_cpu,2046
7892,yolo_x_cpu,2069
7893,yolo_x_cpu,2053
7894,yolo_x_cpu,2273
7895,yolo_x_cpu,2213
7896,yolo_x_cpu,2372
7897,yolo_x_cpu,2356
7898,yolo_x_cpu,2484
7899,yolo_x_cpu,2342
7900,yolo_x_cpu,2249
7901,yolo_x_cpu,2311
7902,yolo_x_cpu,2291
7903,yolo_x_cpu,2091
7904,yolo_x_cpu,2118
7905,yolo_x_cpu,2291
7906,yolo_x_cpu,2169
7907,yolo_x_cpu,2282
7908,yolo_x_cpu,2217
7909,yolo_x_cpu,2234
7910,yolo_x_cpu,2306
7911,yolo_x_cpu,2289
7912,yolo_x_cpu,2526
7913,yolo_x_cpu,2287
7914,yolo_x_cpu,2160
7915,yolo_x_cpu,2123
7916,yolo_x_cpu,2268
7917,yolo_x_cpu,2269
7918,yolo_x_cpu,2145
7919,yolo_x_cpu,1856
7920,yolo_x_cpu,1924
7921,yolo_x_cpu,2129
7922,yolo_x_cpu,2033
7923,yolo_x_cpu,2152
7924,yolo_x_cpu,2169
7925,yolo_x_cpu,2190
7926,yolo_x_cpu,2010
7927,yolo_x_cpu,2134
7928,yolo_x_cpu,2238
7929,yolo_x_cpu,2536
7930,yolo_x_cpu,2096
7931,yolo_x_cpu,2012
7932,yolo_x_cpu,2309
7933,yolo_x_cpu,2152
7934,yolo_x_cpu,2078
7935,yolo_x_cpu,2177
7936,yolo_x_cpu,2317
7937,yolo_x_cpu,2447
7938,yolo_x_cpu,2222
7939,yolo_x_cpu,2083
7940,yolo_x_cpu,2179
7941,yolo_x_cpu,2165
7942,yolo_x_cpu,2149
7943,yolo_x_cpu,2112
7944,yolo_x_cpu,1984
7945,yolo_x_cpu,1935
7946,yolo_x_cpu,2096
7947,yolo_x_cpu,2013
7948,yolo_x_cpu,2205
7949,yolo_x_cpu,2017
7950,yolo_x_cpu,2257
7951,yolo_x_cpu,2150
7952,yolo_x_cpu,2140
7953,yolo_x_cpu,2319
7954,yolo_x_cpu,2032
7955,yolo_x_cpu,1958
7956,yolo_x_cpu,2079
7957,yolo_x_cpu,2070
7958,yolo_x_cpu,2054
7959,yolo_x_cpu,2108
7960,yolo_x_cpu,2070
7961,yolo_x_cpu,1809
7962,yolo_x_cpu,2025
7963,yolo_x_cpu,2113
7964,yolo_x_cpu,2078
7965,yolo_x_cpu,1871
7966,yolo_x_cpu,2137
7967,yolo_x_cpu,1960
7968,yolo_x_cpu,2064
7969,yolo_x_cpu,2063
7970,yolo_x_cpu,2024
7971,yolo_x_cpu,2140
7972,yolo_x_cpu,2050
7973,yolo_x_cpu,2022
7974,yolo_x_cpu,1839
7975,yolo_x_cpu,1847
7976,yolo_x_cpu,1762
7977,yolo_x_cpu,1923
7978,yolo_x_cpu,2127
7979,yolo_x_cpu,2129
7980,yolo_x_cpu,2001
7981,yolo_x_cpu,1860
7982,yolo_x_cpu,1950
7983,yolo_x_cpu,1917
7984,yolo_x_cpu,1981
7985,yolo_x_cpu,1942
7986,yolo_x_cpu,2153
7987,yolo_x_cpu,1860
7988,yolo_x_cpu,1868
7989,yolo_x_cpu,1723
7990,yolo_x_cpu,1606
7991,yolo_x_cpu,1776
7992,yolo_x_cpu,1994
7993,yolo_x_cpu,1780
7994,yolo_x_cpu,1951
7995,yolo_x_cpu,2003
7996,yolo_x_cpu,2138
7997,yolo_x_cpu,1921
7998,yolo_x_cpu,1891
7999,yolo_x_cpu,1994
8000,yolo_x_cpu,2015
8001,yolo_x_cpu,1795
8002,yolo_x_cpu,1817
8003,yolo_x_cpu,1867
8004,yolo_x_cpu,1785
8005,yolo_x_cpu,1666
8006,yolo_x_cpu,1837
8007,yolo_x_cpu,1742
8008,yolo_x_cpu,1757
8009,yolo_x_cpu,1869
8010,yolo_x_cpu,1764
8011,yolo_x_cpu,1681
8012,yolo_x_cpu,1799
8013,yolo_x_cpu,1798
8014,yolo_x_cpu,1962
8015,yolo_x_cpu,1670
8016,yolo_x_cpu,1793
8017,yolo_x_cpu,1799
8018,yolo_x_cpu,1753
8019,yolo_x_cpu,1806
8020,yolo_x_cpu,1789
8021,yolo_x_cpu,1741
8022,yolo_x_cpu,1583
8023,yolo_x_cpu,1658
8024,yolo_x_cpu,1563
8025,yolo_x_cpu,1618
8026,yolo_x_cpu,1648
8027,yolo_x_cpu,1628
8028,yolo_x_cpu,1511
8029,yolo_x_cpu,1378
8030,yolo_x_cpu,1497
8031,yolo_x_cpu,1611
8032,yolo_x_cpu,1421
8033,yolo_x_cpu,1584
8034,yolo_x_cpu,1605
8035,yolo_x_cpu,1405
8036,yolo_x_cpu,1500
8037,yolo_x_cpu,1323
8038,yolo_x_cpu,1608
8039,yolo_x_cpu,1556
8040,yolo_x_cpu,1609
8041,yolo_x_cpu,1495
8042,yolo_x_cpu,1544
8043,yolo_x_cpu,1641
8044,yolo_x_cpu,1365
8045,yolo_x_cpu,1273
8046,yolo_x_cpu,1241
8047,yolo_x_cpu,1348
8048,yolo_x_cpu,1412
8049,yolo_x_cpu,1262
8050,yolo_x_cpu,1262
8051,yolo_x_cpu,1244
8052,yolo_x_cpu,1291
8053,yolo_x_cpu,1243
8054,yolo_x_cpu,1398
8055,yolo_x_cpu,1269
8056,yolo_x_cpu,1430
8057,yolo_x_cpu,1413
8058,yolo_x_cpu,1321
8059,yolo_x_cpu,1304
8060,yolo_x_cpu,1132
8061,yolo_x_cpu,1337
8062,yolo_x_cpu,1228
8063,yolo_x_cpu,1146
8064,yolo_x_cpu,1061
8065,yolo_x_cpu,1110
8066,yolo_x_cpu,965
8067,yolo_x_cpu,1029
8068,yolo_x_cpu,931
8069,yolo_x_cpu,964
8070,yolo_x_cpu,840
8071,yolo_x_cpu,917
8072,yolo_x_cpu,1068
8073,yolo_x_cpu,935
8074,yolo_x_cpu,1124
8075,yolo_x_cpu,1147
8076,yolo_x_cpu,865
8077,yolo_x_cpu,855
8078,yolo_x_cpu,920
8079,yolo_x_cpu,972
8080,yolo_x_cpu,920
8081,yolo_x_cpu,1051
8082,yolo_x_cpu,949
8083,yolo_x_cpu,913
8084,yolo_x_cpu,969
8085,yolo_x_cpu,1025
8086,yolo_x_cpu,1114
8087,yolo_x_cpu,986
8088,yolo_x_cpu,813
8089,yolo_x_cpu,973
8090,yolo_x_cpu,806
8091,yolo_x_cpu,816
8092,yolo_x_cpu,764
8093,yolo_x_cpu,776
8094,yolo_x_cpu,744
8095,yolo_x_cpu,806
8096,yolo_x_cpu,932
8097,yolo_x_cpu,939
8098,yolo_x_cpu,821
8099,yolo_x_cpu,805
8100,yolo_x_cpu,695
8101,yolo_x_cpu,680
8102,yolo_x_cpu,668
8103,yolo_x_cpu,853
8104,yolo_x_cpu,823
8105,yolo_x_cpu,672
8106,yolo_x_cpu,623
8107,yolo_x_cpu,655
8108,yolo_x_cpu,609
8109,yolo_x_cpu,558
8110,yolo_x_cpu,581
8111,yolo_x_cpu,628
8112,yolo_x_cpu,536
8113,yolo_x_cpu,530
8114,yolo_x_cpu,462
8115,yolo_x_cpu,601
8116,yolo_x_cpu,693
8117,yolo_x_cpu,523
8118,yolo_x_cpu,523
8119,yolo_x_cpu,513
8120,yolo_x_cpu,523
8121,yolo_x_cpu,507
8122,yolo_x_cpu,413
8123,yolo_x_cpu,491
8124,yolo_x_cpu,393
8125,yolo_x_cpu,512
8126,yolo_x_cpu,425
8127,yolo_x_cpu,486
8128,yolo_x_cpu,435
8129,yolo_x_cpu,334
8130,yolo_x_cpu,391
8131,yolo_x_cpu,458
8132,yolo_x_cpu,578
8133,yolo_x_cpu,551
8134,yolo_x_cpu,501
8135,yolo_x_cpu,353
8136,yolo_x_cpu,363
8137,yolo_x_cpu,359
8138,yolo_x_cpu,299
8139,yolo_x_cpu,215
8140,yolo_x_cpu,284
8141,yolo_x_cpu,321
8142,yolo_x_cpu,360
8143,yolo_x_cpu,310
8144,yolo_x_cpu,369
8145,yolo_x_cpu,340
8146,yolo_x_cpu,350
8147,yolo_x_cpu,290
8148,yolo_x_cpu,344
8149,yolo_x_cpu,404
8150,yolo_x_cpu,287
8151,yolo_x_cpu,269
8152,yolo_x_cpu,389
8153,yolo_x_cpu,319
8154,yolo_x_cpu,314
8155,yolo_x_cpu,262
8156,yolo_x_cpu,272
8157,yolo_x_cpu,255
8158,yolo_x_cpu,328
8159,yolo_x_cpu,358
8160,yolo_x_cpu,311
8161,yolo_x_cpu,331
8162,yolo_x_cpu,405
8163,yolo_x_cpu,240
8164,yolo_x_cpu,231
8165,yolo_x_cpu,251
8166,yolo_x_cpu,207
8167,yolo_x_cpu,230
8168,yolo_x_cpu,243
8169,yolo_x_cpu,174
8170,yolo_x_cpu,242
8171,yolo_x_cpu,227
8172,yolo_x_cpu,408
8173,yolo_x_cpu,222
8174,yolo_x_cpu,256
8175,yolo_x_cpu,201
8176,yolo_x_cpu,167
8177,yolo_x_cpu,126
8178,yolo_x_cpu,201
8179,yolo_x_cpu,192
8180,yolo_x_cpu,217
8181,yolo_x_cpu,240
8182,yolo_x_cpu,184
8183,yolo_x_cpu,137
8184,yolo_x_cpu,196
8185,yolo_x_cpu,181
8186,yolo_x_cpu,221
8187,yolo_x_cpu,143
8188,yolo_x_cpu,195
8189,yolo_x_cpu,159
8190,yolo_x_cpu,116
8191,yolo_x_cpu,185
8192,yolo_x_cpu,250
8193,yolo_x_cpu,126
8194,yolo_x_cpu,148
8195,yolo_x_cpu,107
8196,yolo_x_cpu,78
8197,yolo_x_cpu,108
8198,yolo_x_cpu,100
8199,yolo_x_cpu,167
8200,yolo_x_cpu,122
8201,yolo_x_cpu,147
8202,yolo_x_cpu,83
8203,yolo_x_cpu,120
8204,yolo_x_cpu,129
8205,yolo_x_cpu,98
8206,yolo_x_cpu,156
8207,yolo_x_cpu,178
8208,yolo_x_cpu,107
8209,yolo_x_cpu,50
8210,yolo_x_cpu,110
8211,yolo_x_cpu,94
8212,yolo_x_cpu,120
8213,yolo_x_cpu,95
8214,yolo_x_cpu,106
8215,yolo_x_cpu,145
8216,yolo_x_cpu,122
8217,yolo_x_cpu,136
8218,yolo_x_cpu,183
8219,yolo_x_cpu,199
8220,yolo_x_cpu,136
8221,yolo_x_cpu,189
8222,yolo_x_cpu,133
8223,yolo_x_cpu,90
8224,yolo_x_cpu,173
8225,yolo_x_cpu,96
8226,yolo_x_cpu,119
8227,yolo_x_cpu,90
8228,yolo_x_cpu,146
8229,yolo_x_cpu,87
8230,yolo_x_cpu,97
8231,yolo_x_cpu,79
8232,yolo_x_cpu,67
8233,yolo_x_cpu,45
8234,yolo_x_cpu,57
8235,yolo_x_cpu,89
8236,yolo_x_cpu,97
8237,yolo_x_cpu,74
8238,yolo_x_cpu,179
8239,yolo_x_cpu,83
8240,yolo_x_cpu,58
8241,yolo_x_cpu,87
8242,yolo_x_cpu,120
8243,yolo_x_cpu,109
8244,yolo_x_cpu,51
8245,yolo_x_cpu,77
8246,yolo_x_cpu,56
8247,yolo_x_cpu,72
8248,yolo_x_cpu,97
8249,yolo_x_cpu,59
8250,yolo_x_cpu,61
8251,yolo_x_cpu,88
8252,yolo_x_cpu,90
8253,yolo_x_cpu,76
8254,yolo_x_cpu,63
8255,yolo_x_cpu,78
8256,yolo_x_cpu,63
8257,yolo_x_cpu,46
8258,yolo_x_cpu,71
8259,yolo_x_cpu,78
8260,yolo_x_cpu,46
8261,yolo_x_cpu,74
8262,yolo_x_cpu,53
8263,yolo_x_cpu,52
8264,yolo_x_cpu,59
8265,yolo_x_cpu,123
8266,yolo_x_cpu,156
8267,yolo_x_cpu,74
8268,yolo_x_cpu,109
8269,yolo_x_cpu,99
8270,yolo_x_cpu,82
8271,yolo_x_cpu,63
8272,yolo_x_cpu,74
8273,yolo_x_cpu,57
8274,yolo_x_cpu,59
8275,yolo_x_cpu,27
8276,yolo_x_cpu,11
8277,yolo_x_cpu,11
8278,yolo_x_cpu,40
8279,yolo_x_cpu,31
8280,yolo_x_cpu,24
8281,yolo_x_cpu,31
8282,yolo_x_cpu,47
8283,yolo_x_cpu,25
8284,yolo_x_cpu,35
8285,yolo_x_cpu,13
8286,yolo_x_cpu,29
8287,yolo_x_cpu,145
8288,yolo_x_cpu,48
8289,yolo_x_cpu,40
8290,yolo_x_cpu,28
8291,yolo_x_cpu,42
8292,yolo_x_cpu,60
8293,yolo_x_cpu,46
8294,yolo_x_cpu,73
8295,yolo_x_cpu,55
8296,yolo_x_cpu,42
8297,yolo_x_cpu,48
8298,yolo_x_cpu,47
8299,yolo_x_cpu,49
8300,yolo_x_cpu,56
8301,yolo_x_cpu,79
8302,yolo_x_cpu,69
8303,yolo_x_cpu,58
8304,yolo_x_cpu,65
8305,yolo_x_cpu,42
8306,yolo_x_cpu,41
8307,yolo_x_cpu,33
8308,yolo_x_cpu,19
8309,yolo_x_cpu,19
8310,yolo_x_cpu,35
8311,yolo_x_cpu,15
8312,yolo_x_cpu,13
8313,yolo_x_cpu,14
8314,yolo_x_cpu,26
8315,yolo_x_cpu,29
8316,yolo_x_cpu,37
8317,yolo_x_cpu,18
8318,yolo_x_cpu,38
8319,yolo_x_cpu,25
8320,yolo_x_cpu,33
8321,yolo_x_cpu,91
8322,yolo_x_cpu,53
8323,yolo_x_cpu,24
8324,yolo_x_cpu,53
8325,yolo_x_cpu,24
8326,yolo_x_cpu,58
8327,yolo_x_cpu,54
8328,yolo_x_cpu,41
8329,yolo_x_cpu,62
8330,yolo_x_cpu,33
8331,yolo_x_cpu,31
8332,yolo_x_cpu,31
8333,yolo_x_cpu,24
8334,yolo_x_cpu,21
8335,yolo_x_cpu,23
8336,yolo_x_cpu,52
8337,yolo_x_cpu,36
8338,yolo_x_cpu,80
8339,yolo_x_cpu,54
8340,yolo_x_cpu,22
8341,yolo_x_cpu,44
8342,yolo_x_cpu,38
8343,yolo_x_cpu,19
8344,yolo_x_cpu,28
8345,yolo_x_cpu,37
8346,yolo_x_cpu,31
8347,yolo_x_cpu,47
8348,yolo_x_cpu,14
8349,yolo_x_cpu,15
8350,yolo_x_cpu,10
8351,yolo_x_cpu,8
8352,yolo_x_cpu,20
8353,yolo_x_cpu,16
8354,yolo_x_cpu,9
8355,yolo_x_cpu,19
8356,yolo_x_cpu,15
8357,yolo_x_cpu,16
8358,yolo_x_cpu,30
8359,yolo_x_cpu,38
8360,yolo_x_cpu,25
8361,yolo_x_cpu,20
8362,yolo_x_cpu,38
8363,yolo_x_cpu,32
8364,yolo_x_cpu,21
8365,yolo_x_cpu,16
8366,yolo_x_cpu,31
8367,yolo_x_cpu,69
8368,yolo_x_cpu,59
8369,yolo_x_cpu,114
8370,yolo_x_cpu,36
8371,yolo_x_cpu,78
8372,yolo_x_cpu,45
8373,yolo_x_cpu,17
8374,yolo_x_cpu,6
8375,yolo_x_cpu,26
8376,yolo_x_cpu,36
8377,yolo_x_cpu,32
8378,yolo_x_cpu,44
8379,yolo_x_cpu,35
8380,yolo_x_cpu,24
8381,yolo_x_cpu,11
8382,yolo_x_cpu,40
8383,yolo_x_cpu,32
8384,yolo_x_cpu,19
8385,yolo_x_cpu,40
8386,yolo_x_cpu,44
8387,yolo_x_cpu,33
8388,yolo_x_cpu,42
8389,yolo_x_cpu,39
8390,yolo_x_cpu,42
8391,yolo_x_cpu,13
8392,yolo_x_cpu,18
8393,yolo_x_cpu,31
8394,yolo_x_cpu,25
8395,yolo_x_cpu,34
8396,yolo_x_cpu,32
8397,yolo_x_cpu,48
8398,yolo_x_cpu,51
8399,yolo_x_cpu,36
8400,yolo_x_cpu,74
8401,yolo_x_cpu,29
8402,yolo_x_cpu,33
8403,yolo_x_cpu,57
8404,yolo_x_cpu,50
8405,yolo_x_cpu,44
8406,yolo_x_cpu,30
8407,yolo_x_cpu,22
8408,yolo_x_cpu,32
8409,yolo_x_cpu,55
8410,yolo_x_cpu,45
8411,yolo_x_cpu,62
8412,yolo_x_cpu,10
8413,yolo_x_cpu,10
8414,yolo_x_cpu,19
8415,yolo_x_cpu,18
8416,yolo_x_cpu,33
8417,yolo_x_cpu,15
8418,yolo_x_cpu,27
8419,yolo_x_cpu,32
8420,yolo_x_cpu,13
8421,yolo_x_cpu,36
8422,yolo_x_cpu,42
8423,yolo_x_cpu,26
8424,yolo_x_cpu,22
8425,yolo_x_cpu,25
8426,yolo_x_cpu,12
8427,yolo_x_cpu,12
8428,yolo_x_cpu,29
8429,yolo_x_cpu,44
8430,yolo_x_cpu,26
8431,yolo_x_cpu,30
8432,yolo_x_cpu,28
8433,yolo_x_cpu,25
8434,yolo_x_cpu,65
8435,yolo_x_cpu,37
8436,yolo_x_cpu,34
8437,yolo_x_cpu,29
8438,yolo_x_cpu,47
8439,yolo_x_cpu,13
8440,yolo_x_cpu,62
8441,yolo_x_cpu,61
8442,yolo_x_cpu,60
8443,yolo_x_cpu,19
8444,yolo_x_cpu,30
8445,yolo_x_cpu,15
8446,yolo_x_cpu,9
8447,yolo_x_cpu,13
8448,yolo_x_cpu,31
8449,yolo_x_cpu,19
8450,yolo_x_cpu,6
8451,yolo_x_cpu,14
8452,yolo_x_cpu,10
8453,yolo_x_cpu,20
8454,yolo_x_cpu,31
8455,yolo_x_cpu,31
8456,yolo_x_cpu,30
8457,yolo_x_cpu,35
8458,yolo_x_cpu,30
8459,yolo_x_cpu,30
8460,yolo_x_cpu,40
8461,yolo_x_cpu,34
8462,yolo_x_cpu,43
8463,yolo_x_cpu,26
8464,yolo_x_cpu,32
8465,yolo_x_cpu,45
8466,yolo_x_cpu,39
8467,yolo_x_cpu,51
8468,yolo_x_cpu,35
8469,yolo_x_cpu,38
8470,yolo_x_cpu,39
8471,yolo_x_cpu,39
8472,yolo_x_cpu,32
8473,yolo_x_cpu,39
8474,yolo_x_cpu,48
8475,yolo_x_cpu,58
8476,yolo_x_cpu,47
8477,yolo_x_cpu,30
8478,yolo_x_cpu,37
8479,yolo_x_cpu,47
8480,yolo_x_cpu,75
8481,yolo_x_cpu,65
8482,yolo_x_cpu,22
8483,yolo_x_cpu,37
8484,yolo_x_cpu,33
8485,yolo_x_cpu,30
8486,yolo_x_cpu,27
8487,yolo_x_cpu,41
8488,yolo_x_cpu,27
8489,yolo_x_cpu,53
8490,yolo_x_cpu,33
8491,yolo_x_cpu,37
8492,yolo_x_cpu,40
8493,yolo_x_cpu,45
8494,yolo_x_cpu,48
8495,yolo_x_cpu,25
8496,yolo_x_cpu,39
8497,yolo_x_cpu,117
8498,yolo_x_cpu,78
8499,yolo_x_cpu,56
8500,yolo_x_cpu,53
8501,yolo_x_cpu,60
8502,yolo_x_cpu,87
8503,yolo_x_cpu,46
8504,yolo_x_cpu,65
8505,yolo_x_cpu,59
8506,yolo_x_cpu,83
8507,yolo_x_cpu,92
8508,yolo_x_cpu,84
8509,yolo_x_cpu,178
8510,yolo_x_cpu,136
8511,yolo_x_cpu,143
8512,yolo_x_cpu,158
8513,yolo_x_cpu,165
8514,yolo_x_cpu,197
8515,yolo_x_cpu,152
8516,yolo_x_cpu,124
8517,yolo_x_cpu,82
8518,yolo_x_cpu,110
8519,yolo_x_cpu,132
8520,yolo_x_cpu,118
8521,yolo_x_cpu,102
8522,yolo_x_cpu,122
8523,yolo_x_cpu,126
8524,yolo_x_cpu,104
8525,yolo_x_cpu,133
8526,yolo_x_cpu,137
8527,yolo_x_cpu,157
8528,yolo_x_cpu,154
8529,yolo_x_cpu,132
8530,yolo_x_cpu,179
8531,yolo_x_cpu,216
8532,yolo_x_cpu,213
8533,yolo_x_cpu,164
8534,yolo_x_cpu,160
8535,yolo_x_cpu,242
8536,yolo_x_cpu,129
8537,yolo_x_cpu,132
8538,yolo_x_cpu,177
8539,yolo_x_cpu,245
8540,yolo_x_cpu,168
8541,yolo_x_cpu,178
8542,yolo_x_cpu,237
8543,yolo_x_cpu,183
8544,yolo_x_cpu,172
8545,yolo_x_cpu,235
8546,yolo_x_cpu,209
8547,yolo_x_cpu,182
8548,yolo_x_cpu,156
8549,yolo_x_cpu,139
8550,yolo_x_cpu,198
8551,yolo_x_cpu,188
8552,yolo_x_cpu,208
8553,yolo_x_cpu,190
8554,yolo_x_cpu,178
8555,yolo_x_cpu,212
8556,yolo_x_cpu,233
8557,yolo_x_cpu,209
8558,yolo_x_cpu,205
8559,yolo_x_cpu,215
8560,yolo_x_cpu,188
8561,yolo_x_cpu,223
8562,yolo_x_cpu,187
8563,yolo_x_cpu,199
8564,yolo_x_cpu,222
8565,yolo_x_cpu,291
8566,yolo_x_cpu,261
8567,yolo_x_cpu,219
8568,yolo_x_cpu,297
8569,yolo_x_cpu,258
8570,yolo_x_cpu,329
8571,yolo_x_cpu,197
8572,yolo_x_cpu,242
8573,yolo_x_cpu,320
8574,yolo_x_cpu,286
8575,yolo_x_cpu,302
8576,yolo_x_cpu,257
8577,yolo_x_cpu,304
8578,yolo_x_cpu,248
8579,yolo_x_cpu,241
8580,yolo_x_cpu,259
8581,yolo_x_cpu,343
8582,yolo_x_cpu,251
8583,yolo_x_cpu,216
8584,yolo_x_cpu,236
8585,yolo_x_cpu,285
8586,yolo_x_cpu,310
8587,yolo_x_cpu,335
8588,yolo_x_cpu,378
8589,yolo_x_cpu,367
8590,yolo_x_cpu,318
8591,yolo_x_cpu,334
8592,yolo_x_cpu,264
8593,yolo_x_cpu,353
8594,yolo_x_cpu,319
8595,yolo_x_cpu,272
8596,yolo_x_cpu,312
8597,yolo_x_cpu,414
8598,yolo_x_cpu,296
8599,yolo_x_cpu,326
8600,yolo_x_cpu,400
8601,yolo_x_cpu,359
8602,yolo_x_cpu,310
8603,yolo_x_cpu,334
8604,yolo_x_cpu,370
8605,yolo_x_cpu,358
8606,yolo_x_cpu,356
8607,yolo_x_cpu,348
8608,yolo_x_cpu,383
8609,yolo_x_cpu,383
8610,yolo_x_cpu,349
8611,yolo_x_cpu,380
8612,yolo_x_cpu,310
8613,yolo_x_cpu,322
8614,yolo_x_cpu,338
8615,yolo_x_cpu,313
8616,yolo_x_cpu,433
8617,yolo_x_cpu,409
8618,yolo_x_cpu,401
8619,yolo_x_cpu,465
8620,yolo_x_cpu,557
8621,yolo_x_cpu,466
8622,yolo_x_cpu,463
8623,yolo_x_cpu,338
8624,yolo_x_cpu,426
8625,yolo_x_cpu,405
8626,yolo_x_cpu,455
8627,yolo_x_cpu,568
8628,yolo_x_cpu,601
8629,yolo_x_cpu,534
8630,yolo_x_cpu,547
8631,yolo_x_cpu,509
8632,yolo_x_cpu,511
8633,yolo_x_cpu,485
8634,yolo_x_cpu,578
8635,yolo_x_cpu,663
8636,yolo_x_cpu,634
8637,yolo_x_cpu,515
8638,yolo_x_cpu,554
8639,yolo_x_cpu,565
8640,yolo_x_cpu,534
8641,yolo_x_cpu,493
8642,yolo_x_cpu,486
8643,yolo_x_cpu,418
8644,yolo_x_cpu,543
8645,yolo_x_cpu,481
8646,yolo_x_cpu,424
8647,yolo_x_cpu,519
8648,yolo_x_cpu,588
8649,yolo_x_cpu,653
8650,yolo_x_cpu,586
8651,yolo_x_cpu,617
8652,yolo_x_cpu,588
8653,yolo_x_cpu,568
8654,yolo_x_cpu,540
8655,yolo_x_cpu,538
8656,yolo_x_cpu,479
8657,yolo_x_cpu,525
8658,yolo_x_cpu,675
8659,yolo_x_cpu,556
8660,yolo_x_cpu,470
8661,yolo_x_cpu,566
8662,yolo_x_cpu,636
8663,yolo_x_cpu,534
8664,yolo_x_cpu,495
8665,yolo_x_cpu,539
8666,yolo_x_cpu,488
8667,yolo_x_cpu,514
8668,yolo_x_cpu,540
8669,yolo_x_cpu,611
8670,yolo_x_cpu,598
8671,yolo_x_cpu,537
8672,yolo_x_cpu,543
8673,yolo_x_cpu,540
8674,yolo_x_cpu,557
8675,yolo_x_cpu,565
8676,yolo_x_cpu,635
8677,yolo_x_cpu,472
8678,yolo_x_cpu,631
8679,yolo_x_cpu,562
8680,yolo_x_cpu,460
8681,yolo_x_cpu,525
8682,yolo_x_cpu,532
8683,yolo_x_cpu,669
8684,yolo_x_cpu,480
8685,yolo_x_cpu,564
8686,yolo_x_cpu,595
8687,yolo_x_cpu,835
8688,yolo_x_cpu,939
8689,yolo_x_cpu,955
8690,yolo_x_cpu,864
8691,yolo_x_cpu,794
8692,yolo_x_cpu,861
8693,yolo_x_cpu,895
8694,yolo_x_cpu,722
8695,yolo_x_cpu,728
8696,yolo_x_cpu,780
8697,yolo_x_cpu,828
8698,yolo_x_cpu,903
8699,yolo_x_cpu,832
8700,yolo_x_cpu,1125
8701,yolo_x_cpu,1055
8702,yolo_x_cpu,846
8703,yolo_x_cpu,851
8704,yolo_x_cpu,749
8705,yolo_x_cpu,804
8706,yolo_x_cpu,790
8707,yolo_x_cpu,793
8708,yolo_x_cpu,864
8709,yolo_x_cpu,712
8710,yolo_x_cpu,652
8711,yolo_x_cpu,747
8712,yolo_x_cpu,816
8713,yolo_x_cpu,741
8714,yolo_x_cpu,755
8715,yolo_x_cpu,741
8716,yolo_x_cpu,766
8717,yolo_x_cpu,948
8718,yolo_x_cpu,726
8719,yolo_x_cpu,801
8720,yolo_x_cpu,805
8721,yolo_x_cpu,739
8722,yolo_x_cpu,831
8723,yolo_x_cpu,780
8724,yolo_x_cpu,703
8725,yolo_x_cpu,731
8726,yolo_x_cpu,878
8727,yolo_x_cpu,923
8728,yolo_x_cpu,648
8729,yolo_x_cpu,676
8730,yolo_x_cpu,835
8731,yolo_x_cpu,800
8732,yolo_x_cpu,660
8733,yolo_x_cpu,686
8734,yolo_x_cpu,777
8735,yolo_x_cpu,904
8736,yolo_x_cpu,616
8737,yolo_x_cpu,682
8738,yolo_x_cpu,664
8739,yolo_x_cpu,741
8740,yolo_x_cpu,633
8741,yolo_x_cpu,719
8742,yolo_x_cpu,598
8743,yolo_x_cpu,582
8744,yolo_x_cpu,717
8745,yolo_x_cpu,758
8746,yolo_x_cpu,843
8747,yolo_x_cpu,943
8748,yolo_x_cpu,972
8749,yolo_x_cpu,1006
8750,yolo_x_cpu,746
8751,yolo_x_cpu,759
8752,yolo_x_cpu,969
8753,yolo_x_cpu,851
8754,yolo_x_cpu,757
8755,yolo_x_cpu,669
8756,yolo_x_cpu,700
8757,yolo_x_cpu,744
8758,yolo_x_cpu,840
8759,yolo_x_cpu,733
8760,yolo_x_cpu,625
8761,yolo_x_cpu,878
8762,yolo_x_cpu,956
8763,yolo_x_cpu,902
8764,yolo_x_cpu,790
8765,yolo_x_cpu,915
8766,yolo_x_cpu,711
8767,yolo_x_cpu,756
8768,yolo_x_cpu,747
8769,yolo_x_cpu,912
8770,yolo_x_cpu,889
8771,yolo_x_cpu,761
8772,yolo_x_cpu,814
8773,yolo_x_cpu,810
8774,yolo_x_cpu,746
8775,yolo_x_cpu,808
8776,yolo_x_cpu,840
8777,yolo_x_cpu,743
8778,yolo_x_cpu,746
8779,yolo_x_cpu,731
8780,yolo_x_cpu,858
8781,yolo_x_cpu,865
8782,yolo_x_cpu,765
8783,yolo_x_cpu,710
8784,yolo_x_cpu,720
8785,yolo_x_cpu,704
8786,yolo_x_cpu,651
8787,yolo_x_cpu,836
8788,yolo_x_cpu,920
8789,yolo_x_cpu,988
8790,yolo_x_cpu,1065
8791,yolo_x_cpu,784
8792,yolo_x_cpu,791
8793,yolo_x_cpu,839
8794,yolo_x_cpu,580
8795,yolo_x_cpu,791
8796,yolo_x_cpu,715
8797,yolo_x_cpu,812
8798,yolo_x_cpu,918
8799,yolo_x_cpu,880
8800,yolo_x_cpu,753
8801,yolo_x_cpu,792
8802,yolo_x_cpu,692
8803,yolo_x_cpu,662
8804,yolo_x_cpu,619
8805,yolo_x_cpu,641
8806,yolo_x_cpu,690
8807,yolo_x_cpu,641
8808,yolo_x_cpu,762
8809,yolo_x_cpu,702
8810,yolo_x_cpu,783
8811,yolo_x_cpu,785
8812,yolo_x_cpu,901
8813,yolo_x_cpu,783
8814,yolo_x_cpu,702
8815,yolo_x_cpu,883
8816,yolo_x_cpu,732
8817,yolo_x_cpu,608
8818,yolo_x_cpu,722
8819,yolo_x_cpu,733
8820,yolo_x_cpu,726
8821,yolo_x_cpu,742
8822,yolo_x_cpu,751
8823,yolo_x_cpu,597
8824,yolo_x_cpu,562
8825,yolo_x_cpu,696
8826,yolo_x_cpu,729
8827,yolo_x_cpu,664
8828,yolo_x_cpu,737
8829,yolo_x_cpu,729
8830,yolo_x_cpu,728
8831,yolo_x_cpu,686
8832,yolo_x_cpu,737
8833,yolo_x_cpu,688
8834,yolo_x_cpu,701
8835,yolo_x_cpu,702
8836,yolo_x_cpu,605
8837,yolo_x_cpu,677
8838,yolo_x_cpu,640
8839,yolo_x_cpu,725
8840,yolo_x_cpu,708
8841,yolo_x_cpu,739
8842,yolo_x_cpu,788
8843,yolo_x_cpu,752
8844,yolo_x_cpu,682
8845,yolo_x_cpu,691
8846,yolo_x_cpu,651
8847,yolo_x_cpu,825
8848,yolo_x_cpu,696
8849,yolo_x_cpu,725
8850,yolo_x_cpu,825
8851,yolo_x_cpu,655
8852,yolo_x_cpu,668
8853,yolo_x_cpu,574
8854,yolo_x_cpu,579
8855,yolo_x_cpu,615
8856,yolo_x_cpu,595
8857,yolo_x_cpu,588
8858,yolo_x_cpu,657
8859,yolo_x_cpu,641
8860,yolo_x_cpu,633
8861,yolo_x_cpu,592
8862,yolo_x_cpu,679
8863,yolo_x_cpu,635
8864,yolo_x_cpu,754
8865,yolo_x_cpu,627
8866,yolo_x_cpu,592
8867,yolo_x_cpu,594
8868,yolo_x_cpu,669
8869,yolo_x_cpu,572
8870,yolo_x_cpu,561
8871,yolo_x_cpu,575
8872,yolo_x_cpu,627
8873,yolo_x_cpu,645
8874,yolo_x_cpu,724
8875,yolo_x_cpu,882
8876,yolo_x_cpu,790
8877,yolo_x_cpu,791
8878,yolo_x_cpu,818
8879,yolo_x_cpu,705
8880,yolo_x_cpu,644
8881,yolo_x_cpu,679
8882,yolo_x_cpu,628
8883,yolo_x_cpu,773
8884,yolo_x_cpu,751
8885,yolo_x_cpu,877
8886,yolo_x_cpu,724
8887,yolo_x_cpu,777
8888,yolo_x_cpu,890
8889,yolo_x_cpu,846
8890,yolo_x_cpu,809
8891,yolo_x_cpu,770
8892,yolo_x_cpu,915
8893,yolo_x_cpu,883
8894,yolo_x_cpu,932
8895,yolo_x_cpu,938
8896,yolo_x_cpu,1066
8897,yolo_x_cpu,1054
8898,yolo_x_cpu,1027
8899,yolo_x_cpu,946
8900,yolo_x_cpu,893
8901,yolo_x_cpu,1047
8902,yolo_x_cpu,1171
8903,yolo_x_cpu,1212
8904,yolo_x_cpu,1251
8905,yolo_x_cpu,1171
8906,yolo_x_cpu,1144
8907,yolo_x_cpu,1185
8908,yolo_x_cpu,1388
8909,yolo_x_cpu,1302
8910,yolo_x_cpu,1410
8911,yolo_x_cpu,1458
8912,yolo_x_cpu,1500
8913,yolo_x_cpu,1575
8914,yolo_x_cpu,1544
8915,yolo_x_cpu,1452
8916,yolo_x_cpu,1595
8917,yolo_x_cpu,1491
8918,yolo_x_cpu,1303
8919,yolo_x_cpu,1503
8920,yolo_x_cpu,1640
8921,yolo_x_cpu,1583
8922,yolo_x_cpu,1686
8923,yolo_x_cpu,1512
8924,yolo_x_cpu,1676
8925,yolo_x_cpu,1603
8926,yolo_x_cpu,1624
8927,yolo_x_cpu,1544
8928,yolo_x_cpu,1706
8929,yolo_x_cpu,1642
8930,yolo_x_cpu,1571
8931,yolo_x_cpu,1395
8932,yolo_x_cpu,1664
8933,yolo_x_cpu,1489
8934,yolo_x_cpu,1754
8935,yolo_x_cpu,1502
8936,yolo_x_cpu,1431
8937,yolo_x_cpu,1315
8938,yolo_x_cpu,1318
8939,yolo_x_cpu,1301
8940,yolo_x_cpu,1233
8941,yolo_x_cpu,1708
8942,yolo_x_cpu,1552
8943,yolo_x_cpu,1448
8944,yolo_x_cpu,1423
8945,yolo_x_cpu,1327
8946,yolo_x_cpu,1417
8947,yolo_x_cpu,1355
8948,yolo_x_cpu,1338
8949,yolo_x_cpu,1384
8950,yolo_x_cpu,1294
8951,yolo_x_cpu,1305
8952,yolo_x_cpu,1392
8953,yolo_x_cpu,1600
8954,yolo_x_cpu,1552
8955,yolo_x_cpu,1697
8956,yolo_x_cpu,1394
8957,yolo_x_cpu,1445
8958,yolo_x_cpu,1567
8959,yolo_x_cpu,1308
8960,yolo_x_cpu,1184
8961,yolo_x_cpu,1230
8962,yolo_x_cpu,1132
8963,yolo_x_cpu,1324
8964,yolo_x_cpu,1151
8965,yolo_x_cpu,1186
8966,yolo_x_cpu,1200
8967,yolo_x_cpu,1172
8968,yolo_x_cpu,1181
8969,yolo_x_cpu,1396
8970,yolo_x_cpu,1040
8971,yolo_x_cpu,1039
8972,yolo_x_cpu,1304
8973,yolo_x_cpu,1024
8974,yolo_x_cpu,1014
8975,yolo_x_cpu,928
8976,yolo_x_cpu,1001
8977,yolo_x_cpu,989
8978,yolo_x_cpu,983
8979,yolo_x_cpu,997
8980,yolo_x_cpu,1064
8981,yolo_x_cpu,946
8982,yolo_x_cpu,1014
8983,yolo_x_cpu,962
8984,yolo_x_cpu,903
8985,yolo_x_cpu,927
8986,yolo_x_cpu,955
8987,yolo_x_cpu,1082
8988,yolo_x_cpu,896
8989,yolo_x_cpu,967
8990,yolo_x_cpu,1079
8991,yolo_x_cpu,862
8992,yolo_x_cpu,972
8993,yolo_x_cpu,1013
8994,yolo_x_cpu,837
8995,yolo_x_cpu,972
8996,yolo_x_cpu,1027
8997,yolo_x_cpu,934
8998,yolo_x_cpu,1017
8999,yolo_x_cpu,1013
9000,yolo_x_cpu,960
9001,yolo_x_cpu,954
9002,yolo_x_cpu,908
9003,yolo_x_cpu,1000
9004,yolo_x_cpu,1153
9005,yolo_x_cpu,913
9006,yolo_x_cpu,906
9007,yolo_x_cpu,818
9008,yolo_x_cpu,1047
9009,yolo_x_cpu,1024
9010,yolo_x_cpu,858
9011,yolo_x_cpu,857
9012,yolo_x_cpu,946
9013,yolo_x_cpu,805
9014,yolo_x_cpu,787
9015,yolo_x_cpu,1053
9016,yolo_x_cpu,1002
9017,yolo_x_cpu,890
9018,yolo_x_cpu,809
9019,yolo_x_cpu,841
9020,yolo_x_cpu,627
9021,yolo_x_cpu,723
9022,yolo_x_cpu,775
9023,yolo_x_cpu,833
9024,yolo_x_cpu,672
9025,yolo_x_cpu,611
9026,yolo_x_cpu,682
9027,yolo_x_cpu,582
9028,yolo_x_cpu,848
9029,yolo_x_cpu,777
9030,yolo_x_cpu,633
9031,yolo_x_cpu,622
9032,yolo_x_cpu,689
9033,yolo_x_cpu,630
9034,yolo_x_cpu,621
9035,yolo_x_cpu,609
9036,yolo_x_cpu,610
9037,yolo_x_cpu,680
9038,yolo_x_cpu,560
9039,yolo_x_cpu,540
9040,yolo_x_cpu,548
9041,yolo_x_cpu,565
9042,yolo_x_cpu,558
9043,yolo_x_cpu,655
9044,yolo_x_cpu,616
9045,yolo_x_cpu,608
9046,yolo_x_cpu,534
9047,yolo_x_cpu,476
9048,yolo_x_cpu,510
9049,yolo_x_cpu,499
9050,yolo_x_cpu,507
9051,yolo_x_cpu,567
9052,yolo_x_cpu,507
9053,yolo_x_cpu,550
9054,yolo_x_cpu,517
9055,yolo_x_cpu,573
9056,yolo_x_cpu,552
9057,yolo_x_cpu,536
9058,yolo_x_cpu,508
9059,yolo_x_cpu,580
9060,yolo_x_cpu,614
9061,yolo_x_cpu,706
9062,yolo_x_cpu,665
9063,yolo_x_cpu,566
9064,yolo_x_cpu,587
9065,yolo_x_cpu,791
9066,yolo_x_cpu,656
9067,yolo_x_cpu,636
9068,yolo_x_cpu,704
9069,yolo_x_cpu,608
9070,yolo_x_cpu,598
9071,yolo_x_cpu,701
9072,yolo_x_cpu,662
9073,yolo_x_cpu,528
9074,yolo_x_cpu,775
9075,yolo_x_cpu,725
9076,yolo_x_cpu,727
9077,yolo_x_cpu,719
9078,yolo_x_cpu,665
9079,yolo_x_cpu,705
9080,yolo_x_cpu,734
9081,yolo_x_cpu,734
9082,yolo_x_cpu,630
9083,yolo_x_cpu,867
9084,yolo_x_cpu,770
9085,yolo_x_cpu,756
9086,yolo_x_cpu,784
9087,yolo_x_cpu,658
9088,yolo_x_cpu,719
9089,yolo_x_cpu,676
9090,yolo_x_cpu,738
9091,yolo_x_cpu,649
9092,yolo_x_cpu,767
9093,yolo_x_cpu,724
9094,yolo_x_cpu,775
9095,yolo_x_cpu,779
9096,yolo_x_cpu,565
9097,yolo_x_cpu,703
9098,yolo_x_cpu,840
9099,yolo_x_cpu,873
9100,yolo_x_cpu,851
9101,yolo_x_cpu,658
9102,yolo_x_cpu,692
9103,yolo_x_cpu,632
9104,yolo_x_cpu,651
9105,yolo_x_cpu,870
9106,yolo_x_cpu,688
9107,yolo_x_cpu,743
9108,yolo_x_cpu,872
9109,yolo_x_cpu,981
9110,yolo_x_cpu,845
9111,yolo_x_cpu,741
9112,yolo_x_cpu,640
9113,yolo_x_cpu,647
9114,yolo_x_cpu,621
9115,yolo_x_cpu,628
9116,yolo_x_cpu,683
9117,yolo_x_cpu,594
9118,yolo_x_cpu,676
9119,yolo_x_cpu,687
9120,yolo_x_cpu,766
9121,yolo_x_cpu,783
9122,yolo_x_cpu,719
9123,yolo_x_cpu,755
9124,yolo_x_cpu,762
9125,yolo_x_cpu,826
9126,yolo_x_cpu,927
9127,yolo_x_cpu,850
9128,yolo_x_cpu,860
9129,yolo_x_cpu,744
9130,yolo_x_cpu,856
9131,yolo_x_cpu,780
9132,yolo_x_cpu,903
9133,yolo_x_cpu,1035
9134,yolo_x_cpu,1117
9135,yolo_x_cpu,963
9136,yolo_x_cpu,891
9137,yolo_x_cpu,845
9138,yolo_x_cpu,1006
9139,yolo_x_cpu,853
9140,yolo_x_cpu,1032
9141,yolo_x_cpu,780
9142,yolo_x_cpu,823
9143,yolo_x_cpu,805
9144,yolo_x_cpu,830
9145,yolo_x_cpu,851
9146,yolo_x_cpu,1027
9147,yolo_x_cpu,1084
9148,yolo_x_cpu,1094
9149,yolo_x_cpu,1026
9150,yolo_x_cpu,1203
9151,yolo_x_cpu,1164
9152,yolo_x_cpu,978
9153,yolo_x_cpu,1037
9154,yolo_x_cpu,1165
9155,yolo_x_cpu,1009
9156,yolo_x_cpu,1083
9157,yolo_x_cpu,1138
9158,yolo_x_cpu,936
9159,yolo_x_cpu,1009
9160,yolo_x_cpu,1086
9161,yolo_x_cpu,1083
9162,yolo_x_cpu,1123
9163,yolo_x_cpu,1093
9164,yolo_x_cpu,1262
9165,yolo_x_cpu,1200
9166,yolo_x_cpu,1193
9167,yolo_x_cpu,1265
9168,yolo_x_cpu,1269
9169,yolo_x_cpu,1272
9170,yolo_x_cpu,1253
9171,yolo_x_cpu,1125
9172,yolo_x_cpu,1246
9173,yolo_x_cpu,1233
9174,yolo_x_cpu,1350
9175,yolo_x_cpu,1431
9176,yolo_x_cpu,1433
9177,yolo_x_cpu,1473
9178,yolo_x_cpu,1408
9179,yolo_x_cpu,1362
9180,yolo_x_cpu,1432
9181,yolo_x_cpu,1423
9182,yolo_x_cpu,1441
9183,yolo_x_cpu,1488
9184,yolo_x_cpu,1694
9185,yolo_x_cpu,1479
9186,yolo_x_cpu,1486
9187,yolo_x_cpu,1635
9188,yolo_x_cpu,1623
9189,yolo_x_cpu,1455
9190,yolo_x_cpu,1404
9191,yolo_x_cpu,1444
9192,yolo_x_cpu,1614
9193,yolo_x_cpu,1575
9194,yolo_x_cpu,1459
9195,yolo_x_cpu,1619
9196,yolo_x_cpu,1567
9197,yolo_x_cpu,1559
9198,yolo_x_cpu,1602
9199,yolo_x_cpu,1645
9200,yolo_x_cpu,1700
9201,yolo_x_cpu,1718
9202,yolo_x_cpu,1722
9203,yolo_x_cpu,1726
9204,yolo_x_cpu,1701
9205,yolo_x_cpu,1669
9206,yolo_x_cpu,1870
9207,yolo_x_cpu,1738
9208,yolo_x_cpu,1749
9209,yolo_x_cpu,1569
9210,yolo_x_cpu,1631
9211,yolo_x_cpu,1636
9212,yolo_x_cpu,1869
9213,yolo_x_cpu,1924
9214,yolo_x_cpu,1710
9215,yolo_x_cpu,1719
9216,yolo_x_cpu,1653
9217,yolo_x_cpu,1755
9218,yolo_x_cpu,1631
9219,yolo_x_cpu,1840
9220,yolo_x_cpu,1694
9221,yolo_x_cpu,1692
9222,yolo_x_cpu,1592
9223,yolo_x_cpu,1580
9224,yolo_x_cpu,1674
9225,yolo_x_cpu,1653
9226,yolo_x_cpu,1821
9227,yolo_x_cpu,1622
9228,yolo_x_cpu,1670
9229,yolo_x_cpu,1578
9230,yolo_x_cpu,1722
9231,yolo_x_cpu,1769
9232,yolo_x_cpu,1638
9233,yolo_x_cpu,1738
9234,yolo_x_cpu,1570
9235,yolo_x_cpu,1628
9236,yolo_x_cpu,1710
9237,yolo_x_cpu,1585
9238,yolo_x_cpu,1683
9239,yolo_x_cpu,1566
9240,yolo_x_cpu,1578
9241,yolo_x_cpu,1787
9242,yolo_x_cpu,1749
9243,yolo_x_cpu,1694
9244,yolo_x_cpu,1659
9245,yolo_x_cpu,1756
9246,yolo_x_cpu,1774
9247,yolo_x_cpu,1779
9248,yolo_x_cpu,1915
9249,yolo_x_cpu,1907
9250,yolo_x_cpu,1833
9251,yolo_x_cpu,1712
9252,yolo_x_cpu,2023
9253,yolo_x_cpu,1625
9254,yolo_x_cpu,1804
9255,yolo_x_cpu,1730
9256,yolo_x_cpu,1805
9257,yolo_x_cpu,1708
9258,yolo_x_cpu,1924
9259,yolo_x_cpu,1698
9260,yolo_x_cpu,1755
9261,yolo_x_cpu,1749
9262,yolo_x_cpu,1701
9263,yolo_x_cpu,1808
9264,yolo_x_cpu,1700
9265,yolo_x_cpu,1704
9266,yolo_x_cpu,1811
9267,yolo_x_cpu,1828
9268,yolo_x_cpu,1712
9269,yolo_x_cpu,1692
9270,yolo_x_cpu,1899
9271,yolo_x_cpu,1639
9272,yolo_x_cpu,1725
9273,yolo_x_cpu,1879
9274,yolo_x_cpu,1714
9275,yolo_x_cpu,1913
9276,yolo_x_cpu,1920
9277,yolo_x_cpu,1912
9278,yolo_x_cpu,1870
9279,yolo_x_cpu,1936
9280,yolo_x_cpu,1820
9281,yolo_x_cpu,1991
9282,yolo_x_cpu,1885
9283,yolo_x_cpu,1815
9284,yolo_x_cpu,2158
9285,yolo_x_cpu,1811
9286,yolo_x_cpu,1959
9287,yolo_x_cpu,1932
9288,yolo_x_cpu,1822
9289,yolo_x_cpu,1748
9290,yolo_x_cpu,1843
9291,yolo_x_cpu,1874
9292,yolo_x_cpu,1866
9293,yolo_x_cpu,1908
9294,yolo_x_cpu,1899
9295,yolo_x_cpu,1904
9296,yolo_x_cpu,2043
9297,yolo_x_cpu,1964
9298,yolo_x_cpu,1899
9299,yolo_x_cpu,2015
9300,yolo_x_cpu,2014
9301,yolo_x_cpu,2126
9302,yolo_x_cpu,2171
9303,yolo_x_cpu,2181
9304,yolo_x_cpu,2022
9305,yolo_x_cpu,2222
9306,yolo_x_cpu,2033
9307,yolo_x_cpu,1941
9308,yolo_x_cpu,2036
9309,yolo_x_cpu,2022
9310,yolo_x_cpu,2055
9311,yolo_x_cpu,2299
9312,yolo_x_cpu,2158
9313,yolo_x_cpu,2228
9314,yolo_x_cpu,2206
9315,yolo_x_cpu,2217
9316,yolo_x_cpu,2153
9317,yolo_x_cpu,2115
9318,yolo_x_cpu,1966
9319,yolo_x_cpu,2216
9320,yolo_x_cpu,2149
9321,yolo_x_cpu,2054
9322,yolo_x_cpu,2149
9323,yolo_x_cpu,2166
9324,yolo_x_cpu,2129
9325,yolo_x_cpu,2211
9326,yolo_x_cpu,2243
9327,yolo_x_cpu,2167
9328,yolo_x_cpu,2173
9329,yolo_x_cpu,2511
9330,yolo_x_cpu,2555
9331,yolo_x_cpu,2214
9332,yolo_x_cpu,2032
9333,yolo_x_cpu,2103
9334,yolo_x_cpu,2274
9335,yolo_x_cpu,2111
9336,yolo_x_cpu,1995
9337,yolo_x_cpu,2027
9338,yolo_x_cpu,2033
9339,yolo_x_cpu,2124
9340,yolo_x_cpu,1957
9341,yolo_x_cpu,2287
9342,yolo_x_cpu,2141
9343,yolo_x_cpu,2170
9344,yolo_x_cpu,2017
9345,yolo_x_cpu,2037
9346,yolo_x_cpu,2041
9347,yolo_x_cpu,2210
9348,yolo_x_cpu,2199
9349,yolo_x_cpu,2333
9350,yolo_x_cpu,2128
9351,yolo_x_cpu,1980
9352,yolo_x_cpu,2079
9353,yolo_x_cpu,2128
9354,yolo_x_cpu,2085
9355,yolo_x_cpu,1915
9356,yolo_x_cpu,1927
9357,yolo_x_cpu,2198
9358,yolo_x_cpu,2048
9359,yolo_x_cpu,2028
9360,yolo_x_cpu,1997
9361,yolo_x_cpu,2451
9362,yolo_x_cpu,1983
9363,yolo_x_cpu,2103
9364,yolo_x_cpu,2139
9365,yolo_x_cpu,2140
9366,yolo_x_cpu,2094
9367,yolo_x_cpu,1951
9368,yolo_x_cpu,1987
9369,yolo_x_cpu,1995
9370,yolo_x_cpu,2138
9371,yolo_x_cpu,2231
9372,yolo_x_cpu,2038
9373,yolo_x_cpu,1944
9374,yolo_x_cpu,2193
9375,yolo_x_cpu,2092
9376,yolo_x_cpu,2127
9377,yolo_x_cpu,2189
9378,yolo_x_cpu,2169
9379,yolo_x_cpu,2166
9380,yolo_x_cpu,2190
9381,yolo_x_cpu,2069
9382,yolo_x_cpu,2026
9383,yolo_x_cpu,1919
9384,yolo_x_cpu,1955
9385,yolo_x_cpu,1936
9386,yolo_x_cpu,2012
9387,yolo_x_cpu,2102
9388,yolo_x_cpu,2106
9389,yolo_x_cpu,2001
9390,yolo_x_cpu,2144
9391,yolo_x_cpu,2337
9392,yolo_x_cpu,2345
9393,yolo_x_cpu,2065
9394,yolo_x_cpu,1826
9395,yolo_x_cpu,2011
9396,yolo_x_cpu,2048
9397,yolo_x_cpu,2045
9398,yolo_x_cpu,1886
9399,yolo_x_cpu,2100
9400,yolo_x_cpu,2293
9401,yolo_x_cpu,2310
9402,yolo_x_cpu,2312
9403,yolo_x_cpu,2050
9404,yolo_x_cpu,1854
9405,yolo_x_cpu,2023
9406,yolo_x_cpu,2072
9407,yolo_x_cpu,2045
9408,yolo_x_cpu,1945
9409,yolo_x_cpu,1762
9410,yolo_x_cpu,2062
9411,yolo_x_cpu,2064
9412,yolo_x_cpu,2042
9413,yolo_x_cpu,2263
9414,yolo_x_cpu,1890
9415,yolo_x_cpu,1832
9416,yolo_x_cpu,1887
9417,yolo_x_cpu,1720
9418,yolo_x_cpu,1883
9419,yolo_x_cpu,1802
9420,yolo_x_cpu,1754
9421,yolo_x_cpu,2235
9422,yolo_x_cpu,1944
9423,yolo_x_cpu,1811
9424,yolo_x_cpu,1856
9425,yolo_x_cpu,1845
9426,yolo_x_cpu,1943
9427,yolo_x_cpu,1862
9428,yolo_x_cpu,1858
9429,yolo_x_cpu,1932
9430,yolo_x_cpu,1707
9431,yolo_x_cpu,1830
9432,yolo_x_cpu,1924
9433,yolo_x_cpu,1852
9434,yolo_x_cpu,1809
9435,yolo_x_cpu,1828
9436,yolo_x_cpu,1579
9437,yolo_x_cpu,1711
9438,yolo_x_cpu,1850
9439,yolo_x_cpu,1840
9440,yolo_x_cpu,1760
9441,yolo_x_cpu,1809
9442,yolo_x_cpu,1538
9443,yolo_x_cpu,1610
9444,yolo_x_cpu,1546
9445,yolo_x_cpu,1541
9446,yolo_x_cpu,1560
9447,yolo_x_cpu,1503
9448,yolo_x_cpu,1707
9449,yolo_x_cpu,1703
9450,yolo_x_cpu,1689
9451,yolo_x_cpu,1706
9452,yolo_x_cpu,1727
9453,yolo_x_cpu,1569
9454,yolo_x_cpu,1555
9455,yolo_x_cpu,1521
9456,yolo_x_cpu,1501
9457,yolo_x_cpu,1526
9458,yolo_x_cpu,1694
9459,yolo_x_cpu,1587
9460,yolo_x_cpu,1714
9461,yolo_x_cpu,1619
9462,yolo_x_cpu,1555
9463,yolo_x_cpu,1603
9464,yolo_x_cpu,1616
9465,yolo_x_cpu,1667
9466,yolo_x_cpu,1703
9467,yolo_x_cpu,1707
9468,yolo_x_cpu,1675
9469,yolo_x_cpu,1615
9470,yolo_x_cpu,1605
9471,yolo_x_cpu,1421
9472,yolo_x_cpu,1389
9473,yolo_x_cpu,1418
9474,yolo_x_cpu,1368
9475,yolo_x_cpu,1408
9476,yolo_x_cpu,1345
9477,yolo_x_cpu,1393
9478,yolo_x_cpu,1442
9479,yolo_x_cpu,1387
9480,yolo_x_cpu,1288
9481,yolo_x_cpu,1135
9482,yolo_x_cpu,1202
9483,yolo_x_cpu,1436
9484,yolo_x_cpu,1526
9485,yolo_x_cpu,1365
9486,yolo_x_cpu,1481
9487,yolo_x_cpu,1285
9488,yolo_x_cpu,1403
9489,yolo_x_cpu,1332
9490,yolo_x_cpu,1261
9491,yolo_x_cpu,1260
9492,yolo_x_cpu,1189
9493,yolo_x_cpu,1168
9494,yolo_x_cpu,1356
9495,yolo_x_cpu,1262
9496,yolo_x_cpu,1239
9497,yolo_x_cpu,1115
9498,yolo_x_cpu,1141
9499,yolo_x_cpu,1132
9500,yolo_x_cpu,1030
9501,yolo_x_cpu,1051
9502,yolo_x_cpu,1022
9503,yolo_x_cpu,1161
9504,yolo_x_cpu,1261
9505,yolo_x_cpu,1265
9506,yolo_x_cpu,1128
9507,yolo_x_cpu,1057
9508,yolo_x_cpu,956
9509,yolo_x_cpu,1003
9510,yolo_x_cpu,965
9511,yolo_x_cpu,927
9512,yolo_x_cpu,954
9513,yolo_x_cpu,1065
9514,yolo_x_cpu,836
9515,yolo_x_cpu,961
9516,yolo_x_cpu,905
9517,yolo_x_cpu,1070
9518,yolo_x_cpu,945
9519,yolo_x_cpu,1065
9520,yolo_x_cpu,928
9521,yolo_x_cpu,836
9522,yolo_x_cpu,895
9523,yolo_x_cpu,841
9524,yolo_x_cpu,985
9525,yolo_x_cpu,1054
9526,yolo_x_cpu,910
9527,yolo_x_cpu,853
9528,yolo_x_cpu,697
9529,yolo_x_cpu,707
9530,yolo_x_cpu,753
9531,yolo_x_cpu,750
9532,yolo_x_cpu,708
9533,yolo_x_cpu,667
9534,yolo_x_cpu,699
9535,yolo_x_cpu,711
9536,yolo_x_cpu,735
9537,yolo_x_cpu,737
9538,yolo_x_cpu,605
9539,yolo_x_cpu,622
9540,yolo_x_cpu,727
9541,yolo_x_cpu,714
9542,yolo_x_cpu,772
9543,yolo_x_cpu,610
9544,yolo_x_cpu,611
9545,yolo_x_cpu,567
9546,yolo_x_cpu,495
9547,yolo_x_cpu,602
9548,yolo_x_cpu,782
9549,yolo_x_cpu,557
9550,yolo_x_cpu,528
9551,yolo_x_cpu,551
9552,yolo_x_cpu,612
9553,yolo_x_cpu,553
9554,yolo_x_cpu,549
9555,yolo_x_cpu,440
9556,yolo_x_cpu,400
9557,yolo_x_cpu,450
9558,yolo_x_cpu,485
9559,yolo_x_cpu,490
9560,yolo_x_cpu,429
9561,yolo_x_cpu,475
9562,yolo_x_cpu,447
9563,yolo_x_cpu,370
9564,yolo_x_cpu,466
9565,yolo_x_cpu,365
9566,yolo_x_cpu,433
9567,yolo_x_cpu,400
9568,yolo_x_cpu,386
9569,yolo_x_cpu,343
9570,yolo_x_cpu,413
9571,yolo_x_cpu,365
9572,yolo_x_cpu,419
9573,yolo_x_cpu,284
9574,yolo_x_cpu,375
9575,yolo_x_cpu,436
9576,yolo_x_cpu,353
9577,yolo_x_cpu,384
9578,yolo_x_cpu,373
9579,yolo_x_cpu,406
9580,yolo_x_cpu,444
9581,yolo_x_cpu,440
9582,yolo_x_cpu,401
9583,yolo_x_cpu,395
9584,yolo_x_cpu,449
9585,yolo_x_cpu,480
9586,yolo_x_cpu,454
9587,yolo_x_cpu,324
9588,yolo_x_cpu,244
9589,yolo_x_cpu,258
9590,yolo_x_cpu,434
9591,yolo_x_cpu,319
9592,yolo_x_cpu,332
9593,yolo_x_cpu,269
9594,yolo_x_cpu,263
9595,yolo_x_cpu,326
9596,yolo_x_cpu,301
9597,yolo_x_cpu,307
9598,yolo_x_cpu,239
9599,yolo_x_cpu,189
9600,yolo_x_cpu,261
9601,yolo_x_cpu,232
9602,yolo_x_cpu,207
9603,yolo_x_cpu,269
9604,yolo_x_cpu,233
9605,yolo_x_cpu,230
9606,yolo_x_cpu,279
9607,yolo_x_cpu,206
9608,yolo_x_cpu,234
9609,yolo_x_cpu,197
9610,yolo_x_cpu,188
9611,yolo_x_cpu,168
9612,yolo_x_cpu,123
9613,yolo_x_cpu,166
9614,yolo_x_cpu,217
9615,yolo_x_cpu,220
9616,yolo_x_cpu,140
9617,yolo_x_cpu,140
9618,yolo_x_cpu,195
9619,yolo_x_cpu,200
9620,yolo_x_cpu,167
9621,yolo_x_cpu,163
9622,yolo_x_cpu,131
9623,yolo_x_cpu,182
9624,yolo_x_cpu,180
9625,yolo_x_cpu,166
9626,yolo_x_cpu,181
9627,yolo_x_cpu,222
9628,yolo_x_cpu,96
9629,yolo_x_cpu,120
9630,yolo_x_cpu,155
9631,yolo_x_cpu,144
9632,yolo_x_cpu,164
9633,yolo_x_cpu,204
9634,yolo_x_cpu,140
9635,yolo_x_cpu,121
9636,yolo_x_cpu,122
9637,yolo_x_cpu,96
9638,yolo_x_cpu,98
9639,yolo_x_cpu,92
9640,yolo_x_cpu,64
9641,yolo_x_cpu,55
9642,yolo_x_cpu,66
9643,yolo_x_cpu,235
9644,yolo_x_cpu,121
9645,yolo_x_cpu,167
9646,yolo_x_cpu,102
9647,yolo_x_cpu,89
9648,yolo_x_cpu,80
9649,yolo_x_cpu,63
9650,yolo_x_cpu,102
9651,yolo_x_cpu,103
9652,yolo_x_cpu,132
9653,yolo_x_cpu,126
9654,yolo_x_cpu,126
9655,yolo_x_cpu,83
9656,yolo_x_cpu,67
9657,yolo_x_cpu,71
9658,yolo_x_cpu,116
9659,yolo_x_cpu,89
9660,yolo_x_cpu,104
9661,yolo_x_cpu,91
9662,yolo_x_cpu,63
9663,yolo_x_cpu,44
9664,yolo_x_cpu,45
9665,yolo_x_cpu,72
9666,yolo_x_cpu,51
9667,yolo_x_cpu,56
9668,yolo_x_cpu,71
9669,yolo_x_cpu,53
9670,yolo_x_cpu,53
9671,yolo_x_cpu,79
9672,yolo_x_cpu,53
9673,yolo_x_cpu,71
9674,yolo_x_cpu,33
9675,yolo_x_cpu,62
9676,yolo_x_cpu,67
9677,yolo_x_cpu,72
9678,yolo_x_cpu,72
9679,yolo_x_cpu,149
9680,yolo_x_cpu,71
9681,yolo_x_cpu,79
9682,yolo_x_cpu,82
9683,yolo_x_cpu,59
9684,yolo_x_cpu,67
9685,yolo_x_cpu,58
9686,yolo_x_cpu,70
9687,yolo_x_cpu,66
9688,yolo_x_cpu,43
9689,yolo_x_cpu,66
9690,yolo_x_cpu,78
9691,yolo_x_cpu,73
9692,yolo_x_cpu,83
9693,yolo_x_cpu,64
9694,yolo_x_cpu,39
9695,yolo_x_cpu,32
9696,yolo_x_cpu,63
9697,yolo_x_cpu,80
9698,yolo_x_cpu,147
9699,yolo_x_cpu,60
9700,yolo_x_cpu,94
9701,yolo_x_cpu,55
9702,yolo_x_cpu,74
9703,yolo_x_cpu,28
9704,yolo_x_cpu,76
9705,yolo_x_cpu,31
9706,yolo_x_cpu,25
9707,yolo_x_cpu,47
9708,yolo_x_cpu,59
9709,yolo_x_cpu,38
9710,yolo_x_cpu,23
9711,yolo_x_cpu,49
9712,yolo_x_cpu,33
9713,yolo_x_cpu,21
9714,yolo_x_cpu,39
9715,yolo_x_cpu,22
9716,yolo_x_cpu,24
9717,yolo_x_cpu,86
9718,yolo_x_cpu,49
9719,yolo_x_cpu,64
9720,yolo_x_cpu,72
9721,yolo_x_cpu,28
9722,yolo_x_cpu,31
9723,yolo_x_cpu,49
9724,yolo_x_cpu,49
9725,yolo_x_cpu,56
9726,yolo_x_cpu,22
9727,yolo_x_cpu,26
9728,yolo_x_cpu,28
9729,yolo_x_cpu,27
9730,yolo_x_cpu,32
9731,yolo_x_cpu,32
9732,yolo_x_cpu,31
9733,yolo_x_cpu,18
9734,yolo_x_cpu,30
9735,yolo_x_cpu,14
9736,yolo_x_cpu,41
9737,yolo_x_cpu,24
9738,yolo_x_cpu,18
9739,yolo_x_cpu,50
9740,yolo_x_cpu,29
9741,yolo_x_cpu,65
9742,yolo_x_cpu,52
9743,yolo_x_cpu,21
9744,yolo_x_cpu,47
9745,yolo_x_cpu,54
9746,yolo_x_cpu,52
9747,yolo_x_cpu,31
9748,yolo_x_cpu,38
9749,yolo_x_cpu,31
9750,yolo_x_cpu,11
9751,yolo_x_cpu,17
9752,yolo_x_cpu,29
9753,yolo_x_cpu,44
9754,yolo_x_cpu,33
9755,yolo_x_cpu,25
9756,yolo_x_cpu,54
9757,yolo_x_cpu,27
9758,yolo_x_cpu,42
9759,yolo_x_cpu,31
9760,yolo_x_cpu,26
9761,yolo_x_cpu,31
9762,yolo_x_cpu,59
9763,yolo_x_cpu,38
9764,yolo_x_cpu,56
9765,yolo_x_cpu,54
9766,yolo_x_cpu,35
9767,yolo_x_cpu,31
9768,yolo_x_cpu,37
9769,yolo_x_cpu,39
9770,yolo_x_cpu,23
9771,yolo_x_cpu,17
9772,yolo_x_cpu,22
9773,yolo_x_cpu,22
9774,yolo_x_cpu,20
9775,yolo_x_cpu,7
9776,yolo_x_cpu,8
9777,yolo_x_cpu,16
9778,yolo_x_cpu,16
9779,yolo_x_cpu,16
9780,yolo_x_cpu,7
9781,yolo_x_cpu,19
9782,yolo_x_cpu,31
9783,yolo_x_cpu,83
9784,yolo_x_cpu,8
9785,yolo_x_cpu,32
9786,yolo_x_cpu,20
9787,yolo_x_cpu,15
9788,yolo_x_cpu,16
9789,yolo_x_cpu,3
9790,yolo_x_cpu,12
9791,yolo_x_cpu,8
9792,yolo_x_cpu,29
9793,yolo_x_cpu,29
9794,yolo_x_cpu,17
9795,yolo_x_cpu,23
9796,yolo_x_cpu,46
9797,yolo_x_cpu,50
9798,yolo_x_cpu,17
9799,yolo_x_cpu,50
9800,yolo_x_cpu,47
9801,yolo_x_cpu,25
9802,yolo_x_cpu,13
9803,yolo_x_cpu,27
9804,yolo_x_cpu,31
9805,yolo_x_cpu,23
9806,yolo_x_cpu,48
9807,yolo_x_cpu,71
9808,yolo_x_cpu,66
9809,yolo_x_cpu,40
9810,yolo_x_cpu,24
9811,yolo_x_cpu,22
9812,yolo_x_cpu,25
9813,yolo_x_cpu,40
9814,yolo_x_cpu,19
9815,yolo_x_cpu,34
9816,yolo_x_cpu,18
9817,yolo_x_cpu,17
9818,yolo_x_cpu,11
9819,yolo_x_cpu,5
9820,yolo_x_cpu,12
9821,yolo_x_cpu,42
9822,yolo_x_cpu,22
9823,yolo_x_cpu,19
9824,yolo_x_cpu,17
9825,yolo_x_cpu,17
9826,yolo_x_cpu,6
9827,yolo_x_cpu,7
9828,yolo_x_cpu,16
9829,yolo_x_cpu,18
9830,yolo_x_cpu,34
9831,yolo_x_cpu,25
9832,yolo_x_cpu,23
9833,yolo_x_cpu,17
9834,yolo_x_cpu,18
9835,yolo_x_cpu,13
9836,yolo_x_cpu,19
9837,yolo_x_cpu,17
9838,yolo_x_cpu,5
9839,yolo_x_cpu,10
9840,yolo_x_cpu,10
9841,yolo_x_cpu,11
9842,yolo_x_cpu,10
9843,yolo_x_cpu,22
9844,yolo_x_cpu,6
9845,yolo_x_cpu,20
9846,yolo_x_cpu,18
9847,yolo_x_cpu,19
9848,yolo_x_cpu,10
9849,yolo_x_cpu,10
9850,yolo_x_cpu,9
9851,yolo_x_cpu,5
9852,yolo_x_cpu,24
9853,yolo_x_cpu,15
9854,yolo_x_cpu,7
9855,yolo_x_cpu,31
9856,yolo_x_cpu,21
9857,yolo_x_cpu,23
9858,yolo_x_cpu,11
9859,yolo_x_cpu,6
9860,yolo_x_cpu,6
9861,yolo_x_cpu,16
9862,yolo_x_cpu,7
9863,yolo_x_cpu,20
9864,yolo_x_cpu,17
9865,yolo_x_cpu,13
9866,yolo_x_cpu,24
9867,yolo_x_cpu,22
9868,yolo_x_cpu,9
9869,yolo_x_cpu,13
9870,yolo_x_cpu,12
9871,yolo_x_cpu,12
9872,yolo_x_cpu,20
9873,yolo_x_cpu,13
9874,yolo_x_cpu,14
9875,yolo_x_cpu,12
9876,yolo_x_cpu,34
9877,yolo_x_cpu,8
9878,yolo_x_cpu,19
9879,yolo_x_cpu,32
9880,yolo_x_cpu,17
9881,yolo_x_cpu,37
9882,yolo_x_cpu,27
9883,yolo_x_cpu,25
9884,yolo_x_cpu,20
9885,yolo_x_cpu,15
9886,yolo_x_cpu,28
9887,yolo_x_cpu,27
9888,yolo_x_cpu,33
9889,yolo_x_cpu,37
9890,yolo_x_cpu,49
9891,yolo_x_cpu,22
9892,yolo_x_cpu,35
9893,yolo_x_cpu,27
9894,yolo_x_cpu,9
9895,yolo_x_cpu,12
9896,yolo_x_cpu,19
9897,yolo_x_cpu,34
9898,yolo_x_cpu,34
9899,yolo_x_cpu,21
9900,yolo_x_cpu,20
9901,yolo_x_cpu,25
9902,yolo_x_cpu,31
9903,yolo_x_cpu,30
9904,yolo_x_cpu,17
9905,yolo_x_cpu,15
9906,yolo_x_cpu,27
9907,yolo_x_cpu,40
9908,yolo_x_cpu,27
9909,yolo_x_cpu,29
9910,yolo_x_cpu,39
9911,yolo_x_cpu,46
9912,yolo_x_cpu,61
9913,yolo_x_cpu,33
9914,yolo_x_cpu,27
9915,yolo_x_cpu,44
9916,yolo_x_cpu,55
9917,yolo_x_cpu,35
9918,yolo_x_cpu,32
9919,yolo_x_cpu,46
9920,yolo_x_cpu,40
9921,yolo_x_cpu,85
9922,yolo_x_cpu,64
9923,yolo_x_cpu,30
9924,yolo_x_cpu,29
9925,yolo_x_cpu,46
9926,yolo_x_cpu,40
9927,yolo_x_cpu,38
9928,yolo_x_cpu,62
9929,yolo_x_cpu,63
9930,yolo_x_cpu,50
9931,yolo_x_cpu,38
9932,yolo_x_cpu,45
9933,yolo_x_cpu,61
9934,yolo_x_cpu,65
9935,yolo_x_cpu,73
9936,yolo_x_cpu,38
9937,yolo_x_cpu,62
9938,yolo_x_cpu,64
9939,yolo_x_cpu,39
9940,yolo_x_cpu,38
9941,yolo_x_cpu,53
9942,yolo_x_cpu,35
9943,yolo_x_cpu,56
9944,yolo_x_cpu,48
9945,yolo_x_cpu,75
9946,yolo_x_cpu,78
9947,yolo_x_cpu,48
9948,yolo_x_cpu,35
9949,yolo_x_cpu,48
9950,yolo_x_cpu,87
9951,yolo_x_cpu,115
9952,yolo_x_cpu,59
9953,yolo_x_cpu,75
9954,yolo_x_cpu,94
9955,yolo_x_cpu,72
9956,yolo_x_cpu,89
9957,yolo_x_cpu,85
9958,yolo_x_cpu,86
9959,yolo_x_cpu,88
9960,yolo_x_cpu,139
9961,yolo_x_cpu,132
9962,yolo_x_cpu,137
9963,yolo_x_cpu,118
9964,yolo_x_cpu,166
9965,yolo_x_cpu,133
9966,yolo_x_cpu,127
9967,yolo_x_cpu,114
9968,yolo_x_cpu,119
9969,yolo_x_cpu,166
9970,yolo_x_cpu,132
9971,yolo_x_cpu,167
9972,yolo_x_cpu,211
9973,yolo_x_cpu,125
9974,yolo_x_cpu,131
9975,yolo_x_cpu,110
9976,yolo_x_cpu,157
9977,yolo_x_cpu,122
9978,yolo_x_cpu,154
9979,yolo_x_cpu,174
9980,yolo_x_cpu,222
9981,yolo_x_cpu,165
9982,yolo_x_cpu,272
9983,yolo_x_cpu,256
9984,yolo_x_cpu,298
9985,yolo_x_cpu,215
9986,yolo_x_cpu,188
9987,yolo_x_cpu,166
9988,yolo_x_cpu,213
9989,yolo_x_cpu,156
9990,yolo_x_cpu,171
9991,yolo_x_cpu,230
9992,yolo_x_cpu,219
9993,yolo_x_cpu,228
9994,yolo_x_cpu,248
9995,yolo_x_cpu,236
9996,yolo_x_cpu,223
9997,yolo_x_cpu,206
9998,yolo_x_cpu,239
9999,yolo_x_cpu,233
10000,yolo_x_cpu,292
10001,yolo_x_cpu,200
10002,yolo_x_cpu,191
10003,yolo_x_cpu,203
10004,yolo_x_cpu,204
10005,yolo_x_cpu,218
10006,yolo_x_cpu,189
10007,yolo_x_cpu,254
10008,yolo_x_cpu,258
10009,yolo_x_cpu,183
10010,yolo_x_cpu,271
10011,yolo_x_cpu,249
10012,yolo_x_cpu,302
10013,yolo_x_cpu,269
10014,yolo_x_cpu,303
10015,yolo_x_cpu,273
10016,yolo_x_cpu,294
10017,yolo_x_cpu,284
10018,yolo_x_cpu,293
10019,yolo_x_cpu,254
10020,yolo_x_cpu,324
10021,yolo_x_cpu,291
10022,yolo_x_cpu,287
10023,yolo_x_cpu,317
10024,yolo_x_cpu,333
10025,yolo_x_cpu,331
10026,yolo_x_cpu,394
10027,yolo_x_cpu,402
10028,yolo_x_cpu,259
10029,yolo_x_cpu,256
10030,yolo_x_cpu,306
10031,yolo_x_cpu,308
10032,yolo_x_cpu,388
10033,yolo_x_cpu,343
10034,yolo_x_cpu,341
10035,yolo_x_cpu,322
10036,yolo_x_cpu,314
10037,yolo_x_cpu,263
10038,yolo_x_cpu,323
10039,yolo_x_cpu,341
10040,yolo_x_cpu,357
10041,yolo_x_cpu,384
10042,yolo_x_cpu,388
10043,yolo_x_cpu,363
10044,yolo_x_cpu,345
10045,yolo_x_cpu,385
10046,yolo_x_cpu,298
10047,yolo_x_cpu,308
10048,yolo_x_cpu,357
10049,yolo_x_cpu,330
10050,yolo_x_cpu,299
10051,yolo_x_cpu,351
10052,yolo_x_cpu,366
10053,yolo_x_cpu,302
10054,yolo_x_cpu,387
10055,yolo_x_cpu,462
10056,yolo_x_cpu,371
10057,yolo_x_cpu,290
10058,yolo_x_cpu,335
10059,yolo_x_cpu,350
10060,yolo_x_cpu,328
10061,yolo_x_cpu,360
10062,yolo_x_cpu,285
10063,yolo_x_cpu,385
10064,yolo_x_cpu,321
10065,yolo_x_cpu,435
10066,yolo_x_cpu,453
10067,yolo_x_cpu,383
10068,yolo_x_cpu,336
10069,yolo_x_cpu,479
10070,yolo_x_cpu,480
10071,yolo_x_cpu,500
10072,yolo_x_cpu,421
10073,yolo_x_cpu,482
10074,yolo_x_cpu,408
10075,yolo_x_cpu,410
10076,yolo_x_cpu,452
10077,yolo_x_cpu,434
10078,yolo_x_cpu,541
10079,yolo_x_cpu,437
10080,yolo_x_cpu,589
10081,yolo_x_cpu,630
10082,yolo_x_cpu,515
10083,yolo_x_cpu,613
10084,yolo_x_cpu,701
10085,yolo_x_cpu,603
10086,yolo_x_cpu,554
10087,yolo_x_cpu,527
10088,yolo_x_cpu,588
10089,yolo_x_cpu,599
10090,yolo_x_cpu,556
10091,yolo_x_cpu,502
10092,yolo_x_cpu,448
10093,yolo_x_cpu,493
10094,yolo_x_cpu,546
10095,yolo_x_cpu,663
10096,yolo_x_cpu,751
10097,yolo_x_cpu,719
10098,yolo_x_cpu,537
10099,yolo_x_cpu,574
10100,yolo_x_cpu,612
10101,yolo_x_cpu,660
10102,yolo_x_cpu,535
10103,yolo_x_cpu,465
10104,yolo_x_cpu,477
10105,yolo_x_cpu,494
10106,yolo_x_cpu,507
10107,yolo_x_cpu,509
10108,yolo_x_cpu,517
10109,yolo_x_cpu,481
10110,yolo_x_cpu,499
10111,yolo_x_cpu,477
10112,yolo_x_cpu,525
10113,yolo_x_cpu,574
10114,yolo_x_cpu,616
10115,yolo_x_cpu,614
10116,yolo_x_cpu,426
10117,yolo_x_cpu,550
10118,yolo_x_cpu,627
10119,yolo_x_cpu,632
10120,yolo_x_cpu,458
10121,yolo_x_cpu,585
10122,yolo_x_cpu,600
10123,yolo_x_cpu,596
10124,yolo_x_cpu,579
10125,yolo_x_cpu,638
10126,yolo_x_cpu,502
10127,yolo_x_cpu,544
10128,yolo_x_cpu,554
10129,yolo_x_cpu,484
10130,yolo_x_cpu,493
10131,yolo_x_cpu,527
10132,yolo_x_cpu,567
10133,yolo_x_cpu,503
10134,yolo_x_cpu,500
10135,yolo_x_cpu,591
10136,yolo_x_cpu,603
10137,yolo_x_cpu,602
10138,yolo_x_cpu,527
10139,yolo_x_cpu,606
10140,yolo_x_cpu,572
10141,yolo_x_cpu,526
10142,yolo_x_cpu,522
10143,yolo_x_cpu,537
10144,yolo_x_cpu,488
10145,yolo_x_cpu,707
10146,yolo_x_cpu,585
10147,yolo_x_cpu,612
10148,yolo_x_cpu,475
10149,yolo_x_cpu,530
10150,yolo_x_cpu,541
10151,yolo_x_cpu,548
10152,yolo_x_cpu,691
10153,yolo_x_cpu,635
10154,yolo_x_cpu,556
10155,yolo_x_cpu,552
10156,yolo_x_cpu,703
10157,yolo_x_cpu,526
10158,yolo_x_cpu,637
10159,yolo_x_cpu,650
10160,yolo_x_cpu,452
10161,yolo_x_cpu,589
10162,yolo_x_cpu,581
10163,yolo_x_cpu,607
10164,yolo_x_cpu,609
10165,yolo_x_cpu,581
10166,yolo_x_cpu,595
10167,yolo_x_cpu,772
10168,yolo_x_cpu,532
10169,yolo_x_cpu,495
10170,yolo_x_cpu,500
10171,yolo_x_cpu,640
10172,yolo_x_cpu,496
10173,yolo_x_cpu,858
10174,yolo_x_cpu,717
10175,yolo_x_cpu,651
10176,yolo_x_cpu,790
10177,yolo_x_cpu,737
10178,yolo_x_cpu,770
10179,yolo_x_cpu,754
10180,yolo_x_cpu,719
10181,yolo_x_cpu,632
10182,yolo_x_cpu,697
10183,yolo_x_cpu,517
10184,yolo_x_cpu,515
10185,yolo_x_cpu,559
10186,yolo_x_cpu,721
10187,yolo_x_cpu,649
10188,yolo_x_cpu,644
10189,yolo_x_cpu,680
10190,yolo_x_cpu,632
10191,yolo_x_cpu,738
10192,yolo_x_cpu,720
10193,yolo_x_cpu,710
10194,yolo_x_cpu,613
10195,yolo_x_cpu,584
10196,yolo_x_cpu,523
10197,yolo_x_cpu,585
10198,yolo_x_cpu,583
10199,yolo_x_cpu,541
10200,yolo_x_cpu,548
10201,yolo_x_cpu,593
10202,yolo_x_cpu,579
10203,yolo_x_cpu,613
10204,yolo_x_cpu,563
10205,yolo_x_cpu,588
10206,yolo_x_cpu,526
10207,yolo_x_cpu,556
10208,yolo_x_cpu,489
10209,yolo_x_cpu,535
10210,yolo_x_cpu,598
10211,yolo_x_cpu,595
10212,yolo_x_cpu,513
10213,yolo_x_cpu,491
10214,yolo_x_cpu,627
10215,yolo_x_cpu,706
10216,yolo_x_cpu,584
10217,yolo_x_cpu,533
10218,yolo_x_cpu,530
10219,yolo_x_cpu,677
10220,yolo_x_cpu,609
10221,yolo_x_cpu,791
10222,yolo_x_cpu,709
10223,yolo_x_cpu,800
10224,yolo_x_cpu,659
10225,yolo_x_cpu,604
10226,yolo_x_cpu,646
10227,yolo_x_cpu,740
10228,yolo_x_cpu,666
10229,yolo_x_cpu,618
10230,yolo_x_cpu,699
10231,yolo_x_cpu,747
10232,yolo_x_cpu,550
10233,yolo_x_cpu,570
10234,yolo_x_cpu,674
10235,yolo_x_cpu,525
10236,yolo_x_cpu,634
10237,yolo_x_cpu,683
10238,yolo_x_cpu,602
10239,yolo_x_cpu,543
10240,yolo_x_cpu,578
10241,yolo_x_cpu,494
10242,yolo_x_cpu,572
10243,yolo_x_cpu,645
10244,yolo_x_cpu,616
10245,yolo_x_cpu,698
10246,yolo_x_cpu,703
10247,yolo_x_cpu,634
10248,yolo_x_cpu,608
10249,yolo_x_cpu,669
10250,yolo_x_cpu,716
10251,yolo_x_cpu,655
10252,yolo_x_cpu,567
10253,yolo_x_cpu,728
10254,yolo_x_cpu,664
10255,yolo_x_cpu,628
10256,yolo_x_cpu,557
10257,yolo_x_cpu,844
10258,yolo_x_cpu,668
10259,yolo_x_cpu,585
10260,yolo_x_cpu,640
10261,yolo_x_cpu,647
10262,yolo_x_cpu,596
10263,yolo_x_cpu,651
10264,yolo_x_cpu,569
10265,yolo_x_cpu,598
10266,yolo_x_cpu,572
10267,yolo_x_cpu,511
10268,yolo_x_cpu,611
10269,yolo_x_cpu,554
10270,yolo_x_cpu,487
10271,yolo_x_cpu,564
10272,yolo_x_cpu,585
10273,yolo_x_cpu,643
10274,yolo_x_cpu,718
10275,yolo_x_cpu,561
10276,yolo_x_cpu,541
10277,yolo_x_cpu,447
10278,yolo_x_cpu,536
10279,yolo_x_cpu,540
10280,yolo_x_cpu,491
10281,yolo_x_cpu,636
10282,yolo_x_cpu,609
10283,yolo_x_cpu,676
10284,yolo_x_cpu,722
10285,yolo_x_cpu,743
10286,yolo_x_cpu,649
10287,yolo_x_cpu,604
10288,yolo_x_cpu,756
10289,yolo_x_cpu,677
10290,yolo_x_cpu,803
10291,yolo_x_cpu,715
10292,yolo_x_cpu,647
10293,yolo_x_cpu,685
10294,yolo_x_cpu,691
10295,yolo_x_cpu,615
10296,yolo_x_cpu,622
10297,yolo_x_cpu,640
10298,yolo_x_cpu,650
10299,yolo_x_cpu,629
10300,yolo_x_cpu,584
10301,yolo_x_cpu,571
10302,yolo_x_cpu,542
10303,yolo_x_cpu,468
10304,yolo_x_cpu,574
10305,yolo_x_cpu,594
10306,yolo_x_cpu,596
10307,yolo_x_cpu,548
10308,yolo_x_cpu,592
10309,yolo_x_cpu,576
10310,yolo_x_cpu,506
10311,yolo_x_cpu,621
10312,yolo_x_cpu,499
10313,yolo_x_cpu,586
10314,yolo_x_cpu,759
10315,yolo_x_cpu,692
10316,yolo_x_cpu,680
10317,yolo_x_cpu,696
10318,yolo_x_cpu,575
10319,yolo_x_cpu,689
10320,yolo_x_cpu,709
10321,yolo_x_cpu,763
10322,yolo_x_cpu,777
10323,yolo_x_cpu,630
10324,yolo_x_cpu,686
10325,yolo_x_cpu,742
10326,yolo_x_cpu,745
10327,yolo_x_cpu,706
10328,yolo_x_cpu,746
10329,yolo_x_cpu,767
10330,yolo_x_cpu,917
10331,yolo_x_cpu,764
10332,yolo_x_cpu,821
10333,yolo_x_cpu,997
10334,yolo_x_cpu,981
10335,yolo_x_cpu,955
10336,yolo_x_cpu,921
10337,yolo_x_cpu,978
10338,yolo_x_cpu,924
10339,yolo_x_cpu,936
10340,yolo_x_cpu,860
10341,yolo_x_cpu,977
10342,yolo_x_cpu,956
10343,yolo_x_cpu,925
10344,yolo_x_cpu,987
10345,yolo_x_cpu,1166
10346,yolo_x_cpu,921
10347,yolo_x_cpu,1170
10348,yolo_x_cpu,1130
10349,yolo_x_cpu,1136
10350,yolo_x_cpu,1118
10351,yolo_x_cpu,1152
10352,yolo_x_cpu,1275
10353,yolo_x_cpu,1434
10354,yolo_x_cpu,1710
10355,yolo_x_cpu,1479
10356,yolo_x_cpu,1400
10357,yolo_x_cpu,1341
10358,yolo_x_cpu,1350
10359,yolo_x_cpu,1294
10360,yolo_x_cpu,1335
10361,yolo_x_cpu,1270
10362,yolo_x_cpu,1367
10363,yolo_x_cpu,1289
10364,yolo_x_cpu,1308
10365,yolo_x_cpu,1158
10366,yolo_x_cpu,1204
10367,yolo_x_cpu,1412
10368,yolo_x_cpu,1257
10369,yolo_x_cpu,1215
10370,yolo_x_cpu,1326
10371,yolo_x_cpu,1572
10372,yolo_x_cpu,1455
10373,yolo_x_cpu,1234
10374,yolo_x_cpu,1272
10375,yolo_x_cpu,1194
10376,yolo_x_cpu,1324
10377,yolo_x_cpu,1190
10378,yolo_x_cpu,1130
10379,yolo_x_cpu,1092
10380,yolo_x_cpu,1321
10381,yolo_x_cpu,1156
10382,yolo_x_cpu,1222
10383,yolo_x_cpu,1187
10384,yolo_x_cpu,1224
10385,yolo_x_cpu,1221
10386,yolo_x_cpu,1210
10387,yolo_x_cpu,1255
10388,yolo_x_cpu,1242
10389,yolo_x_cpu,1125
10390,yolo_x_cpu,1200
10391,yolo_x_cpu,1114
10392,yolo_x_cpu,1038
10393,yolo_x_cpu,1093
10394,yolo_x_cpu,1255
10395,yolo_x_cpu,1117
10396,yolo_x_cpu,1286
10397,yolo_x_cpu,973
10398,yolo_x_cpu,971
10399,yolo_x_cpu,1029
10400,yolo_x_cpu,1038
10401,yolo_x_cpu,1073
10402,yolo_x_cpu,1117
10403,yolo_x_cpu,1128
10404,yolo_x_cpu,1039
10405,yolo_x_cpu,896
10406,yolo_x_cpu,1025
10407,yolo_x_cpu,1006
10408,yolo_x_cpu,1090
10409,yolo_x_cpu,1054
10410,yolo_x_cpu,1031
10411,yolo_x_cpu,1131
10412,yolo_x_cpu,1077
10413,yolo_x_cpu,953
10414,yolo_x_cpu,1051
10415,yolo_x_cpu,1088
10416,yolo_x_cpu,1061
10417,yolo_x_cpu,1050
10418,yolo_x_cpu,957
10419,yolo_x_cpu,1119
10420,yolo_x_cpu,919
10421,yolo_x_cpu,910
10422,yolo_x_cpu,974
10423,yolo_x_cpu,1080
10424,yolo_x_cpu,1128
10425,yolo_x_cpu,1054
10426,yolo_x_cpu,968
10427,yolo_x_cpu,1003
10428,yolo_x_cpu,865
10429,yolo_x_cpu,974
10430,yolo_x_cpu,1014
10431,yolo_x_cpu,1041
10432,yolo_x_cpu,968
10433,yolo_x_cpu,980
10434,yolo_x_cpu,969
10435,yolo_x_cpu,887
10436,yolo_x_cpu,1008
10437,yolo_x_cpu,1001
10438,yolo_x_cpu,807
10439,yolo_x_cpu,821
10440,yolo_x_cpu,788
10441,yolo_x_cpu,833
10442,yolo_x_cpu,791
10443,yolo_x_cpu,824
10444,yolo_x_cpu,784
10445,yolo_x_cpu,962
10446,yolo_x_cpu,863
10447,yolo_x_cpu,789
10448,yolo_x_cpu,908
10449,yolo_x_cpu,779
10450,yolo_x_cpu,805
10451,yolo_x_cpu,872
10452,yolo_x_cpu,925
10453,yolo_x_cpu,893
10454,yolo_x_cpu,795
10455,yolo_x_cpu,713
10456,yolo_x_cpu,880
10457,yolo_x_cpu,735
10458,yolo_x_cpu,726
10459,yolo_x_cpu,649
10460,yolo_x_cpu,686
10461,yolo_x_cpu,711
10462,yolo_x_cpu,592
10463,yolo_x_cpu,791
10464,yolo_x_cpu,941
10465,yolo_x_cpu,771
10466,yolo_x_cpu,747
10467,yolo_x_cpu,768
10468,yolo_x_cpu,731
10469,yolo_x_cpu,755
10470,yolo_x_cpu,693
10471,yolo_x_cpu,690
10472,yolo_x_cpu,660
10473,yolo_x_cpu,619
10474,yolo_x_cpu,653
10475,yolo_x_cpu,544
10476,yolo_x_cpu,599
10477,yolo_x_cpu,610
10478,yolo_x_cpu,527
10479,yolo_x_cpu,597
10480,yolo_x_cpu,636
10481,yolo_x_cpu,581
10482,yolo_x_cpu,558
10483,yolo_x_cpu,478
10484,yolo_x_cpu,517
10485,yolo_x_cpu,558
10486,yolo_x_cpu,655
10487,yolo_x_cpu,680
10488,yolo_x_cpu,527
10489,yolo_x_cpu,563
10490,yolo_x_cpu,580
10491,yolo_x_cpu,584
10492,yolo_x_cpu,529
10493,yolo_x_cpu,602
10494,yolo_x_cpu,508
10495,yolo_x_cpu,578
10496,yolo_x_cpu,636
10497,yolo_x_cpu,633
10498,yolo_x_cpu,603
10499,yolo_x_cpu,584
10500,yolo_x_cpu,626
10501,yolo_x_cpu,615
10502,yolo_x_cpu,544
10503,yolo_x_cpu,539
10504,yolo_x_cpu,492
10505,yolo_x_cpu,593
10506,yolo_x_cpu,476
10507,yolo_x_cpu,589
10508,yolo_x_cpu,449
10509,yolo_x_cpu,479
10510,yolo_x_cpu,497
10511,yolo_x_cpu,517
10512,yolo_x_cpu,632
10513,yolo_x_cpu,582
10514,yolo_x_cpu,599
10515,yolo_x_cpu,528
10516,yolo_x_cpu,538
10517,yolo_x_cpu,648
10518,yolo_x_cpu,687
10519,yolo_x_cpu,640
10520,yolo_x_cpu,652
10521,yolo_x_cpu,538
10522,yolo_x_cpu,530
10523,yolo_x_cpu,488
10524,yolo_x_cpu,623
10525,yolo_x_cpu,628
10526,yolo_x_cpu,562
10527,yolo_x_cpu,626
10528,yolo_x_cpu,585
10529,yolo_x_cpu,732
10530,yolo_x_cpu,689
10531,yolo_x_cpu,619
10532,yolo_x_cpu,586
10533,yolo_x_cpu,754
10534,yolo_x_cpu,746
10535,yolo_x_cpu,585
10536,yolo_x_cpu,662
10537,yolo_x_cpu,604
10538,yolo_x_cpu,625
10539,yolo_x_cpu,631
10540,yolo_x_cpu,649
10541,yolo_x_cpu,697
10542,yolo_x_cpu,652
10543,yolo_x_cpu,587
10544,yolo_x_cpu,600
10545,yolo_x_cpu,592
10546,yolo_x_cpu,701
10547,yolo_x_cpu,696
10548,yolo_x_cpu,731
10549,yolo_x_cpu,740
10550,yolo_x_cpu,779
10551,yolo_x_cpu,740
10552,yolo_x_cpu,720
10553,yolo_x_cpu,762
10554,yolo_x_cpu,799
10555,yolo_x_cpu,650
10556,yolo_x_cpu,666
10557,yolo_x_cpu,645
10558,yolo_x_cpu,651
10559,yolo_x_cpu,778
10560,yolo_x_cpu,692
10561,yolo_x_cpu,706
10562,yolo_x_cpu,802
10563,yolo_x_cpu,684
10564,yolo_x_cpu,780
10565,yolo_x_cpu,692
10566,yolo_x_cpu,734
10567,yolo_x_cpu,837
10568,yolo_x_cpu,697
10569,yolo_x_cpu,834
10570,yolo_x_cpu,871
10571,yolo_x_cpu,810
10572,yolo_x_cpu,837
10573,yolo_x_cpu,786
10574,yolo_x_cpu,894
10575,yolo_x_cpu,847
10576,yolo_x_cpu,892
10577,yolo_x_cpu,769
10578,yolo_x_cpu,858
10579,yolo_x_cpu,860
10580,yolo_x_cpu,880
10581,yolo_x_cpu,875
10582,yolo_x_cpu,971
10583,yolo_x_cpu,936
10584,yolo_x_cpu,858
10585,yolo_x_cpu,926
10586,yolo_x_cpu,976
10587,yolo_x_cpu,926
10588,yolo_x_cpu,936
10589,yolo_x_cpu,848
10590,yolo_x_cpu,937
10591,yolo_x_cpu,927
10592,yolo_x_cpu,916
10593,yolo_x_cpu,870
10594,yolo_x_cpu,878
10595,yolo_x_cpu,896
10596,yolo_x_cpu,871
10597,yolo_x_cpu,901
10598,yolo_x_cpu,1028
10599,yolo_x_cpu,1167
10600,yolo_x_cpu,999
10601,yolo_x_cpu,983
10602,yolo_x_cpu,1062
10603,yolo_x_cpu,1097
10604,yolo_x_cpu,1103
10605,yolo_x_cpu,1168
10606,yolo_x_cpu,1178
10607,yolo_x_cpu,1074
10608,yolo_x_cpu,1170
10609,yolo_x_cpu,1210
10610,yolo_x_cpu,1239
10611,yolo_x_cpu,1240
10612,yolo_x_cpu,1122
10613,yolo_x_cpu,1227
10614,yolo_x_cpu,1293
10615,yolo_x_cpu,1247
10616,yolo_x_cpu,1261
10617,yolo_x_cpu,1235
10618,yolo_x_cpu,1238
10619,yolo_x_cpu,1167
10620,yolo_x_cpu,1259
10621,yolo_x_cpu,1497
10622,yolo_x_cpu,1396
10623,yolo_x_cpu,1364
10624,yolo_x_cpu,1331
10625,yolo_x_cpu,1193
10626,yolo_x_cpu,1263
10627,yolo_x_cpu,1447
10628,yolo_x_cpu,1380
10629,yolo_x_cpu,1318
10630,yolo_x_cpu,1386
10631,yolo_x_cpu,1500
10632,yolo_x_cpu,1331
10633,yolo_x_cpu,1360
10634,yolo_x_cpu,1314
10635,yolo_x_cpu,1342
10636,yolo_x_cpu,1456
10637,yolo_x_cpu,1387
10638,yolo_x_cpu,1419
10639,yolo_x_cpu,1469
10640,yolo_x_cpu,1328
10641,yolo_x_cpu,1514
10642,yolo_x_cpu,1392
10643,yolo_x_cpu,1354
10644,yolo_x_cpu,1410
10645,yolo_x_cpu,1638
10646,yolo_x_cpu,1476
10647,yolo_x_cpu,1307
10648,yolo_x_cpu,1449
10649,yolo_x_cpu,1500
10650,yolo_x_cpu,1368
10651,yolo_x_cpu,1638
10652,yolo_x_cpu,1443
10653,yolo_x_cpu,1495
10654,yolo_x_cpu,1397
10655,yolo_x_cpu,1392
10656,yolo_x_cpu,1513
10657,yolo_x_cpu,1552
10658,yolo_x_cpu,1324
10659,yolo_x_cpu,1305
10660,yolo_x_cpu,1539
10661,yolo_x_cpu,1440
10662,yolo_x_cpu,1509
10663,yolo_x_cpu,1418
10664,yolo_x_cpu,1515
10665,yolo_x_cpu,1460
10666,yolo_x_cpu,1475
10667,yolo_x_cpu,1658
10668,yolo_x_cpu,1624
10669,yolo_x_cpu,1527
10670,yolo_x_cpu,1416
10671,yolo_x_cpu,1500
10672,yolo_x_cpu,1391
10673,yolo_x_cpu,1292
10674,yolo_x_cpu,1462
10675,yolo_x_cpu,1402
10676,yolo_x_cpu,1528
10677,yolo_x_cpu,1506
10678,yolo_x_cpu,1461
10679,yolo_x_cpu,1410
10680,yolo_x_cpu,1389
10681,yolo_x_cpu,1465
10682,yolo_x_cpu,1436
10683,yolo_x_cpu,1519
10684,yolo_x_cpu,1631
10685,yolo_x_cpu,1610
10686,yolo_x_cpu,1680
10687,yolo_x_cpu,1699
10688,yolo_x_cpu,1515
10689,yolo_x_cpu,1704
10690,yolo_x_cpu,1637
10691,yolo_x_cpu,1334
10692,yolo_x_cpu,1441
10693,yolo_x_cpu,1376
10694,yolo_x_cpu,1321
10695,yolo_x_cpu,1507
10696,yolo_x_cpu,1392
10697,yolo_x_cpu,1424
10698,yolo_x_cpu,1427
10699,yolo_x_cpu,1604
10700,yolo_x_cpu,1495
10701,yolo_x_cpu,1470
10702,yolo_x_cpu,1442
10703,yolo_x_cpu,1583
10704,yolo_x_cpu,1560
10705,yolo_x_cpu,1519
10706,yolo_x_cpu,1627
10707,yolo_x_cpu,1655
10708,yolo_x_cpu,1506
10709,yolo_x_cpu,1440
10710,yolo_x_cpu,1466
10711,yolo_x_cpu,1371
10712,yolo_x_cpu,1660
10713,yolo_x_cpu,1558
10714,yolo_x_cpu,1630
10715,yolo_x_cpu,1679
10716,yolo_x_cpu,1647
10717,yolo_x_cpu,1637
10718,yolo_x_cpu,1431
10719,yolo_x_cpu,1471
10720,yolo_x_cpu,1524
10721,yolo_x_cpu,1464
10722,yolo_x_cpu,1426
10723,yolo_x_cpu,1429
10724,yolo_x_cpu,1291
10725,yolo_x_cpu,1454
10726,yolo_x_cpu,1482
10727,yolo_x_cpu,1415
10728,yolo_x_cpu,1566
10729,yolo_x_cpu,1628
10730,yolo_x_cpu,1456
10731,yolo_x_cpu,1488
10732,yolo_x_cpu,1484
10733,yolo_x_cpu,1526
10734,yolo_x_cpu,1586
10735,yolo_x_cpu,1568
10736,yolo_x_cpu,1512
10737,yolo_x_cpu,1469
10738,yolo_x_cpu,1377
10739,yolo_x_cpu,1437
10740,yolo_x_cpu,1382
10741,yolo_x_cpu,1686
10742,yolo_x_cpu,1595
10743,yolo_x_cpu,1519
10744,yolo_x_cpu,1690
10745,yolo_x_cpu,1656
10746,yolo_x_cpu,1551
10747,yolo_x_cpu,1581
10748,yolo_x_cpu,1694
10749,yolo_x_cpu,1633
10750,yolo_x_cpu,1632
10751,yolo_x_cpu,1765
10752,yolo_x_cpu,1656
10753,yolo_x_cpu,1756
10754,yolo_x_cpu,1688
10755,yolo_x_cpu,1557
10756,yolo_x_cpu,1575
10757,yolo_x_cpu,1652
10758,yolo_x_cpu,1680
10759,yolo_x_cpu,1803
10760,yolo_x_cpu,1663
10761,yolo_x_cpu,1639
10762,yolo_x_cpu,1436
10763,yolo_x_cpu,1510
10764,yolo_x_cpu,1619
10765,yolo_x_cpu,1766
10766,yolo_x_cpu,1627
10767,yolo_x_cpu,1650
10768,yolo_x_cpu,1586
10769,yolo_x_cpu,1698
10770,yolo_x_cpu,1650
10771,yolo_x_cpu,1765
10772,yolo_x_cpu,1641
10773,yolo_x_cpu,1849
10774,yolo_x_cpu,1509
10775,yolo_x_cpu,1784
10776,yolo_x_cpu,1762
10777,yolo_x_cpu,1735
10778,yolo_x_cpu,1700
10779,yolo_x_cpu,1770
10780,yolo_x_cpu,1937
10781,yolo_x_cpu,1698
10782,yolo_x_cpu,1585
10783,yolo_x_cpu,1861
10784,yolo_x_cpu,1787
10785,yolo_x_cpu,1594
10786,yolo_x_cpu,1775
10787,yolo_x_cpu,1873
10788,yolo_x_cpu,1854
10789,yolo_x_cpu,1590
10790,yolo_x_cpu,1614
10791,yolo_x_cpu,1582
10792,yolo_x_cpu,1586
10793,yolo_x_cpu,1623
10794,yolo_x_cpu,1708
10795,yolo_x_cpu,1540
10796,yolo_x_cpu,1533
10797,yolo_x_cpu,1533
10798,yolo_x_cpu,1494
10799,yolo_x_cpu,1495
10800,yolo_x_cpu,1420
10801,yolo_x_cpu,1615
10802,yolo_x_cpu,1468
10803,yolo_x_cpu,1495
10804,yolo_x_cpu,1650
10805,yolo_x_cpu,1463
10806,yolo_x_cpu,1394
10807,yolo_x_cpu,1562
10808,yolo_x_cpu,1560
10809,yolo_x_cpu,1480
10810,yolo_x_cpu,1711
10811,yolo_x_cpu,1700
10812,yolo_x_cpu,1722
10813,yolo_x_cpu,1661
10814,yolo_x_cpu,1737
10815,yolo_x_cpu,1519
10816,yolo_x_cpu,1408
10817,yolo_x_cpu,1552
10818,yolo_x_cpu,1677
10819,yolo_x_cpu,1472
10820,yolo_x_cpu,1403
10821,yolo_x_cpu,1382
10822,yolo_x_cpu,1486
10823,yolo_x_cpu,1407
10824,yolo_x_cpu,1619
10825,yolo_x_cpu,1524
10826,yolo_x_cpu,1408
10827,yolo_x_cpu,1431
10828,yolo_x_cpu,1538
10829,yolo_x_cpu,1441
10830,yolo_x_cpu,1708
10831,yolo_x_cpu,1481
10832,yolo_x_cpu,1414
10833,yolo_x_cpu,1399
10834,yolo_x_cpu,1481
10835,yolo_x_cpu,1558
10836,yolo_x_cpu,1556
10837,yolo_x_cpu,1456
10838,yolo_x_cpu,1798
10839,yolo_x_cpu,1348
10840,yolo_x_cpu,1519
10841,yolo_x_cpu,1382
10842,yolo_x_cpu,1271
10843,yolo_x_cpu,1248
10844,yolo_x_cpu,1427
10845,yolo_x_cpu,1416
10846,yolo_x_cpu,1421
10847,yolo_x_cpu,1500
10848,yolo_x_cpu,1237
10849,yolo_x_cpu,1385
10850,yolo_x_cpu,1466
10851,yolo_x_cpu,1596
10852,yolo_x_cpu,1271
10853,yolo_x_cpu,1389
10854,yolo_x_cpu,1466
10855,yolo_x_cpu,1376
10856,yolo_x_cpu,1426
10857,yolo_x_cpu,1365
10858,yolo_x_cpu,1468
10859,yolo_x_cpu,1377
10860,yolo_x_cpu,1352
10861,yolo_x_cpu,1245
10862,yolo_x_cpu,1417
10863,yolo_x_cpu,1405
10864,yolo_x_cpu,1453
10865,yolo_x_cpu,1431
10866,yolo_x_cpu,1451
10867,yolo_x_cpu,1516
10868,yolo_x_cpu,1516
10869,yolo_x_cpu,1585
10870,yolo_x_cpu,1384
10871,yolo_x_cpu,1493
10872,yolo_x_cpu,1511
10873,yolo_x_cpu,1415
10874,yolo_x_cpu,1718
10875,yolo_x_cpu,1603
10876,yolo_x_cpu,1603
10877,yolo_x_cpu,1509
10878,yolo_x_cpu,1630
10879,yolo_x_cpu,1708
10880,yolo_x_cpu,1462
10881,yolo_x_cpu,1445
10882,yolo_x_cpu,1352
10883,yolo_x_cpu,1309
10884,yolo_x_cpu,1360
10885,yolo_x_cpu,1420
10886,yolo_x_cpu,1311
10887,yolo_x_cpu,1275
10888,yolo_x_cpu,1339
10889,yolo_x_cpu,1382
10890,yolo_x_cpu,1294
10891,yolo_x_cpu,1224
10892,yolo_x_cpu,1179
10893,yolo_x_cpu,1382
10894,yolo_x_cpu,1361
10895,yolo_x_cpu,1214
10896,yolo_x_cpu,1127
10897,yolo_x_cpu,1324
10898,yolo_x_cpu,1376
10899,yolo_x_cpu,1353
10900,yolo_x_cpu,1362
10901,yolo_x_cpu,1123
10902,yolo_x_cpu,1315
10903,yolo_x_cpu,1330
10904,yolo_x_cpu,1192
10905,yolo_x_cpu,1279
10906,yolo_x_cpu,1316
10907,yolo_x_cpu,1193
10908,yolo_x_cpu,1177
10909,yolo_x_cpu,1274
10910,yolo_x_cpu,1157
10911,yolo_x_cpu,1178
10912,yolo_x_cpu,1097
10913,yolo_x_cpu,1222
10914,yolo_x_cpu,1343
10915,yolo_x_cpu,1243
10916,yolo_x_cpu,1288
10917,yolo_x_cpu,1188
10918,yolo_x_cpu,1232
10919,yolo_x_cpu,1000
10920,yolo_x_cpu,1017
10921,yolo_x_cpu,996
10922,yolo_x_cpu,1128
10923,yolo_x_cpu,1072
10924,yolo_x_cpu,1075
10925,yolo_x_cpu,1111
10926,yolo_x_cpu,941
10927,yolo_x_cpu,1132
10928,yolo_x_cpu,1193
10929,yolo_x_cpu,1058
10930,yolo_x_cpu,1273
10931,yolo_x_cpu,1011
10932,yolo_x_cpu,1142
10933,yolo_x_cpu,1016
10934,yolo_x_cpu,1093
10935,yolo_x_cpu,1174
10936,yolo_x_cpu,1208
10937,yolo_x_cpu,1114
10938,yolo_x_cpu,1180
10939,yolo_x_cpu,1062
10940,yolo_x_cpu,1080
10941,yolo_x_cpu,974
10942,yolo_x_cpu,884
10943,yolo_x_cpu,978
10944,yolo_x_cpu,1031
10945,yolo_x_cpu,822
10946,yolo_x_cpu,797
10947,yolo_x_cpu,938
10948,yolo_x_cpu,878
10949,yolo_x_cpu,894
10950,yolo_x_cpu,898
10951,yolo_x_cpu,842
10952,yolo_x_cpu,935
10953,yolo_x_cpu,886
10954,yolo_x_cpu,911
10955,yolo_x_cpu,884
10956,yolo_x_cpu,889
10957,yolo_x_cpu,770
10958,yolo_x_cpu,1003
10959,yolo_x_cpu,843
10960,yolo_x_cpu,974
10961,yolo_x_cpu,942
10962,yolo_x_cpu,922
10963,yolo_x_cpu,872
10964,yolo_x_cpu,943
10965,yolo_x_cpu,850
10966,yolo_x_cpu,856
10967,yolo_x_cpu,798
10968,yolo_x_cpu,845
10969,yolo_x_cpu,670
10970,yolo_x_cpu,706
10971,yolo_x_cpu,745
10972,yolo_x_cpu,640
10973,yolo_x_cpu,671
10974,yolo_x_cpu,821
10975,yolo_x_cpu,679
10976,yolo_x_cpu,625
10977,yolo_x_cpu,748
10978,yolo_x_cpu,668
10979,yolo_x_cpu,837
10980,yolo_x_cpu,737
10981,yolo_x_cpu,690
10982,yolo_x_cpu,673
10983,yolo_x_cpu,566
10984,yolo_x_cpu,618
10985,yolo_x_cpu,702
10986,yolo_x_cpu,645
10987,yolo_x_cpu,575
10988,yolo_x_cpu,609
10989,yolo_x_cpu,605
10990,yolo_x_cpu,650
10991,yolo_x_cpu,531
10992,yolo_x_cpu,428
10993,yolo_x_cpu,592
10994,yolo_x_cpu,649
10995,yolo_x_cpu,522
10996,yolo_x_cpu,514
10997,yolo_x_cpu,502
10998,yolo_x_cpu,588
10999,yolo_x_cpu,513
11000,yolo_x_cpu,534
11001,yolo_x_cpu,527
11002,yolo_x_cpu,596
11003,yolo_x_cpu,552
11004,yolo_x_cpu,499
11005,yolo_x_cpu,461
11006,yolo_x_cpu,454
11007,yolo_x_cpu,411
11008,yolo_x_cpu,386
11009,yolo_x_cpu,464
11010,yolo_x_cpu,446
11011,yolo_x_cpu,413
11012,yolo_x_cpu,376
11013,yolo_x_cpu,358
11014,yolo_x_cpu,437
11015,yolo_x_cpu,398
11016,yolo_x_cpu,417
11017,yolo_x_cpu,422
11018,yolo_x_cpu,380
11019,yolo_x_cpu,357
11020,yolo_x_cpu,373
11021,yolo_x_cpu,359
11022,yolo_x_cpu,400
11023,yolo_x_cpu,405
11024,yolo_x_cpu,338
11025,yolo_x_cpu,393
11026,yolo_x_cpu,321
11027,yolo_x_cpu,315
11028,yolo_x_cpu,296
11029,yolo_x_cpu,387
11030,yolo_x_cpu,326
11031,yolo_x_cpu,341
11032,yolo_x_cpu,411
11033,yolo_x_cpu,466
11034,yolo_x_cpu,440
11035,yolo_x_cpu,471
11036,yolo_x_cpu,463
11037,yolo_x_cpu,425
11038,yolo_x_cpu,414
11039,yolo_x_cpu,390
11040,yolo_x_cpu,369
11041,yolo_x_cpu,256
11042,yolo_x_cpu,340
11043,yolo_x_cpu,345
11044,yolo_x_cpu,285
11045,yolo_x_cpu,268
11046,yolo_x_cpu,297
11047,yolo_x_cpu,383
11048,yolo_x_cpu,314
11049,yolo_x_cpu,247
11050,yolo_x_cpu,279
11051,yolo_x_cpu,198
11052,yolo_x_cpu,225
11053,yolo_x_cpu,215
11054,yolo_x_cpu,207
11055,yolo_x_cpu,182
11056,yolo_x_cpu,209
11057,yolo_x_cpu,231
11058,yolo_x_cpu,219
11059,yolo_x_cpu,243
11060,yolo_x_cpu,251
11061,yolo_x_cpu,188
11062,yolo_x_cpu,226
11063,yolo_x_cpu,274
11064,yolo_x_cpu,341
11065,yolo_x_cpu,201
11066,yolo_x_cpu,160
11067,yolo_x_cpu,192
11068,yolo_x_cpu,213
11069,yolo_x_cpu,161
11070,yolo_x_cpu,210
11071,yolo_x_cpu,230
11072,yolo_x_cpu,184
11073,yolo_x_cpu,352
11074,yolo_x_cpu,282
11075,yolo_x_cpu,134
11076,yolo_x_cpu,169
11077,yolo_x_cpu,122
11078,yolo_x_cpu,98
11079,yolo_x_cpu,120
11080,yolo_x_cpu,99
11081,yolo_x_cpu,106
11082,yolo_x_cpu,150
11083,yolo_x_cpu,144
11084,yolo_x_cpu,116
11085,yolo_x_cpu,167
11086,yolo_x_cpu,144
11087,yolo_x_cpu,126
11088,yolo_x_cpu,111
11089,yolo_x_cpu,164
11090,yolo_x_cpu,162
11091,yolo_x_cpu,127
11092,yolo_x_cpu,119
11093,yolo_x_cpu,137
11094,yolo_x_cpu,133
11095,yolo_x_cpu,126
11096,yolo_x_cpu,73
11097,yolo_x_cpu,91
11098,yolo_x_cpu,108
11099,yolo_x_cpu,72
11100,yolo_x_cpu,81
11101,yolo_x_cpu,76
11102,yolo_x_cpu,100
11103,yolo_x_cpu,128
11104,yolo_x_cpu,169
11105,yolo_x_cpu,77
11106,yolo_x_cpu,57
11107,yolo_x_cpu,95
11108,yolo_x_cpu,92
11109,yolo_x_cpu,145
11110,yolo_x_cpu,97
11111,yolo_x_cpu,81
11112,yolo_x_cpu,83
11113,yolo_x_cpu,106
11114,yolo_x_cpu,87
11115,yolo_x_cpu,151
11116,yolo_x_cpu,299
11117,yolo_x_cpu,157
11118,yolo_x_cpu,135
11119,yolo_x_cpu,188
11120,yolo_x_cpu,94
11121,yolo_x_cpu,187
11122,yolo_x_cpu,141
11123,yolo_x_cpu,104
11124,yolo_x_cpu,70
11125,yolo_x_cpu,102
11126,yolo_x_cpu,70
11127,yolo_x_cpu,69
11128,yolo_x_cpu,164
11129,yolo_x_cpu,93
11130,yolo_x_cpu,56
11131,yolo_x_cpu,96
11132,yolo_x_cpu,120
11133,yolo_x_cpu,149
11134,yolo_x_cpu,87
11135,yolo_x_cpu,93
11136,yolo_x_cpu,102
11137,yolo_x_cpu,76
11138,yolo_x_cpu,57
11139,yolo_x_cpu,91
11140,yolo_x_cpu,89
11141,yolo_x_cpu,84
11142,yolo_x_cpu,53
11143,yolo_x_cpu,80
11144,yolo_x_cpu,65
11145,yolo_x_cpu,100
11146,yolo_x_cpu,114
11147,yolo_x_cpu,114
11148,yolo_x_cpu,82
11149,yolo_x_cpu,20
11150,yolo_x_cpu,81
11151,yolo_x_cpu,99
11152,yolo_x_cpu,48
11153,yolo_x_cpu,76
11154,yolo_x_cpu,93
11155,yolo_x_cpu,59
11156,yolo_x_cpu,86
11157,yolo_x_cpu,75
11158,yolo_x_cpu,74
11159,yolo_x_cpu,69
11160,yolo_x_cpu,131
11161,yolo_x_cpu,41
11162,yolo_x_cpu,88
11163,yolo_x_cpu,85
11164,yolo_x_cpu,24
11165,yolo_x_cpu,37
11166,yolo_x_cpu,77
11167,yolo_x_cpu,157
11168,yolo_x_cpu,81
11169,yolo_x_cpu,109
11170,yolo_x_cpu,38
11171,yolo_x_cpu,39
11172,yolo_x_cpu,34
11173,yolo_x_cpu,36
11174,yolo_x_cpu,15
11175,yolo_x_cpu,46
11176,yolo_x_cpu,32
11177,yolo_x_cpu,57
11178,yolo_x_cpu,75
11179,yolo_x_cpu,35
11180,yolo_x_cpu,22
11181,yolo_x_cpu,75
11182,yolo_x_cpu,32
11183,yolo_x_cpu,32
11184,yolo_x_cpu,23
11185,yolo_x_cpu,39
11186,yolo_x_cpu,56
11187,yolo_x_cpu,19
11188,yolo_x_cpu,34
11189,yolo_x_cpu,24
11190,yolo_x_cpu,18
11191,yolo_x_cpu,63
11192,yolo_x_cpu,50
11193,yolo_x_cpu,17
11194,yolo_x_cpu,32
11195,yolo_x_cpu,42
11196,yolo_x_cpu,38
11197,yolo_x_cpu,69
11198,yolo_x_cpu,24
11199,yolo_x_cpu,42
11200,yolo_x_cpu,15
11201,yolo_x_cpu,32
11202,yolo_x_cpu,34
11203,yolo_x_cpu,25
11204,yolo_x_cpu,36
11205,yolo_x_cpu,54
11206,yolo_x_cpu,42
11207,yolo_x_cpu,12
11208,yolo_x_cpu,19
11209,yolo_x_cpu,59
11210,yolo_x_cpu,23
11211,yolo_x_cpu,42
11212,yolo_x_cpu,70
11213,yolo_x_cpu,81
11214,yolo_x_cpu,87
11215,yolo_x_cpu,46
11216,yolo_x_cpu,14
11217,yolo_x_cpu,54
11218,yolo_x_cpu,15
11219,yolo_x_cpu,23
11220,yolo_x_cpu,8
11221,yolo_x_cpu,18
11222,yolo_x_cpu,32
11223,yolo_x_cpu,25
11224,yolo_x_cpu,19
11225,yolo_x_cpu,12
11226,yolo_x_cpu,15
11227,yolo_x_cpu,41
11228,yolo_x_cpu,16
11229,yolo_x_cpu,9
11230,yolo_x_cpu,20
11231,yolo_x_cpu,11
11232,yolo_x_cpu,19
11233,yolo_x_cpu,8
11234,yolo_x_cpu,14
11235,yolo_x_cpu,6
11236,yolo_x_cpu,15
11237,yolo_x_cpu,16
11238,yolo_x_cpu,30
11239,yolo_x_cpu,24
11240,yolo_x_cpu,11
11241,yolo_x_cpu,36
11242,yolo_x_cpu,35
11243,yolo_x_cpu,18
11244,yolo_x_cpu,20
11245,yolo_x_cpu,21
11246,yolo_x_cpu,9
11247,yolo_x_cpu,9
11248,yolo_x_cpu,8
11249,yolo_x_cpu,9
11250,yolo_x_cpu,9
11251,yolo_x_cpu,23
11252,yolo_x_cpu,28
11253,yolo_x_cpu,26
11254,yolo_x_cpu,15
11255,yolo_x_cpu,43
11256,yolo_x_cpu,30
11257,yolo_x_cpu,46
11258,yolo_x_cpu,85
11259,yolo_x_cpu,12
11260,yolo_x_cpu,25
11261,yolo_x_cpu,16
11262,yolo_x_cpu,40
11263,yolo_x_cpu,12
11264,yolo_x_cpu,14
11265,yolo_x_cpu,17
11266,yolo_x_cpu,20
11267,yolo_x_cpu,16
11268,yolo_x_cpu,19
11269,yolo_x_cpu,8
11270,yolo_x_cpu,9
11271,yolo_x_cpu,23
11272,yolo_x_cpu,32
11273,yolo_x_cpu,4
11274,yolo_x_cpu,35
11275,yolo_x_cpu,33
11276,yolo_x_cpu,13
11277,yolo_x_cpu,17
11278,yolo_x_cpu,22
11279,yolo_x_cpu,17
11280,yolo_x_cpu,14
11281,yolo_x_cpu,48
11282,yolo_x_cpu,9
11283,yolo_x_cpu,8
11284,yolo_x_cpu,7
11285,yolo_x_cpu,1
11286,yolo_x_cpu,17
11287,yolo_x_cpu,18
11288,yolo_x_cpu,7
11289,yolo_x_cpu,8
11290,yolo_x_cpu,31
11291,yolo_x_cpu,14
11292,yolo_x_cpu,10
11293,yolo_x_cpu,10
11294,yolo_x_cpu,21
11295,yolo_x_cpu,13
11296,yolo_x_cpu,15
11297,yolo_x_cpu,19
11298,yolo_x_cpu,21
11299,yolo_x_cpu,16
11300,yolo_x_cpu,23
11301,yolo_x_cpu,11
11302,yolo_x_cpu,9
11303,yolo_x_cpu,21
11304,yolo_x_cpu,17
11305,yolo_x_cpu,1
11306,yolo_x_cpu,34
11307,yolo_x_cpu,16
11308,yolo_x_cpu,11
11309,yolo_x_cpu,8
11310,yolo_x_cpu,17
11311,yolo_x_cpu,5
11312,yolo_x_cpu,15
11313,yolo_x_cpu,22
11314,yolo_x_cpu,17
11315,yolo_x_cpu,25
11316,yolo_x_cpu,42
11317,yolo_x_cpu,13
11318,yolo_x_cpu,24
11319,yolo_x_cpu,12
11320,yolo_x_cpu,13
11321,yolo_x_cpu,19
11322,yolo_x_cpu,32
11323,yolo_x_cpu,15
11324,yolo_x_cpu,8
11325,yolo_x_cpu,14
11326,yolo_x_cpu,14
11327,yolo_x_cpu,31
11328,yolo_x_cpu,28
11329,yolo_x_cpu,25
11330,yolo_x_cpu,7
11331,yolo_x_cpu,16
11332,yolo_x_cpu,36
11333,yolo_x_cpu,12
11334,yolo_x_cpu,14
11335,yolo_x_cpu,32
11336,yolo_x_cpu,29
11337,yolo_x_cpu,19
11338,yolo_x_cpu,28
11339,yolo_x_cpu,31
11340,yolo_x_cpu,88
11341,yolo_x_cpu,41
11342,yolo_x_cpu,29
11343,yolo_x_cpu,33
11344,yolo_x_cpu,26
11345,yolo_x_cpu,44
11346,yolo_x_cpu,59
11347,yolo_x_cpu,50
11348,yolo_x_cpu,78
11349,yolo_x_cpu,62
11350,yolo_x_cpu,45
11351,yolo_x_cpu,59
11352,yolo_x_cpu,37
11353,yolo_x_cpu,60
11354,yolo_x_cpu,33
11355,yolo_x_cpu,26
11356,yolo_x_cpu,36
11357,yolo_x_cpu,35
11358,yolo_x_cpu,50
11359,yolo_x_cpu,39
11360,yolo_x_cpu,59
11361,yolo_x_cpu,53
11362,yolo_x_cpu,25
11363,yolo_x_cpu,28
11364,yolo_x_cpu,28
11365,yolo_x_cpu,21
11366,yolo_x_cpu,33
11367,yolo_x_cpu,37
11368,yolo_x_cpu,53
11369,yolo_x_cpu,55
11370,yolo_x_cpu,58
11371,yolo_x_cpu,71
11372,yolo_x_cpu,51
11373,yolo_x_cpu,28
11374,yolo_x_cpu,44
11375,yolo_x_cpu,64
11376,yolo_x_cpu,27
11377,yolo_x_cpu,29
11378,yolo_x_cpu,40
11379,yolo_x_cpu,59
11380,yolo_x_cpu,54
11381,yolo_x_cpu,58
11382,yolo_x_cpu,91
11383,yolo_x_cpu,59
11384,yolo_x_cpu,42
11385,yolo_x_cpu,52
11386,yolo_x_cpu,69
11387,yolo_x_cpu,65
11388,yolo_x_cpu,36
11389,yolo_x_cpu,28
11390,yolo_x_cpu,60
11391,yolo_x_cpu,65
11392,yolo_x_cpu,46
11393,yolo_x_cpu,81
11394,yolo_x_cpu,46
11395,yolo_x_cpu,70
11396,yolo_x_cpu,172
11397,yolo_x_cpu,88
11398,yolo_x_cpu,103
11399,yolo_x_cpu,52
11400,yolo_x_cpu,70
11401,yolo_x_cpu,75
11402,yolo_x_cpu,94
11403,yolo_x_cpu,93
11404,yolo_x_cpu,70
11405,yolo_x_cpu,73
11406,yolo_x_cpu,66
11407,yolo_x_cpu,81
11408,yolo_x_cpu,96
11409,yolo_x_cpu,60
11410,yolo_x_cpu,67
11411,yolo_x_cpu,50
11412,yolo_x_cpu,76
11413,yolo_x_cpu,62
11414,yolo_x_cpu,55
11415,yolo_x_cpu,41
11416,yolo_x_cpu,74
11417,yolo_x_cpu,65
11418,yolo_x_cpu,79
11419,yolo_x_cpu,82
11420,yolo_x_cpu,100
11421,yolo_x_cpu,127
11422,yolo_x_cpu,173
11423,yolo_x_cpu,105
11424,yolo_x_cpu,87
11425,yolo_x_cpu,102
11426,yolo_x_cpu,144
11427,yolo_x_cpu,92
11428,yolo_x_cpu,123
11429,yolo_x_cpu,116
11430,yolo_x_cpu,128
11431,yolo_x_cpu,190
11432,yolo_x_cpu,176
11433,yolo_x_cpu,136
11434,yolo_x_cpu,98
11435,yolo_x_cpu,85
11436,yolo_x_cpu,120
11437,yolo_x_cpu,101
11438,yolo_x_cpu,129
11439,yolo_x_cpu,181
11440,yolo_x_cpu,198
11441,yolo_x_cpu,153
11442,yolo_x_cpu,138
11443,yolo_x_cpu,153
11444,yolo_x_cpu,162
11445,yolo_x_cpu,153
11446,yolo_x_cpu,123
11447,yolo_x_cpu,180
11448,yolo_x_cpu,148
11449,yolo_x_cpu,177
11450,yolo_x_cpu,134
11451,yolo_x_cpu,131
11452,yolo_x_cpu,245
11453,yolo_x_cpu,242
11454,yolo_x_cpu,157
11455,yolo_x_cpu,170
11456,yolo_x_cpu,123
11457,yolo_x_cpu,182
11458,yolo_x_cpu,259
11459,yolo_x_cpu,345
11460,yolo_x_cpu,281
11461,yolo_x_cpu,347
11462,yolo_x_cpu,352
11463,yolo_x_cpu,312
11464,yolo_x_cpu,231
11465,yolo_x_cpu,183
11466,yolo_x_cpu,228
11467,yolo_x_cpu,232
11468,yolo_x_cpu,172
11469,yolo_x_cpu,190
11470,yolo_x_cpu,181
11471,yolo_x_cpu,199
11472,yolo_x_cpu,211
11473,yolo_x_cpu,234
11474,yolo_x_cpu,219
11475,yolo_x_cpu,266
11476,yolo_x_cpu,216
11477,yolo_x_cpu,231
11478,yolo_x_cpu,302
11479,yolo_x_cpu,259
11480,yolo_x_cpu,260
11481,yolo_x_cpu,252
11482,yolo_x_cpu,367
11483,yolo_x_cpu,265
11484,yolo_x_cpu,216
11485,yolo_x_cpu,304
11486,yolo_x_cpu,318
11487,yolo_x_cpu,321
11488,yolo_x_cpu,306
11489,yolo_x_cpu,275
11490,yolo_x_cpu,267
11491,yolo_x_cpu,249
11492,yolo_x_cpu,279
11493,yolo_x_cpu,259
11494,yolo_x_cpu,262
11495,yolo_x_cpu,342
11496,yolo_x_cpu,379
11497,yolo_x_cpu,202
11498,yolo_x_cpu,232
11499,yolo_x_cpu,222
11500,yolo_x_cpu,193
11501,yolo_x_cpu,273
11502,yolo_x_cpu,164
11503,yolo_x_cpu,216
11504,yolo_x_cpu,251
11505,yolo_x_cpu,236
11506,yolo_x_cpu,245
11507,yolo_x_cpu,192
11508,yolo_x_cpu,279
11509,yolo_x_cpu,228
11510,yolo_x_cpu,220
11511,yolo_x_cpu,244
11512,yolo_x_cpu,345
11513,yolo_x_cpu,388
11514,yolo_x_cpu,297
11515,yolo_x_cpu,339
11516,yolo_x_cpu,384
11517,yolo_x_cpu,314
11518,yolo_x_cpu,295
11519,yolo_x_cpu,353
11520,yolo_x_cpu,366
11521,yolo_x_cpu,271
11522,yolo_x_cpu,213
11523,yolo_x_cpu,214
11524,yolo_x_cpu,290
11525,yolo_x_cpu,300
11526,yolo_x_cpu,314
11527,yolo_x_cpu,317
11528,yolo_x_cpu,269
11529,yolo_x_cpu,318
11530,yolo_x_cpu,271
11531,yolo_x_cpu,262
11532,yolo_x_cpu,280
11533,yolo_x_cpu,264
11534,yolo_x_cpu,340
11535,yolo_x_cpu,393
11536,yolo_x_cpu,294
11537,yolo_x_cpu,394
11538,yolo_x_cpu,276
11539,yolo_x_cpu,284
11540,yolo_x_cpu,382
11541,yolo_x_cpu,331
11542,yolo_x_cpu,354
11543,yolo_x_cpu,456
11544,yolo_x_cpu,343
11545,yolo_x_cpu,292
11546,yolo_x_cpu,303
11547,yolo_x_cpu,331
11548,yolo_x_cpu,435
11549,yolo_x_cpu,274
11550,yolo_x_cpu,260
11551,yolo_x_cpu,304
11552,yolo_x_cpu,416
11553,yolo_x_cpu,390
11554,yolo_x_cpu,512
11555,yolo_x_cpu,395
11556,yolo_x_cpu,410
11557,yolo_x_cpu,561
11558,yolo_x_cpu,396
11559,yolo_x_cpu,400
11560,yolo_x_cpu,274
11561,yolo_x_cpu,329
11562,yolo_x_cpu,393
11563,yolo_x_cpu,269
11564,yolo_x_cpu,332
11565,yolo_x_cpu,282
11566,yolo_x_cpu,403
11567,yolo_x_cpu,316
11568,yolo_x_cpu,415
11569,yolo_x_cpu,394
11570,yolo_x_cpu,292
11571,yolo_x_cpu,420
11572,yolo_x_cpu,405
11573,yolo_x_cpu,372
11574,yolo_x_cpu,337
11575,yolo_x_cpu,376
11576,yolo_x_cpu,410
11577,yolo_x_cpu,308
11578,yolo_x_cpu,326
11579,yolo_x_cpu,275
11580,yolo_x_cpu,336
11581,yolo_x_cpu,323
11582,yolo_x_cpu,368
11583,yolo_x_cpu,328
11584,yolo_x_cpu,269
11585,yolo_x_cpu,317
11586,yolo_x_cpu,338
11587,yolo_x_cpu,395
11588,yolo_x_cpu,263
11589,yolo_x_cpu,229
11590,yolo_x_cpu,249
11591,yolo_x_cpu,270
11592,yolo_x_cpu,331
11593,yolo_x_cpu,369
11594,yolo_x_cpu,309
11595,yolo_x_cpu,307
11596,yolo_x_cpu,297
11597,yolo_x_cpu,350
11598,yolo_x_cpu,390
11599,yolo_x_cpu,429
11600,yolo_x_cpu,396
11601,yolo_x_cpu,361
11602,yolo_x_cpu,345
11603,yolo_x_cpu,410
11604,yolo_x_cpu,513
11605,yolo_x_cpu,465
11606,yolo_x_cpu,451
11607,yolo_x_cpu,485
11608,yolo_x_cpu,440
11609,yolo_x_cpu,409
11610,yolo_x_cpu,392
11611,yolo_x_cpu,395
11612,yolo_x_cpu,312
11613,yolo_x_cpu,370
11614,yolo_x_cpu,321
11615,yolo_x_cpu,423
11616,yolo_x_cpu,404
11617,yolo_x_cpu,313
11618,yolo_x_cpu,309
11619,yolo_x_cpu,411
11620,yolo_x_cpu,425
11621,yolo_x_cpu,426
11622,yolo_x_cpu,434
11623,yolo_x_cpu,586
11624,yolo_x_cpu,435
11625,yolo_x_cpu,401
11626,yolo_x_cpu,460
11627,yolo_x_cpu,334
11628,yolo_x_cpu,370
11629,yolo_x_cpu,379
11630,yolo_x_cpu,370
11631,yolo_x_cpu,358
11632,yolo_x_cpu,339
11633,yolo_x_cpu,426
11634,yolo_x_cpu,344
11635,yolo_x_cpu,310
11636,yolo_x_cpu,357
11637,yolo_x_cpu,491
11638,yolo_x_cpu,332
11639,yolo_x_cpu,375
11640,yolo_x_cpu,376
11641,yolo_x_cpu,375
11642,yolo_x_cpu,334
11643,yolo_x_cpu,457
11644,yolo_x_cpu,301
11645,yolo_x_cpu,380
11646,yolo_x_cpu,507
11647,yolo_x_cpu,468
11648,yolo_x_cpu,431
11649,yolo_x_cpu,372
11650,yolo_x_cpu,442
11651,yolo_x_cpu,368
11652,yolo_x_cpu,373
11653,yolo_x_cpu,337
11654,yolo_x_cpu,551
11655,yolo_x_cpu,379
11656,yolo_x_cpu,408
11657,yolo_x_cpu,428
11658,yolo_x_cpu,409
11659,yolo_x_cpu,307
11660,yolo_x_cpu,413
11661,yolo_x_cpu,409
11662,yolo_x_cpu,460
11663,yolo_x_cpu,493
11664,yolo_x_cpu,386
11665,yolo_x_cpu,367
11666,yolo_x_cpu,434
11667,yolo_x_cpu,444
11668,yolo_x_cpu,446
11669,yolo_x_cpu,445
11670,yolo_x_cpu,436
11671,yolo_x_cpu,441
11672,yolo_x_cpu,392
11673,yolo_x_cpu,354
11674,yolo_x_cpu,392
11675,yolo_x_cpu,433
11676,yolo_x_cpu,465
11677,yolo_x_cpu,538
11678,yolo_x_cpu,393
11679,yolo_x_cpu,407
11680,yolo_x_cpu,511
11681,yolo_x_cpu,383
11682,yolo_x_cpu,385
11683,yolo_x_cpu,437
11684,yolo_x_cpu,423
11685,yolo_x_cpu,413
11686,yolo_x_cpu,420
11687,yolo_x_cpu,402
11688,yolo_x_cpu,465
11689,yolo_x_cpu,510
11690,yolo_x_cpu,396
11691,yolo_x_cpu,441
11692,yolo_x_cpu,396
11693,yolo_x_cpu,603
11694,yolo_x_cpu,503
11695,yolo_x_cpu,440
11696,yolo_x_cpu,423
11697,yolo_x_cpu,535
11698,yolo_x_cpu,463
11699,yolo_x_cpu,454
11700,yolo_x_cpu,425
11701,yolo_x_cpu,350
11702,yolo_x_cpu,378
11703,yolo_x_cpu,450
11704,yolo_x_cpu,438
11705,yolo_x_cpu,426
11706,yolo_x_cpu,396
11707,yolo_x_cpu,415
11708,yolo_x_cpu,466
11709,yolo_x_cpu,360
11710,yolo_x_cpu,470
11711,yolo_x_cpu,455
11712,yolo_x_cpu,485
11713,yolo_x_cpu,488
11714,yolo_x_cpu,563
11715,yolo_x_cpu,415
11716,yolo_x_cpu,444
11717,yolo_x_cpu,371
11718,yolo_x_cpu,473
11719,yolo_x_cpu,446
11720,yolo_x_cpu,505
11721,yolo_x_cpu,382
11722,yolo_x_cpu,445
11723,yolo_x_cpu,467
11724,yolo_x_cpu,371
11725,yolo_x_cpu,356
11726,yolo_x_cpu,375
11727,yolo_x_cpu,617
11728,yolo_x_cpu,506
11729,yolo_x_cpu,427
11730,yolo_x_cpu,473
11731,yolo_x_cpu,400
11732,yolo_x_cpu,456
11733,yolo_x_cpu,346
11734,yolo_x_cpu,339
11735,yolo_x_cpu,456
11736,yolo_x_cpu,334
11737,yolo_x_cpu,330
11738,yolo_x_cpu,426
11739,yolo_x_cpu,397
11740,yolo_x_cpu,364
11741,yolo_x_cpu,435
11742,yolo_x_cpu,569
11743,yolo_x_cpu,354
11744,yolo_x_cpu,345
11745,yolo_x_cpu,326
11746,yolo_x_cpu,359
11747,yolo_x_cpu,364
11748,yolo_x_cpu,268
11749,yolo_x_cpu,369
11750,yolo_x_cpu,359
11751,yolo_x_cpu,322
11752,yolo_x_cpu,289
11753,yolo_x_cpu,364
11754,yolo_x_cpu,348
11755,yolo_x_cpu,504
11756,yolo_x_cpu,410
11757,yolo_x_cpu,459
11758,yolo_x_cpu,472
11759,yolo_x_cpu,447
11760,yolo_x_cpu,380
11761,yolo_x_cpu,384
11762,yolo_x_cpu,409
11763,yolo_x_cpu,320
11764,yolo_x_cpu,257
11765,yolo_x_cpu,317
11766,yolo_x_cpu,357
11767,yolo_x_cpu,370
11768,yolo_x_cpu,400
11769,yolo_x_cpu,448
11770,yolo_x_cpu,354
11771,yolo_x_cpu,445
11772,yolo_x_cpu,347
11773,yolo_x_cpu,428
11774,yolo_x_cpu,318
11775,yolo_x_cpu,292
11776,yolo_x_cpu,386
11777,yolo_x_cpu,286
11778,yolo_x_cpu,298
11779,yolo_x_cpu,301
11780,yolo_x_cpu,312
11781,yolo_x_cpu,335
11782,yolo_x_cpu,411
11783,yolo_x_cpu,336
11784,yolo_x_cpu,291
11785,yolo_x_cpu,270
11786,yolo_x_cpu,337
11787,yolo_x_cpu,361
11788,yolo_x_cpu,391
11789,yolo_x_cpu,373
11790,yolo_x_cpu,461
11791,yolo_x_cpu,777
11792,yolo_x_cpu,855
11793,yolo_x_cpu,850
11794,yolo_x_cpu,752
11795,yolo_x_cpu,599
11796,yolo_x_cpu,485
11797,yolo_x_cpu,464
11798,yolo_x_cpu,537
11799,yolo_x_cpu,564
11800,yolo_x_cpu,398
11801,yolo_x_cpu,470
11802,yolo_x_cpu,403
11803,yolo_x_cpu,438
11804,yolo_x_cpu,432
11805,yolo_x_cpu,438
11806,yolo_x_cpu,481
11807,yolo_x_cpu,414
11808,yolo_x_cpu,309
11809,yolo_x_cpu,332
11810,yolo_x_cpu,390
11811,yolo_x_cpu,403
11812,yolo_x_cpu,384
11813,yolo_x_cpu,420
11814,yolo_x_cpu,425
11815,yolo_x_cpu,470
11816,yolo_x_cpu,395
11817,yolo_x_cpu,446
11818,yolo_x_cpu,572
11819,yolo_x_cpu,329
11820,yolo_x_cpu,375
11821,yolo_x_cpu,460
11822,yolo_x_cpu,339
11823,yolo_x_cpu,442
11824,yolo_x_cpu,434
11825,yolo_x_cpu,421
11826,yolo_x_cpu,379
11827,yolo_x_cpu,348
11828,yolo_x_cpu,365
11829,yolo_x_cpu,370
11830,yolo_x_cpu,340
11831,yolo_x_cpu,343
11832,yolo_x_cpu,308
11833,yolo_x_cpu,289
11834,yolo_x_cpu,253
11835,yolo_x_cpu,358
11836,yolo_x_cpu,347
11837,yolo_x_cpu,351
11838,yolo_x_cpu,461
11839,yolo_x_cpu,519
11840,yolo_x_cpu,379
11841,yolo_x_cpu,418
11842,yolo_x_cpu,388
11843,yolo_x_cpu,345
11844,yolo_x_cpu,469
11845,yolo_x_cpu,417
11846,yolo_x_cpu,300
11847,yolo_x_cpu,331
11848,yolo_x_cpu,504
11849,yolo_x_cpu,354
11850,yolo_x_cpu,334
11851,yolo_x_cpu,343
11852,yolo_x_cpu,312
11853,yolo_x_cpu,379
11854,yolo_x_cpu,346
11855,yolo_x_cpu,535
11856,yolo_x_cpu,285
11857,yolo_x_cpu,406
11858,yolo_x_cpu,283
11859,yolo_x_cpu,338
11860,yolo_x_cpu,404
11861,yolo_x_cpu,470
11862,yolo_x_cpu,353
11863,yolo_x_cpu,356
11864,yolo_x_cpu,307
11865,yolo_x_cpu,326
11866,yolo_x_cpu,351
11867,yolo_x_cpu,378
11868,yolo_x_cpu,306
11869,yolo_x_cpu,322
11870,yolo_x_cpu,334
11871,yolo_x_cpu,399
11872,yolo_x_cpu,329
11873,yolo_x_cpu,404
11874,yolo_x_cpu,344
11875,yolo_x_cpu,477
11876,yolo_x_cpu,334
11877,yolo_x_cpu,322
11878,yolo_x_cpu,372
11879,yolo_x_cpu,322
11880,yolo_x_cpu,279
11881,yolo_x_cpu,318
11882,yolo_x_cpu,295
11883,yolo_x_cpu,282
11884,yolo_x_cpu,331
11885,yolo_x_cpu,306
11886,yolo_x_cpu,314
11887,yolo_x_cpu,352
11888,yolo_x_cpu,284
11889,yolo_x_cpu,340
11890,yolo_x_cpu,307
11891,yolo_x_cpu,299
11892,yolo_x_cpu,278
11893,yolo_x_cpu,353
11894,yolo_x_cpu,397
11895,yolo_x_cpu,467
11896,yolo_x_cpu,322
11897,yolo_x_cpu,351
11898,yolo_x_cpu,280
11899,yolo_x_cpu,265
11900,yolo_x_cpu,321
11901,yolo_x_cpu,333
11902,yolo_x_cpu,331
11903,yolo_x_cpu,317
11904,yolo_x_cpu,388
11905,yolo_x_cpu,386
11906,yolo_x_cpu,409
11907,yolo_x_cpu,369
11908,yolo_x_cpu,327
11909,yolo_x_cpu,287
11910,yolo_x_cpu,251
11911,yolo_x_cpu,381
11912,yolo_x_cpu,338
11913,yolo_x_cpu,338
11914,yolo_x_cpu,336
11915,yolo_x_cpu,356
11916,yolo_x_cpu,290
11917,yolo_x_cpu,270
11918,yolo_x_cpu,298
11919,yolo_x_cpu,360
11920,yolo_x_cpu,302
11921,yolo_x_cpu,328
11922,yolo_x_cpu,332
11923,yolo_x_cpu,422
11924,yolo_x_cpu,397
11925,yolo_x_cpu,360
11926,yolo_x_cpu,374
11927,yolo_x_cpu,252
11928,yolo_x_cpu,291
11929,yolo_x_cpu,336
11930,yolo_x_cpu,342
11931,yolo_x_cpu,342
11932,yolo_x_cpu,339
11933,yolo_x_cpu,369
11934,yolo_x_cpu,372
11935,yolo_x_cpu,357
11936,yolo_x_cpu,343
11937,yolo_x_cpu,197
11938,yolo_x_cpu,283
11939,yolo_x_cpu,297
11940,yolo_x_cpu,300
11941,yolo_x_cpu,268
11942,yolo_x_cpu,311
11943,yolo_x_cpu,228
11944,yolo_x_cpu,324
11945,yolo_x_cpu,321
11946,yolo_x_cpu,250
11947,yolo_x_cpu,318
11948,yolo_x_cpu,321
11949,yolo_x_cpu,269
11950,yolo_x_cpu,230
11951,yolo_x_cpu,332
11952,yolo_x_cpu,330
11953,yolo_x_cpu,268
11954,yolo_x_cpu,330
11955,yolo_x_cpu,337
11956,yolo_x_cpu,331
11957,yolo_x_cpu,314
11958,yolo_x_cpu,403
11959,yolo_x_cpu,354
11960,yolo_x_cpu,386
11961,yolo_x_cpu,336
11962,yolo_x_cpu,374
11963,yolo_x_cpu,331
11964,yolo_x_cpu,331
11965,yolo_x_cpu,302
11966,yolo_x_cpu,481
11967,yolo_x_cpu,462
11968,yolo_x_cpu,378
11969,yolo_x_cpu,429
11970,yolo_x_cpu,420
11971,yolo_x_cpu,369
11972,yolo_x_cpu,306
11973,yolo_x_cpu,400
11974,yolo_x_cpu,355
11975,yolo_x_cpu,347
11976,yolo_x_cpu,303
11977,yolo_x_cpu,361
11978,yolo_x_cpu,380
11979,yolo_x_cpu,274
11980,yolo_x_cpu,331
11981,yolo_x_cpu,467
11982,yolo_x_cpu,491
11983,yolo_x_cpu,352
11984,yolo_x_cpu,415
11985,yolo_x_cpu,322
11986,yolo_x_cpu,316
11987,yolo_x_cpu,356
11988,yolo_x_cpu,317
11989,yolo_x_cpu,341
11990,yolo_x_cpu,397
11991,yolo_x_cpu,472
11992,yolo_x_cpu,473
11993,yolo_x_cpu,469
11994,yolo_x_cpu,412
11995,yolo_x_cpu,335
11996,yolo_x_cpu,312
11997,yolo_x_cpu,269
11998,yolo_x_cpu,283
11999,yolo_x_cpu,367
12000,yolo_x_cpu,330
12001,yolo_x_cpu,341
12002,yolo_x_cpu,326
12003,yolo_x_cpu,279
12004,yolo_x_cpu,233
12005,yolo_x_cpu,305
12006,yolo_x_cpu,258
12007,yolo_x_cpu,297
12008,yolo_x_cpu,265
12009,yolo_x_cpu,250
12010,yolo_x_cpu,248
12011,yolo_x_cpu,270
12012,yolo_x_cpu,250
12013,yolo_x_cpu,256
12014,yolo_x_cpu,226
12015,yolo_x_cpu,299
12016,yolo_x_cpu,267
12017,yolo_x_cpu,273
12018,yolo_x_cpu,462
12019,yolo_x_cpu,407
12020,yolo_x_cpu,270
12021,yolo_x_cpu,320
12022,yolo_x_cpu,362
12023,yolo_x_cpu,331
12024,yolo_x_cpu,324
12025,yolo_x_cpu,316
12026,yolo_x_cpu,428
12027,yolo_x_cpu,439
12028,yolo_x_cpu,407
12029,yolo_x_cpu,537
12030,yolo_x_cpu,468
12031,yolo_x_cpu,396
12032,yolo_x_cpu,539
12033,yolo_x_cpu,389
12034,yolo_x_cpu,385
12035,yolo_x_cpu,386
12036,yolo_x_cpu,360
12037,yolo_x_cpu,408
12038,yolo_x_cpu,392
12039,yolo_x_cpu,341
12040,yolo_x_cpu,338
12041,yolo_x_cpu,336
12042,yolo_x_cpu,333
12043,yolo_x_cpu,312
12044,yolo_x_cpu,379
12045,yolo_x_cpu,404
12046,yolo_x_cpu,471
12047,yolo_x_cpu,462
12048,yolo_x_cpu,416
12049,yolo_x_cpu,440
12050,yolo_x_cpu,344
12051,yolo_x_cpu,238
12052,yolo_x_cpu,303
12053,yolo_x_cpu,348
12054,yolo_x_cpu,333
12055,yolo_x_cpu,325
12056,yolo_x_cpu,414
12057,yolo_x_cpu,286
12058,yolo_x_cpu,317
12059,yolo_x_cpu,305
12060,yolo_x_cpu,470
12061,yolo_x_cpu,357
12062,yolo_x_cpu,318
12063,yolo_x_cpu,353
12064,yolo_x_cpu,461
12065,yolo_x_cpu,523
12066,yolo_x_cpu,326
12067,yolo_x_cpu,308
12068,yolo_x_cpu,346
12069,yolo_x_cpu,355
12070,yolo_x_cpu,477
12071,yolo_x_cpu,447
12072,yolo_x_cpu,414
12073,yolo_x_cpu,395
12074,yolo_x_cpu,434
12075,yolo_x_cpu,297
12076,yolo_x_cpu,295
12077,yolo_x_cpu,444
12078,yolo_x_cpu,321
12079,yolo_x_cpu,263
12080,yolo_x_cpu,342
12081,yolo_x_cpu,371
12082,yolo_x_cpu,418
12083,yolo_x_cpu,426
12084,yolo_x_cpu,313
12085,yolo_x_cpu,310
12086,yolo_x_cpu,331
12087,yolo_x_cpu,327
12088,yolo_x_cpu,323
12089,yolo_x_cpu,355
12090,yolo_x_cpu,297
12091,yolo_x_cpu,302
12092,yolo_x_cpu,312
12093,yolo_x_cpu,302
12094,yolo_x_cpu,316
12095,yolo_x_cpu,326
12096,yolo_x_cpu,398
12097,yolo_x_cpu,371
12098,yolo_x_cpu,337
12099,yolo_x_cpu,411
12100,yolo_x_cpu,314
12101,yolo_x_cpu,252
12102,yolo_x_cpu,290
12103,yolo_x_cpu,275
12104,yolo_x_cpu,315
12105,yolo_x_cpu,204
12106,yolo_x_cpu,328
12107,yolo_x_cpu,241
12108,yolo_x_cpu,240
12109,yolo_x_cpu,240
12110,yolo_x_cpu,315
12111,yolo_x_cpu,339
12112,yolo_x_cpu,419
12113,yolo_x_cpu,349
12114,yolo_x_cpu,449
12115,yolo_x_cpu,319
12116,yolo_x_cpu,377
12117,yolo_x_cpu,291
12118,yolo_x_cpu,312
12119,yolo_x_cpu,272
12120,yolo_x_cpu,353
12121,yolo_x_cpu,312
12122,yolo_x_cpu,346
12123,yolo_x_cpu,351
12124,yolo_x_cpu,283
12125,yolo_x_cpu,384
12126,yolo_x_cpu,331
12127,yolo_x_cpu,390
12128,yolo_x_cpu,344
12129,yolo_x_cpu,279
12130,yolo_x_cpu,267
12131,yolo_x_cpu,355
12132,yolo_x_cpu,266
12133,yolo_x_cpu,393
12134,yolo_x_cpu,318
12135,yolo_x_cpu,377
12136,yolo_x_cpu,413
12137,yolo_x_cpu,282
12138,yolo_x_cpu,305
12139,yolo_x_cpu,258
12140,yolo_x_cpu,254
12141,yolo_x_cpu,300
12142,yolo_x_cpu,352
12143,yolo_x_cpu,366
12144,yolo_x_cpu,388
12145,yolo_x_cpu,284
12146,yolo_x_cpu,324
12147,yolo_x_cpu,300
12148,yolo_x_cpu,239
12149,yolo_x_cpu,279
12150,yolo_x_cpu,341
12151,yolo_x_cpu,308
12152,yolo_x_cpu,328
12153,yolo_x_cpu,440
12154,yolo_x_cpu,314
12155,yolo_x_cpu,327
12156,yolo_x_cpu,334
12157,yolo_x_cpu,337
12158,yolo_x_cpu,321
12159,yolo_x_cpu,298
12160,yolo_x_cpu,299
12161,yolo_x_cpu,270
12162,yolo_x_cpu,324
12163,yolo_x_cpu,366
12164,yolo_x_cpu,262
12165,yolo_x_cpu,392
12166,yolo_x_cpu,364
12167,yolo_x_cpu,447
12168,yolo_x_cpu,368
12169,yolo_x_cpu,290
12170,yolo_x_cpu,323
12171,yolo_x_cpu,435
12172,yolo_x_cpu,349
12173,yolo_x_cpu,363
12174,yolo_x_cpu,342
12175,yolo_x_cpu,413
12176,yolo_x_cpu,329
12177,yolo_x_cpu,399
12178,yolo_x_cpu,316
12179,yolo_x_cpu,355
12180,yolo_x_cpu,425
12181,yolo_x_cpu,417
12182,yolo_x_cpu,496
12183,yolo_x_cpu,562
12184,yolo_x_cpu,501
12185,yolo_x_cpu,490
12186,yolo_x_cpu,381
12187,yolo_x_cpu,390
12188,yolo_x_cpu,365
12189,yolo_x_cpu,464
12190,yolo_x_cpu,434
12191,yolo_x_cpu,494
12192,yolo_x_cpu,499
12193,yolo_x_cpu,438
12194,yolo_x_cpu,539
12195,yolo_x_cpu,433
12196,yolo_x_cpu,522
12197,yolo_x_cpu,461
12198,yolo_x_cpu,388
12199,yolo_x_cpu,354
12200,yolo_x_cpu,409
12201,yolo_x_cpu,346
12202,yolo_x_cpu,380
12203,yolo_x_cpu,423
12204,yolo_x_cpu,384
12205,yolo_x_cpu,367
12206,yolo_x_cpu,425
12207,yolo_x_cpu,429
12208,yolo_x_cpu,415
12209,yolo_x_cpu,359
12210,yolo_x_cpu,460
12211,yolo_x_cpu,434
12212,yolo_x_cpu,470
12213,yolo_x_cpu,435
12214,yolo_x_cpu,398
12215,yolo_x_cpu,464
12216,yolo_x_cpu,404
12217,yolo_x_cpu,429
12218,yolo_x_cpu,380
12219,yolo_x_cpu,483
12220,yolo_x_cpu,387
12221,yolo_x_cpu,427
12222,yolo_x_cpu,388
12223,yolo_x_cpu,355
12224,yolo_x_cpu,423
12225,yolo_x_cpu,475
12226,yolo_x_cpu,375
12227,yolo_x_cpu,375
12228,yolo_x_cpu,428
12229,yolo_x_cpu,440
12230,yolo_x_cpu,409
12231,yolo_x_cpu,451
12232,yolo_x_cpu,451
12233,yolo_x_cpu,432
12234,yolo_x_cpu,385
12235,yolo_x_cpu,337
12236,yolo_x_cpu,331
12237,yolo_x_cpu,380
12238,yolo_x_cpu,435
12239,yolo_x_cpu,405
12240,yolo_x_cpu,414
12241,yolo_x_cpu,574
12242,yolo_x_cpu,456
12243,yolo_x_cpu,560
12244,yolo_x_cpu,598
12245,yolo_x_cpu,472
12246,yolo_x_cpu,418
12247,yolo_x_cpu,506
12248,yolo_x_cpu,458
12249,yolo_x_cpu,481
12250,yolo_x_cpu,419
12251,yolo_x_cpu,428
12252,yolo_x_cpu,445
12253,yolo_x_cpu,410
12254,yolo_x_cpu,472
12255,yolo_x_cpu,393
12256,yolo_x_cpu,363
12257,yolo_x_cpu,337
12258,yolo_x_cpu,526
12259,yolo_x_cpu,468
12260,yolo_x_cpu,422
12261,yolo_x_cpu,438
12262,yolo_x_cpu,447
12263,yolo_x_cpu,560
12264,yolo_x_cpu,486
12265,yolo_x_cpu,403
12266,yolo_x_cpu,342
12267,yolo_x_cpu,474
12268,yolo_x_cpu,442
12269,yolo_x_cpu,434
12270,yolo_x_cpu,496
12271,yolo_x_cpu,648
12272,yolo_x_cpu,587
12273,yolo_x_cpu,776
12274,yolo_x_cpu,733
12275,yolo_x_cpu,547
12276,yolo_x_cpu,507
12277,yolo_x_cpu,602
12278,yolo_x_cpu,617
12279,yolo_x_cpu,744
12280,yolo_x_cpu,777
12281,yolo_x_cpu,531
12282,yolo_x_cpu,467
12283,yolo_x_cpu,571
12284,yolo_x_cpu,519
12285,yolo_x_cpu,468
12286,yolo_x_cpu,486
12287,yolo_x_cpu,529
12288,yolo_x_cpu,599
12289,yolo_x_cpu,444
12290,yolo_x_cpu,580
12291,yolo_x_cpu,484
12292,yolo_x_cpu,538
12293,yolo_x_cpu,551
12294,yolo_x_cpu,558
12295,yolo_x_cpu,523
12296,yolo_x_cpu,482
12297,yolo_x_cpu,510
12298,yolo_x_cpu,510
12299,yolo_x_cpu,491
12300,yolo_x_cpu,518
12301,yolo_x_cpu,547
12302,yolo_x_cpu,552
12303,yolo_x_cpu,578
12304,yolo_x_cpu,485
12305,yolo_x_cpu,551
12306,yolo_x_cpu,431
12307,yolo_x_cpu,450
12308,yolo_x_cpu,446
12309,yolo_x_cpu,408
12310,yolo_x_cpu,433
12311,yolo_x_cpu,482
12312,yolo_x_cpu,751
12313,yolo_x_cpu,563
12314,yolo_x_cpu,487
12315,yolo_x_cpu,566
12316,yolo_x_cpu,518
12317,yolo_x_cpu,520
12318,yolo_x_cpu,498
12319,yolo_x_cpu,466
12320,yolo_x_cpu,623
12321,yolo_x_cpu,571
12322,yolo_x_cpu,621
12323,yolo_x_cpu,532
12324,yolo_x_cpu,528
12325,yolo_x_cpu,577
12326,yolo_x_cpu,460
12327,yolo_x_cpu,591
12328,yolo_x_cpu,541
12329,yolo_x_cpu,648
12330,yolo_x_cpu,575
12331,yolo_x_cpu,563
12332,yolo_x_cpu,460
12333,yolo_x_cpu,496
12334,yolo_x_cpu,577
12335,yolo_x_cpu,524
12336,yolo_x_cpu,511
12337,yolo_x_cpu,537
12338,yolo_x_cpu,473
12339,yolo_x_cpu,448
12340,yolo_x_cpu,503
12341,yolo_x_cpu,460
12342,yolo_x_cpu,521
12343,yolo_x_cpu,438
12344,yolo_x_cpu,426
12345,yolo_x_cpu,552
12346,yolo_x_cpu,502
12347,yolo_x_cpu,483
12348,yolo_x_cpu,460
12349,yolo_x_cpu,454
12350,yolo_x_cpu,440
12351,yolo_x_cpu,501
12352,yolo_x_cpu,485
12353,yolo_x_cpu,436
12354,yolo_x_cpu,614
12355,yolo_x_cpu,497
12356,yolo_x_cpu,453
12357,yolo_x_cpu,432
12358,yolo_x_cpu,420
12359,yolo_x_cpu,417
12360,yolo_x_cpu,375
12361,yolo_x_cpu,411
12362,yolo_x_cpu,461
12363,yolo_x_cpu,392
12364,yolo_x_cpu,464
12365,yolo_x_cpu,404
12366,yolo_x_cpu,356
12367,yolo_x_cpu,435
12368,yolo_x_cpu,456
12369,yolo_x_cpu,430
12370,yolo_x_cpu,482
12371,yolo_x_cpu,458
12372,yolo_x_cpu,560
12373,yolo_x_cpu,459
12374,yolo_x_cpu,485
12375,yolo_x_cpu,489
12376,yolo_x_cpu,449
12377,yolo_x_cpu,567
12378,yolo_x_cpu,449
12379,yolo_x_cpu,399
12380,yolo_x_cpu,451
12381,yolo_x_cpu,460
12382,yolo_x_cpu,446
12383,yolo_x_cpu,350
12384,yolo_x_cpu,426
12385,yolo_x_cpu,550
12386,yolo_x_cpu,408
12387,yolo_x_cpu,384
12388,yolo_x_cpu,412
12389,yolo_x_cpu,516
12390,yolo_x_cpu,560
12391,yolo_x_cpu,513
12392,yolo_x_cpu,410
12393,yolo_x_cpu,385
12394,yolo_x_cpu,635
12395,yolo_x_cpu,562
12396,yolo_x_cpu,543
12397,yolo_x_cpu,495
12398,yolo_x_cpu,447
12399,yolo_x_cpu,374
12400,yolo_x_cpu,342
12401,yolo_x_cpu,334
12402,yolo_x_cpu,425
12403,yolo_x_cpu,407
12404,yolo_x_cpu,421
12405,yolo_x_cpu,469
12406,yolo_x_cpu,316
12407,yolo_x_cpu,360
12408,yolo_x_cpu,329
12409,yolo_x_cpu,384
12410,yolo_x_cpu,316
12411,yolo_x_cpu,298
12412,yolo_x_cpu,336
12413,yolo_x_cpu,441
12414,yolo_x_cpu,311
12415,yolo_x_cpu,266
12416,yolo_x_cpu,301
12417,yolo_x_cpu,349
12418,yolo_x_cpu,278
12419,yolo_x_cpu,276
12420,yolo_x_cpu,352
12421,yolo_x_cpu,364
12422,yolo_x_cpu,259
12423,yolo_x_cpu,290
12424,yolo_x_cpu,320
12425,yolo_x_cpu,325
12426,yolo_x_cpu,324
12427,yolo_x_cpu,368
12428,yolo_x_cpu,271
12429,yolo_x_cpu,318
12430,yolo_x_cpu,293
12431,yolo_x_cpu,199
12432,yolo_x_cpu,279
12433,yolo_x_cpu,187
12434,yolo_x_cpu,233
12435,yolo_x_cpu,215
12436,yolo_x_cpu,291
12437,yolo_x_cpu,254
12438,yolo_x_cpu,361
12439,yolo_x_cpu,393
12440,yolo_x_cpu,260
12441,yolo_x_cpu,367
12442,yolo_x_cpu,322
12443,yolo_x_cpu,262
12444,yolo_x_cpu,240
12445,yolo_x_cpu,168
12446,yolo_x_cpu,208
12447,yolo_x_cpu,163
12448,yolo_x_cpu,162
12449,yolo_x_cpu,130
12450,yolo_x_cpu,116
12451,yolo_x_cpu,119
12452,yolo_x_cpu,157
12453,yolo_x_cpu,163
12454,yolo_x_cpu,265
12455,yolo_x_cpu,164
12456,yolo_x_cpu,276
12457,yolo_x_cpu,199
12458,yolo_x_cpu,190
12459,yolo_x_cpu,230
12460,yolo_x_cpu,205
12461,yolo_x_cpu,213
12462,yolo_x_cpu,200
12463,yolo_x_cpu,180
12464,yolo_x_cpu,192
12465,yolo_x_cpu,124
12466,yolo_x_cpu,236
12467,yolo_x_cpu,182
12468,yolo_x_cpu,189
12469,yolo_x_cpu,138
12470,yolo_x_cpu,189
12471,yolo_x_cpu,146
12472,yolo_x_cpu,87
12473,yolo_x_cpu,155
12474,yolo_x_cpu,106
12475,yolo_x_cpu,135
12476,yolo_x_cpu,181
12477,yolo_x_cpu,175
12478,yolo_x_cpu,153
12479,yolo_x_cpu,138
12480,yolo_x_cpu,90
12481,yolo_x_cpu,234
12482,yolo_x_cpu,113
12483,yolo_x_cpu,188
12484,yolo_x_cpu,107
12485,yolo_x_cpu,73
12486,yolo_x_cpu,141
12487,yolo_x_cpu,148
12488,yolo_x_cpu,140
12489,yolo_x_cpu,169
12490,yolo_x_cpu,148
12491,yolo_x_cpu,177
12492,yolo_x_cpu,118
12493,yolo_x_cpu,71
12494,yolo_x_cpu,101
12495,yolo_x_cpu,83
12496,yolo_x_cpu,51
12497,yolo_x_cpu,95
12498,yolo_x_cpu,104
12499,yolo_x_cpu,96
12500,yolo_x_cpu,78
12501,yolo_x_cpu,58
12502,yolo_x_cpu,128
12503,yolo_x_cpu,100
12504,yolo_x_cpu,102
12505,yolo_x_cpu,139
12506,yolo_x_cpu,137
12507,yolo_x_cpu,119
12508,yolo_x_cpu,117
12509,yolo_x_cpu,96
12510,yolo_x_cpu,73
12511,yolo_x_cpu,78
12512,yolo_x_cpu,63
12513,yolo_x_cpu,59
12514,yolo_x_cpu,70
12515,yolo_x_cpu,52
12516,yolo_x_cpu,70
12517,yolo_x_cpu,52
12518,yolo_x_cpu,102
12519,yolo_x_cpu,61
12520,yolo_x_cpu,84
12521,yolo_x_cpu,71
12522,yolo_x_cpu,77
12523,yolo_x_cpu,52
12524,yolo_x_cpu,46
12525,yolo_x_cpu,28
12526,yolo_x_cpu,23
12527,yolo_x_cpu,39
12528,yolo_x_cpu,26
12529,yolo_x_cpu,40
12530,yolo_x_cpu,58
12531,yolo_x_cpu,59
12532,yolo_x_cpu,110
12533,yolo_x_cpu,99
12534,yolo_x_cpu,62
12535,yolo_x_cpu,71
12536,yolo_x_cpu,51
12537,yolo_x_cpu,68
12538,yolo_x_cpu,80
12539,yolo_x_cpu,28
12540,yolo_x_cpu,39
12541,yolo_x_cpu,57
12542,yolo_x_cpu,43
12543,yolo_x_cpu,85
12544,yolo_x_cpu,42
12545,yolo_x_cpu,54
12546,yolo_x_cpu,83
12547,yolo_x_cpu,64
12548,yolo_x_cpu,58
12549,yolo_x_cpu,50
12550,yolo_x_cpu,44
12551,yolo_x_cpu,51
12552,yolo_x_cpu,99
12553,yolo_x_cpu,90
12554,yolo_x_cpu,35
12555,yolo_x_cpu,67
12556,yolo_x_cpu,76
12557,yolo_x_cpu,83
12558,yolo_x_cpu,69
12559,yolo_x_cpu,62
12560,yolo_x_cpu,60
12561,yolo_x_cpu,78
12562,yolo_x_cpu,45
12563,yolo_x_cpu,37
12564,yolo_x_cpu,50
12565,yolo_x_cpu,37
12566,yolo_x_cpu,39
12567,yolo_x_cpu,24
12568,yolo_x_cpu,72
12569,yolo_x_cpu,70
12570,yolo_x_cpu,46
12571,yolo_x_cpu,56
12572,yolo_x_cpu,61
12573,yolo_x_cpu,59
12574,yolo_x_cpu,75
12575,yolo_x_cpu,90
12576,yolo_x_cpu,54
12577,yolo_x_cpu,29
12578,yolo_x_cpu,58
12579,yolo_x_cpu,47
12580,yolo_x_cpu,23
12581,yolo_x_cpu,59
12582,yolo_x_cpu,42
12583,yolo_x_cpu,23
12584,yolo_x_cpu,90
12585,yolo_x_cpu,8
12586,yolo_x_cpu,15
12587,yolo_x_cpu,29
12588,yolo_x_cpu,39
12589,yolo_x_cpu,30
12590,yolo_x_cpu,15
12591,yolo_x_cpu,23
12592,yolo_x_cpu,13
12593,yolo_x_cpu,23
12594,yolo_x_cpu,42
12595,yolo_x_cpu,40
12596,yolo_x_cpu,17
12597,yolo_x_cpu,32
12598,yolo_x_cpu,38
12599,yolo_x_cpu,33
12600,yolo_x_cpu,39
12601,yolo_x_cpu,32
12602,yolo_x_cpu,37
12603,yolo_x_cpu,26
12604,yolo_x_cpu,32
12605,yolo_x_cpu,31
12606,yolo_x_cpu,23
12607,yolo_x_cpu,23
12608,yolo_x_cpu,42
12609,yolo_x_cpu,57
12610,yolo_x_cpu,39
12611,yolo_x_cpu,27
12612,yolo_x_cpu,84
12613,yolo_x_cpu,12
12614,yolo_x_cpu,30
12615,yolo_x_cpu,29
12616,yolo_x_cpu,39
12617,yolo_x_cpu,28
12618,yolo_x_cpu,38
12619,yolo_x_cpu,19
12620,yolo_x_cpu,25
12621,yolo_x_cpu,78
12622,yolo_x_cpu,47
12623,yolo_x_cpu,14
12624,yolo_x_cpu,30
12625,yolo_x_cpu,53
12626,yolo_x_cpu,25
12627,yolo_x_cpu,35
12628,yolo_x_cpu,15
12629,yolo_x_cpu,19
12630,yolo_x_cpu,22
12631,yolo_x_cpu,34
12632,yolo_x_cpu,22
12633,yolo_x_cpu,12
12634,yolo_x_cpu,11
12635,yolo_x_cpu,38
12636,yolo_x_cpu,33
12637,yolo_x_cpu,8
12638,yolo_x_cpu,8
12639,yolo_x_cpu,34
12640,yolo_x_cpu,10
12641,yolo_x_cpu,9
12642,yolo_x_cpu,8
12643,yolo_x_cpu,6
12644,yolo_x_cpu,6
12645,yolo_x_cpu,6
12646,yolo_x_cpu,9
12647,yolo_x_cpu,33
12648,yolo_x_cpu,4
12649,yolo_x_cpu,8
12650,yolo_x_cpu,20
12651,yolo_x_cpu,5
12652,yolo_x_cpu,16
12653,yolo_x_cpu,24
12654,yolo_x_cpu,7
12655,yolo_x_cpu,13
12656,yolo_x_cpu,10
12657,yolo_x_cpu,2
12658,yolo_x_cpu,3
12659,yolo_x_cpu,8
12660,yolo_x_cpu,12
12661,yolo_x_cpu,10
12662,yolo_x_cpu,18
12663,yolo_x_cpu,7
12664,yolo_x_cpu,3
12665,yolo_x_cpu,4
12666,yolo_x_cpu,3
12667,yolo_x_cpu,16
12668,yolo_x_cpu,6
12669,yolo_x_cpu,12
12670,yolo_x_cpu,8
12671,yolo_x_cpu,29
12672,yolo_x_cpu,10
12673,yolo_x_cpu,9
12674,yolo_x_cpu,9
12675,yolo_x_cpu,33
12676,yolo_x_cpu,34
12677,yolo_x_cpu,6
12678,yolo_x_cpu,1
12679,yolo_x_cpu,8
12680,yolo_x_cpu,5
12681,yolo_x_cpu,3
12682,yolo_x_cpu,13
12683,yolo_x_cpu,14
12684,yolo_x_cpu,4
12685,yolo_x_cpu,21
12686,yolo_x_cpu,10
12687,yolo_x_cpu,50
12688,yolo_x_cpu,27
12689,yolo_x_cpu,11
12690,yolo_x_cpu,5
12691,yolo_x_cpu,7
12692,yolo_x_cpu,11
12693,yolo_x_cpu,9
12694,yolo_x_cpu,3
12695,yolo_x_cpu,12
12696,yolo_x_cpu,10
12697,yolo_x_cpu,17
12698,yolo_x_cpu,2
12699,yolo_x_cpu,0
12700,yolo_x_cpu,6
12701,yolo_x_cpu,40
12702,yolo_x_cpu,19
12703,yolo_x_cpu,7
12704,yolo_x_cpu,6
12705,yolo_x_cpu,7
12706,yolo_x_cpu,1
12707,yolo_x_cpu,14
12708,yolo_x_cpu,17
12709,yolo_x_cpu,10
12710,yolo_x_cpu,9
12711,yolo_x_cpu,15
12712,yolo_x_cpu,8
12713,yolo_x_cpu,7
12714,yolo_x_cpu,8
12715,yolo_x_cpu,3
12716,yolo_x_cpu,3
12717,yolo_x_cpu,13
12718,yolo_x_cpu,2
12719,yolo_x_cpu,10
12720,yolo_x_cpu,10
12721,yolo_x_cpu,2
12722,yolo_x_cpu,16
12723,yolo_x_cpu,3
12724,yolo_x_cpu,12
12725,yolo_x_cpu,18
12726,yolo_x_cpu,13
12727,yolo_x_cpu,19
12728,yolo_x_cpu,21
12729,yolo_x_cpu,35
12730,yolo_x_cpu,20
12731,yolo_x_cpu,19
12732,yolo_x_cpu,29
12733,yolo_x_cpu,55
12734,yolo_x_cpu,67
12735,yolo_x_cpu,64
12736,yolo_x_cpu,23
12737,yolo_x_cpu,25
12738,yolo_x_cpu,11
12739,yolo_x_cpu,7
12740,yolo_x_cpu,5
12741,yolo_x_cpu,12
12742,yolo_x_cpu,7
12743,yolo_x_cpu,25
12744,yolo_x_cpu,14
12745,yolo_x_cpu,13
12746,yolo_x_cpu,11
12747,yolo_x_cpu,3
12748,yolo_x_cpu,4
12749,yolo_x_cpu,10
12750,yolo_x_cpu,11
12751,yolo_x_cpu,22
12752,yolo_x_cpu,16
12753,yolo_x_cpu,11
12754,yolo_x_cpu,49
12755,yolo_x_cpu,29
12756,yolo_x_cpu,19
12757,yolo_x_cpu,14
12758,yolo_x_cpu,26
12759,yolo_x_cpu,26
12760,yolo_x_cpu,22
12761,yolo_x_cpu,20
12762,yolo_x_cpu,11
12763,yolo_x_cpu,9
12764,yolo_x_cpu,5
12765,yolo_x_cpu,9
12766,yolo_x_cpu,22
12767,yolo_x_cpu,11
12768,yolo_x_cpu,3
12769,yolo_x_cpu,15
12770,yolo_x_cpu,8
12771,yolo_x_cpu,13
12772,yolo_x_cpu,30
12773,yolo_x_cpu,10
12774,yolo_x_cpu,27
12775,yolo_x_cpu,6
12776,yolo_x_cpu,17
12777,yolo_x_cpu,3
12778,yolo_x_cpu,14
12779,yolo_x_cpu,7
12780,yolo_x_cpu,19
12781,yolo_x_cpu,6
12782,yolo_x_cpu,23
12783,yolo_x_cpu,11
12784,yolo_x_cpu,25
12785,yolo_x_cpu,10
12786,yolo_x_cpu,3
12787,yolo_x_cpu,9
12788,yolo_x_cpu,6
12789,yolo_x_cpu,1
12790,yolo_x_cpu,3
12791,yolo_x_cpu,6
12792,yolo_x_cpu,27
12793,yolo_x_cpu,17
12794,yolo_x_cpu,61
12795,yolo_x_cpu,25
12796,yolo_x_cpu,34
12797,yolo_x_cpu,34
12798,yolo_x_cpu,22
12799,yolo_x_cpu,26
12800,yolo_x_cpu,47
12801,yolo_x_cpu,29
12802,yolo_x_cpu,12
12803,yolo_x_cpu,41
12804,yolo_x_cpu,25
12805,yolo_x_cpu,18
12806,yolo_x_cpu,8
12807,yolo_x_cpu,10
12808,yolo_x_cpu,17
12809,yolo_x_cpu,22
12810,yolo_x_cpu,15
12811,yolo_x_cpu,18
12812,yolo_x_cpu,29
12813,yolo_x_cpu,31
12814,yolo_x_cpu,20
12815,yolo_x_cpu,6
12816,yolo_x_cpu,8
12817,yolo_x_cpu,14
12818,yolo_x_cpu,14
12819,yolo_x_cpu,25
12820,yolo_x_cpu,22
12821,yolo_x_cpu,8
12822,yolo_x_cpu,16
12823,yolo_x_cpu,38
12824,yolo_x_cpu,36
12825,yolo_x_cpu,8
12826,yolo_x_cpu,17
12827,yolo_x_cpu,80
12828,yolo_x_cpu,30
12829,yolo_x_cpu,38
12830,yolo_x_cpu,20
12831,yolo_x_cpu,46
12832,yolo_x_cpu,18
12833,yolo_x_cpu,30
12834,yolo_x_cpu,25
12835,yolo_x_cpu,25
12836,yolo_x_cpu,19
12837,yolo_x_cpu,20
12838,yolo_x_cpu,42
12839,yolo_x_cpu,39
12840,yolo_x_cpu,54
12841,yolo_x_cpu,48
12842,yolo_x_cpu,63
12843,yolo_x_cpu,39
12844,yolo_x_cpu,18
12845,yolo_x_cpu,48
12846,yolo_x_cpu,31
12847,yolo_x_cpu,80
12848,yolo_x_cpu,68
12849,yolo_x_cpu,42
12850,yolo_x_cpu,49
12851,yolo_x_cpu,30
12852,yolo_x_cpu,44
12853,yolo_x_cpu,34
12854,yolo_x_cpu,23
12855,yolo_x_cpu,29
12856,yolo_x_cpu,42
12857,yolo_x_cpu,28
12858,yolo_x_cpu,25
12859,yolo_x_cpu,30
12860,yolo_x_cpu,30
12861,yolo_x_cpu,35
12862,yolo_x_cpu,109
12863,yolo_x_cpu,35
12864,yolo_x_cpu,54
12865,yolo_x_cpu,36
12866,yolo_x_cpu,39
12867,yolo_x_cpu,38
12868,yolo_x_cpu,78
12869,yolo_x_cpu,51
12870,yolo_x_cpu,94
12871,yolo_x_cpu,71
12872,yolo_x_cpu,89
12873,yolo_x_cpu,61
12874,yolo_x_cpu,49
12875,yolo_x_cpu,45
12876,yolo_x_cpu,66
12877,yolo_x_cpu,34
12878,yolo_x_cpu,37
12879,yolo_x_cpu,52
12880,yolo_x_cpu,88
12881,yolo_x_cpu,93
12882,yolo_x_cpu,98
12883,yolo_x_cpu,99
12884,yolo_x_cpu,93
12885,yolo_x_cpu,64
12886,yolo_x_cpu,67
12887,yolo_x_cpu,93
12888,yolo_x_cpu,51
12889,yolo_x_cpu,61
12890,yolo_x_cpu,52
12891,yolo_x_cpu,100
12892,yolo_x_cpu,83
12893,yolo_x_cpu,67
12894,yolo_x_cpu,81
12895,yolo_x_cpu,46
12896,yolo_x_cpu,43
12897,yolo_x_cpu,116
12898,yolo_x_cpu,54
12899,yolo_x_cpu,52
12900,yolo_x_cpu,60
12901,yolo_x_cpu,57
12902,yolo_x_cpu,46
12903,yolo_x_cpu,108
12904,yolo_x_cpu,71
12905,yolo_x_cpu,99
12906,yolo_x_cpu,78
12907,yolo_x_cpu,96
12908,yolo_x_cpu,127
12909,yolo_x_cpu,143
12910,yolo_x_cpu,150
12911,yolo_x_cpu,104
12912,yolo_x_cpu,109
12913,yolo_x_cpu,72
12914,yolo_x_cpu,165
12915,yolo_x_cpu,337
12916,yolo_x_cpu,167
12917,yolo_x_cpu,137
12918,yolo_x_cpu,122
12919,yolo_x_cpu,239
12920,yolo_x_cpu,140
12921,yolo_x_cpu,98
12922,yolo_x_cpu,171
12923,yolo_x_cpu,172
12924,yolo_x_cpu,127
12925,yolo_x_cpu,119
12926,yolo_x_cpu,160
12927,yolo_x_cpu,61
12928,yolo_x_cpu,128
12929,yolo_x_cpu,88
12930,yolo_x_cpu,136
12931,yolo_x_cpu,142
12932,yolo_x_cpu,98
12933,yolo_x_cpu,113
12934,yolo_x_cpu,127
12935,yolo_x_cpu,125
12936,yolo_x_cpu,166
12937,yolo_x_cpu,153
12938,yolo_x_cpu,136
12939,yolo_x_cpu,139
12940,yolo_x_cpu,149
12941,yolo_x_cpu,178
12942,yolo_x_cpu,242
12943,yolo_x_cpu,171
12944,yolo_x_cpu,174
12945,yolo_x_cpu,266
12946,yolo_x_cpu,167
12947,yolo_x_cpu,121
12948,yolo_x_cpu,130
12949,yolo_x_cpu,153
12950,yolo_x_cpu,112
12951,yolo_x_cpu,97
12952,yolo_x_cpu,128
12953,yolo_x_cpu,203
12954,yolo_x_cpu,175
12955,yolo_x_cpu,111
12956,yolo_x_cpu,112
12957,yolo_x_cpu,102
12958,yolo_x_cpu,106
12959,yolo_x_cpu,98
12960,yolo_x_cpu,142
12961,yolo_x_cpu,126
12962,yolo_x_cpu,104
12963,yolo_x_cpu,162
12964,yolo_x_cpu,104
12965,yolo_x_cpu,79
12966,yolo_x_cpu,148
12967,yolo_x_cpu,170
12968,yolo_x_cpu,154
12969,yolo_x_cpu,89
12970,yolo_x_cpu,100
12971,yolo_x_cpu,110
12972,yolo_x_cpu,161
12973,yolo_x_cpu,138
12974,yolo_x_cpu,162
12975,yolo_x_cpu,113
12976,yolo_x_cpu,141
12977,yolo_x_cpu,214
12978,yolo_x_cpu,252
12979,yolo_x_cpu,192
12980,yolo_x_cpu,219
12981,yolo_x_cpu,189
12982,yolo_x_cpu,148
12983,yolo_x_cpu,137
12984,yolo_x_cpu,130
12985,yolo_x_cpu,172
12986,yolo_x_cpu,151
12987,yolo_x_cpu,194
12988,yolo_x_cpu,187
12989,yolo_x_cpu,136
12990,yolo_x_cpu,192
12991,yolo_x_cpu,207
12992,yolo_x_cpu,140
12993,yolo_x_cpu,224
12994,yolo_x_cpu,282
12995,yolo_x_cpu,320
12996,yolo_x_cpu,240
12997,yolo_x_cpu,214
12998,yolo_x_cpu,418
12999,yolo_x_cpu,336
13000,yolo_x_cpu,266
13001,yolo_x_cpu,200
13002,yolo_x_cpu,244
13003,yolo_x_cpu,270
13004,yolo_x_cpu,222
13005,yolo_x_cpu,174
13006,yolo_x_cpu,187
13007,yolo_x_cpu,169
13008,yolo_x_cpu,183
13009,yolo_x_cpu,177
13010,yolo_x_cpu,244
13011,yolo_x_cpu,209
13012,yolo_x_cpu,245
13013,yolo_x_cpu,314
13014,yolo_x_cpu,371
13015,yolo_x_cpu,276
13016,yolo_x_cpu,231
13017,yolo_x_cpu,199
13018,yolo_x_cpu,274
13019,yolo_x_cpu,238
13020,yolo_x_cpu,203
13021,yolo_x_cpu,269
13022,yolo_x_cpu,228
13023,yolo_x_cpu,346
13024,yolo_x_cpu,411
13025,yolo_x_cpu,275
13026,yolo_x_cpu,258
13027,yolo_x_cpu,228
13028,yolo_x_cpu,208
13029,yolo_x_cpu,198
13030,yolo_x_cpu,262
13031,yolo_x_cpu,233
13032,yolo_x_cpu,267
13033,yolo_x_cpu,248
13034,yolo_x_cpu,243
13035,yolo_x_cpu,282
13036,yolo_x_cpu,342
13037,yolo_x_cpu,210
13038,yolo_x_cpu,217
13039,yolo_x_cpu,301
13040,yolo_x_cpu,257
13041,yolo_x_cpu,348
13042,yolo_x_cpu,200
13043,yolo_x_cpu,270
13044,yolo_x_cpu,257
13045,yolo_x_cpu,231
13046,yolo_x_cpu,258
13047,yolo_x_cpu,257
13048,yolo_x_cpu,244
13049,yolo_x_cpu,297
13050,yolo_x_cpu,286
13051,yolo_x_cpu,288
13052,yolo_x_cpu,383
13053,yolo_x_cpu,304
13054,yolo_x_cpu,252
13055,yolo_x_cpu,257
13056,yolo_x_cpu,359
13057,yolo_x_cpu,229
13058,yolo_x_cpu,368
13059,yolo_x_cpu,318
13060,yolo_x_cpu,322
13061,yolo_x_cpu,308
13062,yolo_x_cpu,403
13063,yolo_x_cpu,315
13064,yolo_x_cpu,353
13065,yolo_x_cpu,186
13066,yolo_x_cpu,271
13067,yolo_x_cpu,241
13068,yolo_x_cpu,297
13069,yolo_x_cpu,272
13070,yolo_x_cpu,219
13071,yolo_x_cpu,231
13072,yolo_x_cpu,286
13073,yolo_x_cpu,305
13074,yolo_x_cpu,219
13075,yolo_x_cpu,306
13076,yolo_x_cpu,328
13077,yolo_x_cpu,290
13078,yolo_x_cpu,350
13079,yolo_x_cpu,282
13080,yolo_x_cpu,267
13081,yolo_x_cpu,256
13082,yolo_x_cpu,258
13083,yolo_x_cpu,313
13084,yolo_x_cpu,367
13085,yolo_x_cpu,318
13086,yolo_x_cpu,317
13087,yolo_x_cpu,279
13088,yolo_x_cpu,259
13089,yolo_x_cpu,383
13090,yolo_x_cpu,395
13091,yolo_x_cpu,480
13092,yolo_x_cpu,321
13093,yolo_x_cpu,325
13094,yolo_x_cpu,274
13095,yolo_x_cpu,232
13096,yolo_x_cpu,271
13097,yolo_x_cpu,373
13098,yolo_x_cpu,274
13099,yolo_x_cpu,215
13100,yolo_x_cpu,437
13101,yolo_x_cpu,291
13102,yolo_x_cpu,231
13103,yolo_x_cpu,243
13104,yolo_x_cpu,296
13105,yolo_x_cpu,345
13106,yolo_x_cpu,317
13107,yolo_x_cpu,366
13108,yolo_x_cpu,262
13109,yolo_x_cpu,245
13110,yolo_x_cpu,309
13111,yolo_x_cpu,261
13112,yolo_x_cpu,260
13113,yolo_x_cpu,398
13114,yolo_x_cpu,332
13115,yolo_x_cpu,312
13116,yolo_x_cpu,307
13117,yolo_x_cpu,244
13118,yolo_x_cpu,286
13119,yolo_x_cpu,314
13120,yolo_x_cpu,346
13121,yolo_x_cpu,308
13122,yolo_x_cpu,256
13123,yolo_x_cpu,378
13124,yolo_x_cpu,326
13125,yolo_x_cpu,368
13126,yolo_x_cpu,313
13127,yolo_x_cpu,476
13128,yolo_x_cpu,433
13129,yolo_x_cpu,427
13130,yolo_x_cpu,367
13131,yolo_x_cpu,360
13132,yolo_x_cpu,747
13133,yolo_x_cpu,444
13134,yolo_x_cpu,214
13135,yolo_x_cpu,273
13136,yolo_x_cpu,265
13137,yolo_x_cpu,260
13138,yolo_x_cpu,357
13139,yolo_x_cpu,245
13140,yolo_x_cpu,270
13141,yolo_x_cpu,399
13142,yolo_x_cpu,422
13143,yolo_x_cpu,345
13144,yolo_x_cpu,322
13145,yolo_x_cpu,442
13146,yolo_x_cpu,290
13147,yolo_x_cpu,470
13148,yolo_x_cpu,403
13149,yolo_x_cpu,353
13150,yolo_x_cpu,489
13151,yolo_x_cpu,459
13152,yolo_x_cpu,476
13153,yolo_x_cpu,403
13154,yolo_x_cpu,411
13155,yolo_x_cpu,419
13156,yolo_x_cpu,413
13157,yolo_x_cpu,373
13158,yolo_x_cpu,470
13159,yolo_x_cpu,411
13160,yolo_x_cpu,482
13161,yolo_x_cpu,491
13162,yolo_x_cpu,371
13163,yolo_x_cpu,379
13164,yolo_x_cpu,372
13165,yolo_x_cpu,289
13166,yolo_x_cpu,285
13167,yolo_x_cpu,244
13168,yolo_x_cpu,223
13169,yolo_x_cpu,219
13170,yolo_x_cpu,292
13171,yolo_x_cpu,332
13172,yolo_x_cpu,251
13173,yolo_x_cpu,357
13174,yolo_x_cpu,343
13175,yolo_x_cpu,296
13176,yolo_x_cpu,274
13177,yolo_x_cpu,223
13178,yolo_x_cpu,263
13179,yolo_x_cpu,256
13180,yolo_x_cpu,253
13181,yolo_x_cpu,285
13182,yolo_x_cpu,322
13183,yolo_x_cpu,348
13184,yolo_x_cpu,349
13185,yolo_x_cpu,459
13186,yolo_x_cpu,467
13187,yolo_x_cpu,361
13188,yolo_x_cpu,331
13189,yolo_x_cpu,362
13190,yolo_x_cpu,337
13191,yolo_x_cpu,351
13192,yolo_x_cpu,406
13193,yolo_x_cpu,351
13194,yolo_x_cpu,268
13195,yolo_x_cpu,260
13196,yolo_x_cpu,230
13197,yolo_x_cpu,296
13198,yolo_x_cpu,281
13199,yolo_x_cpu,195
13200,yolo_x_cpu,254
13201,yolo_x_cpu,293
13202,yolo_x_cpu,242
13203,yolo_x_cpu,250
13204,yolo_x_cpu,402
13205,yolo_x_cpu,432
13206,yolo_x_cpu,344
13207,yolo_x_cpu,355
13208,yolo_x_cpu,398
13209,yolo_x_cpu,279
13210,yolo_x_cpu,231
13211,yolo_x_cpu,227
13212,yolo_x_cpu,224
13213,yolo_x_cpu,280
13214,yolo_x_cpu,266
13215,yolo_x_cpu,282
13216,yolo_x_cpu,280
13217,yolo_x_cpu,247
13218,yolo_x_cpu,230
13219,yolo_x_cpu,185
13220,yolo_x_cpu,240
13221,yolo_x_cpu,240
13222,yolo_x_cpu,250
13223,yolo_x_cpu,291
13224,yolo_x_cpu,317
13225,yolo_x_cpu,252
13226,yolo_x_cpu,261
13227,yolo_x_cpu,253
13228,yolo_x_cpu,254
13229,yolo_x_cpu,232
13230,yolo_x_cpu,369
13231,yolo_x_cpu,453
13232,yolo_x_cpu,384
13233,yolo_x_cpu,287
13234,yolo_x_cpu,328
13235,yolo_x_cpu,366
13236,yolo_x_cpu,280
13237,yolo_x_cpu,361
13238,yolo_x_cpu,318
13239,yolo_x_cpu,335
13240,yolo_x_cpu,278
13241,yolo_x_cpu,267
13242,yolo_x_cpu,361
13243,yolo_x_cpu,265
13244,yolo_x_cpu,261
13245,yolo_x_cpu,275
13246,yolo_x_cpu,356
13247,yolo_x_cpu,296
13248,yolo_x_cpu,338
13249,yolo_x_cpu,335
13250,yolo_x_cpu,302
13251,yolo_x_cpu,412
13252,yolo_x_cpu,460
13253,yolo_x_cpu,376
13254,yolo_x_cpu,557
13255,yolo_x_cpu,446
13256,yolo_x_cpu,387
13257,yolo_x_cpu,452
13258,yolo_x_cpu,281
13259,yolo_x_cpu,362
13260,yolo_x_cpu,374
13261,yolo_x_cpu,373
13262,yolo_x_cpu,441
13263,yolo_x_cpu,340
13264,yolo_x_cpu,378
13265,yolo_x_cpu,279
13266,yolo_x_cpu,294
13267,yolo_x_cpu,287
13268,yolo_x_cpu,243
13269,yolo_x_cpu,321
13270,yolo_x_cpu,409
13271,yolo_x_cpu,586
13272,yolo_x_cpu,604
13273,yolo_x_cpu,455
13274,yolo_x_cpu,438
13275,yolo_x_cpu,471
13276,yolo_x_cpu,422
13277,yolo_x_cpu,368
13278,yolo_x_cpu,409
13279,yolo_x_cpu,370
13280,yolo_x_cpu,427
13281,yolo_x_cpu,372
13282,yolo_x_cpu,388
13283,yolo_x_cpu,397
13284,yolo_x_cpu,346
13285,yolo_x_cpu,323
13286,yolo_x_cpu,399
13287,yolo_x_cpu,513
13288,yolo_x_cpu,512
13289,yolo_x_cpu,406
13290,yolo_x_cpu,405
13291,yolo_x_cpu,332
13292,yolo_x_cpu,273
13293,yolo_x_cpu,421
13294,yolo_x_cpu,568
13295,yolo_x_cpu,364
13296,yolo_x_cpu,346
13297,yolo_x_cpu,313
13298,yolo_x_cpu,327
13299,yolo_x_cpu,319
13300,yolo_x_cpu,271
13301,yolo_x_cpu,355
13302,yolo_x_cpu,307
13303,yolo_x_cpu,307
13304,yolo_x_cpu,484
13305,yolo_x_cpu,673
13306,yolo_x_cpu,525
13307,yolo_x_cpu,391
13308,yolo_x_cpu,362
13309,yolo_x_cpu,353
13310,yolo_x_cpu,279
13311,yolo_x_cpu,288
13312,yolo_x_cpu,302
13313,yolo_x_cpu,311
13314,yolo_x_cpu,293
13315,yolo_x_cpu,246
13316,yolo_x_cpu,335
13317,yolo_x_cpu,363
13318,yolo_x_cpu,357
13319,yolo_x_cpu,306
13320,yolo_x_cpu,346
13321,yolo_x_cpu,363
13322,yolo_x_cpu,319
13323,yolo_x_cpu,297
13324,yolo_x_cpu,286
13325,yolo_x_cpu,306
13326,yolo_x_cpu,251
13327,yolo_x_cpu,219
13328,yolo_x_cpu,233
13329,yolo_x_cpu,288
13330,yolo_x_cpu,255
13331,yolo_x_cpu,274
13332,yolo_x_cpu,257
13333,yolo_x_cpu,206
13334,yolo_x_cpu,278
13335,yolo_x_cpu,214
13336,yolo_x_cpu,296
13337,yolo_x_cpu,277
13338,yolo_x_cpu,398
13339,yolo_x_cpu,323
13340,yolo_x_cpu,382
13341,yolo_x_cpu,260
13342,yolo_x_cpu,261
13343,yolo_x_cpu,223
13344,yolo_x_cpu,193
13345,yolo_x_cpu,216
13346,yolo_x_cpu,199
13347,yolo_x_cpu,159
13348,yolo_x_cpu,185
13349,yolo_x_cpu,257
13350,yolo_x_cpu,249
13351,yolo_x_cpu,177
13352,yolo_x_cpu,275
13353,yolo_x_cpu,183
13354,yolo_x_cpu,219
13355,yolo_x_cpu,253
13356,yolo_x_cpu,221
13357,yolo_x_cpu,293
13358,yolo_x_cpu,281
13359,yolo_x_cpu,213
13360,yolo_x_cpu,325
13361,yolo_x_cpu,242
13362,yolo_x_cpu,250
13363,yolo_x_cpu,209
13364,yolo_x_cpu,346
13365,yolo_x_cpu,304
13366,yolo_x_cpu,215
13367,yolo_x_cpu,231
13368,yolo_x_cpu,264
13369,yolo_x_cpu,208
13370,yolo_x_cpu,222
13371,yolo_x_cpu,287
13372,yolo_x_cpu,329
13373,yolo_x_cpu,289
13374,yolo_x_cpu,235
13375,yolo_x_cpu,280
13376,yolo_x_cpu,429
13377,yolo_x_cpu,351
13378,yolo_x_cpu,354
13379,yolo_x_cpu,283
13380,yolo_x_cpu,329
13381,yolo_x_cpu,329
13382,yolo_x_cpu,398
13383,yolo_x_cpu,298
13384,yolo_x_cpu,272
13385,yolo_x_cpu,227
13386,yolo_x_cpu,243
13387,yolo_x_cpu,249
13388,yolo_x_cpu,253
13389,yolo_x_cpu,253
13390,yolo_x_cpu,244
13391,yolo_x_cpu,168
13392,yolo_x_cpu,188
13393,yolo_x_cpu,241
13394,yolo_x_cpu,278
13395,yolo_x_cpu,249
13396,yolo_x_cpu,270
13397,yolo_x_cpu,243
13398,yolo_x_cpu,293
13399,yolo_x_cpu,259
13400,yolo_x_cpu,241
13401,yolo_x_cpu,203
13402,yolo_x_cpu,235
13403,yolo_x_cpu,261
13404,yolo_x_cpu,211
13405,yolo_x_cpu,196
13406,yolo_x_cpu,286
13407,yolo_x_cpu,225
13408,yolo_x_cpu,199
13409,yolo_x_cpu,159
13410,yolo_x_cpu,208
13411,yolo_x_cpu,239
13412,yolo_x_cpu,202
13413,yolo_x_cpu,214
13414,yolo_x_cpu,189
13415,yolo_x_cpu,206
13416,yolo_x_cpu,285
13417,yolo_x_cpu,373
13418,yolo_x_cpu,280
13419,yolo_x_cpu,397
13420,yolo_x_cpu,419
13421,yolo_x_cpu,325
13422,yolo_x_cpu,388
13423,yolo_x_cpu,536
13424,yolo_x_cpu,347
13425,yolo_x_cpu,412
13426,yolo_x_cpu,299
13427,yolo_x_cpu,220
13428,yolo_x_cpu,253
13429,yolo_x_cpu,300
13430,yolo_x_cpu,308
13431,yolo_x_cpu,276
13432,yolo_x_cpu,444
13433,yolo_x_cpu,400
13434,yolo_x_cpu,470
13435,yolo_x_cpu,292
13436,yolo_x_cpu,383
13437,yolo_x_cpu,522
13438,yolo_x_cpu,340
13439,yolo_x_cpu,445
13440,yolo_x_cpu,331
13441,yolo_x_cpu,357
13442,yolo_x_cpu,461
13443,yolo_x_cpu,470
13444,yolo_x_cpu,430
13445,yolo_x_cpu,501
13446,yolo_x_cpu,491
13447,yolo_x_cpu,462
13448,yolo_x_cpu,429
13449,yolo_x_cpu,371
13450,yolo_x_cpu,490
13451,yolo_x_cpu,307
13452,yolo_x_cpu,231
13453,yolo_x_cpu,266
13454,yolo_x_cpu,227
13455,yolo_x_cpu,291
13456,yolo_x_cpu,239
13457,yolo_x_cpu,220
13458,yolo_x_cpu,283
13459,yolo_x_cpu,306
13460,yolo_x_cpu,264
13461,yolo_x_cpu,257
13462,yolo_x_cpu,320
13463,yolo_x_cpu,225
13464,yolo_x_cpu,212
13465,yolo_x_cpu,214
13466,yolo_x_cpu,264
13467,yolo_x_cpu,208
13468,yolo_x_cpu,268
13469,yolo_x_cpu,307
13470,yolo_x_cpu,321
13471,yolo_x_cpu,313
13472,yolo_x_cpu,256
13473,yolo_x_cpu,263
13474,yolo_x_cpu,444
13475,yolo_x_cpu,360
13476,yolo_x_cpu,335
13477,yolo_x_cpu,230
13478,yolo_x_cpu,233
13479,yolo_x_cpu,374
13480,yolo_x_cpu,337
13481,yolo_x_cpu,421
13482,yolo_x_cpu,377
13483,yolo_x_cpu,335
13484,yolo_x_cpu,221
13485,yolo_x_cpu,260
13486,yolo_x_cpu,325
13487,yolo_x_cpu,307
13488,yolo_x_cpu,327
13489,yolo_x_cpu,342
13490,yolo_x_cpu,283
13491,yolo_x_cpu,308
13492,yolo_x_cpu,253
13493,yolo_x_cpu,475
13494,yolo_x_cpu,383
13495,yolo_x_cpu,349
13496,yolo_x_cpu,323
13497,yolo_x_cpu,249
13498,yolo_x_cpu,257
13499,yolo_x_cpu,233
13500,yolo_x_cpu,452
13501,yolo_x_cpu,312
13502,yolo_x_cpu,314
13503,yolo_x_cpu,350
13504,yolo_x_cpu,347
13505,yolo_x_cpu,242
13506,yolo_x_cpu,245
13507,yolo_x_cpu,288
13508,yolo_x_cpu,310
13509,yolo_x_cpu,305
13510,yolo_x_cpu,227
13511,yolo_x_cpu,245
13512,yolo_x_cpu,223
13513,yolo_x_cpu,291
13514,yolo_x_cpu,421
13515,yolo_x_cpu,365
13516,yolo_x_cpu,357
13517,yolo_x_cpu,419
13518,yolo_x_cpu,389
13519,yolo_x_cpu,406
13520,yolo_x_cpu,402
13521,yolo_x_cpu,342
13522,yolo_x_cpu,447
13523,yolo_x_cpu,431
13524,yolo_x_cpu,366
13525,yolo_x_cpu,345
13526,yolo_x_cpu,371
13527,yolo_x_cpu,299
13528,yolo_x_cpu,345
13529,yolo_x_cpu,350
13530,yolo_x_cpu,299
13531,yolo_x_cpu,292
13532,yolo_x_cpu,275
13533,yolo_x_cpu,353
13534,yolo_x_cpu,297
13535,yolo_x_cpu,244
13536,yolo_x_cpu,266
13537,yolo_x_cpu,281
13538,yolo_x_cpu,343
13539,yolo_x_cpu,326
13540,yolo_x_cpu,319
13541,yolo_x_cpu,401
13542,yolo_x_cpu,377
13543,yolo_x_cpu,389
13544,yolo_x_cpu,292
13545,yolo_x_cpu,359
13546,yolo_x_cpu,385
13547,yolo_x_cpu,373
13548,yolo_x_cpu,360
13549,yolo_x_cpu,259
13550,yolo_x_cpu,333
13551,yolo_x_cpu,297
13552,yolo_x_cpu,322
13553,yolo_x_cpu,324
13554,yolo_x_cpu,336
13555,yolo_x_cpu,389
13556,yolo_x_cpu,284
13557,yolo_x_cpu,276
13558,yolo_x_cpu,368
13559,yolo_x_cpu,365
13560,yolo_x_cpu,300
13561,yolo_x_cpu,235
13562,yolo_x_cpu,230
13563,yolo_x_cpu,196
13564,yolo_x_cpu,356
13565,yolo_x_cpu,268
13566,yolo_x_cpu,326
13567,yolo_x_cpu,332
13568,yolo_x_cpu,343
13569,yolo_x_cpu,236
13570,yolo_x_cpu,384
13571,yolo_x_cpu,377
13572,yolo_x_cpu,361
13573,yolo_x_cpu,299
13574,yolo_x_cpu,359
13575,yolo_x_cpu,348
13576,yolo_x_cpu,366
13577,yolo_x_cpu,393
13578,yolo_x_cpu,350
13579,yolo_x_cpu,304
13580,yolo_x_cpu,351
13581,yolo_x_cpu,338
13582,yolo_x_cpu,391
13583,yolo_x_cpu,235
13584,yolo_x_cpu,281
13585,yolo_x_cpu,262
13586,yolo_x_cpu,300
13587,yolo_x_cpu,335
13588,yolo_x_cpu,374
13589,yolo_x_cpu,421
13590,yolo_x_cpu,330
13591,yolo_x_cpu,321
13592,yolo_x_cpu,333
13593,yolo_x_cpu,319
13594,yolo_x_cpu,378
13595,yolo_x_cpu,306
13596,yolo_x_cpu,329
13597,yolo_x_cpu,293
13598,yolo_x_cpu,391
13599,yolo_x_cpu,360
13600,yolo_x_cpu,326
13601,yolo_x_cpu,412
13602,yolo_x_cpu,363
13603,yolo_x_cpu,332
13604,yolo_x_cpu,341
13605,yolo_x_cpu,313
13606,yolo_x_cpu,412
13607,yolo_x_cpu,387
13608,yolo_x_cpu,358
13609,yolo_x_cpu,434
13610,yolo_x_cpu,457
13611,yolo_x_cpu,461
13612,yolo_x_cpu,404
13613,yolo_x_cpu,308
13614,yolo_x_cpu,443
13615,yolo_x_cpu,412
13616,yolo_x_cpu,455
13617,yolo_x_cpu,361
13618,yolo_x_cpu,384
13619,yolo_x_cpu,389
13620,yolo_x_cpu,387
13621,yolo_x_cpu,439
13622,yolo_x_cpu,365
13623,yolo_x_cpu,388
13624,yolo_x_cpu,404
13625,yolo_x_cpu,404
13626,yolo_x_cpu,466
13627,yolo_x_cpu,425
13628,yolo_x_cpu,530
13629,yolo_x_cpu,585
13630,yolo_x_cpu,447
13631,yolo_x_cpu,503
13632,yolo_x_cpu,491
13633,yolo_x_cpu,521
13634,yolo_x_cpu,492
13635,yolo_x_cpu,629
13636,yolo_x_cpu,476
13637,yolo_x_cpu,392
13638,yolo_x_cpu,408
13639,yolo_x_cpu,383
13640,yolo_x_cpu,450
13641,yolo_x_cpu,518
13642,yolo_x_cpu,344
13643,yolo_x_cpu,411
13644,yolo_x_cpu,399
13645,yolo_x_cpu,482
13646,yolo_x_cpu,401
13647,yolo_x_cpu,554
13648,yolo_x_cpu,523
13649,yolo_x_cpu,527
13650,yolo_x_cpu,573
13651,yolo_x_cpu,348
13652,yolo_x_cpu,534
13653,yolo_x_cpu,505
13654,yolo_x_cpu,445
13655,yolo_x_cpu,471
13656,yolo_x_cpu,472
13657,yolo_x_cpu,454
13658,yolo_x_cpu,405
13659,yolo_x_cpu,380
13660,yolo_x_cpu,453
13661,yolo_x_cpu,411
13662,yolo_x_cpu,569
13663,yolo_x_cpu,474
13664,yolo_x_cpu,388
13665,yolo_x_cpu,510
13666,yolo_x_cpu,396
13667,yolo_x_cpu,444
13668,yolo_x_cpu,425
13669,yolo_x_cpu,407
13670,yolo_x_cpu,501
13671,yolo_x_cpu,447
13672,yolo_x_cpu,485
13673,yolo_x_cpu,461
13674,yolo_x_cpu,545
13675,yolo_x_cpu,642
13676,yolo_x_cpu,550
13677,yolo_x_cpu,503
13678,yolo_x_cpu,527
13679,yolo_x_cpu,574
13680,yolo_x_cpu,724
13681,yolo_x_cpu,609
13682,yolo_x_cpu,622
13683,yolo_x_cpu,580
13684,yolo_x_cpu,520
13685,yolo_x_cpu,595
13686,yolo_x_cpu,643
13687,yolo_x_cpu,516
13688,yolo_x_cpu,545
13689,yolo_x_cpu,559
13690,yolo_x_cpu,494
13691,yolo_x_cpu,570
13692,yolo_x_cpu,527
13693,yolo_x_cpu,474
13694,yolo_x_cpu,556
13695,yolo_x_cpu,663
13696,yolo_x_cpu,562
13697,yolo_x_cpu,529
13698,yolo_x_cpu,601
13699,yolo_x_cpu,503
13700,yolo_x_cpu,522
13701,yolo_x_cpu,567
13702,yolo_x_cpu,483
13703,yolo_x_cpu,451
13704,yolo_x_cpu,558
13705,yolo_x_cpu,669
13706,yolo_x_cpu,608
13707,yolo_x_cpu,558
13708,yolo_x_cpu,584
13709,yolo_x_cpu,592
13710,yolo_x_cpu,654
13711,yolo_x_cpu,831
13712,yolo_x_cpu,550
13713,yolo_x_cpu,625
13714,yolo_x_cpu,499
13715,yolo_x_cpu,615
13716,yolo_x_cpu,552
13717,yolo_x_cpu,644
13718,yolo_x_cpu,708
13719,yolo_x_cpu,646
13720,yolo_x_cpu,688
13721,yolo_x_cpu,678
13722,yolo_x_cpu,710
13723,yolo_x_cpu,763
13724,yolo_x_cpu,687
13725,yolo_x_cpu,782
13726,yolo_x_cpu,901
13727,yolo_x_cpu,710
13728,yolo_x_cpu,669
13729,yolo_x_cpu,783
13730,yolo_x_cpu,704
13731,yolo_x_cpu,568
13732,yolo_x_cpu,505
13733,yolo_x_cpu,589
13734,yolo_x_cpu,571
13735,yolo_x_cpu,601
13736,yolo_x_cpu,555
13737,yolo_x_cpu,670
13738,yolo_x_cpu,736
13739,yolo_x_cpu,632
13740,yolo_x_cpu,736
13741,yolo_x_cpu,824
13742,yolo_x_cpu,846
13743,yolo_x_cpu,800
13744,yolo_x_cpu,784
13745,yolo_x_cpu,639
13746,yolo_x_cpu,695
13747,yolo_x_cpu,885
13748,yolo_x_cpu,769
13749,yolo_x_cpu,683
13750,yolo_x_cpu,801
13751,yolo_x_cpu,788
13752,yolo_x_cpu,738
13753,yolo_x_cpu,680
13754,yolo_x_cpu,676
13755,yolo_x_cpu,778
13756,yolo_x_cpu,685
13757,yolo_x_cpu,591
13758,yolo_x_cpu,660
13759,yolo_x_cpu,529
13760,yolo_x_cpu,524
13761,yolo_x_cpu,544
13762,yolo_x_cpu,555
13763,yolo_x_cpu,666
13764,yolo_x_cpu,663
13765,yolo_x_cpu,669
13766,yolo_x_cpu,589
13767,yolo_x_cpu,619
13768,yolo_x_cpu,631
13769,yolo_x_cpu,583
13770,yolo_x_cpu,582
13771,yolo_x_cpu,703
13772,yolo_x_cpu,737
13773,yolo_x_cpu,609
13774,yolo_x_cpu,630
13775,yolo_x_cpu,530
13776,yolo_x_cpu,596
13777,yolo_x_cpu,736
13778,yolo_x_cpu,517
13779,yolo_x_cpu,609
13780,yolo_x_cpu,613
13781,yolo_x_cpu,486
13782,yolo_x_cpu,568
13783,yolo_x_cpu,588
13784,yolo_x_cpu,611
13785,yolo_x_cpu,570
13786,yolo_x_cpu,557
13787,yolo_x_cpu,593
13788,yolo_x_cpu,641
13789,yolo_x_cpu,625
13790,yolo_x_cpu,571
13791,yolo_x_cpu,620
13792,yolo_x_cpu,572
13793,yolo_x_cpu,742
13794,yolo_x_cpu,563
13795,yolo_x_cpu,520
13796,yolo_x_cpu,451
13797,yolo_x_cpu,464
13798,yolo_x_cpu,430
13799,yolo_x_cpu,471
13800,yolo_x_cpu,677
13801,yolo_x_cpu,484
13802,yolo_x_cpu,483
13803,yolo_x_cpu,407
13804,yolo_x_cpu,415
13805,yolo_x_cpu,364
13806,yolo_x_cpu,371
13807,yolo_x_cpu,405
13808,yolo_x_cpu,458
13809,yolo_x_cpu,363
13810,yolo_x_cpu,367
13811,yolo_x_cpu,384
13812,yolo_x_cpu,407
13813,yolo_x_cpu,321
13814,yolo_x_cpu,303
13815,yolo_x_cpu,362
13816,yolo_x_cpu,359
13817,yolo_x_cpu,370
13818,yolo_x_cpu,355
13819,yolo_x_cpu,358
13820,yolo_x_cpu,371
13821,yolo_x_cpu,434
13822,yolo_x_cpu,414
13823,yolo_x_cpu,334
13824,yolo_x_cpu,311
13825,yolo_x_cpu,311
13826,yolo_x_cpu,359
13827,yolo_x_cpu,423
13828,yolo_x_cpu,370
13829,yolo_x_cpu,333
13830,yolo_x_cpu,410
13831,yolo_x_cpu,277
13832,yolo_x_cpu,357
13833,yolo_x_cpu,380
13834,yolo_x_cpu,569
13835,yolo_x_cpu,386
13836,yolo_x_cpu,325
13837,yolo_x_cpu,405
13838,yolo_x_cpu,490
13839,yolo_x_cpu,379
13840,yolo_x_cpu,325
13841,yolo_x_cpu,349
13842,yolo_x_cpu,416
13843,yolo_x_cpu,385
13844,yolo_x_cpu,483
13845,yolo_x_cpu,349
13846,yolo_x_cpu,385
13847,yolo_x_cpu,259
13848,yolo_x_cpu,242
13849,yolo_x_cpu,296
13850,yolo_x_cpu,504
13851,yolo_x_cpu,308
13852,yolo_x_cpu,341
13853,yolo_x_cpu,373
13854,yolo_x_cpu,216
13855,yolo_x_cpu,280
13856,yolo_x_cpu,323
13857,yolo_x_cpu,279
13858,yolo_x_cpu,256
13859,yolo_x_cpu,271
13860,yolo_x_cpu,333
13861,yolo_x_cpu,242
13862,yolo_x_cpu,211
13863,yolo_x_cpu,227
13864,yolo_x_cpu,221
13865,yolo_x_cpu,204
13866,yolo_x_cpu,172
13867,yolo_x_cpu,244
13868,yolo_x_cpu,221
13869,yolo_x_cpu,201
13870,yolo_x_cpu,262
13871,yolo_x_cpu,267
13872,yolo_x_cpu,256
13873,yolo_x_cpu,274
13874,yolo_x_cpu,240
13875,yolo_x_cpu,201
13876,yolo_x_cpu,161
13877,yolo_x_cpu,205
13878,yolo_x_cpu,193
13879,yolo_x_cpu,217
13880,yolo_x_cpu,136
13881,yolo_x_cpu,166
13882,yolo_x_cpu,231
13883,yolo_x_cpu,149
13884,yolo_x_cpu,214
13885,yolo_x_cpu,182
13886,yolo_x_cpu,182
13887,yolo_x_cpu,212
13888,yolo_x_cpu,206
13889,yolo_x_cpu,245
13890,yolo_x_cpu,175
13891,yolo_x_cpu,204
13892,yolo_x_cpu,225
13893,yolo_x_cpu,264
13894,yolo_x_cpu,231
13895,yolo_x_cpu,173
13896,yolo_x_cpu,171
13897,yolo_x_cpu,184
13898,yolo_x_cpu,199
13899,yolo_x_cpu,187
13900,yolo_x_cpu,211
13901,yolo_x_cpu,142
13902,yolo_x_cpu,165
13903,yolo_x_cpu,164
13904,yolo_x_cpu,226
13905,yolo_x_cpu,207
13906,yolo_x_cpu,168
13907,yolo_x_cpu,142
13908,yolo_x_cpu,134
13909,yolo_x_cpu,115
13910,yolo_x_cpu,110
13911,yolo_x_cpu,127
13912,yolo_x_cpu,101
13913,yolo_x_cpu,129
13914,yolo_x_cpu,119
13915,yolo_x_cpu,99
13916,yolo_x_cpu,94
13917,yolo_x_cpu,153
13918,yolo_x_cpu,154
13919,yolo_x_cpu,147
13920,yolo_x_cpu,107
13921,yolo_x_cpu,85
13922,yolo_x_cpu,73
13923,yolo_x_cpu,95
13924,yolo_x_cpu,122
13925,yolo_x_cpu,92
13926,yolo_x_cpu,87
13927,yolo_x_cpu,64
13928,yolo_x_cpu,98
13929,yolo_x_cpu,84
13930,yolo_x_cpu,48
13931,yolo_x_cpu,74
13932,yolo_x_cpu,72
13933,yolo_x_cpu,60
13934,yolo_x_cpu,80
13935,yolo_x_cpu,81
13936,yolo_x_cpu,82
13937,yolo_x_cpu,83
13938,yolo_x_cpu,94
13939,yolo_x_cpu,112
13940,yolo_x_cpu,116
13941,yolo_x_cpu,73
13942,yolo_x_cpu,102
13943,yolo_x_cpu,107
13944,yolo_x_cpu,82
13945,yolo_x_cpu,90
13946,yolo_x_cpu,74
13947,yolo_x_cpu,61
13948,yolo_x_cpu,102
13949,yolo_x_cpu,83
13950,yolo_x_cpu,95
13951,yolo_x_cpu,157
13952,yolo_x_cpu,77
13953,yolo_x_cpu,90
13954,yolo_x_cpu,68
13955,yolo_x_cpu,78
13956,yolo_x_cpu,51
13957,yolo_x_cpu,54
13958,yolo_x_cpu,98
13959,yolo_x_cpu,72
13960,yolo_x_cpu,38
13961,yolo_x_cpu,66
13962,yolo_x_cpu,89
13963,yolo_x_cpu,28
13964,yolo_x_cpu,31
13965,yolo_x_cpu,58
13966,yolo_x_cpu,35
13967,yolo_x_cpu,58
13968,yolo_x_cpu,51
13969,yolo_x_cpu,58
13970,yolo_x_cpu,37
13971,yolo_x_cpu,63
13972,yolo_x_cpu,44
13973,yolo_x_cpu,44
13974,yolo_x_cpu,31
13975,yolo_x_cpu,30
13976,yolo_x_cpu,31
13977,yolo_x_cpu,18
13978,yolo_x_cpu,30
13979,yolo_x_cpu,35
13980,yolo_x_cpu,38
13981,yolo_x_cpu,49
13982,yolo_x_cpu,154
13983,yolo_x_cpu,139
13984,yolo_x_cpu,64
13985,yolo_x_cpu,51
13986,yolo_x_cpu,34
13987,yolo_x_cpu,32
13988,yolo_x_cpu,64
13989,yolo_x_cpu,52
13990,yolo_x_cpu,45
13991,yolo_x_cpu,31
13992,yolo_x_cpu,27
13993,yolo_x_cpu,24
13994,yolo_x_cpu,53
13995,yolo_x_cpu,71
13996,yolo_x_cpu,121
13997,yolo_x_cpu,73
13998,yolo_x_cpu,100
13999,yolo_x_cpu,150
14000,yolo_x_cpu,106
14001,yolo_x_cpu,97
14002,yolo_x_cpu,99
14003,yolo_x_cpu,62
14004,yolo_x_cpu,38
14005,yolo_x_cpu,35
14006,yolo_x_cpu,23
14007,yolo_x_cpu,30
14008,yolo_x_cpu,57
14009,yolo_x_cpu,31
14010,yolo_x_cpu,34
14011,yolo_x_cpu,60
14012,yolo_x_cpu,46
14013,yolo_x_cpu,25
14014,yolo_x_cpu,31
14015,yolo_x_cpu,21
14016,yolo_x_cpu,42
14017,yolo_x_cpu,19
14018,yolo_x_cpu,26
14019,yolo_x_cpu,37
14020,yolo_x_cpu,10
14021,yolo_x_cpu,16
14022,yolo_x_cpu,13
14023,yolo_x_cpu,40
14024,yolo_x_cpu,115
14025,yolo_x_cpu,145
14026,yolo_x_cpu,28
14027,yolo_x_cpu,18
14028,yolo_x_cpu,23
14029,yolo_x_cpu,20
14030,yolo_x_cpu,34
14031,yolo_x_cpu,35
14032,yolo_x_cpu,20
14033,yolo_x_cpu,17
14034,yolo_x_cpu,36
14035,yolo_x_cpu,112
14036,yolo_x_cpu,55
14037,yolo_x_cpu,56
14038,yolo_x_cpu,41
14039,yolo_x_cpu,46
14040,yolo_x_cpu,32
14041,yolo_x_cpu,19
14042,yolo_x_cpu,18
14043,yolo_x_cpu,7
14044,yolo_x_cpu,21
14045,yolo_x_cpu,11
14046,yolo_x_cpu,16
14047,yolo_x_cpu,16
14048,yolo_x_cpu,16
14049,yolo_x_cpu,11
14050,yolo_x_cpu,28
14051,yolo_x_cpu,8
14052,yolo_x_cpu,17
14053,yolo_x_cpu,23
14054,yolo_x_cpu,53
14055,yolo_x_cpu,46
14056,yolo_x_cpu,55
14057,yolo_x_cpu,22
14058,yolo_x_cpu,23
14059,yolo_x_cpu,31
14060,yolo_x_cpu,12
14061,yolo_x_cpu,18
14062,yolo_x_cpu,21
14063,yolo_x_cpu,38
14064,yolo_x_cpu,17
14065,yolo_x_cpu,17
14066,yolo_x_cpu,9
14067,yolo_x_cpu,20
14068,yolo_x_cpu,13
14069,yolo_x_cpu,4
14070,yolo_x_cpu,20
14071,yolo_x_cpu,22
14072,yolo_x_cpu,7
14073,yolo_x_cpu,14
14074,yolo_x_cpu,17
14075,yolo_x_cpu,11
14076,yolo_x_cpu,13
14077,yolo_x_cpu,7
14078,yolo_x_cpu,6
14079,yolo_x_cpu,33
14080,yolo_x_cpu,19
14081,yolo_x_cpu,13
14082,yolo_x_cpu,27
14083,yolo_x_cpu,8
14084,yolo_x_cpu,22
14085,yolo_x_cpu,30
14086,yolo_x_cpu,26
14087,yolo_x_cpu,31
14088,yolo_x_cpu,26
14089,yolo_x_cpu,14
14090,yolo_x_cpu,9
14091,yolo_x_cpu,17
14092,yolo_x_cpu,23
14093,yolo_x_cpu,30
14094,yolo_x_cpu,10
14095,yolo_x_cpu,19
14096,yolo_x_cpu,5
14097,yolo_x_cpu,12
14098,yolo_x_cpu,10
14099,yolo_x_cpu,37
14100,yolo_x_cpu,23
14101,yolo_x_cpu,15
14102,yolo_x_cpu,6
14103,yolo_x_cpu,10
14104,yolo_x_cpu,4
14105,yolo_x_cpu,3
14106,yolo_x_cpu,5
14107,yolo_x_cpu,8
14108,yolo_x_cpu,5
14109,yolo_x_cpu,4
14110,yolo_x_cpu,3
14111,yolo_x_cpu,12
14112,yolo_x_cpu,6
14113,yolo_x_cpu,8
14114,yolo_x_cpu,8
14115,yolo_x_cpu,6
14116,yolo_x_cpu,7
14117,yolo_x_cpu,16
14118,yolo_x_cpu,26
14119,yolo_x_cpu,40
14120,yolo_x_cpu,7
14121,yolo_x_cpu,6
14122,yolo_x_cpu,17
14123,yolo_x_cpu,7
14124,yolo_x_cpu,6
14125,yolo_x_cpu,8
14126,yolo_x_cpu,60
14127,yolo_x_cpu,30
14128,yolo_x_cpu,6
14129,yolo_x_cpu,13
14130,yolo_x_cpu,10
14131,yolo_x_cpu,5
14132,yolo_x_cpu,4
14133,yolo_x_cpu,4
14134,yolo_x_cpu,4
14135,yolo_x_cpu,3
14136,yolo_x_cpu,21
14137,yolo_x_cpu,33
14138,yolo_x_cpu,37
14139,yolo_x_cpu,21
14140,yolo_x_cpu,16
14141,yolo_x_cpu,5
14142,yolo_x_cpu,3
14143,yolo_x_cpu,6
14144,yolo_x_cpu,19
14145,yolo_x_cpu,8
14146,yolo_x_cpu,15
14147,yolo_x_cpu,17
14148,yolo_x_cpu,40
14149,yolo_x_cpu,57
14150,yolo_x_cpu,62
14151,yolo_x_cpu,10
14152,yolo_x_cpu,29
14153,yolo_x_cpu,13
14154,yolo_x_cpu,10
14155,yolo_x_cpu,5
14156,yolo_x_cpu,9
14157,yolo_x_cpu,16
14158,yolo_x_cpu,7
14159,yolo_x_cpu,13
14160,yolo_x_cpu,12
14161,yolo_x_cpu,13
14162,yolo_x_cpu,6
14163,yolo_x_cpu,4
14164,yolo_x_cpu,3
14165,yolo_x_cpu,7
14166,yolo_x_cpu,4
14167,yolo_x_cpu,1
14168,yolo_x_cpu,7
14169,yolo_x_cpu,11
14170,yolo_x_cpu,21
14171,yolo_x_cpu,19
14172,yolo_x_cpu,40
14173,yolo_x_cpu,52
14174,yolo_x_cpu,50
14175,yolo_x_cpu,18
14176,yolo_x_cpu,4
14177,yolo_x_cpu,3
14178,yolo_x_cpu,28
14179,yolo_x_cpu,2
14180,yolo_x_cpu,4
14181,yolo_x_cpu,4
14182,yolo_x_cpu,4
14183,yolo_x_cpu,18
14184,yolo_x_cpu,5
14185,yolo_x_cpu,4
14186,yolo_x_cpu,5
14187,yolo_x_cpu,9
14188,yolo_x_cpu,9
14189,yolo_x_cpu,3
14190,yolo_x_cpu,7
14191,yolo_x_cpu,8
14192,yolo_x_cpu,9
14193,yolo_x_cpu,21
14194,yolo_x_cpu,44
14195,yolo_x_cpu,14
14196,yolo_x_cpu,6
14197,yolo_x_cpu,7
14198,yolo_x_cpu,4
14199,yolo_x_cpu,28
14200,yolo_x_cpu,20
14201,yolo_x_cpu,5
14202,yolo_x_cpu,1
14203,yolo_x_cpu,7
14204,yolo_x_cpu,14
14205,yolo_x_cpu,7
14206,yolo_x_cpu,4
14207,yolo_x_cpu,10
14208,yolo_x_cpu,20
14209,yolo_x_cpu,32
14210,yolo_x_cpu,44
14211,yolo_x_cpu,15
14212,yolo_x_cpu,5
14213,yolo_x_cpu,21
14214,yolo_x_cpu,31
14215,yolo_x_cpu,7
14216,yolo_x_cpu,19
14217,yolo_x_cpu,3
14218,yolo_x_cpu,36
14219,yolo_x_cpu,8
14220,yolo_x_cpu,8
14221,yolo_x_cpu,6
14222,yolo_x_cpu,0
14223,yolo_x_cpu,4
14224,yolo_x_cpu,36
14225,yolo_x_cpu,1
14226,yolo_x_cpu,6
14227,yolo_x_cpu,7
14228,yolo_x_cpu,10
14229,yolo_x_cpu,10
14230,yolo_x_cpu,18
14231,yolo_x_cpu,16
14232,yolo_x_cpu,26
14233,yolo_x_cpu,24
14234,yolo_x_cpu,28
14235,yolo_x_cpu,25
14236,yolo_x_cpu,36
14237,yolo_x_cpu,8
14238,yolo_x_cpu,11
14239,yolo_x_cpu,9
14240,yolo_x_cpu,17
14241,yolo_x_cpu,8
14242,yolo_x_cpu,6
14243,yolo_x_cpu,13
14244,yolo_x_cpu,14
14245,yolo_x_cpu,14
14246,yolo_x_cpu,36
14247,yolo_x_cpu,20
14248,yolo_x_cpu,15
14249,yolo_x_cpu,16
14250,yolo_x_cpu,13
14251,yolo_x_cpu,11
14252,yolo_x_cpu,40
14253,yolo_x_cpu,30
14254,yolo_x_cpu,25
14255,yolo_x_cpu,21
14256,yolo_x_cpu,42
14257,yolo_x_cpu,60
14258,yolo_x_cpu,39
14259,yolo_x_cpu,58
14260,yolo_x_cpu,17
14261,yolo_x_cpu,16
14262,yolo_x_cpu,22
14263,yolo_x_cpu,42
14264,yolo_x_cpu,22
14265,yolo_x_cpu,19
14266,yolo_x_cpu,16
14267,yolo_x_cpu,7
14268,yolo_x_cpu,29
14269,yolo_x_cpu,27
14270,yolo_x_cpu,25
14271,yolo_x_cpu,48
14272,yolo_x_cpu,33
14273,yolo_x_cpu,8
14274,yolo_x_cpu,22
14275,yolo_x_cpu,22
14276,yolo_x_cpu,24
14277,yolo_x_cpu,28
14278,yolo_x_cpu,66
14279,yolo_x_cpu,82
14280,yolo_x_cpu,51
14281,yolo_x_cpu,82
14282,yolo_x_cpu,27
14283,yolo_x_cpu,41
14284,yolo_x_cpu,47
14285,yolo_x_cpu,23
14286,yolo_x_cpu,45
14287,yolo_x_cpu,61
14288,yolo_x_cpu,89
14289,yolo_x_cpu,81
14290,yolo_x_cpu,61
14291,yolo_x_cpu,21
14292,yolo_x_cpu,51
14293,yolo_x_cpu,67
14294,yolo_x_cpu,59
14295,yolo_x_cpu,39
14296,yolo_x_cpu,60
14297,yolo_x_cpu,69
14298,yolo_x_cpu,85
14299,yolo_x_cpu,88
14300,yolo_x_cpu,90
14301,yolo_x_cpu,70
14302,yolo_x_cpu,32
14303,yolo_x_cpu,64
14304,yolo_x_cpu,98
14305,yolo_x_cpu,63
14306,yolo_x_cpu,75
14307,yolo_x_cpu,49
14308,yolo_x_cpu,116
14309,yolo_x_cpu,183
14310,yolo_x_cpu,90
14311,yolo_x_cpu,86
14312,yolo_x_cpu,82
14313,yolo_x_cpu,68
14314,yolo_x_cpu,67
14315,yolo_x_cpu,71
14316,yolo_x_cpu,103
14317,yolo_x_cpu,76
14318,yolo_x_cpu,59
14319,yolo_x_cpu,66
14320,yolo_x_cpu,115
14321,yolo_x_cpu,139
14322,yolo_x_cpu,131
14323,yolo_x_cpu,174
14324,yolo_x_cpu,152
14325,yolo_x_cpu,145
14326,yolo_x_cpu,123
14327,yolo_x_cpu,95
14328,yolo_x_cpu,89
14329,yolo_x_cpu,111
14330,yolo_x_cpu,139
14331,yolo_x_cpu,117
14332,yolo_x_cpu,77
14333,yolo_x_cpu,98
14334,yolo_x_cpu,58
14335,yolo_x_cpu,90
14336,yolo_x_cpu,86
14337,yolo_x_cpu,118
14338,yolo_x_cpu,105
14339,yolo_x_cpu,271
14340,yolo_x_cpu,161
14341,yolo_x_cpu,193
14342,yolo_x_cpu,145
14343,yolo_x_cpu,136
14344,yolo_x_cpu,120
14345,yolo_x_cpu,228
14346,yolo_x_cpu,212
14347,yolo_x_cpu,140
14348,yolo_x_cpu,92
14349,yolo_x_cpu,159
14350,yolo_x_cpu,134
14351,yolo_x_cpu,162
14352,yolo_x_cpu,177
14353,yolo_x_cpu,135
14354,yolo_x_cpu,164
14355,yolo_x_cpu,162
14356,yolo_x_cpu,140
14357,yolo_x_cpu,214
14358,yolo_x_cpu,140
14359,yolo_x_cpu,206
14360,yolo_x_cpu,214
14361,yolo_x_cpu,144
14362,yolo_x_cpu,138
14363,yolo_x_cpu,170
14364,yolo_x_cpu,180
14365,yolo_x_cpu,201
14366,yolo_x_cpu,205
14367,yolo_x_cpu,259
14368,yolo_x_cpu,202
14369,yolo_x_cpu,196
14370,yolo_x_cpu,192
14371,yolo_x_cpu,179
14372,yolo_x_cpu,245
14373,yolo_x_cpu,250
14374,yolo_x_cpu,232
14375,yolo_x_cpu,180
14376,yolo_x_cpu,231
14377,yolo_x_cpu,257
14378,yolo_x_cpu,238
14379,yolo_x_cpu,262
14380,yolo_x_cpu,475
14381,yolo_x_cpu,589
14382,yolo_x_cpu,722
14383,yolo_x_cpu,738
14384,yolo_x_cpu,543
14385,yolo_x_cpu,408
14386,yolo_x_cpu,338
14387,yolo_x_cpu,336
14388,yolo_x_cpu,283
14389,yolo_x_cpu,284
14390,yolo_x_cpu,291
14391,yolo_x_cpu,250
14392,yolo_x_cpu,320
14393,yolo_x_cpu,253
14394,yolo_x_cpu,275
14395,yolo_x_cpu,288
14396,yolo_x_cpu,348
14397,yolo_x_cpu,365
14398,yolo_x_cpu,331
14399,yolo_x_cpu,430
14400,yolo_x_cpu,423
14401,yolo_x_cpu,374
14402,yolo_x_cpu,421
14403,yolo_x_cpu,403
14404,yolo_x_cpu,505
14405,yolo_x_cpu,380
14406,yolo_x_cpu,346
14407,yolo_x_cpu,394
14408,yolo_x_cpu,356
14409,yolo_x_cpu,359
14410,yolo_x_cpu,445
14411,yolo_x_cpu,384
14412,yolo_x_cpu,429
14413,yolo_x_cpu,414
14414,yolo_x_cpu,374
14415,yolo_x_cpu,450
14416,yolo_x_cpu,416
14417,yolo_x_cpu,689
14418,yolo_x_cpu,491
14419,yolo_x_cpu,565
14420,yolo_x_cpu,599
14421,yolo_x_cpu,467
14422,yolo_x_cpu,443
14423,yolo_x_cpu,540
14424,yolo_x_cpu,409
14425,yolo_x_cpu,479
14426,yolo_x_cpu,519
14427,yolo_x_cpu,565
14428,yolo_x_cpu,535
14429,yolo_x_cpu,475
14430,yolo_x_cpu,469
14431,yolo_x_cpu,491
14432,yolo_x_cpu,515
14433,yolo_x_cpu,540
14434,yolo_x_cpu,507
14435,yolo_x_cpu,385
14436,yolo_x_cpu,565
14437,yolo_x_cpu,459
14438,yolo_x_cpu,570
14439,yolo_x_cpu,570
14440,yolo_x_cpu,529
14441,yolo_x_cpu,573
14442,yolo_x_cpu,497
14443,yolo_x_cpu,482
14444,yolo_x_cpu,593
14445,yolo_x_cpu,502
14446,yolo_x_cpu,518
14447,yolo_x_cpu,571
14448,yolo_x_cpu,541
14449,yolo_x_cpu,488
14450,yolo_x_cpu,568
14451,yolo_x_cpu,621
14452,yolo_x_cpu,601
14453,yolo_x_cpu,558
14454,yolo_x_cpu,531
14455,yolo_x_cpu,482
14456,yolo_x_cpu,405
14457,yolo_x_cpu,442
14458,yolo_x_cpu,516
14459,yolo_x_cpu,740
14460,yolo_x_cpu,461
14461,yolo_x_cpu,586
14462,yolo_x_cpu,424
14463,yolo_x_cpu,530
14464,yolo_x_cpu,577
14465,yolo_x_cpu,631
14466,yolo_x_cpu,587
14467,yolo_x_cpu,541
14468,yolo_x_cpu,469
14469,yolo_x_cpu,535
14470,yolo_x_cpu,425
14471,yolo_x_cpu,576
14472,yolo_x_cpu,491
14473,yolo_x_cpu,477
14474,yolo_x_cpu,623
14475,yolo_x_cpu,635
14476,yolo_x_cpu,573
14477,yolo_x_cpu,562
14478,yolo_x_cpu,546
14479,yolo_x_cpu,672
14480,yolo_x_cpu,819
14481,yolo_x_cpu,671
14482,yolo_x_cpu,605
14483,yolo_x_cpu,550
14484,yolo_x_cpu,680
14485,yolo_x_cpu,489
14486,yolo_x_cpu,392
14487,yolo_x_cpu,427
14488,yolo_x_cpu,553
14489,yolo_x_cpu,513
14490,yolo_x_cpu,506
14491,yolo_x_cpu,601
14492,yolo_x_cpu,535
14493,yolo_x_cpu,571
14494,yolo_x_cpu,492
14495,yolo_x_cpu,533
14496,yolo_x_cpu,520
14497,yolo_x_cpu,468
14498,yolo_x_cpu,501
14499,yolo_x_cpu,630
14500,yolo_x_cpu,635
14501,yolo_x_cpu,525
14502,yolo_x_cpu,559
14503,yolo_x_cpu,669
14504,yolo_x_cpu,692
14505,yolo_x_cpu,544
14506,yolo_x_cpu,505
14507,yolo_x_cpu,557
14508,yolo_x_cpu,508
14509,yolo_x_cpu,462
14510,yolo_x_cpu,453
14511,yolo_x_cpu,773
14512,yolo_x_cpu,555
14513,yolo_x_cpu,567
14514,yolo_x_cpu,597
14515,yolo_x_cpu,460
14516,yolo_x_cpu,433
14517,yolo_x_cpu,553
14518,yolo_x_cpu,596
14519,yolo_x_cpu,666
14520,yolo_x_cpu,576
14521,yolo_x_cpu,586
14522,yolo_x_cpu,695
14523,yolo_x_cpu,630
14524,yolo_x_cpu,498
14525,yolo_x_cpu,524
14526,yolo_x_cpu,561
14527,yolo_x_cpu,548
14528,yolo_x_cpu,543
14529,yolo_x_cpu,534
14530,yolo_x_cpu,671
14531,yolo_x_cpu,542
14532,yolo_x_cpu,538
14533,yolo_x_cpu,449
14534,yolo_x_cpu,585
14535,yolo_x_cpu,591
14536,yolo_x_cpu,590
14537,yolo_x_cpu,571
14538,yolo_x_cpu,698
14539,yolo_x_cpu,808
14540,yolo_x_cpu,752
14541,yolo_x_cpu,578
14542,yolo_x_cpu,631
14543,yolo_x_cpu,658
14544,yolo_x_cpu,667
14545,yolo_x_cpu,715
14546,yolo_x_cpu,625
14547,yolo_x_cpu,788
14548,yolo_x_cpu,634
14549,yolo_x_cpu,566
14550,yolo_x_cpu,710
14551,yolo_x_cpu,595
14552,yolo_x_cpu,565
14553,yolo_x_cpu,582
14554,yolo_x_cpu,690
14555,yolo_x_cpu,643
14556,yolo_x_cpu,600
14557,yolo_x_cpu,617
14558,yolo_x_cpu,629
14559,yolo_x_cpu,630
14560,yolo_x_cpu,555
14561,yolo_x_cpu,692
14562,yolo_x_cpu,535
14563,yolo_x_cpu,588
14564,yolo_x_cpu,601
14565,yolo_x_cpu,718
14566,yolo_x_cpu,575
14567,yolo_x_cpu,585
14568,yolo_x_cpu,595
14569,yolo_x_cpu,794
14570,yolo_x_cpu,640
14571,yolo_x_cpu,712
14572,yolo_x_cpu,788
14573,yolo_x_cpu,607
14574,yolo_x_cpu,544
14575,yolo_x_cpu,607
14576,yolo_x_cpu,564
14577,yolo_x_cpu,597
14578,yolo_x_cpu,635
14579,yolo_x_cpu,750
14580,yolo_x_cpu,588
14581,yolo_x_cpu,628
14582,yolo_x_cpu,784
14583,yolo_x_cpu,679
14584,yolo_x_cpu,612
14585,yolo_x_cpu,637
14586,yolo_x_cpu,519
14587,yolo_x_cpu,608
14588,yolo_x_cpu,562
14589,yolo_x_cpu,566
14590,yolo_x_cpu,583
14591,yolo_x_cpu,557
14592,yolo_x_cpu,597
14593,yolo_x_cpu,781
14594,yolo_x_cpu,575
14595,yolo_x_cpu,541
14596,yolo_x_cpu,711
14597,yolo_x_cpu,690
14598,yolo_x_cpu,595
14599,yolo_x_cpu,598
14600,yolo_x_cpu,576
14601,yolo_x_cpu,621
14602,yolo_x_cpu,540
14603,yolo_x_cpu,617
14604,yolo_x_cpu,598
14605,yolo_x_cpu,679
14606,yolo_x_cpu,602
14607,yolo_x_cpu,607
14608,yolo_x_cpu,641
14609,yolo_x_cpu,569
14610,yolo_x_cpu,530
14611,yolo_x_cpu,549
14612,yolo_x_cpu,667
14613,yolo_x_cpu,767
14614,yolo_x_cpu,604
14615,yolo_x_cpu,522
14616,yolo_x_cpu,509
14617,yolo_x_cpu,561
14618,yolo_x_cpu,712
14619,yolo_x_cpu,681
14620,yolo_x_cpu,554
14621,yolo_x_cpu,588
14622,yolo_x_cpu,523
14623,yolo_x_cpu,452
14624,yolo_x_cpu,453
14625,yolo_x_cpu,476
14626,yolo_x_cpu,513
14627,yolo_x_cpu,467
14628,yolo_x_cpu,489
14629,yolo_x_cpu,564
14630,yolo_x_cpu,574
14631,yolo_x_cpu,661
14632,yolo_x_cpu,693
14633,yolo_x_cpu,584
14634,yolo_x_cpu,568
14635,yolo_x_cpu,744
14636,yolo_x_cpu,783
14637,yolo_x_cpu,715
14638,yolo_x_cpu,528
14639,yolo_x_cpu,588
14640,yolo_x_cpu,588
14641,yolo_x_cpu,615
14642,yolo_x_cpu,607
14643,yolo_x_cpu,607
14644,yolo_x_cpu,774
14645,yolo_x_cpu,572
14646,yolo_x_cpu,814
14647,yolo_x_cpu,722
14648,yolo_x_cpu,701
14649,yolo_x_cpu,838
14650,yolo_x_cpu,752
14651,yolo_x_cpu,861
14652,yolo_x_cpu,888
14653,yolo_x_cpu,793
14654,yolo_x_cpu,735
14655,yolo_x_cpu,871
14656,yolo_x_cpu,810
14657,yolo_x_cpu,770
14658,yolo_x_cpu,834
14659,yolo_x_cpu,950
14660,yolo_x_cpu,1441
14661,yolo_x_cpu,1164
14662,yolo_x_cpu,1007
14663,yolo_x_cpu,955
14664,yolo_x_cpu,903
14665,yolo_x_cpu,955
14666,yolo_x_cpu,938
14667,yolo_x_cpu,999
14668,yolo_x_cpu,978
14669,yolo_x_cpu,978
14670,yolo_x_cpu,1205
14671,yolo_x_cpu,1311
14672,yolo_x_cpu,1428
14673,yolo_x_cpu,1235
14674,yolo_x_cpu,1340
14675,yolo_x_cpu,1254
14676,yolo_x_cpu,1065
14677,yolo_x_cpu,1290
14678,yolo_x_cpu,1321
14679,yolo_x_cpu,1257
14680,yolo_x_cpu,1095
14681,yolo_x_cpu,1071
14682,yolo_x_cpu,1013
14683,yolo_x_cpu,1053
14684,yolo_x_cpu,1164
14685,yolo_x_cpu,1134
14686,yolo_x_cpu,1181
14687,yolo_x_cpu,1266
14688,yolo_x_cpu,1236
14689,yolo_x_cpu,1196
14690,yolo_x_cpu,1344
14691,yolo_x_cpu,1168
14692,yolo_x_cpu,1061
14693,yolo_x_cpu,1261
14694,yolo_x_cpu,1252
14695,yolo_x_cpu,1221
14696,yolo_x_cpu,1240
14697,yolo_x_cpu,1217
14698,yolo_x_cpu,1150
14699,yolo_x_cpu,1068
14700,yolo_x_cpu,1120
14701,yolo_x_cpu,1246
14702,yolo_x_cpu,1271
14703,yolo_x_cpu,1179
14704,yolo_x_cpu,1094
14705,yolo_x_cpu,1062
14706,yolo_x_cpu,1056
14707,yolo_x_cpu,1079
14708,yolo_x_cpu,1140
14709,yolo_x_cpu,1045
14710,yolo_x_cpu,1138
14711,yolo_x_cpu,1070
14712,yolo_x_cpu,1042
14713,yolo_x_cpu,1175
14714,yolo_x_cpu,972
14715,yolo_x_cpu,998
14716,yolo_x_cpu,893
14717,yolo_x_cpu,908
14718,yolo_x_cpu,954
14719,yolo_x_cpu,846
14720,yolo_x_cpu,969
14721,yolo_x_cpu,923
14722,yolo_x_cpu,944
14723,yolo_x_cpu,1061
14724,yolo_x_cpu,938
14725,yolo_x_cpu,1027
14726,yolo_x_cpu,951
14727,yolo_x_cpu,909
14728,yolo_x_cpu,916
14729,yolo_x_cpu,858
14730,yolo_x_cpu,1026
14731,yolo_x_cpu,933
14732,yolo_x_cpu,972
14733,yolo_x_cpu,934
14734,yolo_x_cpu,818
14735,yolo_x_cpu,915
14736,yolo_x_cpu,866
14737,yolo_x_cpu,769
14738,yolo_x_cpu,711
14739,yolo_x_cpu,730
14740,yolo_x_cpu,868
14741,yolo_x_cpu,803
14742,yolo_x_cpu,743
14743,yolo_x_cpu,756
14744,yolo_x_cpu,890
14745,yolo_x_cpu,834
14746,yolo_x_cpu,703
14747,yolo_x_cpu,671
14748,yolo_x_cpu,940
14749,yolo_x_cpu,838
14750,yolo_x_cpu,795
14751,yolo_x_cpu,857
14752,yolo_x_cpu,746
14753,yolo_x_cpu,888
14754,yolo_x_cpu,935
14755,yolo_x_cpu,853
14756,yolo_x_cpu,946
14757,yolo_x_cpu,954
14758,yolo_x_cpu,793
14759,yolo_x_cpu,767
14760,yolo_x_cpu,757
14761,yolo_x_cpu,746
14762,yolo_x_cpu,776
14763,yolo_x_cpu,883
14764,yolo_x_cpu,1003
14765,yolo_x_cpu,843
14766,yolo_x_cpu,886
14767,yolo_x_cpu,770
14768,yolo_x_cpu,706
14769,yolo_x_cpu,735
14770,yolo_x_cpu,830
14771,yolo_x_cpu,822
14772,yolo_x_cpu,798
14773,yolo_x_cpu,701
14774,yolo_x_cpu,789
14775,yolo_x_cpu,836
14776,yolo_x_cpu,840
14777,yolo_x_cpu,712
14778,yolo_x_cpu,790
14779,yolo_x_cpu,792
14780,yolo_x_cpu,654
14781,yolo_x_cpu,664
14782,yolo_x_cpu,692
14783,yolo_x_cpu,693
14784,yolo_x_cpu,646
14785,yolo_x_cpu,708
14786,yolo_x_cpu,795
14787,yolo_x_cpu,776
14788,yolo_x_cpu,548
14789,yolo_x_cpu,697
14790,yolo_x_cpu,688
14791,yolo_x_cpu,768
14792,yolo_x_cpu,670
14793,yolo_x_cpu,668
14794,yolo_x_cpu,629
14795,yolo_x_cpu,557
14796,yolo_x_cpu,563
14797,yolo_x_cpu,492
14798,yolo_x_cpu,595
14799,yolo_x_cpu,473
14800,yolo_x_cpu,539
14801,yolo_x_cpu,543
14802,yolo_x_cpu,486
14803,yolo_x_cpu,466
14804,yolo_x_cpu,459
14805,yolo_x_cpu,403
14806,yolo_x_cpu,482
14807,yolo_x_cpu,510
14808,yolo_x_cpu,543
14809,yolo_x_cpu,550
14810,yolo_x_cpu,457
14811,yolo_x_cpu,548
14812,yolo_x_cpu,467
14813,yolo_x_cpu,551
14814,yolo_x_cpu,563
14815,yolo_x_cpu,478
14816,yolo_x_cpu,596
14817,yolo_x_cpu,642
14818,yolo_x_cpu,593
14819,yolo_x_cpu,624
14820,yolo_x_cpu,761
14821,yolo_x_cpu,656
14822,yolo_x_cpu,559
14823,yolo_x_cpu,612
14824,yolo_x_cpu,563
14825,yolo_x_cpu,480
14826,yolo_x_cpu,416
14827,yolo_x_cpu,455
14828,yolo_x_cpu,491
14829,yolo_x_cpu,438
14830,yolo_x_cpu,413
14831,yolo_x_cpu,503
14832,yolo_x_cpu,659
14833,yolo_x_cpu,634
14834,yolo_x_cpu,614
14835,yolo_x_cpu,487
14836,yolo_x_cpu,564
14837,yolo_x_cpu,571
14838,yolo_x_cpu,644
14839,yolo_x_cpu,577
14840,yolo_x_cpu,601
14841,yolo_x_cpu,568
14842,yolo_x_cpu,585
14843,yolo_x_cpu,591
14844,yolo_x_cpu,644
14845,yolo_x_cpu,485
14846,yolo_x_cpu,491
14847,yolo_x_cpu,587
14848,yolo_x_cpu,618
14849,yolo_x_cpu,550
14850,yolo_x_cpu,697
14851,yolo_x_cpu,577
14852,yolo_x_cpu,491
14853,yolo_x_cpu,597
14854,yolo_x_cpu,593
14855,yolo_x_cpu,662
14856,yolo_x_cpu,574
14857,yolo_x_cpu,606
14858,yolo_x_cpu,547
14859,yolo_x_cpu,475
14860,yolo_x_cpu,580
14861,yolo_x_cpu,519
14862,yolo_x_cpu,591
14863,yolo_x_cpu,755
14864,yolo_x_cpu,593
14865,yolo_x_cpu,582
14866,yolo_x_cpu,507
14867,yolo_x_cpu,570
14868,yolo_x_cpu,684
14869,yolo_x_cpu,720
14870,yolo_x_cpu,789
14871,yolo_x_cpu,671
14872,yolo_x_cpu,627
14873,yolo_x_cpu,820
14874,yolo_x_cpu,594
14875,yolo_x_cpu,700
14876,yolo_x_cpu,605
14877,yolo_x_cpu,701
14878,yolo_x_cpu,677
14879,yolo_x_cpu,661
14880,yolo_x_cpu,620
14881,yolo_x_cpu,829
14882,yolo_x_cpu,761
14883,yolo_x_cpu,686
14884,yolo_x_cpu,693
14885,yolo_x_cpu,802
14886,yolo_x_cpu,813
14887,yolo_x_cpu,655
14888,yolo_x_cpu,623
14889,yolo_x_cpu,662
14890,yolo_x_cpu,685
14891,yolo_x_cpu,779
14892,yolo_x_cpu,705
14893,yolo_x_cpu,689
14894,yolo_x_cpu,710
14895,yolo_x_cpu,811
14896,yolo_x_cpu,746
14897,yolo_x_cpu,705
14898,yolo_x_cpu,696
14899,yolo_x_cpu,806
14900,yolo_x_cpu,741
14901,yolo_x_cpu,859
14902,yolo_x_cpu,797
14903,yolo_x_cpu,841
14904,yolo_x_cpu,890
14905,yolo_x_cpu,811
14906,yolo_x_cpu,706
14907,yolo_x_cpu,753
14908,yolo_x_cpu,830
14909,yolo_x_cpu,763
14910,yolo_x_cpu,756
14911,yolo_x_cpu,829
14912,yolo_x_cpu,788
14913,yolo_x_cpu,727
14914,yolo_x_cpu,840
14915,yolo_x_cpu,820
14916,yolo_x_cpu,888
14917,yolo_x_cpu,948
14918,yolo_x_cpu,837
14919,yolo_x_cpu,851
14920,yolo_x_cpu,956
14921,yolo_x_cpu,1065
14922,yolo_x_cpu,994
14923,yolo_x_cpu,942
14924,yolo_x_cpu,1110
14925,yolo_x_cpu,1036
14926,yolo_x_cpu,1087
14927,yolo_x_cpu,1057
14928,yolo_x_cpu,1191
14929,yolo_x_cpu,1184
14930,yolo_x_cpu,1174
14931,yolo_x_cpu,1155
14932,yolo_x_cpu,1094
14933,yolo_x_cpu,1153
14934,yolo_x_cpu,1180
14935,yolo_x_cpu,999
14936,yolo_x_cpu,1118
14937,yolo_x_cpu,1212
14938,yolo_x_cpu,1126
14939,yolo_x_cpu,1224
14940,yolo_x_cpu,1355
14941,yolo_x_cpu,1395
14942,yolo_x_cpu,1422
14943,yolo_x_cpu,1260
14944,yolo_x_cpu,1298
14945,yolo_x_cpu,1504
14946,yolo_x_cpu,1285
14947,yolo_x_cpu,1453
14948,yolo_x_cpu,1248
14949,yolo_x_cpu,1323
14950,yolo_x_cpu,1207
14951,yolo_x_cpu,1276
14952,yolo_x_cpu,1132
14953,yolo_x_cpu,1451
14954,yolo_x_cpu,1307
14955,yolo_x_cpu,1651
14956,yolo_x_cpu,1496
14957,yolo_x_cpu,1515
14958,yolo_x_cpu,1604
14959,yolo_x_cpu,1549
14960,yolo_x_cpu,1903
14961,yolo_x_cpu,1811
14962,yolo_x_cpu,1566
14963,yolo_x_cpu,1524
14964,yolo_x_cpu,1733
14965,yolo_x_cpu,1632
14966,yolo_x_cpu,1703
14967,yolo_x_cpu,1742
14968,yolo_x_cpu,1723
14969,yolo_x_cpu,1584
14970,yolo_x_cpu,1627
14971,yolo_x_cpu,1401
14972,yolo_x_cpu,1717
14973,yolo_x_cpu,1529
14974,yolo_x_cpu,1675
14975,yolo_x_cpu,1399
14976,yolo_x_cpu,1448
14977,yolo_x_cpu,1484
14978,yolo_x_cpu,1497
14979,yolo_x_cpu,1647
14980,yolo_x_cpu,1796
14981,yolo_x_cpu,1666
14982,yolo_x_cpu,1628
14983,yolo_x_cpu,1539
14984,yolo_x_cpu,1756
14985,yolo_x_cpu,1920
14986,yolo_x_cpu,1746
14987,yolo_x_cpu,1914
14988,yolo_x_cpu,1667
14989,yolo_x_cpu,1669
14990,yolo_x_cpu,1806
14991,yolo_x_cpu,1747
14992,yolo_x_cpu,1733
14993,yolo_x_cpu,1704
14994,yolo_x_cpu,1749
14995,yolo_x_cpu,1792
14996,yolo_x_cpu,1885
14997,yolo_x_cpu,1955
14998,yolo_x_cpu,1840
14999,yolo_x_cpu,1694
15000,yolo_x_cpu,1706
15001,yolo_x_cpu,1807
15002,yolo_x_cpu,1859
15003,yolo_x_cpu,1700
15004,yolo_x_cpu,1768
15005,yolo_x_cpu,1607
15006,yolo_x_cpu,1808
15007,yolo_x_cpu,1838
15008,yolo_x_cpu,1638
15009,yolo_x_cpu,1605
15010,yolo_x_cpu,1644
15011,yolo_x_cpu,1543
15012,yolo_x_cpu,1446
15013,yolo_x_cpu,1542
15014,yolo_x_cpu,1646
15015,yolo_x_cpu,1710
15016,yolo_x_cpu,1712
15017,yolo_x_cpu,1693
15018,yolo_x_cpu,1680
15019,yolo_x_cpu,1571
15020,yolo_x_cpu,1751
15021,yolo_x_cpu,1777
15022,yolo_x_cpu,1651
15023,yolo_x_cpu,1633
15024,yolo_x_cpu,1730
15025,yolo_x_cpu,1789
15026,yolo_x_cpu,1814
15027,yolo_x_cpu,1644
15028,yolo_x_cpu,1710
15029,yolo_x_cpu,1662
15030,yolo_x_cpu,1804
15031,yolo_x_cpu,1745
15032,yolo_x_cpu,1750
15033,yolo_x_cpu,1546
15034,yolo_x_cpu,1528
15035,yolo_x_cpu,1684
15036,yolo_x_cpu,1770
15037,yolo_x_cpu,1733
15038,yolo_x_cpu,1682
15039,yolo_x_cpu,1622
15040,yolo_x_cpu,1514
15041,yolo_x_cpu,1568
15042,yolo_x_cpu,2233
15043,yolo_x_cpu,1710
15044,yolo_x_cpu,1768
15045,yolo_x_cpu,1675
15046,yolo_x_cpu,1760
15047,yolo_x_cpu,1861
15048,yolo_x_cpu,1733
15049,yolo_x_cpu,1839
15050,yolo_x_cpu,1789
15051,yolo_x_cpu,1632
15052,yolo_x_cpu,1599
15053,yolo_x_cpu,1693
15054,yolo_x_cpu,1703
15055,yolo_x_cpu,1990
15056,yolo_x_cpu,2050
15057,yolo_x_cpu,1915
15058,yolo_x_cpu,1736
15059,yolo_x_cpu,1780
15060,yolo_x_cpu,1601
15061,yolo_x_cpu,1570
15062,yolo_x_cpu,2012
15063,yolo_x_cpu,1824
15064,yolo_x_cpu,1855
15065,yolo_x_cpu,1933
15066,yolo_x_cpu,1947
15067,yolo_x_cpu,1851
15068,yolo_x_cpu,1835
15069,yolo_x_cpu,1900
15070,yolo_x_cpu,1948
15071,yolo_x_cpu,1814
15072,yolo_x_cpu,1943
15073,yolo_x_cpu,1983
15074,yolo_x_cpu,1948
15075,yolo_x_cpu,1897
15076,yolo_x_cpu,1920
15077,yolo_x_cpu,1904
15078,yolo_x_cpu,2013
15079,yolo_x_cpu,1947
15080,yolo_x_cpu,1840
15081,yolo_x_cpu,2023
15082,yolo_x_cpu,1952
15083,yolo_x_cpu,2027
15084,yolo_x_cpu,1908
15085,yolo_x_cpu,1931
15086,yolo_x_cpu,1987
15087,yolo_x_cpu,2184
15088,yolo_x_cpu,1993
15089,yolo_x_cpu,1993
15090,yolo_x_cpu,1882
15091,yolo_x_cpu,2030
15092,yolo_x_cpu,1935
15093,yolo_x_cpu,1869
15094,yolo_x_cpu,1956
15095,yolo_x_cpu,1936
15096,yolo_x_cpu,2057
15097,yolo_x_cpu,1982
15098,yolo_x_cpu,1790
15099,yolo_x_cpu,1941
15100,yolo_x_cpu,2040
15101,yolo_x_cpu,1963
15102,yolo_x_cpu,2132
15103,yolo_x_cpu,2024
15104,yolo_x_cpu,1932
15105,yolo_x_cpu,2067
15106,yolo_x_cpu,1857
15107,yolo_x_cpu,2040
15108,yolo_x_cpu,1827
15109,yolo_x_cpu,2066
15110,yolo_x_cpu,2210
15111,yolo_x_cpu,2071
15112,yolo_x_cpu,1970
15113,yolo_x_cpu,2307
15114,yolo_x_cpu,2031
15115,yolo_x_cpu,1932
15116,yolo_x_cpu,1773
15117,yolo_x_cpu,1755
15118,yolo_x_cpu,1758
15119,yolo_x_cpu,1958
15120,yolo_x_cpu,1952
15121,yolo_x_cpu,1972
15122,yolo_x_cpu,1863
15123,yolo_x_cpu,2158
15124,yolo_x_cpu,1993
15125,yolo_x_cpu,2266
15126,yolo_x_cpu,2083
15127,yolo_x_cpu,1969
15128,yolo_x_cpu,2023
15129,yolo_x_cpu,1988
15130,yolo_x_cpu,1770
15131,yolo_x_cpu,1846
15132,yolo_x_cpu,1900
15133,yolo_x_cpu,1949
15134,yolo_x_cpu,1891
15135,yolo_x_cpu,1797
15136,yolo_x_cpu,1966
15137,yolo_x_cpu,1848
15138,yolo_x_cpu,1764
15139,yolo_x_cpu,1782
15140,yolo_x_cpu,1847
15141,yolo_x_cpu,1924
15142,yolo_x_cpu,1824
15143,yolo_x_cpu,1856
15144,yolo_x_cpu,1769
15145,yolo_x_cpu,1718
15146,yolo_x_cpu,1762
15147,yolo_x_cpu,1860
15148,yolo_x_cpu,1782
15149,yolo_x_cpu,1604
15150,yolo_x_cpu,1989
15151,yolo_x_cpu,1976
15152,yolo_x_cpu,1976
15153,yolo_x_cpu,2030
15154,yolo_x_cpu,1783
15155,yolo_x_cpu,1905
15156,yolo_x_cpu,1684
15157,yolo_x_cpu,1566
15158,yolo_x_cpu,1853
15159,yolo_x_cpu,1703
15160,yolo_x_cpu,1758
15161,yolo_x_cpu,1766
15162,yolo_x_cpu,1678
15163,yolo_x_cpu,1808
15164,yolo_x_cpu,1869
15165,yolo_x_cpu,1849
15166,yolo_x_cpu,1720
15167,yolo_x_cpu,1925
15168,yolo_x_cpu,1717
15169,yolo_x_cpu,1813
15170,yolo_x_cpu,1730
15171,yolo_x_cpu,1714
15172,yolo_x_cpu,1745
15173,yolo_x_cpu,1706
15174,yolo_x_cpu,1650
15175,yolo_x_cpu,1682
15176,yolo_x_cpu,1774
15177,yolo_x_cpu,1728
15178,yolo_x_cpu,1876
15179,yolo_x_cpu,1810
15180,yolo_x_cpu,1891
15181,yolo_x_cpu,1857
15182,yolo_x_cpu,1723
15183,yolo_x_cpu,1648
15184,yolo_x_cpu,1589
15185,yolo_x_cpu,1624
15186,yolo_x_cpu,1796
15187,yolo_x_cpu,1675
15188,yolo_x_cpu,1944
15189,yolo_x_cpu,1941
15190,yolo_x_cpu,1752
15191,yolo_x_cpu,1740
15192,yolo_x_cpu,1774
15193,yolo_x_cpu,1961
15194,yolo_x_cpu,1944
15195,yolo_x_cpu,1486
15196,yolo_x_cpu,1890
15197,yolo_x_cpu,1747
15198,yolo_x_cpu,1836
15199,yolo_x_cpu,1611
15200,yolo_x_cpu,1686
15201,yolo_x_cpu,1919
15202,yolo_x_cpu,1896
15203,yolo_x_cpu,1774
15204,yolo_x_cpu,1816
15205,yolo_x_cpu,1595
15206,yolo_x_cpu,1507
15207,yolo_x_cpu,1615
15208,yolo_x_cpu,1829
15209,yolo_x_cpu,1554
15210,yolo_x_cpu,1613
15211,yolo_x_cpu,1741
15212,yolo_x_cpu,1608
15213,yolo_x_cpu,1580
15214,yolo_x_cpu,1496
15215,yolo_x_cpu,1601
15216,yolo_x_cpu,1407
15217,yolo_x_cpu,1672
15218,yolo_x_cpu,1669
15219,yolo_x_cpu,1532
15220,yolo_x_cpu,1492
15221,yolo_x_cpu,1521
15222,yolo_x_cpu,1564
15223,yolo_x_cpu,1809
15224,yolo_x_cpu,1362
15225,yolo_x_cpu,1603
15226,yolo_x_cpu,1754
15227,yolo_x_cpu,1733
15228,yolo_x_cpu,1519
15229,yolo_x_cpu,1432
15230,yolo_x_cpu,1403
15231,yolo_x_cpu,1440
15232,yolo_x_cpu,1481
15233,yolo_x_cpu,1390
15234,yolo_x_cpu,1385
15235,yolo_x_cpu,1345
15236,yolo_x_cpu,1416
15237,yolo_x_cpu,1451
15238,yolo_x_cpu,1474
15239,yolo_x_cpu,1461
15240,yolo_x_cpu,1193
15241,yolo_x_cpu,1168
15242,yolo_x_cpu,1206
15243,yolo_x_cpu,1316
15244,yolo_x_cpu,1313
15245,yolo_x_cpu,1316
15246,yolo_x_cpu,1166
15247,yolo_x_cpu,1143
15248,yolo_x_cpu,1257
15249,yolo_x_cpu,1184
15250,yolo_x_cpu,1220
15251,yolo_x_cpu,1166
15252,yolo_x_cpu,1101
15253,yolo_x_cpu,1115
15254,yolo_x_cpu,1107
15255,yolo_x_cpu,1214
15256,yolo_x_cpu,1144
15257,yolo_x_cpu,1084
15258,yolo_x_cpu,1192
15259,yolo_x_cpu,1244
15260,yolo_x_cpu,1194
15261,yolo_x_cpu,1074
15262,yolo_x_cpu,1266
15263,yolo_x_cpu,1054
15264,yolo_x_cpu,1043
15265,yolo_x_cpu,882
15266,yolo_x_cpu,929
15267,yolo_x_cpu,913
15268,yolo_x_cpu,888
15269,yolo_x_cpu,923
15270,yolo_x_cpu,947
15271,yolo_x_cpu,829
15272,yolo_x_cpu,864
15273,yolo_x_cpu,798
15274,yolo_x_cpu,744
15275,yolo_x_cpu,924
15276,yolo_x_cpu,741
15277,yolo_x_cpu,867
15278,yolo_x_cpu,812
15279,yolo_x_cpu,923
15280,yolo_x_cpu,958
15281,yolo_x_cpu,753
15282,yolo_x_cpu,702
15283,yolo_x_cpu,260
15284,yolo_x_cpu,527
15285,yolo_x_cpu,739
15286,yolo_x_cpu,797
15287,yolo_x_cpu,744
15288,yolo_x_cpu,708
15289,yolo_x_cpu,774
15290,yolo_x_cpu,651
15291,yolo_x_cpu,770
15292,yolo_x_cpu,654
15293,yolo_x_cpu,664
15294,yolo_x_cpu,651
15295,yolo_x_cpu,685
15296,yolo_x_cpu,542
15297,yolo_x_cpu,647
15298,yolo_x_cpu,624
15299,yolo_x_cpu,743
15300,yolo_x_cpu,558
15301,yolo_x_cpu,660
15302,yolo_x_cpu,598
15303,yolo_x_cpu,590
15304,yolo_x_cpu,507
15305,yolo_x_cpu,434
15306,yolo_x_cpu,506
15307,yolo_x_cpu,443
15308,yolo_x_cpu,541
15309,yolo_x_cpu,536
15310,yolo_x_cpu,548
15311,yolo_x_cpu,493
15312,yolo_x_cpu,433
15313,yolo_x_cpu,486
15314,yolo_x_cpu,479
15315,yolo_x_cpu,523
15316,yolo_x_cpu,491
15317,yolo_x_cpu,540
15318,yolo_x_cpu,550
15319,yolo_x_cpu,439
15320,yolo_x_cpu,402
15321,yolo_x_cpu,455
15322,yolo_x_cpu,431
15323,yolo_x_cpu,402
15324,yolo_x_cpu,471
15325,yolo_x_cpu,334
15326,yolo_x_cpu,396
15327,yolo_x_cpu,437
15328,yolo_x_cpu,327
15329,yolo_x_cpu,333
15330,yolo_x_cpu,373
15331,yolo_x_cpu,394
15332,yolo_x_cpu,369
15333,yolo_x_cpu,343
15334,yolo_x_cpu,359
15335,yolo_x_cpu,295
15336,yolo_x_cpu,450
15337,yolo_x_cpu,444
15338,yolo_x_cpu,331
15339,yolo_x_cpu,356
15340,yolo_x_cpu,302
15341,yolo_x_cpu,281
15342,yolo_x_cpu,287
15343,yolo_x_cpu,339
15344,yolo_x_cpu,311
15345,yolo_x_cpu,384
15346,yolo_x_cpu,273
15347,yolo_x_cpu,216
15348,yolo_x_cpu,481
15349,yolo_x_cpu,363
15350,yolo_x_cpu,336
15351,yolo_x_cpu,310
15352,yolo_x_cpu,323
15353,yolo_x_cpu,176
15354,yolo_x_cpu,210
15355,yolo_x_cpu,159
15356,yolo_x_cpu,395
15357,yolo_x_cpu,494
15358,yolo_x_cpu,425
15359,yolo_x_cpu,186
15360,yolo_x_cpu,282
15361,yolo_x_cpu,253
15362,yolo_x_cpu,205
15363,yolo_x_cpu,277
15364,yolo_x_cpu,298
15365,yolo_x_cpu,279
15366,yolo_x_cpu,303
15367,yolo_x_cpu,189
15368,yolo_x_cpu,197
15369,yolo_x_cpu,147
15370,yolo_x_cpu,156
15371,yolo_x_cpu,156
15372,yolo_x_cpu,187
15373,yolo_x_cpu,209
15374,yolo_x_cpu,194
15375,yolo_x_cpu,197
15376,yolo_x_cpu,171
15377,yolo_x_cpu,202
15378,yolo_x_cpu,195
15379,yolo_x_cpu,207
15380,yolo_x_cpu,157
15381,yolo_x_cpu,165
15382,yolo_x_cpu,166
15383,yolo_x_cpu,134
15384,yolo_x_cpu,184
15385,yolo_x_cpu,180
15386,yolo_x_cpu,215
15387,yolo_x_cpu,214
15388,yolo_x_cpu,146
15389,yolo_x_cpu,139
15390,yolo_x_cpu,152
15391,yolo_x_cpu,137
15392,yolo_x_cpu,216
15393,yolo_x_cpu,114
15394,yolo_x_cpu,109
15395,yolo_x_cpu,158
15396,yolo_x_cpu,148
15397,yolo_x_cpu,150
15398,yolo_x_cpu,239
15399,yolo_x_cpu,249
15400,yolo_x_cpu,172
15401,yolo_x_cpu,217
15402,yolo_x_cpu,345
15403,yolo_x_cpu,199
15404,yolo_x_cpu,155
15405,yolo_x_cpu,85
15406,yolo_x_cpu,114
15407,yolo_x_cpu,135
15408,yolo_x_cpu,147
15409,yolo_x_cpu,94
15410,yolo_x_cpu,77
15411,yolo_x_cpu,83
15412,yolo_x_cpu,57
15413,yolo_x_cpu,62
15414,yolo_x_cpu,84
15415,yolo_x_cpu,72
15416,yolo_x_cpu,103
15417,yolo_x_cpu,94
15418,yolo_x_cpu,74
15419,yolo_x_cpu,45
15420,yolo_x_cpu,143
15421,yolo_x_cpu,56
15422,yolo_x_cpu,88
15423,yolo_x_cpu,66
15424,yolo_x_cpu,48
15425,yolo_x_cpu,77
15426,yolo_x_cpu,100
15427,yolo_x_cpu,68
15428,yolo_x_cpu,62
15429,yolo_x_cpu,58
15430,yolo_x_cpu,37
15431,yolo_x_cpu,94
15432,yolo_x_cpu,95
15433,yolo_x_cpu,52
15434,yolo_x_cpu,53
15435,yolo_x_cpu,78
15436,yolo_x_cpu,57
15437,yolo_x_cpu,55
15438,yolo_x_cpu,72
15439,yolo_x_cpu,50
15440,yolo_x_cpu,82
15441,yolo_x_cpu,68
15442,yolo_x_cpu,44
15443,yolo_x_cpu,68
15444,yolo_x_cpu,37
15445,yolo_x_cpu,56
15446,yolo_x_cpu,67
15447,yolo_x_cpu,52
15448,yolo_x_cpu,64
15449,yolo_x_cpu,44
15450,yolo_x_cpu,55
15451,yolo_x_cpu,44
15452,yolo_x_cpu,38
15453,yolo_x_cpu,71
15454,yolo_x_cpu,24
15455,yolo_x_cpu,65
15456,yolo_x_cpu,62
15457,yolo_x_cpu,54
15458,yolo_x_cpu,38
15459,yolo_x_cpu,47
15460,yolo_x_cpu,27
15461,yolo_x_cpu,43
15462,yolo_x_cpu,25
15463,yolo_x_cpu,11
15464,yolo_x_cpu,44
15465,yolo_x_cpu,49
15466,yolo_x_cpu,32
15467,yolo_x_cpu,29
15468,yolo_x_cpu,46
15469,yolo_x_cpu,45
15470,yolo_x_cpu,52
15471,yolo_x_cpu,23
15472,yolo_x_cpu,35
15473,yolo_x_cpu,62
15474,yolo_x_cpu,16
15475,yolo_x_cpu,47
15476,yolo_x_cpu,58
15477,yolo_x_cpu,29
15478,yolo_x_cpu,21
15479,yolo_x_cpu,20
15480,yolo_x_cpu,26
15481,yolo_x_cpu,38
15482,yolo_x_cpu,13
15483,yolo_x_cpu,19
15484,yolo_x_cpu,10
15485,yolo_x_cpu,24
15486,yolo_x_cpu,19
15487,yolo_x_cpu,27
15488,yolo_x_cpu,11
15489,yolo_x_cpu,24
15490,yolo_x_cpu,20
15491,yolo_x_cpu,12
15492,yolo_x_cpu,21
15493,yolo_x_cpu,44
15494,yolo_x_cpu,11
15495,yolo_x_cpu,32
15496,yolo_x_cpu,41
15497,yolo_x_cpu,43
15498,yolo_x_cpu,51
15499,yolo_x_cpu,38
15500,yolo_x_cpu,70
15501,yolo_x_cpu,22
15502,yolo_x_cpu,26
15503,yolo_x_cpu,17
15504,yolo_x_cpu,14
15505,yolo_x_cpu,23
15506,yolo_x_cpu,14
15507,yolo_x_cpu,20
15508,yolo_x_cpu,40
15509,yolo_x_cpu,32
15510,yolo_x_cpu,20
15511,yolo_x_cpu,49
15512,yolo_x_cpu,41
15513,yolo_x_cpu,40
15514,yolo_x_cpu,20
15515,yolo_x_cpu,22
15516,yolo_x_cpu,18
15517,yolo_x_cpu,19
15518,yolo_x_cpu,21
15519,yolo_x_cpu,26
15520,yolo_x_cpu,27
15521,yolo_x_cpu,30
15522,yolo_x_cpu,32
15523,yolo_x_cpu,19
15524,yolo_x_cpu,14
15525,yolo_x_cpu,27
15526,yolo_x_cpu,7
15527,yolo_x_cpu,11
15528,yolo_x_cpu,28
15529,yolo_x_cpu,14
15530,yolo_x_cpu,69
15531,yolo_x_cpu,12
15532,yolo_x_cpu,16
15533,yolo_x_cpu,109
15534,yolo_x_cpu,96
15535,yolo_x_cpu,64
15536,yolo_x_cpu,43
15537,yolo_x_cpu,33
15538,yolo_x_cpu,13
15539,yolo_x_cpu,18
15540,yolo_x_cpu,15
15541,yolo_x_cpu,15
15542,yolo_x_cpu,39
15543,yolo_x_cpu,27
15544,yolo_x_cpu,28
15545,yolo_x_cpu,41
15546,yolo_x_cpu,32
15547,yolo_x_cpu,48
15548,yolo_x_cpu,22
15549,yolo_x_cpu,23
15550,yolo_x_cpu,23
15551,yolo_x_cpu,20
15552,yolo_x_cpu,31
15553,yolo_x_cpu,74
15554,yolo_x_cpu,162
15555,yolo_x_cpu,80
15556,yolo_x_cpu,70
15557,yolo_x_cpu,44
15558,yolo_x_cpu,20
15559,yolo_x_cpu,11
15560,yolo_x_cpu,54
15561,yolo_x_cpu,77
15562,yolo_x_cpu,105
15563,yolo_x_cpu,80
15564,yolo_x_cpu,32
15565,yolo_x_cpu,42
15566,yolo_x_cpu,61
15567,yolo_x_cpu,52
15568,yolo_x_cpu,91
15569,yolo_x_cpu,51
15570,yolo_x_cpu,16
15571,yolo_x_cpu,17
15572,yolo_x_cpu,114
15573,yolo_x_cpu,70
15574,yolo_x_cpu,14
15575,yolo_x_cpu,14
15576,yolo_x_cpu,31
15577,yolo_x_cpu,80
15578,yolo_x_cpu,46
15579,yolo_x_cpu,35
15580,yolo_x_cpu,69
15581,yolo_x_cpu,66
15582,yolo_x_cpu,26
15583,yolo_x_cpu,63
15584,yolo_x_cpu,56
15585,yolo_x_cpu,28
15586,yolo_x_cpu,35
15587,yolo_x_cpu,32
15588,yolo_x_cpu,25
15589,yolo_x_cpu,18
15590,yolo_x_cpu,23
15591,yolo_x_cpu,21
15592,yolo_x_cpu,22
15593,yolo_x_cpu,12
15594,yolo_x_cpu,27
15595,yolo_x_cpu,18
15596,yolo_x_cpu,44
15597,yolo_x_cpu,47
15598,yolo_x_cpu,11
15599,yolo_x_cpu,17
15600,yolo_x_cpu,22
15601,yolo_x_cpu,23
15602,yolo_x_cpu,59
15603,yolo_x_cpu,30
15604,yolo_x_cpu,34
15605,yolo_x_cpu,32
15606,yolo_x_cpu,51
15607,yolo_x_cpu,52
15608,yolo_x_cpu,33
15609,yolo_x_cpu,42
15610,yolo_x_cpu,23
15611,yolo_x_cpu,27
15612,yolo_x_cpu,25
15613,yolo_x_cpu,42
15614,yolo_x_cpu,20
15615,yolo_x_cpu,48
15616,yolo_x_cpu,52
15617,yolo_x_cpu,179
15618,yolo_x_cpu,12
15619,yolo_x_cpu,18
15620,yolo_x_cpu,10
15621,yolo_x_cpu,19
15622,yolo_x_cpu,8
15623,yolo_x_cpu,9
15624,yolo_x_cpu,26
15625,yolo_x_cpu,19
15626,yolo_x_cpu,14
15627,yolo_x_cpu,44
15628,yolo_x_cpu,24
15629,yolo_x_cpu,22
15630,yolo_x_cpu,24
15631,yolo_x_cpu,16
15632,yolo_x_cpu,24
15633,yolo_x_cpu,108
15634,yolo_x_cpu,4
15635,yolo_x_cpu,19
15636,yolo_x_cpu,12
15637,yolo_x_cpu,7
15638,yolo_x_cpu,52
15639,yolo_x_cpu,18
15640,yolo_x_cpu,11
15641,yolo_x_cpu,13
15642,yolo_x_cpu,19
15643,yolo_x_cpu,19
15644,yolo_x_cpu,24
15645,yolo_x_cpu,20
15646,yolo_x_cpu,18
15647,yolo_x_cpu,10
15648,yolo_x_cpu,16
15649,yolo_x_cpu,17
15650,yolo_x_cpu,19
15651,yolo_x_cpu,17
15652,yolo_x_cpu,30
15653,yolo_x_cpu,35
15654,yolo_x_cpu,35
15655,yolo_x_cpu,32
15656,yolo_x_cpu,17
15657,yolo_x_cpu,21
15658,yolo_x_cpu,44
15659,yolo_x_cpu,25
15660,yolo_x_cpu,21
15661,yolo_x_cpu,19
15662,yolo_x_cpu,24
15663,yolo_x_cpu,50
15664,yolo_x_cpu,62
15665,yolo_x_cpu,64
15666,yolo_x_cpu,41
15667,yolo_x_cpu,64
15668,yolo_x_cpu,38
15669,yolo_x_cpu,29
15670,yolo_x_cpu,61
15671,yolo_x_cpu,54
15672,yolo_x_cpu,30
15673,yolo_x_cpu,53
15674,yolo_x_cpu,30
15675,yolo_x_cpu,46
15676,yolo_x_cpu,31
15677,yolo_x_cpu,25
15678,yolo_x_cpu,27
15679,yolo_x_cpu,44
15680,yolo_x_cpu,33
15681,yolo_x_cpu,55
15682,yolo_x_cpu,23
15683,yolo_x_cpu,35
15684,yolo_x_cpu,32
15685,yolo_x_cpu,43
15686,yolo_x_cpu,58
15687,yolo_x_cpu,54
15688,yolo_x_cpu,71
15689,yolo_x_cpu,71
15690,yolo_x_cpu,58
15691,yolo_x_cpu,31
15692,yolo_x_cpu,47
15693,yolo_x_cpu,44
15694,yolo_x_cpu,68
15695,yolo_x_cpu,55
15696,yolo_x_cpu,53
15697,yolo_x_cpu,43
15698,yolo_x_cpu,38
15699,yolo_x_cpu,47
15700,yolo_x_cpu,71
15701,yolo_x_cpu,69
15702,yolo_x_cpu,52
15703,yolo_x_cpu,112
15704,yolo_x_cpu,88
15705,yolo_x_cpu,50
15706,yolo_x_cpu,81
15707,yolo_x_cpu,92
15708,yolo_x_cpu,66
15709,yolo_x_cpu,82
15710,yolo_x_cpu,91
15711,yolo_x_cpu,95
15712,yolo_x_cpu,60
15713,yolo_x_cpu,47
15714,yolo_x_cpu,82
15715,yolo_x_cpu,166
15716,yolo_x_cpu,60
15717,yolo_x_cpu,110
15718,yolo_x_cpu,74
15719,yolo_x_cpu,71
15720,yolo_x_cpu,143
15721,yolo_x_cpu,82
15722,yolo_x_cpu,140
15723,yolo_x_cpu,113
15724,yolo_x_cpu,145
15725,yolo_x_cpu,102
15726,yolo_x_cpu,92
15727,yolo_x_cpu,75
15728,yolo_x_cpu,89
15729,yolo_x_cpu,119
15730,yolo_x_cpu,95
15731,yolo_x_cpu,125
15732,yolo_x_cpu,144
15733,yolo_x_cpu,135
15734,yolo_x_cpu,155
15735,yolo_x_cpu,129
15736,yolo_x_cpu,108
15737,yolo_x_cpu,154
15738,yolo_x_cpu,153
15739,yolo_x_cpu,135
15740,yolo_x_cpu,138
15741,yolo_x_cpu,143
15742,yolo_x_cpu,83
15743,yolo_x_cpu,274
15744,yolo_x_cpu,137
15745,yolo_x_cpu,94
15746,yolo_x_cpu,125
15747,yolo_x_cpu,167
15748,yolo_x_cpu,202
15749,yolo_x_cpu,293
15750,yolo_x_cpu,177
15751,yolo_x_cpu,306
15752,yolo_x_cpu,221
15753,yolo_x_cpu,212
15754,yolo_x_cpu,284
15755,yolo_x_cpu,313
15756,yolo_x_cpu,357
15757,yolo_x_cpu,278
15758,yolo_x_cpu,200
15759,yolo_x_cpu,286
15760,yolo_x_cpu,292
15761,yolo_x_cpu,357
15762,yolo_x_cpu,156
15763,yolo_x_cpu,209
15764,yolo_x_cpu,182
15765,yolo_x_cpu,214
15766,yolo_x_cpu,197
15767,yolo_x_cpu,208
15768,yolo_x_cpu,205
15769,yolo_x_cpu,135
15770,yolo_x_cpu,214
15771,yolo_x_cpu,222
15772,yolo_x_cpu,263
15773,yolo_x_cpu,225
15774,yolo_x_cpu,249
15775,yolo_x_cpu,217
15776,yolo_x_cpu,264
15777,yolo_x_cpu,191
15778,yolo_x_cpu,174
15779,yolo_x_cpu,244
15780,yolo_x_cpu,309
15781,yolo_x_cpu,250
15782,yolo_x_cpu,256
15783,yolo_x_cpu,248
15784,yolo_x_cpu,276
15785,yolo_x_cpu,257
15786,yolo_x_cpu,256
15787,yolo_x_cpu,318
15788,yolo_x_cpu,239
15789,yolo_x_cpu,190
15790,yolo_x_cpu,266
15791,yolo_x_cpu,285
15792,yolo_x_cpu,265
15793,yolo_x_cpu,241
15794,yolo_x_cpu,276
15795,yolo_x_cpu,263
15796,yolo_x_cpu,244
15797,yolo_x_cpu,279
15798,yolo_x_cpu,274
15799,yolo_x_cpu,269
15800,yolo_x_cpu,268
15801,yolo_x_cpu,319
15802,yolo_x_cpu,329
15803,yolo_x_cpu,327
15804,yolo_x_cpu,313
15805,yolo_x_cpu,246
15806,yolo_x_cpu,283
15807,yolo_x_cpu,335
15808,yolo_x_cpu,424
15809,yolo_x_cpu,336
15810,yolo_x_cpu,290
15811,yolo_x_cpu,248
15812,yolo_x_cpu,306
15813,yolo_x_cpu,311
15814,yolo_x_cpu,333
15815,yolo_x_cpu,336
15816,yolo_x_cpu,360
15817,yolo_x_cpu,315
15818,yolo_x_cpu,395
15819,yolo_x_cpu,454
15820,yolo_x_cpu,516
15821,yolo_x_cpu,465
15822,yolo_x_cpu,298
15823,yolo_x_cpu,367
15824,yolo_x_cpu,356
15825,yolo_x_cpu,412
15826,yolo_x_cpu,427
15827,yolo_x_cpu,315
15828,yolo_x_cpu,421
15829,yolo_x_cpu,394
15830,yolo_x_cpu,293
15831,yolo_x_cpu,328
15832,yolo_x_cpu,430
15833,yolo_x_cpu,408
15834,yolo_x_cpu,404
15835,yolo_x_cpu,409
15836,yolo_x_cpu,458
15837,yolo_x_cpu,364
15838,yolo_x_cpu,468
15839,yolo_x_cpu,496
15840,yolo_x_cpu,627
15841,yolo_x_cpu,479
15842,yolo_x_cpu,466
15843,yolo_x_cpu,396
15844,yolo_x_cpu,408
15845,yolo_x_cpu,470
15846,yolo_x_cpu,459
15847,yolo_x_cpu,563
15848,yolo_x_cpu,496
15849,yolo_x_cpu,545
15850,yolo_x_cpu,491
15851,yolo_x_cpu,379
15852,yolo_x_cpu,457
15853,yolo_x_cpu,559
15854,yolo_x_cpu,437
15855,yolo_x_cpu,405
15856,yolo_x_cpu,522
15857,yolo_x_cpu,619
15858,yolo_x_cpu,675
15859,yolo_x_cpu,713
15860,yolo_x_cpu,548
15861,yolo_x_cpu,634
15862,yolo_x_cpu,693
15863,yolo_x_cpu,732
15864,yolo_x_cpu,692
15865,yolo_x_cpu,711
15866,yolo_x_cpu,631
15867,yolo_x_cpu,656
15868,yolo_x_cpu,618
15869,yolo_x_cpu,541
15870,yolo_x_cpu,566
15871,yolo_x_cpu,603
15872,yolo_x_cpu,630
15873,yolo_x_cpu,710
15874,yolo_x_cpu,609
15875,yolo_x_cpu,644
15876,yolo_x_cpu,679
15877,yolo_x_cpu,539
15878,yolo_x_cpu,465
15879,yolo_x_cpu,510
15880,yolo_x_cpu,619
15881,yolo_x_cpu,559
15882,yolo_x_cpu,566
15883,yolo_x_cpu,730
15884,yolo_x_cpu,467
15885,yolo_x_cpu,580
15886,yolo_x_cpu,614
15887,yolo_x_cpu,515
15888,yolo_x_cpu,456
15889,yolo_x_cpu,507
15890,yolo_x_cpu,580
15891,yolo_x_cpu,544
15892,yolo_x_cpu,793
15893,yolo_x_cpu,569
15894,yolo_x_cpu,724
15895,yolo_x_cpu,703
15896,yolo_x_cpu,780
15897,yolo_x_cpu,722
15898,yolo_x_cpu,665
15899,yolo_x_cpu,571
15900,yolo_x_cpu,606
15901,yolo_x_cpu,591
15902,yolo_x_cpu,616
15903,yolo_x_cpu,586
15904,yolo_x_cpu,579
15905,yolo_x_cpu,486
15906,yolo_x_cpu,536
15907,yolo_x_cpu,543
15908,yolo_x_cpu,494
15909,yolo_x_cpu,758
15910,yolo_x_cpu,609
15911,yolo_x_cpu,587
15912,yolo_x_cpu,552
15913,yolo_x_cpu,548
15914,yolo_x_cpu,613
15915,yolo_x_cpu,550
15916,yolo_x_cpu,507
15917,yolo_x_cpu,454
15918,yolo_x_cpu,560
15919,yolo_x_cpu,502
15920,yolo_x_cpu,765
15921,yolo_x_cpu,662
15922,yolo_x_cpu,639
15923,yolo_x_cpu,792
15924,yolo_x_cpu,510
15925,yolo_x_cpu,553
15926,yolo_x_cpu,679
15927,yolo_x_cpu,511
15928,yolo_x_cpu,495
15929,yolo_x_cpu,595
15930,yolo_x_cpu,487
15931,yolo_x_cpu,471
15932,yolo_x_cpu,500
15933,yolo_x_cpu,550
15934,yolo_x_cpu,590
15935,yolo_x_cpu,522
15936,yolo_x_cpu,715
15937,yolo_x_cpu,597
15938,yolo_x_cpu,622
15939,yolo_x_cpu,513
15940,yolo_x_cpu,516
15941,yolo_x_cpu,444
15942,yolo_x_cpu,517
15943,yolo_x_cpu,523
15944,yolo_x_cpu,549
15945,yolo_x_cpu,606
15946,yolo_x_cpu,610
15947,yolo_x_cpu,478
15948,yolo_x_cpu,557
15949,yolo_x_cpu,648
15950,yolo_x_cpu,508
15951,yolo_x_cpu,618
15952,yolo_x_cpu,558
15953,yolo_x_cpu,592
15954,yolo_x_cpu,459
15955,yolo_x_cpu,591
15956,yolo_x_cpu,625
15957,yolo_x_cpu,543
15958,yolo_x_cpu,480
15959,yolo_x_cpu,582
15960,yolo_x_cpu,528
15961,yolo_x_cpu,522
15962,yolo_x_cpu,627
15963,yolo_x_cpu,601
15964,yolo_x_cpu,564
15965,yolo_x_cpu,511
15966,yolo_x_cpu,452
15967,yolo_x_cpu,610
15968,yolo_x_cpu,545
15969,yolo_x_cpu,545
15970,yolo_x_cpu,620
15971,yolo_x_cpu,495
15972,yolo_x_cpu,720
15973,yolo_x_cpu,657
15974,yolo_x_cpu,572
15975,yolo_x_cpu,765
15976,yolo_x_cpu,645
15977,yolo_x_cpu,663
15978,yolo_x_cpu,649
15979,yolo_x_cpu,625
15980,yolo_x_cpu,756
15981,yolo_x_cpu,624
15982,yolo_x_cpu,792
15983,yolo_x_cpu,687
15984,yolo_x_cpu,695
15985,yolo_x_cpu,567
15986,yolo_x_cpu,649
15987,yolo_x_cpu,587
15988,yolo_x_cpu,618
15989,yolo_x_cpu,596
15990,yolo_x_cpu,552
15991,yolo_x_cpu,581
15992,yolo_x_cpu,687
15993,yolo_x_cpu,753
15994,yolo_x_cpu,689
15995,yolo_x_cpu,713
15996,yolo_x_cpu,577
15997,yolo_x_cpu,680
15998,yolo_x_cpu,679
15999,yolo_x_cpu,710
16000,yolo_x_cpu,636
16001,yolo_x_cpu,647
16002,yolo_x_cpu,815
16003,yolo_x_cpu,645
16004,yolo_x_cpu,668
16005,yolo_x_cpu,770
16006,yolo_x_cpu,658
16007,yolo_x_cpu,604
16008,yolo_x_cpu,703
16009,yolo_x_cpu,700
16010,yolo_x_cpu,558
16011,yolo_x_cpu,648
16012,yolo_x_cpu,622
16013,yolo_x_cpu,578
16014,yolo_x_cpu,480
16015,yolo_x_cpu,642
16016,yolo_x_cpu,609
16017,yolo_x_cpu,642
16018,yolo_x_cpu,636
16019,yolo_x_cpu,688
16020,yolo_x_cpu,624
16021,yolo_x_cpu,530
16022,yolo_x_cpu,514
16023,yolo_x_cpu,596
16024,yolo_x_cpu,727
16025,yolo_x_cpu,684
16026,yolo_x_cpu,750
16027,yolo_x_cpu,654
16028,yolo_x_cpu,579
16029,yolo_x_cpu,627
16030,yolo_x_cpu,597
16031,yolo_x_cpu,598
16032,yolo_x_cpu,638
16033,yolo_x_cpu,597
16034,yolo_x_cpu,665
16035,yolo_x_cpu,781
16036,yolo_x_cpu,741
16037,yolo_x_cpu,908
16038,yolo_x_cpu,774
16039,yolo_x_cpu,714
16040,yolo_x_cpu,603
16041,yolo_x_cpu,720
16042,yolo_x_cpu,708
16043,yolo_x_cpu,651
16044,yolo_x_cpu,660
16045,yolo_x_cpu,572
16046,yolo_x_cpu,702
16047,yolo_x_cpu,608
16048,yolo_x_cpu,505
16049,yolo_x_cpu,609
16050,yolo_x_cpu,621
16051,yolo_x_cpu,562
16052,yolo_x_cpu,666
16053,yolo_x_cpu,649
16054,yolo_x_cpu,601
16055,yolo_x_cpu,769
16056,yolo_x_cpu,751
16057,yolo_x_cpu,649
16058,yolo_x_cpu,633
16059,yolo_x_cpu,745
16060,yolo_x_cpu,484
16061,yolo_x_cpu,616
16062,yolo_x_cpu,523
16063,yolo_x_cpu,454
16064,yolo_x_cpu,540
16065,yolo_x_cpu,618
16066,yolo_x_cpu,609
16067,yolo_x_cpu,638
16068,yolo_x_cpu,541
16069,yolo_x_cpu,526
16070,yolo_x_cpu,661
16071,yolo_x_cpu,534
16072,yolo_x_cpu,591
16073,yolo_x_cpu,541
16074,yolo_x_cpu,621
16075,yolo_x_cpu,616
16076,yolo_x_cpu,666
16077,yolo_x_cpu,678
16078,yolo_x_cpu,687
16079,yolo_x_cpu,677
16080,yolo_x_cpu,638
16081,yolo_x_cpu,607
16082,yolo_x_cpu,664
16083,yolo_x_cpu,707
16084,yolo_x_cpu,733
16085,yolo_x_cpu,637
16086,yolo_x_cpu,628
16087,yolo_x_cpu,653
16088,yolo_x_cpu,659
16089,yolo_x_cpu,660
16090,yolo_x_cpu,724
16091,yolo_x_cpu,753
16092,yolo_x_cpu,791
16093,yolo_x_cpu,794
16094,yolo_x_cpu,915
16095,yolo_x_cpu,890
16096,yolo_x_cpu,816
16097,yolo_x_cpu,838
16098,yolo_x_cpu,1025
16099,yolo_x_cpu,990
16100,yolo_x_cpu,924
16101,yolo_x_cpu,1073
16102,yolo_x_cpu,1045
16103,yolo_x_cpu,1054
16104,yolo_x_cpu,1035
16105,yolo_x_cpu,1219
16106,yolo_x_cpu,1084
16107,yolo_x_cpu,1047
16108,yolo_x_cpu,1107
16109,yolo_x_cpu,1145
16110,yolo_x_cpu,1181
16111,yolo_x_cpu,1328
16112,yolo_x_cpu,1515
16113,yolo_x_cpu,1458
16114,yolo_x_cpu,1532
16115,yolo_x_cpu,1294
16116,yolo_x_cpu,1291
16117,yolo_x_cpu,1203
16118,yolo_x_cpu,1407
16119,yolo_x_cpu,1253
16120,yolo_x_cpu,1180
16121,yolo_x_cpu,1102
16122,yolo_x_cpu,1214
16123,yolo_x_cpu,1058
16124,yolo_x_cpu,1396
16125,yolo_x_cpu,1610
16126,yolo_x_cpu,1381
16127,yolo_x_cpu,1343
16128,yolo_x_cpu,1273
16129,yolo_x_cpu,1197
16130,yolo_x_cpu,1236
16131,yolo_x_cpu,1091
16132,yolo_x_cpu,1224
16133,yolo_x_cpu,1153
16134,yolo_x_cpu,959
16135,yolo_x_cpu,1149
16136,yolo_x_cpu,1261
16137,yolo_x_cpu,1263
16138,yolo_x_cpu,1169
16139,yolo_x_cpu,1129
16140,yolo_x_cpu,1181
16141,yolo_x_cpu,1208
16142,yolo_x_cpu,1048
16143,yolo_x_cpu,1127
16144,yolo_x_cpu,1252
16145,yolo_x_cpu,1177
16146,yolo_x_cpu,1181
16147,yolo_x_cpu,1067
16148,yolo_x_cpu,1039
16149,yolo_x_cpu,1007
16150,yolo_x_cpu,1073
16151,yolo_x_cpu,1173
16152,yolo_x_cpu,996
16153,yolo_x_cpu,1037
16154,yolo_x_cpu,954
16155,yolo_x_cpu,955
16156,yolo_x_cpu,1080
16157,yolo_x_cpu,1030
16158,yolo_x_cpu,1093
16159,yolo_x_cpu,1021
16160,yolo_x_cpu,948
16161,yolo_x_cpu,940
16162,yolo_x_cpu,937
16163,yolo_x_cpu,985
16164,yolo_x_cpu,1058
16165,yolo_x_cpu,1109
16166,yolo_x_cpu,1011
16167,yolo_x_cpu,928
16168,yolo_x_cpu,892
16169,yolo_x_cpu,835
16170,yolo_x_cpu,892
16171,yolo_x_cpu,759
16172,yolo_x_cpu,705
16173,yolo_x_cpu,877
16174,yolo_x_cpu,810
16175,yolo_x_cpu,964
16176,yolo_x_cpu,838
16177,yolo_x_cpu,881
16178,yolo_x_cpu,798
16179,yolo_x_cpu,644
16180,yolo_x_cpu,733
16181,yolo_x_cpu,846
16182,yolo_x_cpu,869
16183,yolo_x_cpu,902
16184,yolo_x_cpu,1008
16185,yolo_x_cpu,887
16186,yolo_x_cpu,1018
16187,yolo_x_cpu,825
16188,yolo_x_cpu,823
16189,yolo_x_cpu,824
16190,yolo_x_cpu,914
16191,yolo_x_cpu,1038
16192,yolo_x_cpu,934
16193,yolo_x_cpu,918
16194,yolo_x_cpu,977
16195,yolo_x_cpu,931
16196,yolo_x_cpu,971
16197,yolo_x_cpu,924
16198,yolo_x_cpu,970
16199,yolo_x_cpu,851
16200,yolo_x_cpu,708
16201,yolo_x_cpu,746
16202,yolo_x_cpu,807
16203,yolo_x_cpu,946
16204,yolo_x_cpu,800
16205,yolo_x_cpu,836
16206,yolo_x_cpu,988
16207,yolo_x_cpu,920
16208,yolo_x_cpu,915
16209,yolo_x_cpu,758
16210,yolo_x_cpu,816
16211,yolo_x_cpu,814
16212,yolo_x_cpu,768
16213,yolo_x_cpu,878
16214,yolo_x_cpu,862
16215,yolo_x_cpu,726
16216,yolo_x_cpu,780
16217,yolo_x_cpu,806
16218,yolo_x_cpu,839
16219,yolo_x_cpu,830
16220,yolo_x_cpu,865
16221,yolo_x_cpu,734
16222,yolo_x_cpu,626
16223,yolo_x_cpu,603
16224,yolo_x_cpu,568
16225,yolo_x_cpu,744
16226,yolo_x_cpu,623
16227,yolo_x_cpu,681
16228,yolo_x_cpu,684
16229,yolo_x_cpu,650
16230,yolo_x_cpu,662
16231,yolo_x_cpu,670
16232,yolo_x_cpu,575
16233,yolo_x_cpu,650
16234,yolo_x_cpu,556
16235,yolo_x_cpu,567
16236,yolo_x_cpu,622
16237,yolo_x_cpu,768
16238,yolo_x_cpu,676
16239,yolo_x_cpu,537
16240,yolo_x_cpu,544
16241,yolo_x_cpu,490
16242,yolo_x_cpu,527
16243,yolo_x_cpu,508
16244,yolo_x_cpu,452
16245,yolo_x_cpu,489
16246,yolo_x_cpu,511
16247,yolo_x_cpu,499
16248,yolo_x_cpu,486
16249,yolo_x_cpu,536
16250,yolo_x_cpu,526
16251,yolo_x_cpu,483
16252,yolo_x_cpu,472
16253,yolo_x_cpu,582
16254,yolo_x_cpu,534
16255,yolo_x_cpu,633
16256,yolo_x_cpu,548
16257,yolo_x_cpu,595
16258,yolo_x_cpu,559
16259,yolo_x_cpu,658
16260,yolo_x_cpu,660
16261,yolo_x_cpu,674
16262,yolo_x_cpu,681
16263,yolo_x_cpu,764
16264,yolo_x_cpu,547
16265,yolo_x_cpu,440
16266,yolo_x_cpu,495
16267,yolo_x_cpu,686
16268,yolo_x_cpu,691
16269,yolo_x_cpu,555
16270,yolo_x_cpu,641
16271,yolo_x_cpu,679
16272,yolo_x_cpu,617
16273,yolo_x_cpu,609
16274,yolo_x_cpu,709
16275,yolo_x_cpu,714
16276,yolo_x_cpu,731
16277,yolo_x_cpu,640
16278,yolo_x_cpu,666
16279,yolo_x_cpu,654
16280,yolo_x_cpu,859
16281,yolo_x_cpu,721
16282,yolo_x_cpu,561
16283,yolo_x_cpu,541
16284,yolo_x_cpu,605
16285,yolo_x_cpu,645
16286,yolo_x_cpu,685
16287,yolo_x_cpu,689
16288,yolo_x_cpu,712
16289,yolo_x_cpu,550
16290,yolo_x_cpu,580
16291,yolo_x_cpu,527
16292,yolo_x_cpu,512
16293,yolo_x_cpu,568
16294,yolo_x_cpu,749
16295,yolo_x_cpu,721
16296,yolo_x_cpu,661
16297,yolo_x_cpu,615
16298,yolo_x_cpu,460
16299,yolo_x_cpu,599
16300,yolo_x_cpu,566
16301,yolo_x_cpu,554
16302,yolo_x_cpu,524
16303,yolo_x_cpu,531
16304,yolo_x_cpu,562
16305,yolo_x_cpu,604
16306,yolo_x_cpu,606
16307,yolo_x_cpu,662
16308,yolo_x_cpu,609
16309,yolo_x_cpu,617
16310,yolo_x_cpu,577
16311,yolo_x_cpu,754
16312,yolo_x_cpu,709
16313,yolo_x_cpu,638
16314,yolo_x_cpu,634
16315,yolo_x_cpu,697
16316,yolo_x_cpu,613
16317,yolo_x_cpu,763
16318,yolo_x_cpu,591
16319,yolo_x_cpu,659
16320,yolo_x_cpu,668
16321,yolo_x_cpu,752
16322,yolo_x_cpu,657
16323,yolo_x_cpu,751
16324,yolo_x_cpu,790
16325,yolo_x_cpu,902
16326,yolo_x_cpu,791
16327,yolo_x_cpu,774
16328,yolo_x_cpu,879
16329,yolo_x_cpu,1006
16330,yolo_x_cpu,1026
16331,yolo_x_cpu,875
16332,yolo_x_cpu,778
16333,yolo_x_cpu,749
16334,yolo_x_cpu,945
16335,yolo_x_cpu,747
16336,yolo_x_cpu,778
16337,yolo_x_cpu,835
16338,yolo_x_cpu,760
16339,yolo_x_cpu,804
16340,yolo_x_cpu,893
16341,yolo_x_cpu,1148
16342,yolo_x_cpu,901
16343,yolo_x_cpu,759
16344,yolo_x_cpu,727
16345,yolo_x_cpu,827
16346,yolo_x_cpu,900
16347,yolo_x_cpu,1067
16348,yolo_x_cpu,997
16349,yolo_x_cpu,870
16350,yolo_x_cpu,803
16351,yolo_x_cpu,835
16352,yolo_x_cpu,946
16353,yolo_x_cpu,1024
16354,yolo_x_cpu,1055
16355,yolo_x_cpu,961
16356,yolo_x_cpu,1014
16357,yolo_x_cpu,988
16358,yolo_x_cpu,920
16359,yolo_x_cpu,1065
16360,yolo_x_cpu,1093
16361,yolo_x_cpu,975
16362,yolo_x_cpu,1022
16363,yolo_x_cpu,1152
16364,yolo_x_cpu,1211
16365,yolo_x_cpu,1080
16366,yolo_x_cpu,1227
16367,yolo_x_cpu,1081
16368,yolo_x_cpu,1144
16369,yolo_x_cpu,1065
16370,yolo_x_cpu,1168
16371,yolo_x_cpu,1384
16372,yolo_x_cpu,1203
16373,yolo_x_cpu,1221
16374,yolo_x_cpu,1247
16375,yolo_x_cpu,1301
16376,yolo_x_cpu,1193
16377,yolo_x_cpu,1139
16378,yolo_x_cpu,1105
16379,yolo_x_cpu,1349
16380,yolo_x_cpu,1415
16381,yolo_x_cpu,1345
16382,yolo_x_cpu,1358
16383,yolo_x_cpu,1525
16384,yolo_x_cpu,1276
16385,yolo_x_cpu,1357
16386,yolo_x_cpu,1523
16387,yolo_x_cpu,1415
16388,yolo_x_cpu,1198
16389,yolo_x_cpu,1326
16390,yolo_x_cpu,1293
16391,yolo_x_cpu,1349
16392,yolo_x_cpu,1290
16393,yolo_x_cpu,1311
16394,yolo_x_cpu,1348
16395,yolo_x_cpu,1218
16396,yolo_x_cpu,1415
16397,yolo_x_cpu,1374
16398,yolo_x_cpu,1214
16399,yolo_x_cpu,1444
16400,yolo_x_cpu,1334
16401,yolo_x_cpu,1405
16402,yolo_x_cpu,1492
16403,yolo_x_cpu,1434
16404,yolo_x_cpu,1448
16405,yolo_x_cpu,1433
16406,yolo_x_cpu,1496
16407,yolo_x_cpu,1483
16408,yolo_x_cpu,1430
16409,yolo_x_cpu,1458
16410,yolo_x_cpu,1488
16411,yolo_x_cpu,1436
16412,yolo_x_cpu,1304
16413,yolo_x_cpu,1405
16414,yolo_x_cpu,1351
16415,yolo_x_cpu,1442
16416,yolo_x_cpu,1407
16417,yolo_x_cpu,1464
16418,yolo_x_cpu,1587
16419,yolo_x_cpu,1514
16420,yolo_x_cpu,1598
16421,yolo_x_cpu,1459
16422,yolo_x_cpu,1516
16423,yolo_x_cpu,1601
16424,yolo_x_cpu,1540
16425,yolo_x_cpu,1529
16426,yolo_x_cpu,1523
16427,yolo_x_cpu,1444
16428,yolo_x_cpu,1503
16429,yolo_x_cpu,1536
16430,yolo_x_cpu,1668
16431,yolo_x_cpu,1490
16432,yolo_x_cpu,1577
16433,yolo_x_cpu,1638
16434,yolo_x_cpu,1505
16435,yolo_x_cpu,1280
16436,yolo_x_cpu,1643
16437,yolo_x_cpu,1512
16438,yolo_x_cpu,1439
16439,yolo_x_cpu,1424
16440,yolo_x_cpu,1573
16441,yolo_x_cpu,1568
16442,yolo_x_cpu,1547
16443,yolo_x_cpu,1634
16444,yolo_x_cpu,1630
16445,yolo_x_cpu,1647
16446,yolo_x_cpu,1414
16447,yolo_x_cpu,1487
16448,yolo_x_cpu,1412
16449,yolo_x_cpu,1609
16450,yolo_x_cpu,1478
16451,yolo_x_cpu,1448
16452,yolo_x_cpu,1493
16453,yolo_x_cpu,1716
16454,yolo_x_cpu,1614
16455,yolo_x_cpu,1543
16456,yolo_x_cpu,1599
16457,yolo_x_cpu,1570
16458,yolo_x_cpu,1653
16459,yolo_x_cpu,1613
16460,yolo_x_cpu,1487
16461,yolo_x_cpu,1551
16462,yolo_x_cpu,1504
16463,yolo_x_cpu,1741
16464,yolo_x_cpu,1550
16465,yolo_x_cpu,1663
16466,yolo_x_cpu,1387
16467,yolo_x_cpu,1607
16468,yolo_x_cpu,1606
16469,yolo_x_cpu,1576
16470,yolo_x_cpu,1510
16471,yolo_x_cpu,1603
16472,yolo_x_cpu,1491
16473,yolo_x_cpu,1528
16474,yolo_x_cpu,1642
16475,yolo_x_cpu,1689
16476,yolo_x_cpu,1756
16477,yolo_x_cpu,1548
16478,yolo_x_cpu,1776
16479,yolo_x_cpu,1876
16480,yolo_x_cpu,1725
16481,yolo_x_cpu,1627
16482,yolo_x_cpu,1534
16483,yolo_x_cpu,1625
16484,yolo_x_cpu,1802
16485,yolo_x_cpu,1776
16486,yolo_x_cpu,1734
16487,yolo_x_cpu,1637
16488,yolo_x_cpu,1743
16489,yolo_x_cpu,1799
16490,yolo_x_cpu,1701
16491,yolo_x_cpu,1819
16492,yolo_x_cpu,1702
16493,yolo_x_cpu,1727
16494,yolo_x_cpu,1847
16495,yolo_x_cpu,1756
16496,yolo_x_cpu,1625
16497,yolo_x_cpu,1685
16498,yolo_x_cpu,1856
16499,yolo_x_cpu,1914
16500,yolo_x_cpu,1866
16501,yolo_x_cpu,1869
16502,yolo_x_cpu,1844
16503,yolo_x_cpu,1985
16504,yolo_x_cpu,1821
16505,yolo_x_cpu,1745
16506,yolo_x_cpu,1846
16507,yolo_x_cpu,1975
16508,yolo_x_cpu,1926
16509,yolo_x_cpu,1783
16510,yolo_x_cpu,1750
16511,yolo_x_cpu,1779
16512,yolo_x_cpu,2031
16513,yolo_x_cpu,2027
16514,yolo_x_cpu,1906
16515,yolo_x_cpu,1980
16516,yolo_x_cpu,1654
16517,yolo_x_cpu,1902
16518,yolo_x_cpu,1822
16519,yolo_x_cpu,1756
16520,yolo_x_cpu,1833
16521,yolo_x_cpu,2013
16522,yolo_x_cpu,1950
16523,yolo_x_cpu,1915
16524,yolo_x_cpu,1886
16525,yolo_x_cpu,1893
16526,yolo_x_cpu,1780
16527,yolo_x_cpu,1899
16528,yolo_x_cpu,1965
16529,yolo_x_cpu,1864
16530,yolo_x_cpu,1870
16531,yolo_x_cpu,1855
16532,yolo_x_cpu,1963
16533,yolo_x_cpu,1961
16534,yolo_x_cpu,1874
16535,yolo_x_cpu,2005
16536,yolo_x_cpu,1825
16537,yolo_x_cpu,1883
16538,yolo_x_cpu,1887
16539,yolo_x_cpu,2003
16540,yolo_x_cpu,1857
16541,yolo_x_cpu,1930
16542,yolo_x_cpu,1862
16543,yolo_x_cpu,2021
16544,yolo_x_cpu,1857
16545,yolo_x_cpu,1937
16546,yolo_x_cpu,1886
16547,yolo_x_cpu,1883
16548,yolo_x_cpu,1846
16549,yolo_x_cpu,1918
16550,yolo_x_cpu,1848
16551,yolo_x_cpu,1852
16552,yolo_x_cpu,1881
16553,yolo_x_cpu,1774
16554,yolo_x_cpu,1911
16555,yolo_x_cpu,1723
16556,yolo_x_cpu,1662
16557,yolo_x_cpu,1659
16558,yolo_x_cpu,1775
16559,yolo_x_cpu,1885
16560,yolo_x_cpu,1738
16561,yolo_x_cpu,2111
16562,yolo_x_cpu,1872
16563,yolo_x_cpu,1854
16564,yolo_x_cpu,1893
16565,yolo_x_cpu,1871
16566,yolo_x_cpu,1840
16567,yolo_x_cpu,1804
16568,yolo_x_cpu,1838
16569,yolo_x_cpu,1816
16570,yolo_x_cpu,2082
16571,yolo_x_cpu,1758
16572,yolo_x_cpu,1942
16573,yolo_x_cpu,1808
16574,yolo_x_cpu,2017
16575,yolo_x_cpu,1775
16576,yolo_x_cpu,2110
16577,yolo_x_cpu,1931
16578,yolo_x_cpu,1808
16579,yolo_x_cpu,1825
16580,yolo_x_cpu,1934
16581,yolo_x_cpu,1908
16582,yolo_x_cpu,1837
16583,yolo_x_cpu,1709
16584,yolo_x_cpu,1772
16585,yolo_x_cpu,1858
16586,yolo_x_cpu,1957
16587,yolo_x_cpu,1989
16588,yolo_x_cpu,1910
16589,yolo_x_cpu,1811
16590,yolo_x_cpu,2133
16591,yolo_x_cpu,2176
16592,yolo_x_cpu,1906
16593,yolo_x_cpu,1970
16594,yolo_x_cpu,1957
16595,yolo_x_cpu,1891
16596,yolo_x_cpu,1895
16597,yolo_x_cpu,1815
16598,yolo_x_cpu,1825
16599,yolo_x_cpu,1752
16600,yolo_x_cpu,1784
16601,yolo_x_cpu,1703
16602,yolo_x_cpu,1824
16603,yolo_x_cpu,1827
16604,yolo_x_cpu,1925
16605,yolo_x_cpu,1739
16606,yolo_x_cpu,1680
16607,yolo_x_cpu,1846
16608,yolo_x_cpu,1715
16609,yolo_x_cpu,1668
16610,yolo_x_cpu,1687
16611,yolo_x_cpu,1830
16612,yolo_x_cpu,1689
16613,yolo_x_cpu,1598
16614,yolo_x_cpu,1702
16615,yolo_x_cpu,1722
16616,yolo_x_cpu,1693
16617,yolo_x_cpu,1697
16618,yolo_x_cpu,1662
16619,yolo_x_cpu,1694
16620,yolo_x_cpu,1807
16621,yolo_x_cpu,1940
16622,yolo_x_cpu,1792
16623,yolo_x_cpu,1852
16624,yolo_x_cpu,1819
16625,yolo_x_cpu,1949
16626,yolo_x_cpu,1650
16627,yolo_x_cpu,1828
16628,yolo_x_cpu,1839
16629,yolo_x_cpu,1570
16630,yolo_x_cpu,1768
16631,yolo_x_cpu,1632
16632,yolo_x_cpu,1725
16633,yolo_x_cpu,1635
16634,yolo_x_cpu,1589
16635,yolo_x_cpu,1528
16636,yolo_x_cpu,1606
16637,yolo_x_cpu,1639
16638,yolo_x_cpu,1581
16639,yolo_x_cpu,1497
16640,yolo_x_cpu,1610
16641,yolo_x_cpu,1610
16642,yolo_x_cpu,1706
16643,yolo_x_cpu,1696
16644,yolo_x_cpu,1520
16645,yolo_x_cpu,1501
16646,yolo_x_cpu,1687
16647,yolo_x_cpu,1583
16648,yolo_x_cpu,1517
16649,yolo_x_cpu,1445
16650,yolo_x_cpu,1681
16651,yolo_x_cpu,1655
16652,yolo_x_cpu,1737
16653,yolo_x_cpu,1768
16654,yolo_x_cpu,1532
16655,yolo_x_cpu,1441
16656,yolo_x_cpu,1385
16657,yolo_x_cpu,1477
16658,yolo_x_cpu,1507
16659,yolo_x_cpu,1486
16660,yolo_x_cpu,1423
16661,yolo_x_cpu,1436
16662,yolo_x_cpu,1473
16663,yolo_x_cpu,1524
16664,yolo_x_cpu,1274
16665,yolo_x_cpu,1432
16666,yolo_x_cpu,1391
16667,yolo_x_cpu,1457
16668,yolo_x_cpu,1320
16669,yolo_x_cpu,1469
16670,yolo_x_cpu,1428
16671,yolo_x_cpu,1414
16672,yolo_x_cpu,1303
16673,yolo_x_cpu,1258
16674,yolo_x_cpu,1440
16675,yolo_x_cpu,1556
16676,yolo_x_cpu,1401
16677,yolo_x_cpu,1444
16678,yolo_x_cpu,1569
16679,yolo_x_cpu,1445
16680,yolo_x_cpu,1167
16681,yolo_x_cpu,1199
16682,yolo_x_cpu,1312
16683,yolo_x_cpu,1147
16684,yolo_x_cpu,1241
16685,yolo_x_cpu,1082
16686,yolo_x_cpu,1113
16687,yolo_x_cpu,1281
16688,yolo_x_cpu,1244
16689,yolo_x_cpu,1231
16690,yolo_x_cpu,1058
16691,yolo_x_cpu,1218
16692,yolo_x_cpu,1094
16693,yolo_x_cpu,1173
16694,yolo_x_cpu,1141
16695,yolo_x_cpu,995
16696,yolo_x_cpu,1109
16697,yolo_x_cpu,1011
16698,yolo_x_cpu,1240
16699,yolo_x_cpu,1038
16700,yolo_x_cpu,1296
16701,yolo_x_cpu,1091
16702,yolo_x_cpu,1180
16703,yolo_x_cpu,1170
16704,yolo_x_cpu,995
16705,yolo_x_cpu,1111
16706,yolo_x_cpu,995
16707,yolo_x_cpu,985
16708,yolo_x_cpu,942
16709,yolo_x_cpu,1011
16710,yolo_x_cpu,1047
16711,yolo_x_cpu,990
16712,yolo_x_cpu,1066
16713,yolo_x_cpu,875
16714,yolo_x_cpu,799
16715,yolo_x_cpu,963
16716,yolo_x_cpu,1073
16717,yolo_x_cpu,902
16718,yolo_x_cpu,949
16719,yolo_x_cpu,985
16720,yolo_x_cpu,862
16721,yolo_x_cpu,848
16722,yolo_x_cpu,862
16723,yolo_x_cpu,863
16724,yolo_x_cpu,844
16725,yolo_x_cpu,774
16726,yolo_x_cpu,807
16727,yolo_x_cpu,664
16728,yolo_x_cpu,717
16729,yolo_x_cpu,742
16730,yolo_x_cpu,799
16731,yolo_x_cpu,739
16732,yolo_x_cpu,691
16733,yolo_x_cpu,743
16734,yolo_x_cpu,672
16735,yolo_x_cpu,770
16736,yolo_x_cpu,851
16737,yolo_x_cpu,746
16738,yolo_x_cpu,706
16739,yolo_x_cpu,779
16740,yolo_x_cpu,609
16741,yolo_x_cpu,522
16742,yolo_x_cpu,804
16743,yolo_x_cpu,726
16744,yolo_x_cpu,737
16745,yolo_x_cpu,641
16746,yolo_x_cpu,833
16747,yolo_x_cpu,686
16748,yolo_x_cpu,494
16749,yolo_x_cpu,512
16750,yolo_x_cpu,635
16751,yolo_x_cpu,523
16752,yolo_x_cpu,447
16753,yolo_x_cpu,453
16754,yolo_x_cpu,458
16755,yolo_x_cpu,427
16756,yolo_x_cpu,419
16757,yolo_x_cpu,512
16758,yolo_x_cpu,453
16759,yolo_x_cpu,441
16760,yolo_x_cpu,521
16761,yolo_x_cpu,343
16762,yolo_x_cpu,414
16763,yolo_x_cpu,360
16764,yolo_x_cpu,340
16765,yolo_x_cpu,321
16766,yolo_x_cpu,336
16767,yolo_x_cpu,303
16768,yolo_x_cpu,318
16769,yolo_x_cpu,280
16770,yolo_x_cpu,316
16771,yolo_x_cpu,292
16772,yolo_x_cpu,342
16773,yolo_x_cpu,315
16774,yolo_x_cpu,404
16775,yolo_x_cpu,289
16776,yolo_x_cpu,307
16777,yolo_x_cpu,294
16778,yolo_x_cpu,340
16779,yolo_x_cpu,390
16780,yolo_x_cpu,476
16781,yolo_x_cpu,368
16782,yolo_x_cpu,239
16783,yolo_x_cpu,306
16784,yolo_x_cpu,393
16785,yolo_x_cpu,413
16786,yolo_x_cpu,303
16787,yolo_x_cpu,343
16788,yolo_x_cpu,331
16789,yolo_x_cpu,259
16790,yolo_x_cpu,206
16791,yolo_x_cpu,256
16792,yolo_x_cpu,223
16793,yolo_x_cpu,195
16794,yolo_x_cpu,252
16795,yolo_x_cpu,247
16796,yolo_x_cpu,314
16797,yolo_x_cpu,193
16798,yolo_x_cpu,393
16799,yolo_x_cpu,317
16800,yolo_x_cpu,270
16801,yolo_x_cpu,214
16802,yolo_x_cpu,267
16803,yolo_x_cpu,170
16804,yolo_x_cpu,220
16805,yolo_x_cpu,196
16806,yolo_x_cpu,173
16807,yolo_x_cpu,190
16808,yolo_x_cpu,199
16809,yolo_x_cpu,240
16810,yolo_x_cpu,144
16811,yolo_x_cpu,188
16812,yolo_x_cpu,184
16813,yolo_x_cpu,304
16814,yolo_x_cpu,241
16815,yolo_x_cpu,159
16816,yolo_x_cpu,122
16817,yolo_x_cpu,138
16818,yolo_x_cpu,152
16819,yolo_x_cpu,155
16820,yolo_x_cpu,165
16821,yolo_x_cpu,149
16822,yolo_x_cpu,170
16823,yolo_x_cpu,276
16824,yolo_x_cpu,159
16825,yolo_x_cpu,157
16826,yolo_x_cpu,118
16827,yolo_x_cpu,125
16828,yolo_x_cpu,152
16829,yolo_x_cpu,182
16830,yolo_x_cpu,126
16831,yolo_x_cpu,141
16832,yolo_x_cpu,125
16833,yolo_x_cpu,184
16834,yolo_x_cpu,88
16835,yolo_x_cpu,125
16836,yolo_x_cpu,177
16837,yolo_x_cpu,140
16838,yolo_x_cpu,158
16839,yolo_x_cpu,89
16840,yolo_x_cpu,139
16841,yolo_x_cpu,115
16842,yolo_x_cpu,123
16843,yolo_x_cpu,78
16844,yolo_x_cpu,176
16845,yolo_x_cpu,97
16846,yolo_x_cpu,68
16847,yolo_x_cpu,139
16848,yolo_x_cpu,114
16849,yolo_x_cpu,80
16850,yolo_x_cpu,206
16851,yolo_x_cpu,99
16852,yolo_x_cpu,67
16853,yolo_x_cpu,87
16854,yolo_x_cpu,80
16855,yolo_x_cpu,86
16856,yolo_x_cpu,64
16857,yolo_x_cpu,61
16858,yolo_x_cpu,93
16859,yolo_x_cpu,103
16860,yolo_x_cpu,122
16861,yolo_x_cpu,106
16862,yolo_x_cpu,81
16863,yolo_x_cpu,65
16864,yolo_x_cpu,82
16865,yolo_x_cpu,55
16866,yolo_x_cpu,83
16867,yolo_x_cpu,78
16868,yolo_x_cpu,93
16869,yolo_x_cpu,90
16870,yolo_x_cpu,79
16871,yolo_x_cpu,79
16872,yolo_x_cpu,80
16873,yolo_x_cpu,84
16874,yolo_x_cpu,44
16875,yolo_x_cpu,62
16876,yolo_x_cpu,55
16877,yolo_x_cpu,80
16878,yolo_x_cpu,75
16879,yolo_x_cpu,43
16880,yolo_x_cpu,77
16881,yolo_x_cpu,73
16882,yolo_x_cpu,112
16883,yolo_x_cpu,67
16884,yolo_x_cpu,59
16885,yolo_x_cpu,110
16886,yolo_x_cpu,90
16887,yolo_x_cpu,41
16888,yolo_x_cpu,45
16889,yolo_x_cpu,31
16890,yolo_x_cpu,31
16891,yolo_x_cpu,74
16892,yolo_x_cpu,52
16893,yolo_x_cpu,34
16894,yolo_x_cpu,53
16895,yolo_x_cpu,33
16896,yolo_x_cpu,25
16897,yolo_x_cpu,49
16898,yolo_x_cpu,59
16899,yolo_x_cpu,32
16900,yolo_x_cpu,45
16901,yolo_x_cpu,52
16902,yolo_x_cpu,28
16903,yolo_x_cpu,36
16904,yolo_x_cpu,34
16905,yolo_x_cpu,34
16906,yolo_x_cpu,50
16907,yolo_x_cpu,34
16908,yolo_x_cpu,50
16909,yolo_x_cpu,60
16910,yolo_x_cpu,52
16911,yolo_x_cpu,65
16912,yolo_x_cpu,29
16913,yolo_x_cpu,22
16914,yolo_x_cpu,22
16915,yolo_x_cpu,25
16916,yolo_x_cpu,41
16917,yolo_x_cpu,61
16918,yolo_x_cpu,37
16919,yolo_x_cpu,34
16920,yolo_x_cpu,36
16921,yolo_x_cpu,22
16922,yolo_x_cpu,24
16923,yolo_x_cpu,40
16924,yolo_x_cpu,14
16925,yolo_x_cpu,41
16926,yolo_x_cpu,47
16927,yolo_x_cpu,30
16928,yolo_x_cpu,22
16929,yolo_x_cpu,33
16930,yolo_x_cpu,30
16931,yolo_x_cpu,39
16932,yolo_x_cpu,38
16933,yolo_x_cpu,33
16934,yolo_x_cpu,24
16935,yolo_x_cpu,35
16936,yolo_x_cpu,36
16937,yolo_x_cpu,23
16938,yolo_x_cpu,54
16939,yolo_x_cpu,72
16940,yolo_x_cpu,131
16941,yolo_x_cpu,34
16942,yolo_x_cpu,20
16943,yolo_x_cpu,23
16944,yolo_x_cpu,17
16945,yolo_x_cpu,31
16946,yolo_x_cpu,17
16947,yolo_x_cpu,22
16948,yolo_x_cpu,46
16949,yolo_x_cpu,28
16950,yolo_x_cpu,52
16951,yolo_x_cpu,22
16952,yolo_x_cpu,35
16953,yolo_x_cpu,25
16954,yolo_x_cpu,8
16955,yolo_x_cpu,7
16956,yolo_x_cpu,16
16957,yolo_x_cpu,11
16958,yolo_x_cpu,12
16959,yolo_x_cpu,10
16960,yolo_x_cpu,35
16961,yolo_x_cpu,16
16962,yolo_x_cpu,36
16963,yolo_x_cpu,22
16964,yolo_x_cpu,15
16965,yolo_x_cpu,25
16966,yolo_x_cpu,9
16967,yolo_x_cpu,58
16968,yolo_x_cpu,34
16969,yolo_x_cpu,23
16970,yolo_x_cpu,20
16971,yolo_x_cpu,31
16972,yolo_x_cpu,18
16973,yolo_x_cpu,21
16974,yolo_x_cpu,13
16975,yolo_x_cpu,40
16976,yolo_x_cpu,22
16977,yolo_x_cpu,27
16978,yolo_x_cpu,51
16979,yolo_x_cpu,35
16980,yolo_x_cpu,29
16981,yolo_x_cpu,18
16982,yolo_x_cpu,34
16983,yolo_x_cpu,22
16984,yolo_x_cpu,16
16985,yolo_x_cpu,58
16986,yolo_x_cpu,84
16987,yolo_x_cpu,109
16988,yolo_x_cpu,93
16989,yolo_x_cpu,72
16990,yolo_x_cpu,40
16991,yolo_x_cpu,74
16992,yolo_x_cpu,66
16993,yolo_x_cpu,66
16994,yolo_x_cpu,69
16995,yolo_x_cpu,112
16996,yolo_x_cpu,91
16997,yolo_x_cpu,54
16998,yolo_x_cpu,58
16999,yolo_x_cpu,63
17000,yolo_x_cpu,28
17001,yolo_x_cpu,11
17002,yolo_x_cpu,39
17003,yolo_x_cpu,39
17004,yolo_x_cpu,36
17005,yolo_x_cpu,23
17006,yolo_x_cpu,57
17007,yolo_x_cpu,6
17008,yolo_x_cpu,24
17009,yolo_x_cpu,24
17010,yolo_x_cpu,20
17011,yolo_x_cpu,37
17012,yolo_x_cpu,34
17013,yolo_x_cpu,21
17014,yolo_x_cpu,11
17015,yolo_x_cpu,6
17016,yolo_x_cpu,17
17017,yolo_x_cpu,38
17018,yolo_x_cpu,80
17019,yolo_x_cpu,79
17020,yolo_x_cpu,102
17021,yolo_x_cpu,129
17022,yolo_x_cpu,37
17023,yolo_x_cpu,65
17024,yolo_x_cpu,132
17025,yolo_x_cpu,109
17026,yolo_x_cpu,68
17027,yolo_x_cpu,47
17028,yolo_x_cpu,118
17029,yolo_x_cpu,38
17030,yolo_x_cpu,16
17031,yolo_x_cpu,18
17032,yolo_x_cpu,13
17033,yolo_x_cpu,21
17034,yolo_x_cpu,9
17035,yolo_x_cpu,22
17036,yolo_x_cpu,16
17037,yolo_x_cpu,31
17038,yolo_x_cpu,15
17039,yolo_x_cpu,19
17040,yolo_x_cpu,19
17041,yolo_x_cpu,6
17042,yolo_x_cpu,17
17043,yolo_x_cpu,25
17044,yolo_x_cpu,16
17045,yolo_x_cpu,8
17046,yolo_x_cpu,9
17047,yolo_x_cpu,12
17048,yolo_x_cpu,10
17049,yolo_x_cpu,45
17050,yolo_x_cpu,26
17051,yolo_x_cpu,19
17052,yolo_x_cpu,14
17053,yolo_x_cpu,9
17054,yolo_x_cpu,20
17055,yolo_x_cpu,22
17056,yolo_x_cpu,38
17057,yolo_x_cpu,20
17058,yolo_x_cpu,8
17059,yolo_x_cpu,35
17060,yolo_x_cpu,28
17061,yolo_x_cpu,18
17062,yolo_x_cpu,17
17063,yolo_x_cpu,11
17064,yolo_x_cpu,17
17065,yolo_x_cpu,25
17066,yolo_x_cpu,17
17067,yolo_x_cpu,5
17068,yolo_x_cpu,20
17069,yolo_x_cpu,14
17070,yolo_x_cpu,21
17071,yolo_x_cpu,14
17072,yolo_x_cpu,40
17073,yolo_x_cpu,13
17074,yolo_x_cpu,16
17075,yolo_x_cpu,28
17076,yolo_x_cpu,10
17077,yolo_x_cpu,4
17078,yolo_x_cpu,9
17079,yolo_x_cpu,21
17080,yolo_x_cpu,19
17081,yolo_x_cpu,16
17082,yolo_x_cpu,30
17083,yolo_x_cpu,9
17084,yolo_x_cpu,64
17085,yolo_x_cpu,37
17086,yolo_x_cpu,31
17087,yolo_x_cpu,59
17088,yolo_x_cpu,18
17089,yolo_x_cpu,31
17090,yolo_x_cpu,32
17091,yolo_x_cpu,7
17092,yolo_x_cpu,14
17093,yolo_x_cpu,23
17094,yolo_x_cpu,15
17095,yolo_x_cpu,23
17096,yolo_x_cpu,38
17097,yolo_x_cpu,17
17098,yolo_x_cpu,15
17099,yolo_x_cpu,23
17100,yolo_x_cpu,35
17101,yolo_x_cpu,35
17102,yolo_x_cpu,25
17103,yolo_x_cpu,45
17104,yolo_x_cpu,35
17105,yolo_x_cpu,51
17106,yolo_x_cpu,33
17107,yolo_x_cpu,55
17108,yolo_x_cpu,69
17109,yolo_x_cpu,24
17110,yolo_x_cpu,59
17111,yolo_x_cpu,47
17112,yolo_x_cpu,71
17113,yolo_x_cpu,82
17114,yolo_x_cpu,67
17115,yolo_x_cpu,67
17116,yolo_x_cpu,135
17117,yolo_x_cpu,81
17118,yolo_x_cpu,47
17119,yolo_x_cpu,37
17120,yolo_x_cpu,49
17121,yolo_x_cpu,43
17122,yolo_x_cpu,39
17123,yolo_x_cpu,21
17124,yolo_x_cpu,30
17125,yolo_x_cpu,32
17126,yolo_x_cpu,37
17127,yolo_x_cpu,29
17128,yolo_x_cpu,43
17129,yolo_x_cpu,32
17130,yolo_x_cpu,33
17131,yolo_x_cpu,48
17132,yolo_x_cpu,42
17133,yolo_x_cpu,51
17134,yolo_x_cpu,19
17135,yolo_x_cpu,60
17136,yolo_x_cpu,36
17137,yolo_x_cpu,76
17138,yolo_x_cpu,55
17139,yolo_x_cpu,64
17140,yolo_x_cpu,40
17141,yolo_x_cpu,67
17142,yolo_x_cpu,87
17143,yolo_x_cpu,64
17144,yolo_x_cpu,42
17145,yolo_x_cpu,65
17146,yolo_x_cpu,78
17147,yolo_x_cpu,62
17148,yolo_x_cpu,74
17149,yolo_x_cpu,49
17150,yolo_x_cpu,61
17151,yolo_x_cpu,77
17152,yolo_x_cpu,86
17153,yolo_x_cpu,100
17154,yolo_x_cpu,60
17155,yolo_x_cpu,73
17156,yolo_x_cpu,71
17157,yolo_x_cpu,45
17158,yolo_x_cpu,39
17159,yolo_x_cpu,92
17160,yolo_x_cpu,66
17161,yolo_x_cpu,99
17162,yolo_x_cpu,97
17163,yolo_x_cpu,89
17164,yolo_x_cpu,128
17165,yolo_x_cpu,127
17166,yolo_x_cpu,162
17167,yolo_x_cpu,150
17168,yolo_x_cpu,136
17169,yolo_x_cpu,106
17170,yolo_x_cpu,150
17171,yolo_x_cpu,129
17172,yolo_x_cpu,135
17173,yolo_x_cpu,129
17174,yolo_x_cpu,155
17175,yolo_x_cpu,147
17176,yolo_x_cpu,130
17177,yolo_x_cpu,148
17178,yolo_x_cpu,145
17179,yolo_x_cpu,139
17180,yolo_x_cpu,155
17181,yolo_x_cpu,136
17182,yolo_x_cpu,205
17183,yolo_x_cpu,168
17184,yolo_x_cpu,182
17185,yolo_x_cpu,193
17186,yolo_x_cpu,202
17187,yolo_x_cpu,186
17188,yolo_x_cpu,161
17189,yolo_x_cpu,184
17190,yolo_x_cpu,210
17191,yolo_x_cpu,209
17192,yolo_x_cpu,188
17193,yolo_x_cpu,174
17194,yolo_x_cpu,146
17195,yolo_x_cpu,198
17196,yolo_x_cpu,265
17197,yolo_x_cpu,306
17198,yolo_x_cpu,264
17199,yolo_x_cpu,289
17200,yolo_x_cpu,247
17201,yolo_x_cpu,246
17202,yolo_x_cpu,177
17203,yolo_x_cpu,270
17204,yolo_x_cpu,244
17205,yolo_x_cpu,171
17206,yolo_x_cpu,187
17207,yolo_x_cpu,214
17208,yolo_x_cpu,204
17209,yolo_x_cpu,262
17210,yolo_x_cpu,259
17211,yolo_x_cpu,228
17212,yolo_x_cpu,209
17213,yolo_x_cpu,181
17214,yolo_x_cpu,355
17215,yolo_x_cpu,355
17216,yolo_x_cpu,233
17217,yolo_x_cpu,170
17218,yolo_x_cpu,354
17219,yolo_x_cpu,240
17220,yolo_x_cpu,222
17221,yolo_x_cpu,232
17222,yolo_x_cpu,316
17223,yolo_x_cpu,357
17224,yolo_x_cpu,376
17225,yolo_x_cpu,277
17226,yolo_x_cpu,281
17227,yolo_x_cpu,285
17228,yolo_x_cpu,230
17229,yolo_x_cpu,303
17230,yolo_x_cpu,296
17231,yolo_x_cpu,252
17232,yolo_x_cpu,247
17233,yolo_x_cpu,340
17234,yolo_x_cpu,273
17235,yolo_x_cpu,260
17236,yolo_x_cpu,304
17237,yolo_x_cpu,243
17238,yolo_x_cpu,338
17239,yolo_x_cpu,321
17240,yolo_x_cpu,272
17241,yolo_x_cpu,282
17242,yolo_x_cpu,244
17243,yolo_x_cpu,346
17244,yolo_x_cpu,304
17245,yolo_x_cpu,403
17246,yolo_x_cpu,406
17247,yolo_x_cpu,426
17248,yolo_x_cpu,405
17249,yolo_x_cpu,315
17250,yolo_x_cpu,243
17251,yolo_x_cpu,302
17252,yolo_x_cpu,349
17253,yolo_x_cpu,489
17254,yolo_x_cpu,356
17255,yolo_x_cpu,518
17256,yolo_x_cpu,461
17257,yolo_x_cpu,413
17258,yolo_x_cpu,336
17259,yolo_x_cpu,302
17260,yolo_x_cpu,304
17261,yolo_x_cpu,344
17262,yolo_x_cpu,292
17263,yolo_x_cpu,337
17264,yolo_x_cpu,303
17265,yolo_x_cpu,463
17266,yolo_x_cpu,395
17267,yolo_x_cpu,450
17268,yolo_x_cpu,364
17269,yolo_x_cpu,472
17270,yolo_x_cpu,452
17271,yolo_x_cpu,399
17272,yolo_x_cpu,416
17273,yolo_x_cpu,446
17274,yolo_x_cpu,358
17275,yolo_x_cpu,417
17276,yolo_x_cpu,485
17277,yolo_x_cpu,407
17278,yolo_x_cpu,395
17279,yolo_x_cpu,463
17280,yolo_x_cpu,517
17281,yolo_x_cpu,489
17282,yolo_x_cpu,541
17283,yolo_x_cpu,355
17284,yolo_x_cpu,367
17285,yolo_x_cpu,474
17286,yolo_x_cpu,557
17287,yolo_x_cpu,480
17288,yolo_x_cpu,471
17289,yolo_x_cpu,471
17290,yolo_x_cpu,656
17291,yolo_x_cpu,709
17292,yolo_x_cpu,607
17293,yolo_x_cpu,384
17294,yolo_x_cpu,509
17295,yolo_x_cpu,449
17296,yolo_x_cpu,529
17297,yolo_x_cpu,444
17298,yolo_x_cpu,521
17299,yolo_x_cpu,512
17300,yolo_x_cpu,606
17301,yolo_x_cpu,658
17302,yolo_x_cpu,453
17303,yolo_x_cpu,409
17304,yolo_x_cpu,421
17305,yolo_x_cpu,575
17306,yolo_x_cpu,427
17307,yolo_x_cpu,439
17308,yolo_x_cpu,472
17309,yolo_x_cpu,553
17310,yolo_x_cpu,538
17311,yolo_x_cpu,583
17312,yolo_x_cpu,681
17313,yolo_x_cpu,612
17314,yolo_x_cpu,476
17315,yolo_x_cpu,490
17316,yolo_x_cpu,514
17317,yolo_x_cpu,640
17318,yolo_x_cpu,648
17319,yolo_x_cpu,562
17320,yolo_x_cpu,555
17321,yolo_x_cpu,592
17322,yolo_x_cpu,703
17323,yolo_x_cpu,604
17324,yolo_x_cpu,662
17325,yolo_x_cpu,627
17326,yolo_x_cpu,673
17327,yolo_x_cpu,676
17328,yolo_x_cpu,906
17329,yolo_x_cpu,707
17330,yolo_x_cpu,783
17331,yolo_x_cpu,626
17332,yolo_x_cpu,732
17333,yolo_x_cpu,670
17334,yolo_x_cpu,726
17335,yolo_x_cpu,786
17336,yolo_x_cpu,662
17337,yolo_x_cpu,697
17338,yolo_x_cpu,680
17339,yolo_x_cpu,581
17340,yolo_x_cpu,607
17341,yolo_x_cpu,623
17342,yolo_x_cpu,789
17343,yolo_x_cpu,724
17344,yolo_x_cpu,657
17345,yolo_x_cpu,757
17346,yolo_x_cpu,766
17347,yolo_x_cpu,824
17348,yolo_x_cpu,913
17349,yolo_x_cpu,751
17350,yolo_x_cpu,643
17351,yolo_x_cpu,711
17352,yolo_x_cpu,803
17353,yolo_x_cpu,716
17354,yolo_x_cpu,585
17355,yolo_x_cpu,506
17356,yolo_x_cpu,740
17357,yolo_x_cpu,951
17358,yolo_x_cpu,619
17359,yolo_x_cpu,781
17360,yolo_x_cpu,965
17361,yolo_x_cpu,691
17362,yolo_x_cpu,643
17363,yolo_x_cpu,796
17364,yolo_x_cpu,703
17365,yolo_x_cpu,668
17366,yolo_x_cpu,493
17367,yolo_x_cpu,429
17368,yolo_x_cpu,526
17369,yolo_x_cpu,593
17370,yolo_x_cpu,473
17371,yolo_x_cpu,400
17372,yolo_x_cpu,454
17373,yolo_x_cpu,504
17374,yolo_x_cpu,434
17375,yolo_x_cpu,400
17376,yolo_x_cpu,436
17377,yolo_x_cpu,545
17378,yolo_x_cpu,593
17379,yolo_x_cpu,762
17380,yolo_x_cpu,578
17381,yolo_x_cpu,695
17382,yolo_x_cpu,611
17383,yolo_x_cpu,615
17384,yolo_x_cpu,561
17385,yolo_x_cpu,572
17386,yolo_x_cpu,535
17387,yolo_x_cpu,504
17388,yolo_x_cpu,535
17389,yolo_x_cpu,444
17390,yolo_x_cpu,510
17391,yolo_x_cpu,549
17392,yolo_x_cpu,438
17393,yolo_x_cpu,589
17394,yolo_x_cpu,648
17395,yolo_x_cpu,590
17396,yolo_x_cpu,540
17397,yolo_x_cpu,534
17398,yolo_x_cpu,536
17399,yolo_x_cpu,591
17400,yolo_x_cpu,689
17401,yolo_x_cpu,605
17402,yolo_x_cpu,680
17403,yolo_x_cpu,662
17404,yolo_x_cpu,609
17405,yolo_x_cpu,563
17406,yolo_x_cpu,610
17407,yolo_x_cpu,708
17408,yolo_x_cpu,557
17409,yolo_x_cpu,628
17410,yolo_x_cpu,461
17411,yolo_x_cpu,541
17412,yolo_x_cpu,641
17413,yolo_x_cpu,611
17414,yolo_x_cpu,579
17415,yolo_x_cpu,579
17416,yolo_x_cpu,791
17417,yolo_x_cpu,699
17418,yolo_x_cpu,802
17419,yolo_x_cpu,774
17420,yolo_x_cpu,697
17421,yolo_x_cpu,970
17422,yolo_x_cpu,686
17423,yolo_x_cpu,572
17424,yolo_x_cpu,623
17425,yolo_x_cpu,660
17426,yolo_x_cpu,713
17427,yolo_x_cpu,571
17428,yolo_x_cpu,700
17429,yolo_x_cpu,630
17430,yolo_x_cpu,620
17431,yolo_x_cpu,475
17432,yolo_x_cpu,545
17433,yolo_x_cpu,560
17434,yolo_x_cpu,705
17435,yolo_x_cpu,609
17436,yolo_x_cpu,602
17437,yolo_x_cpu,555
17438,yolo_x_cpu,648
17439,yolo_x_cpu,752
17440,yolo_x_cpu,733
17441,yolo_x_cpu,599
17442,yolo_x_cpu,748
17443,yolo_x_cpu,802
17444,yolo_x_cpu,698
17445,yolo_x_cpu,605
17446,yolo_x_cpu,696
17447,yolo_x_cpu,617
17448,yolo_x_cpu,456
17449,yolo_x_cpu,501
17450,yolo_x_cpu,595
17451,yolo_x_cpu,472
17452,yolo_x_cpu,559
17453,yolo_x_cpu,517
17454,yolo_x_cpu,590
17455,yolo_x_cpu,484
17456,yolo_x_cpu,549
17457,yolo_x_cpu,547
17458,yolo_x_cpu,498
17459,yolo_x_cpu,538
17460,yolo_x_cpu,465
17461,yolo_x_cpu,516
17462,yolo_x_cpu,541
17463,yolo_x_cpu,517
17464,yolo_x_cpu,633
17465,yolo_x_cpu,622
17466,yolo_x_cpu,586
17467,yolo_x_cpu,578
17468,yolo_x_cpu,590
17469,yolo_x_cpu,626
17470,yolo_x_cpu,570
17471,yolo_x_cpu,673
17472,yolo_x_cpu,558
17473,yolo_x_cpu,695
17474,yolo_x_cpu,714
17475,yolo_x_cpu,743
17476,yolo_x_cpu,695
17477,yolo_x_cpu,590
17478,yolo_x_cpu,518
17479,yolo_x_cpu,515
17480,yolo_x_cpu,569
17481,yolo_x_cpu,579
17482,yolo_x_cpu,611
17483,yolo_x_cpu,632
17484,yolo_x_cpu,715
17485,yolo_x_cpu,738
17486,yolo_x_cpu,634
17487,yolo_x_cpu,603
17488,yolo_x_cpu,510
17489,yolo_x_cpu,626
17490,yolo_x_cpu,687
17491,yolo_x_cpu,589
17492,yolo_x_cpu,643
17493,yolo_x_cpu,693
17494,yolo_x_cpu,622
17495,yolo_x_cpu,789
17496,yolo_x_cpu,607
17497,yolo_x_cpu,678
17498,yolo_x_cpu,696
17499,yolo_x_cpu,766
17500,yolo_x_cpu,685
17501,yolo_x_cpu,633
17502,yolo_x_cpu,616
17503,yolo_x_cpu,601
17504,yolo_x_cpu,573
17505,yolo_x_cpu,608
17506,yolo_x_cpu,742
17507,yolo_x_cpu,873
17508,yolo_x_cpu,762
17509,yolo_x_cpu,807
17510,yolo_x_cpu,711
17511,yolo_x_cpu,844
17512,yolo_x_cpu,726
17513,yolo_x_cpu,738
17514,yolo_x_cpu,732
17515,yolo_x_cpu,734
17516,yolo_x_cpu,978
17517,yolo_x_cpu,844
17518,yolo_x_cpu,775
17519,yolo_x_cpu,698
17520,yolo_x_cpu,833
17521,yolo_x_cpu,1197
17522,yolo_x_cpu,809
17523,yolo_x_cpu,846
17524,yolo_x_cpu,703
17525,yolo_x_cpu,638
17526,yolo_x_cpu,881
17527,yolo_x_cpu,815
17528,yolo_x_cpu,787
17529,yolo_x_cpu,836
17530,yolo_x_cpu,929
17531,yolo_x_cpu,869
17532,yolo_x_cpu,1009
17533,yolo_x_cpu,874
17534,yolo_x_cpu,967
17535,yolo_x_cpu,900
17536,yolo_x_cpu,1152
17537,yolo_x_cpu,1064
17538,yolo_x_cpu,1138
17539,yolo_x_cpu,979
17540,yolo_x_cpu,900
17541,yolo_x_cpu,1015
17542,yolo_x_cpu,977
17543,yolo_x_cpu,1223
17544,yolo_x_cpu,1014
17545,yolo_x_cpu,995
17546,yolo_x_cpu,1078
17547,yolo_x_cpu,1142
17548,yolo_x_cpu,1191
17549,yolo_x_cpu,1076
17550,yolo_x_cpu,986
17551,yolo_x_cpu,1207
17552,yolo_x_cpu,1264
17553,yolo_x_cpu,1215
17554,yolo_x_cpu,1396
17555,yolo_x_cpu,1247
17556,yolo_x_cpu,1199
17557,yolo_x_cpu,1185
17558,yolo_x_cpu,1302
17559,yolo_x_cpu,1170
17560,yolo_x_cpu,1298
17561,yolo_x_cpu,1313
17562,yolo_x_cpu,1547
17563,yolo_x_cpu,1508
17564,yolo_x_cpu,1446
17565,yolo_x_cpu,1235
17566,yolo_x_cpu,1391
17567,yolo_x_cpu,1174
17568,yolo_x_cpu,1076
17569,yolo_x_cpu,1238
17570,yolo_x_cpu,1323
17571,yolo_x_cpu,1299
17572,yolo_x_cpu,1418
17573,yolo_x_cpu,1472
17574,yolo_x_cpu,1276
17575,yolo_x_cpu,1135
17576,yolo_x_cpu,1258
17577,yolo_x_cpu,1217
17578,yolo_x_cpu,1262
17579,yolo_x_cpu,1376
17580,yolo_x_cpu,1284
17581,yolo_x_cpu,1183
17582,yolo_x_cpu,1138
17583,yolo_x_cpu,1319
17584,yolo_x_cpu,1208
17585,yolo_x_cpu,1204
17586,yolo_x_cpu,1177
17587,yolo_x_cpu,1163
17588,yolo_x_cpu,1261
17589,yolo_x_cpu,1203
17590,yolo_x_cpu,1095
17591,yolo_x_cpu,1125
17592,yolo_x_cpu,1090
17593,yolo_x_cpu,1127
17594,yolo_x_cpu,1106
17595,yolo_x_cpu,1245
17596,yolo_x_cpu,1160
17597,yolo_x_cpu,1093
17598,yolo_x_cpu,1085
17599,yolo_x_cpu,1184
17600,yolo_x_cpu,1206
17601,yolo_x_cpu,1332
17602,yolo_x_cpu,1336
17603,yolo_x_cpu,1152
17604,yolo_x_cpu,991
17605,yolo_x_cpu,1078
17606,yolo_x_cpu,889
17607,yolo_x_cpu,1009
17608,yolo_x_cpu,1060
17609,yolo_x_cpu,951
17610,yolo_x_cpu,922
17611,yolo_x_cpu,1032
17612,yolo_x_cpu,1025
17613,yolo_x_cpu,921
17614,yolo_x_cpu,906
17615,yolo_x_cpu,996
17616,yolo_x_cpu,922
17617,yolo_x_cpu,947
17618,yolo_x_cpu,1022
17619,yolo_x_cpu,848
17620,yolo_x_cpu,869
17621,yolo_x_cpu,988
17622,yolo_x_cpu,1007
17623,yolo_x_cpu,996
17624,yolo_x_cpu,1027
17625,yolo_x_cpu,832
17626,yolo_x_cpu,774
17627,yolo_x_cpu,714
17628,yolo_x_cpu,684
17629,yolo_x_cpu,886
17630,yolo_x_cpu,898
17631,yolo_x_cpu,770
17632,yolo_x_cpu,740
17633,yolo_x_cpu,964
17634,yolo_x_cpu,1030
17635,yolo_x_cpu,757
17636,yolo_x_cpu,837
17637,yolo_x_cpu,837
17638,yolo_x_cpu,864
17639,yolo_x_cpu,782
17640,yolo_x_cpu,922
17641,yolo_x_cpu,986
17642,yolo_x_cpu,944
17643,yolo_x_cpu,960
17644,yolo_x_cpu,1017
17645,yolo_x_cpu,961
17646,yolo_x_cpu,963
17647,yolo_x_cpu,840
17648,yolo_x_cpu,744
17649,yolo_x_cpu,821
17650,yolo_x_cpu,802
17651,yolo_x_cpu,723
17652,yolo_x_cpu,752
17653,yolo_x_cpu,707
17654,yolo_x_cpu,820
17655,yolo_x_cpu,748
17656,yolo_x_cpu,688
17657,yolo_x_cpu,824
17658,yolo_x_cpu,691
17659,yolo_x_cpu,769
17660,yolo_x_cpu,788
17661,yolo_x_cpu,752
17662,yolo_x_cpu,654
17663,yolo_x_cpu,693
17664,yolo_x_cpu,805
17665,yolo_x_cpu,632
17666,yolo_x_cpu,686
17667,yolo_x_cpu,703
17668,yolo_x_cpu,640
17669,yolo_x_cpu,710
17670,yolo_x_cpu,625
17671,yolo_x_cpu,705
17672,yolo_x_cpu,604
17673,yolo_x_cpu,537
17674,yolo_x_cpu,524
17675,yolo_x_cpu,548
17676,yolo_x_cpu,470
17677,yolo_x_cpu,412
17678,yolo_x_cpu,573
17679,yolo_x_cpu,501
17680,yolo_x_cpu,403
17681,yolo_x_cpu,500
17682,yolo_x_cpu,555
17683,yolo_x_cpu,483
17684,yolo_x_cpu,517
17685,yolo_x_cpu,427
17686,yolo_x_cpu,449
17687,yolo_x_cpu,511
17688,yolo_x_cpu,521
17689,yolo_x_cpu,516
17690,yolo_x_cpu,628
17691,yolo_x_cpu,660
17692,yolo_x_cpu,614
17693,yolo_x_cpu,513
17694,yolo_x_cpu,555
17695,yolo_x_cpu,503
17696,yolo_x_cpu,548
17697,yolo_x_cpu,409
17698,yolo_x_cpu,433
17699,yolo_x_cpu,450
17700,yolo_x_cpu,454
17701,yolo_x_cpu,528
17702,yolo_x_cpu,447
17703,yolo_x_cpu,523
17704,yolo_x_cpu,562
17705,yolo_x_cpu,702
17706,yolo_x_cpu,526
17707,yolo_x_cpu,510
17708,yolo_x_cpu,650
17709,yolo_x_cpu,542
17710,yolo_x_cpu,530
17711,yolo_x_cpu,550
17712,yolo_x_cpu,544
17713,yolo_x_cpu,471
17714,yolo_x_cpu,583
17715,yolo_x_cpu,480
17716,yolo_x_cpu,449
17717,yolo_x_cpu,480
17718,yolo_x_cpu,506
17719,yolo_x_cpu,475
17720,yolo_x_cpu,524
17721,yolo_x_cpu,557
17722,yolo_x_cpu,589
17723,yolo_x_cpu,566
17724,yolo_x_cpu,569
17725,yolo_x_cpu,537
17726,yolo_x_cpu,486
17727,yolo_x_cpu,524
17728,yolo_x_cpu,586
17729,yolo_x_cpu,585
17730,yolo_x_cpu,654
17731,yolo_x_cpu,566
17732,yolo_x_cpu,472
17733,yolo_x_cpu,520
17734,yolo_x_cpu,529
17735,yolo_x_cpu,524
17736,yolo_x_cpu,528
17737,yolo_x_cpu,674
17738,yolo_x_cpu,737
17739,yolo_x_cpu,629
17740,yolo_x_cpu,642
17741,yolo_x_cpu,560
17742,yolo_x_cpu,586
17743,yolo_x_cpu,618
17744,yolo_x_cpu,703
17745,yolo_x_cpu,585
17746,yolo_x_cpu,713
17747,yolo_x_cpu,542
17748,yolo_x_cpu,566
17749,yolo_x_cpu,632
17750,yolo_x_cpu,640
17751,yolo_x_cpu,635
17752,yolo_x_cpu,628
17753,yolo_x_cpu,609
17754,yolo_x_cpu,630
17755,yolo_x_cpu,691
17756,yolo_x_cpu,771
17757,yolo_x_cpu,675
17758,yolo_x_cpu,692
17759,yolo_x_cpu,726
17760,yolo_x_cpu,784
17761,yolo_x_cpu,692
17762,yolo_x_cpu,588
17763,yolo_x_cpu,766
17764,yolo_x_cpu,625
17765,yolo_x_cpu,654
17766,yolo_x_cpu,691
17767,yolo_x_cpu,655
17768,yolo_x_cpu,571
17769,yolo_x_cpu,529
17770,yolo_x_cpu,660
17771,yolo_x_cpu,807
17772,yolo_x_cpu,725
17773,yolo_x_cpu,735
17774,yolo_x_cpu,676
17775,yolo_x_cpu,901
17776,yolo_x_cpu,897
17777,yolo_x_cpu,796
17778,yolo_x_cpu,882
17779,yolo_x_cpu,820
17780,yolo_x_cpu,755
17781,yolo_x_cpu,869
17782,yolo_x_cpu,883
17783,yolo_x_cpu,833
17784,yolo_x_cpu,865
17785,yolo_x_cpu,660
17786,yolo_x_cpu,660
17787,yolo_x_cpu,733
17788,yolo_x_cpu,781
17789,yolo_x_cpu,771
17790,yolo_x_cpu,840
17791,yolo_x_cpu,811
17792,yolo_x_cpu,812
17793,yolo_x_cpu,839
17794,yolo_x_cpu,921
17795,yolo_x_cpu,808
17796,yolo_x_cpu,934
17797,yolo_x_cpu,984
17798,yolo_x_cpu,938
17799,yolo_x_cpu,904
17800,yolo_x_cpu,1249
17801,yolo_x_cpu,1179
17802,yolo_x_cpu,1173
17803,yolo_x_cpu,1123
17804,yolo_x_cpu,1169
17805,yolo_x_cpu,917
17806,yolo_x_cpu,985
17807,yolo_x_cpu,963
17808,yolo_x_cpu,1109
17809,yolo_x_cpu,1078
17810,yolo_x_cpu,1089
17811,yolo_x_cpu,1039
17812,yolo_x_cpu,986
17813,yolo_x_cpu,1094
17814,yolo_x_cpu,1045
17815,yolo_x_cpu,1116
17816,yolo_x_cpu,1123
17817,yolo_x_cpu,1061
17818,yolo_x_cpu,1187
17819,yolo_x_cpu,1034
17820,yolo_x_cpu,1102
17821,yolo_x_cpu,1230
17822,yolo_x_cpu,1381
17823,yolo_x_cpu,1428
17824,yolo_x_cpu,1299
17825,yolo_x_cpu,1371
17826,yolo_x_cpu,1200
17827,yolo_x_cpu,1363
17828,yolo_x_cpu,1346
17829,yolo_x_cpu,1226
17830,yolo_x_cpu,1075
17831,yolo_x_cpu,1153
17832,yolo_x_cpu,1211
17833,yolo_x_cpu,1288
17834,yolo_x_cpu,1274
17835,yolo_x_cpu,1213
17836,yolo_x_cpu,1208
17837,yolo_x_cpu,1282
17838,yolo_x_cpu,1347
17839,yolo_x_cpu,1313
17840,yolo_x_cpu,1360
17841,yolo_x_cpu,1492
17842,yolo_x_cpu,1545
17843,yolo_x_cpu,1383
17844,yolo_x_cpu,1316
17845,yolo_x_cpu,1414
17846,yolo_x_cpu,1402
17847,yolo_x_cpu,1377
17848,yolo_x_cpu,1491
17849,yolo_x_cpu,1522
17850,yolo_x_cpu,1552
17851,yolo_x_cpu,1286
17852,yolo_x_cpu,1279
17853,yolo_x_cpu,1208
17854,yolo_x_cpu,1347
17855,yolo_x_cpu,1266
17856,yolo_x_cpu,1127
17857,yolo_x_cpu,1369
17858,yolo_x_cpu,1412
17859,yolo_x_cpu,1432
17860,yolo_x_cpu,1237
17861,yolo_x_cpu,1487
17862,yolo_x_cpu,1291
17863,yolo_x_cpu,1417
17864,yolo_x_cpu,1505
17865,yolo_x_cpu,1461
17866,yolo_x_cpu,1287
17867,yolo_x_cpu,1298
17868,yolo_x_cpu,1344
17869,yolo_x_cpu,1389
17870,yolo_x_cpu,1469
17871,yolo_x_cpu,1609
17872,yolo_x_cpu,1311
17873,yolo_x_cpu,1488
17874,yolo_x_cpu,1599
17875,yolo_x_cpu,1753
17876,yolo_x_cpu,1699
17877,yolo_x_cpu,1621
17878,yolo_x_cpu,1521
17879,yolo_x_cpu,1637
17880,yolo_x_cpu,1379
17881,yolo_x_cpu,1504
17882,yolo_x_cpu,1545
17883,yolo_x_cpu,1618
17884,yolo_x_cpu,1729
17885,yolo_x_cpu,1713
17886,yolo_x_cpu,1642
17887,yolo_x_cpu,1673
17888,yolo_x_cpu,1472
17889,yolo_x_cpu,1493
17890,yolo_x_cpu,1316
17891,yolo_x_cpu,1385
17892,yolo_x_cpu,1474
17893,yolo_x_cpu,1495
17894,yolo_x_cpu,1356
17895,yolo_x_cpu,1488
17896,yolo_x_cpu,1390
17897,yolo_x_cpu,1475
17898,yolo_x_cpu,1523
17899,yolo_x_cpu,1580
17900,yolo_x_cpu,1620
17901,yolo_x_cpu,1593
17902,yolo_x_cpu,1647
17903,yolo_x_cpu,1493
17904,yolo_x_cpu,1473
17905,yolo_x_cpu,1584
17906,yolo_x_cpu,1598
17907,yolo_x_cpu,1802
17908,yolo_x_cpu,1533
17909,yolo_x_cpu,1468
17910,yolo_x_cpu,1548
17911,yolo_x_cpu,1579
17912,yolo_x_cpu,1661
17913,yolo_x_cpu,1674
17914,yolo_x_cpu,1538
17915,yolo_x_cpu,1417
17916,yolo_x_cpu,1464
17917,yolo_x_cpu,1419
17918,yolo_x_cpu,1499
17919,yolo_x_cpu,1613
17920,yolo_x_cpu,1594
17921,yolo_x_cpu,1621
17922,yolo_x_cpu,1590
17923,yolo_x_cpu,1529
17924,yolo_x_cpu,1597
17925,yolo_x_cpu,1766
17926,yolo_x_cpu,1724
17927,yolo_x_cpu,1799
17928,yolo_x_cpu,1648
17929,yolo_x_cpu,1809
17930,yolo_x_cpu,1625
17931,yolo_x_cpu,1656
17932,yolo_x_cpu,1697
17933,yolo_x_cpu,1735
17934,yolo_x_cpu,1813
17935,yolo_x_cpu,1650
17936,yolo_x_cpu,1813
17937,yolo_x_cpu,1768
17938,yolo_x_cpu,1800
17939,yolo_x_cpu,1787
17940,yolo_x_cpu,1936
17941,yolo_x_cpu,1819
17942,yolo_x_cpu,1957
17943,yolo_x_cpu,1571
17944,yolo_x_cpu,1630
17945,yolo_x_cpu,1819
17946,yolo_x_cpu,1668
17947,yolo_x_cpu,1631
17948,yolo_x_cpu,1604
17949,yolo_x_cpu,2026
17950,yolo_x_cpu,1728
17951,yolo_x_cpu,1729
17952,yolo_x_cpu,1774
17953,yolo_x_cpu,1648
17954,yolo_x_cpu,1689
17955,yolo_x_cpu,1749
17956,yolo_x_cpu,1736
17957,yolo_x_cpu,1704
17958,yolo_x_cpu,1777
17959,yolo_x_cpu,1810
17960,yolo_x_cpu,1890
17961,yolo_x_cpu,1708
17962,yolo_x_cpu,1854
17963,yolo_x_cpu,1910
17964,yolo_x_cpu,1845
17965,yolo_x_cpu,1888
17966,yolo_x_cpu,1870
17967,yolo_x_cpu,1841
17968,yolo_x_cpu,1842
17969,yolo_x_cpu,1913
17970,yolo_x_cpu,1774
17971,yolo_x_cpu,1735
17972,yolo_x_cpu,1899
17973,yolo_x_cpu,1825
17974,yolo_x_cpu,2028
17975,yolo_x_cpu,1962
17976,yolo_x_cpu,1744
17977,yolo_x_cpu,1648
17978,yolo_x_cpu,1669
17979,yolo_x_cpu,1596
17980,yolo_x_cpu,1835
17981,yolo_x_cpu,1950
17982,yolo_x_cpu,1977
17983,yolo_x_cpu,1959
17984,yolo_x_cpu,1713
17985,yolo_x_cpu,1841
17986,yolo_x_cpu,1850
17987,yolo_x_cpu,2041
17988,yolo_x_cpu,1735
17989,yolo_x_cpu,1822
17990,yolo_x_cpu,1865
17991,yolo_x_cpu,2108
17992,yolo_x_cpu,1870
17993,yolo_x_cpu,2019
17994,yolo_x_cpu,1866
17995,yolo_x_cpu,1761
17996,yolo_x_cpu,1809
17997,yolo_x_cpu,1749
17998,yolo_x_cpu,1894
17999,yolo_x_cpu,1721
18000,yolo_x_cpu,1718
18001,yolo_x_cpu,1858
18002,yolo_x_cpu,1849
18003,yolo_x_cpu,1813
18004,yolo_x_cpu,1654
18005,yolo_x_cpu,1895
18006,yolo_x_cpu,1725
18007,yolo_x_cpu,1810
18008,yolo_x_cpu,1706
18009,yolo_x_cpu,1877
18010,yolo_x_cpu,1675
18011,yolo_x_cpu,1726
18012,yolo_x_cpu,1858
18013,yolo_x_cpu,1729
18014,yolo_x_cpu,1812
18015,yolo_x_cpu,1735
18016,yolo_x_cpu,1716
18017,yolo_x_cpu,1871
18018,yolo_x_cpu,1816
18019,yolo_x_cpu,1791
18020,yolo_x_cpu,1884
18021,yolo_x_cpu,1937
18022,yolo_x_cpu,1794
18023,yolo_x_cpu,1950
18024,yolo_x_cpu,1905
18025,yolo_x_cpu,1781
18026,yolo_x_cpu,1702
18027,yolo_x_cpu,1675
18028,yolo_x_cpu,1900
18029,yolo_x_cpu,1843
18030,yolo_x_cpu,1885
18031,yolo_x_cpu,1925
18032,yolo_x_cpu,1878
18033,yolo_x_cpu,1826
18034,yolo_x_cpu,1947
18035,yolo_x_cpu,2046
18036,yolo_x_cpu,1921
18037,yolo_x_cpu,1845
18038,yolo_x_cpu,2054
18039,yolo_x_cpu,1575
18040,yolo_x_cpu,1600
18041,yolo_x_cpu,1728
18042,yolo_x_cpu,1563
18043,yolo_x_cpu,1711
18044,yolo_x_cpu,1617
18045,yolo_x_cpu,1662
18046,yolo_x_cpu,1629
18047,yolo_x_cpu,1620
18048,yolo_x_cpu,1661
18049,yolo_x_cpu,1847
18050,yolo_x_cpu,1766
18051,yolo_x_cpu,1674
18052,yolo_x_cpu,1587
18053,yolo_x_cpu,1577
18054,yolo_x_cpu,1687
18055,yolo_x_cpu,1641
18056,yolo_x_cpu,1603
18057,yolo_x_cpu,1625
18058,yolo_x_cpu,1722
18059,yolo_x_cpu,1928
18060,yolo_x_cpu,2035
18061,yolo_x_cpu,1738
18062,yolo_x_cpu,1605
18063,yolo_x_cpu,1589
18064,yolo_x_cpu,1610
18065,yolo_x_cpu,1731
18066,yolo_x_cpu,1664
18067,yolo_x_cpu,1521
18068,yolo_x_cpu,1769
18069,yolo_x_cpu,1691
18070,yolo_x_cpu,1749
18071,yolo_x_cpu,1505
18072,yolo_x_cpu,1787
18073,yolo_x_cpu,1823
18074,yolo_x_cpu,1596
18075,yolo_x_cpu,1698
18076,yolo_x_cpu,1537
18077,yolo_x_cpu,1583
18078,yolo_x_cpu,1764
18079,yolo_x_cpu,1744
18080,yolo_x_cpu,1826
18081,yolo_x_cpu,1573
18082,yolo_x_cpu,1595
18083,yolo_x_cpu,1773
18084,yolo_x_cpu,1782
18085,yolo_x_cpu,1719
18086,yolo_x_cpu,1839
18087,yolo_x_cpu,1697
18088,yolo_x_cpu,1699
18089,yolo_x_cpu,1484
18090,yolo_x_cpu,1635
18091,yolo_x_cpu,1439
18092,yolo_x_cpu,1664
18093,yolo_x_cpu,1476
18094,yolo_x_cpu,1482
18095,yolo_x_cpu,1477
18096,yolo_x_cpu,1388
18097,yolo_x_cpu,1514
18098,yolo_x_cpu,1510
18099,yolo_x_cpu,1359
18100,yolo_x_cpu,1395
18101,yolo_x_cpu,1532
18102,yolo_x_cpu,1524
18103,yolo_x_cpu,1625
18104,yolo_x_cpu,1542
18105,yolo_x_cpu,1358
18106,yolo_x_cpu,1480
18107,yolo_x_cpu,1585
18108,yolo_x_cpu,1549
18109,yolo_x_cpu,1453
18110,yolo_x_cpu,1557
18111,yolo_x_cpu,1364
18112,yolo_x_cpu,1684
18113,yolo_x_cpu,1633
18114,yolo_x_cpu,1481
18115,yolo_x_cpu,1501
18116,yolo_x_cpu,1466
18117,yolo_x_cpu,1214
18118,yolo_x_cpu,1356
18119,yolo_x_cpu,1309
18120,yolo_x_cpu,1241
18121,yolo_x_cpu,1371
18122,yolo_x_cpu,1252
18123,yolo_x_cpu,1305
18124,yolo_x_cpu,1266
18125,yolo_x_cpu,1203
18126,yolo_x_cpu,1452
18127,yolo_x_cpu,1375
18128,yolo_x_cpu,1268
18129,yolo_x_cpu,1259
18130,yolo_x_cpu,1225
18131,yolo_x_cpu,1194
18132,yolo_x_cpu,974
18133,yolo_x_cpu,1101
18134,yolo_x_cpu,1230
18135,yolo_x_cpu,1144
18136,yolo_x_cpu,1198
18137,yolo_x_cpu,1074
18138,yolo_x_cpu,1109
18139,yolo_x_cpu,1097
18140,yolo_x_cpu,1086
18141,yolo_x_cpu,1228
18142,yolo_x_cpu,1249
18143,yolo_x_cpu,1075
18144,yolo_x_cpu,1094
18145,yolo_x_cpu,1061
18146,yolo_x_cpu,1163
18147,yolo_x_cpu,1223
18148,yolo_x_cpu,1011
18149,yolo_x_cpu,1140
18150,yolo_x_cpu,969
18151,yolo_x_cpu,928
18152,yolo_x_cpu,931
18153,yolo_x_cpu,984
18154,yolo_x_cpu,921
18155,yolo_x_cpu,991
18156,yolo_x_cpu,780
18157,yolo_x_cpu,831
18158,yolo_x_cpu,831
18159,yolo_x_cpu,933
18160,yolo_x_cpu,826
18161,yolo_x_cpu,967
18162,yolo_x_cpu,888
18163,yolo_x_cpu,844
18164,yolo_x_cpu,809
18165,yolo_x_cpu,865
18166,yolo_x_cpu,890
18167,yolo_x_cpu,819
18168,yolo_x_cpu,677
18169,yolo_x_cpu,637
18170,yolo_x_cpu,662
18171,yolo_x_cpu,732
18172,yolo_x_cpu,859
18173,yolo_x_cpu,731
18174,yolo_x_cpu,661
18175,yolo_x_cpu,728
18176,yolo_x_cpu,973
18177,yolo_x_cpu,735
18178,yolo_x_cpu,827
18179,yolo_x_cpu,767
18180,yolo_x_cpu,741
18181,yolo_x_cpu,768
18182,yolo_x_cpu,731
18183,yolo_x_cpu,692
18184,yolo_x_cpu,671
18185,yolo_x_cpu,731
18186,yolo_x_cpu,679
18187,yolo_x_cpu,646
18188,yolo_x_cpu,627
18189,yolo_x_cpu,574
18190,yolo_x_cpu,530
18191,yolo_x_cpu,515
18192,yolo_x_cpu,550
18193,yolo_x_cpu,586
18194,yolo_x_cpu,504
18195,yolo_x_cpu,500
18196,yolo_x_cpu,583
18197,yolo_x_cpu,477
18198,yolo_x_cpu,517
18199,yolo_x_cpu,566
18200,yolo_x_cpu,593
18201,yolo_x_cpu,626
18202,yolo_x_cpu,558
18203,yolo_x_cpu,560
18204,yolo_x_cpu,600
18205,yolo_x_cpu,544
18206,yolo_x_cpu,522
18207,yolo_x_cpu,501
18208,yolo_x_cpu,471
18209,yolo_x_cpu,418
18210,yolo_x_cpu,492
18211,yolo_x_cpu,441
18212,yolo_x_cpu,410
18213,yolo_x_cpu,486
18214,yolo_x_cpu,426
18215,yolo_x_cpu,437
18216,yolo_x_cpu,429
18217,yolo_x_cpu,316
18218,yolo_x_cpu,377
18219,yolo_x_cpu,328
18220,yolo_x_cpu,335
18221,yolo_x_cpu,415
18222,yolo_x_cpu,323
18223,yolo_x_cpu,331
18224,yolo_x_cpu,346
18225,yolo_x_cpu,319
18226,yolo_x_cpu,299
18227,yolo_x_cpu,385
18228,yolo_x_cpu,394
18229,yolo_x_cpu,316
18230,yolo_x_cpu,356
18231,yolo_x_cpu,342
18232,yolo_x_cpu,292
18233,yolo_x_cpu,273
18234,yolo_x_cpu,373
18235,yolo_x_cpu,290
18236,yolo_x_cpu,250
18237,yolo_x_cpu,215
18238,yolo_x_cpu,209
18239,yolo_x_cpu,249
18240,yolo_x_cpu,218
18241,yolo_x_cpu,174
18242,yolo_x_cpu,213
18243,yolo_x_cpu,229
18244,yolo_x_cpu,278
18245,yolo_x_cpu,224
18246,yolo_x_cpu,317
18247,yolo_x_cpu,261
18248,yolo_x_cpu,187
18249,yolo_x_cpu,173
18250,yolo_x_cpu,219
18251,yolo_x_cpu,153
18252,yolo_x_cpu,159
18253,yolo_x_cpu,196
18254,yolo_x_cpu,195
18255,yolo_x_cpu,291
18256,yolo_x_cpu,343
18257,yolo_x_cpu,239
18258,yolo_x_cpu,169
18259,yolo_x_cpu,178
18260,yolo_x_cpu,146
18261,yolo_x_cpu,200
18262,yolo_x_cpu,231
18263,yolo_x_cpu,181
18264,yolo_x_cpu,116
18265,yolo_x_cpu,137
18266,yolo_x_cpu,126
18267,yolo_x_cpu,221
18268,yolo_x_cpu,146
18269,yolo_x_cpu,108
18270,yolo_x_cpu,180
18271,yolo_x_cpu,164
18272,yolo_x_cpu,120
18273,yolo_x_cpu,154
18274,yolo_x_cpu,270
18275,yolo_x_cpu,238
18276,yolo_x_cpu,246
18277,yolo_x_cpu,168
18278,yolo_x_cpu,158
18279,yolo_x_cpu,88
18280,yolo_x_cpu,144
18281,yolo_x_cpu,113
18282,yolo_x_cpu,88
18283,yolo_x_cpu,112
18284,yolo_x_cpu,84
18285,yolo_x_cpu,101
18286,yolo_x_cpu,88
18287,yolo_x_cpu,82
18288,yolo_x_cpu,92
18289,yolo_x_cpu,120
18290,yolo_x_cpu,75
18291,yolo_x_cpu,52
18292,yolo_x_cpu,110
18293,yolo_x_cpu,59
18294,yolo_x_cpu,93
18295,yolo_x_cpu,74
18296,yolo_x_cpu,66
18297,yolo_x_cpu,57
18298,yolo_x_cpu,66
18299,yolo_x_cpu,81
18300,yolo_x_cpu,106
18301,yolo_x_cpu,88
18302,yolo_x_cpu,63
18303,yolo_x_cpu,93
18304,yolo_x_cpu,82
18305,yolo_x_cpu,153
18306,yolo_x_cpu,121
18307,yolo_x_cpu,68
18308,yolo_x_cpu,90
18309,yolo_x_cpu,46
18310,yolo_x_cpu,55
18311,yolo_x_cpu,86
18312,yolo_x_cpu,59
18313,yolo_x_cpu,45
18314,yolo_x_cpu,50
18315,yolo_x_cpu,53
18316,yolo_x_cpu,68
18317,yolo_x_cpu,101
18318,yolo_x_cpu,118
18319,yolo_x_cpu,36
18320,yolo_x_cpu,57
18321,yolo_x_cpu,60
18322,yolo_x_cpu,90
18323,yolo_x_cpu,57
18324,yolo_x_cpu,115
18325,yolo_x_cpu,57
18326,yolo_x_cpu,69
18327,yolo_x_cpu,77
18328,yolo_x_cpu,83
18329,yolo_x_cpu,70
18330,yolo_x_cpu,49
18331,yolo_x_cpu,80
18332,yolo_x_cpu,75
18333,yolo_x_cpu,36
18334,yolo_x_cpu,47
18335,yolo_x_cpu,53
18336,yolo_x_cpu,65
18337,yolo_x_cpu,81
18338,yolo_x_cpu,82
18339,yolo_x_cpu,40
18340,yolo_x_cpu,102
18341,yolo_x_cpu,53
18342,yolo_x_cpu,64
18343,yolo_x_cpu,45
18344,yolo_x_cpu,31
18345,yolo_x_cpu,46
18346,yolo_x_cpu,46
18347,yolo_x_cpu,29
18348,yolo_x_cpu,66
18349,yolo_x_cpu,48
18350,yolo_x_cpu,25
18351,yolo_x_cpu,35
18352,yolo_x_cpu,41
18353,yolo_x_cpu,55
18354,yolo_x_cpu,34
18355,yolo_x_cpu,33
18356,yolo_x_cpu,38
18357,yolo_x_cpu,31
18358,yolo_x_cpu,17
18359,yolo_x_cpu,25
18360,yolo_x_cpu,34
18361,yolo_x_cpu,28
18362,yolo_x_cpu,31
18363,yolo_x_cpu,37
18364,yolo_x_cpu,49
18365,yolo_x_cpu,26
18366,yolo_x_cpu,35
18367,yolo_x_cpu,59
18368,yolo_x_cpu,43
18369,yolo_x_cpu,37
18370,yolo_x_cpu,58
18371,yolo_x_cpu,50
18372,yolo_x_cpu,54
18373,yolo_x_cpu,31
18374,yolo_x_cpu,47
18375,yolo_x_cpu,42
18376,yolo_x_cpu,38
18377,yolo_x_cpu,64
18378,yolo_x_cpu,51
18379,yolo_x_cpu,17
18380,yolo_x_cpu,58
18381,yolo_x_cpu,59
18382,yolo_x_cpu,67
18383,yolo_x_cpu,36
18384,yolo_x_cpu,62
18385,yolo_x_cpu,27
18386,yolo_x_cpu,34
18387,yolo_x_cpu,33
18388,yolo_x_cpu,39
18389,yolo_x_cpu,18
18390,yolo_x_cpu,40
18391,yolo_x_cpu,22
18392,yolo_x_cpu,41
18393,yolo_x_cpu,40
18394,yolo_x_cpu,27
18395,yolo_x_cpu,121
18396,yolo_x_cpu,55
18397,yolo_x_cpu,186
18398,yolo_x_cpu,173
18399,yolo_x_cpu,63
18400,yolo_x_cpu,33
18401,yolo_x_cpu,23
18402,yolo_x_cpu,36
18403,yolo_x_cpu,19
18404,yolo_x_cpu,56
18405,yolo_x_cpu,37
18406,yolo_x_cpu,35
18407,yolo_x_cpu,25
18408,yolo_x_cpu,33
18409,yolo_x_cpu,42
18410,yolo_x_cpu,25
18411,yolo_x_cpu,27
18412,yolo_x_cpu,27
18413,yolo_x_cpu,24
18414,yolo_x_cpu,134
18415,yolo_x_cpu,93
18416,yolo_x_cpu,88
18417,yolo_x_cpu,51
18418,yolo_x_cpu,15
18419,yolo_x_cpu,55
18420,yolo_x_cpu,38
18421,yolo_x_cpu,29
18422,yolo_x_cpu,28
18423,yolo_x_cpu,58
18424,yolo_x_cpu,66
18425,yolo_x_cpu,48
18426,yolo_x_cpu,30
18427,yolo_x_cpu,47
18428,yolo_x_cpu,26
18429,yolo_x_cpu,23
18430,yolo_x_cpu,16
18431,yolo_x_cpu,43
18432,yolo_x_cpu,28
18433,yolo_x_cpu,43
18434,yolo_x_cpu,117
18435,yolo_x_cpu,23
18436,yolo_x_cpu,46
18437,yolo_x_cpu,22
18438,yolo_x_cpu,29
18439,yolo_x_cpu,24
18440,yolo_x_cpu,23
18441,yolo_x_cpu,13
18442,yolo_x_cpu,49
18443,yolo_x_cpu,14
18444,yolo_x_cpu,13
18445,yolo_x_cpu,19
18446,yolo_x_cpu,26
18447,yolo_x_cpu,34
18448,yolo_x_cpu,46
18449,yolo_x_cpu,18
18450,yolo_x_cpu,19
18451,yolo_x_cpu,19
18452,yolo_x_cpu,26
18453,yolo_x_cpu,38
18454,yolo_x_cpu,24
18455,yolo_x_cpu,28
18456,yolo_x_cpu,34
18457,yolo_x_cpu,29
18458,yolo_x_cpu,20
18459,yolo_x_cpu,52
18460,yolo_x_cpu,22
18461,yolo_x_cpu,20
18462,yolo_x_cpu,23
18463,yolo_x_cpu,6
18464,yolo_x_cpu,19
18465,yolo_x_cpu,48
18466,yolo_x_cpu,28
18467,yolo_x_cpu,38
18468,yolo_x_cpu,61
18469,yolo_x_cpu,28
18470,yolo_x_cpu,32
18471,yolo_x_cpu,19
18472,yolo_x_cpu,61
18473,yolo_x_cpu,41
18474,yolo_x_cpu,16
18475,yolo_x_cpu,25
18476,yolo_x_cpu,21
18477,yolo_x_cpu,13
18478,yolo_x_cpu,10
18479,yolo_x_cpu,24
18480,yolo_x_cpu,7
18481,yolo_x_cpu,42
18482,yolo_x_cpu,46
18483,yolo_x_cpu,26
18484,yolo_x_cpu,16
18485,yolo_x_cpu,20
18486,yolo_x_cpu,23
18487,yolo_x_cpu,22
18488,yolo_x_cpu,33
18489,yolo_x_cpu,18
18490,yolo_x_cpu,16
18491,yolo_x_cpu,17
18492,yolo_x_cpu,5
18493,yolo_x_cpu,22
18494,yolo_x_cpu,22
18495,yolo_x_cpu,21
18496,yolo_x_cpu,59
18497,yolo_x_cpu,28
18498,yolo_x_cpu,35
18499,yolo_x_cpu,30
18500,yolo_x_cpu,29
18501,yolo_x_cpu,16
18502,yolo_x_cpu,30
18503,yolo_x_cpu,15
18504,yolo_x_cpu,22
18505,yolo_x_cpu,23
18506,yolo_x_cpu,37
18507,yolo_x_cpu,38
18508,yolo_x_cpu,16
18509,yolo_x_cpu,10
18510,yolo_x_cpu,24
18511,yolo_x_cpu,18
18512,yolo_x_cpu,36
18513,yolo_x_cpu,15
18514,yolo_x_cpu,29
18515,yolo_x_cpu,31
18516,yolo_x_cpu,7
18517,yolo_x_cpu,19
18518,yolo_x_cpu,61
18519,yolo_x_cpu,25
18520,yolo_x_cpu,45
18521,yolo_x_cpu,36
18522,yolo_x_cpu,28
18523,yolo_x_cpu,56
18524,yolo_x_cpu,21
18525,yolo_x_cpu,26
18526,yolo_x_cpu,28
18527,yolo_x_cpu,19
18528,yolo_x_cpu,39
18529,yolo_x_cpu,32
18530,yolo_x_cpu,52
18531,yolo_x_cpu,39
18532,yolo_x_cpu,24
18533,yolo_x_cpu,32
18534,yolo_x_cpu,37
18535,yolo_x_cpu,6
18536,yolo_x_cpu,19
18537,yolo_x_cpu,24
18538,yolo_x_cpu,21
18539,yolo_x_cpu,21
18540,yolo_x_cpu,38
18541,yolo_x_cpu,21
18542,yolo_x_cpu,35
18543,yolo_x_cpu,20
18544,yolo_x_cpu,16
18545,yolo_x_cpu,23
18546,yolo_x_cpu,48
18547,yolo_x_cpu,21
18548,yolo_x_cpu,31
18549,yolo_x_cpu,14
18550,yolo_x_cpu,42
18551,yolo_x_cpu,26
18552,yolo_x_cpu,17
18553,yolo_x_cpu,23
18554,yolo_x_cpu,27
18555,yolo_x_cpu,51
18556,yolo_x_cpu,25
18557,yolo_x_cpu,24
18558,yolo_x_cpu,36
18559,yolo_x_cpu,41
18560,yolo_x_cpu,52
18561,yolo_x_cpu,41
18562,yolo_x_cpu,38
18563,yolo_x_cpu,28
18564,yolo_x_cpu,18
18565,yolo_x_cpu,24
18566,yolo_x_cpu,58
18567,yolo_x_cpu,61
18568,yolo_x_cpu,63
18569,yolo_x_cpu,46
18570,yolo_x_cpu,46
18571,yolo_x_cpu,51
18572,yolo_x_cpu,41
18573,yolo_x_cpu,41
18574,yolo_x_cpu,32
18575,yolo_x_cpu,34
18576,yolo_x_cpu,37
18577,yolo_x_cpu,65
18578,yolo_x_cpu,44
18579,yolo_x_cpu,63
18580,yolo_x_cpu,53
18581,yolo_x_cpu,53
18582,yolo_x_cpu,62
18583,yolo_x_cpu,85
18584,yolo_x_cpu,87
18585,yolo_x_cpu,63
18586,yolo_x_cpu,70
18587,yolo_x_cpu,118
18588,yolo_x_cpu,86
18589,yolo_x_cpu,85
18590,yolo_x_cpu,98
18591,yolo_x_cpu,61
18592,yolo_x_cpu,96
18593,yolo_x_cpu,89
18594,yolo_x_cpu,156
18595,yolo_x_cpu,140
18596,yolo_x_cpu,80
18597,yolo_x_cpu,104
18598,yolo_x_cpu,118
18599,yolo_x_cpu,118
18600,yolo_x_cpu,113
18601,yolo_x_cpu,124
18602,yolo_x_cpu,115
18603,yolo_x_cpu,147
18604,yolo_x_cpu,161
18605,yolo_x_cpu,109
18606,yolo_x_cpu,144
18607,yolo_x_cpu,102
18608,yolo_x_cpu,137
18609,yolo_x_cpu,86
18610,yolo_x_cpu,115
18611,yolo_x_cpu,139
18612,yolo_x_cpu,153
18613,yolo_x_cpu,125
18614,yolo_x_cpu,163
18615,yolo_x_cpu,148
18616,yolo_x_cpu,165
18617,yolo_x_cpu,216
18618,yolo_x_cpu,150
18619,yolo_x_cpu,166
18620,yolo_x_cpu,268
18621,yolo_x_cpu,293
18622,yolo_x_cpu,394
18623,yolo_x_cpu,329
18624,yolo_x_cpu,312
18625,yolo_x_cpu,198
18626,yolo_x_cpu,267
18627,yolo_x_cpu,288
18628,yolo_x_cpu,192
18629,yolo_x_cpu,299
18630,yolo_x_cpu,261
18631,yolo_x_cpu,185
18632,yolo_x_cpu,227
18633,yolo_x_cpu,220
18634,yolo_x_cpu,246
18635,yolo_x_cpu,185
18636,yolo_x_cpu,225
18637,yolo_x_cpu,202
18638,yolo_x_cpu,191
18639,yolo_x_cpu,145
18640,yolo_x_cpu,170
18641,yolo_x_cpu,130
18642,yolo_x_cpu,244
18643,yolo_x_cpu,188
18644,yolo_x_cpu,175
18645,yolo_x_cpu,234
18646,yolo_x_cpu,192
18647,yolo_x_cpu,164
18648,yolo_x_cpu,196
18649,yolo_x_cpu,217
18650,yolo_x_cpu,241
18651,yolo_x_cpu,226
18652,yolo_x_cpu,252
18653,yolo_x_cpu,172
18654,yolo_x_cpu,286
18655,yolo_x_cpu,187
18656,yolo_x_cpu,172
18657,yolo_x_cpu,212
18658,yolo_x_cpu,163
18659,yolo_x_cpu,237
18660,yolo_x_cpu,234
18661,yolo_x_cpu,268
18662,yolo_x_cpu,300
18663,yolo_x_cpu,288
18664,yolo_x_cpu,282
18665,yolo_x_cpu,267
18666,yolo_x_cpu,271
18667,yolo_x_cpu,239
18668,yolo_x_cpu,271
18669,yolo_x_cpu,180
18670,yolo_x_cpu,301
18671,yolo_x_cpu,409
18672,yolo_x_cpu,310
18673,yolo_x_cpu,371
18674,yolo_x_cpu,311
18675,yolo_x_cpu,256
18676,yolo_x_cpu,302
18677,yolo_x_cpu,225
18678,yolo_x_cpu,246
18679,yolo_x_cpu,238
18680,yolo_x_cpu,289
18681,yolo_x_cpu,295
18682,yolo_x_cpu,378
18683,yolo_x_cpu,435
18684,yolo_x_cpu,284
18685,yolo_x_cpu,247
18686,yolo_x_cpu,312
18687,yolo_x_cpu,282
18688,yolo_x_cpu,339
18689,yolo_x_cpu,338
18690,yolo_x_cpu,324
18691,yolo_x_cpu,276
18692,yolo_x_cpu,309
18693,yolo_x_cpu,332
18694,yolo_x_cpu,345
18695,yolo_x_cpu,263
18696,yolo_x_cpu,362
18697,yolo_x_cpu,292
18698,yolo_x_cpu,304
18699,yolo_x_cpu,402
18700,yolo_x_cpu,408
18701,yolo_x_cpu,371
18702,yolo_x_cpu,371
18703,yolo_x_cpu,370
18704,yolo_x_cpu,426
18705,yolo_x_cpu,380
18706,yolo_x_cpu,314
18707,yolo_x_cpu,304
18708,yolo_x_cpu,326
18709,yolo_x_cpu,308
18710,yolo_x_cpu,534
18711,yolo_x_cpu,456
18712,yolo_x_cpu,334
18713,yolo_x_cpu,301
18714,yolo_x_cpu,311
18715,yolo_x_cpu,363
18716,yolo_x_cpu,347
18717,yolo_x_cpu,352
18718,yolo_x_cpu,330
18719,yolo_x_cpu,431
18720,yolo_x_cpu,422
18721,yolo_x_cpu,450
18722,yolo_x_cpu,416
18723,yolo_x_cpu,434
18724,yolo_x_cpu,486
18725,yolo_x_cpu,381
18726,yolo_x_cpu,413
18727,yolo_x_cpu,504
18728,yolo_x_cpu,471
18729,yolo_x_cpu,426
18730,yolo_x_cpu,441
18731,yolo_x_cpu,417
18732,yolo_x_cpu,484
18733,yolo_x_cpu,366
18734,yolo_x_cpu,466
18735,yolo_x_cpu,490
18736,yolo_x_cpu,444
18737,yolo_x_cpu,430
18738,yolo_x_cpu,518
18739,yolo_x_cpu,450
18740,yolo_x_cpu,496
18741,yolo_x_cpu,497
18742,yolo_x_cpu,456
18743,yolo_x_cpu,578
18744,yolo_x_cpu,478
18745,yolo_x_cpu,449
18746,yolo_x_cpu,504
18747,yolo_x_cpu,460
18748,yolo_x_cpu,551
18749,yolo_x_cpu,481
18750,yolo_x_cpu,428
18751,yolo_x_cpu,544
18752,yolo_x_cpu,511
18753,yolo_x_cpu,469
18754,yolo_x_cpu,412
18755,yolo_x_cpu,411
18756,yolo_x_cpu,461
18757,yolo_x_cpu,531
18758,yolo_x_cpu,558
18759,yolo_x_cpu,648
18760,yolo_x_cpu,467
18761,yolo_x_cpu,459
18762,yolo_x_cpu,533
18763,yolo_x_cpu,483
18764,yolo_x_cpu,450
18765,yolo_x_cpu,473
18766,yolo_x_cpu,475
18767,yolo_x_cpu,365
18768,yolo_x_cpu,539
18769,yolo_x_cpu,611
18770,yolo_x_cpu,526
18771,yolo_x_cpu,501
18772,yolo_x_cpu,489
18773,yolo_x_cpu,447
18774,yolo_x_cpu,537
18775,yolo_x_cpu,488
18776,yolo_x_cpu,428
18777,yolo_x_cpu,411
18778,yolo_x_cpu,396
18779,yolo_x_cpu,443
18780,yolo_x_cpu,581
18781,yolo_x_cpu,748
18782,yolo_x_cpu,641
18783,yolo_x_cpu,633
18784,yolo_x_cpu,535
18785,yolo_x_cpu,477
18786,yolo_x_cpu,499
18787,yolo_x_cpu,525
18788,yolo_x_cpu,427
18789,yolo_x_cpu,473
18790,yolo_x_cpu,545
18791,yolo_x_cpu,479
18792,yolo_x_cpu,593
18793,yolo_x_cpu,499
18794,yolo_x_cpu,455
18795,yolo_x_cpu,493
18796,yolo_x_cpu,435
18797,yolo_x_cpu,513
18798,yolo_x_cpu,574
18799,yolo_x_cpu,589
18800,yolo_x_cpu,529
18801,yolo_x_cpu,551
18802,yolo_x_cpu,582
18803,yolo_x_cpu,495
18804,yolo_x_cpu,484
18805,yolo_x_cpu,416
18806,yolo_x_cpu,432
18807,yolo_x_cpu,512
18808,yolo_x_cpu,537
18809,yolo_x_cpu,499
18810,yolo_x_cpu,426
18811,yolo_x_cpu,479
18812,yolo_x_cpu,458
18813,yolo_x_cpu,479
18814,yolo_x_cpu,475
18815,yolo_x_cpu,450
18816,yolo_x_cpu,568
18817,yolo_x_cpu,418
18818,yolo_x_cpu,532
18819,yolo_x_cpu,483
18820,yolo_x_cpu,581
18821,yolo_x_cpu,566
18822,yolo_x_cpu,520
18823,yolo_x_cpu,532
18824,yolo_x_cpu,502
18825,yolo_x_cpu,497
18826,yolo_x_cpu,696
18827,yolo_x_cpu,429
18828,yolo_x_cpu,524
18829,yolo_x_cpu,512
18830,yolo_x_cpu,542
18831,yolo_x_cpu,442
18832,yolo_x_cpu,550
18833,yolo_x_cpu,477
18834,yolo_x_cpu,495
18835,yolo_x_cpu,490
18836,yolo_x_cpu,417
18837,yolo_x_cpu,440
18838,yolo_x_cpu,465
18839,yolo_x_cpu,473
18840,yolo_x_cpu,401
18841,yolo_x_cpu,408
18842,yolo_x_cpu,483
18843,yolo_x_cpu,579
18844,yolo_x_cpu,404
18845,yolo_x_cpu,480
18846,yolo_x_cpu,530
18847,yolo_x_cpu,679
18848,yolo_x_cpu,676
18849,yolo_x_cpu,692
18850,yolo_x_cpu,618
18851,yolo_x_cpu,507
18852,yolo_x_cpu,615
18853,yolo_x_cpu,559
18854,yolo_x_cpu,624
18855,yolo_x_cpu,597
18856,yolo_x_cpu,636
18857,yolo_x_cpu,548
18858,yolo_x_cpu,579
18859,yolo_x_cpu,467
18860,yolo_x_cpu,602
18861,yolo_x_cpu,453
18862,yolo_x_cpu,590
18863,yolo_x_cpu,456
18864,yolo_x_cpu,513
18865,yolo_x_cpu,467
18866,yolo_x_cpu,505
18867,yolo_x_cpu,417
18868,yolo_x_cpu,490
18869,yolo_x_cpu,501
18870,yolo_x_cpu,437
18871,yolo_x_cpu,543
18872,yolo_x_cpu,550
18873,yolo_x_cpu,619
18874,yolo_x_cpu,637
18875,yolo_x_cpu,563
18876,yolo_x_cpu,498
18877,yolo_x_cpu,545
18878,yolo_x_cpu,428
18879,yolo_x_cpu,468
18880,yolo_x_cpu,553
18881,yolo_x_cpu,613
18882,yolo_x_cpu,512
18883,yolo_x_cpu,453
18884,yolo_x_cpu,561
18885,yolo_x_cpu,524
18886,yolo_x_cpu,486
18887,yolo_x_cpu,502
18888,yolo_x_cpu,637
18889,yolo_x_cpu,554
18890,yolo_x_cpu,547
18891,yolo_x_cpu,540
18892,yolo_x_cpu,558
18893,yolo_x_cpu,838
18894,yolo_x_cpu,549
18895,yolo_x_cpu,677
18896,yolo_x_cpu,737
18897,yolo_x_cpu,685
18898,yolo_x_cpu,867
18899,yolo_x_cpu,735
18900,yolo_x_cpu,730
18901,yolo_x_cpu,796
18902,yolo_x_cpu,792
18903,yolo_x_cpu,628
18904,yolo_x_cpu,622
18905,yolo_x_cpu,726
18906,yolo_x_cpu,697
18907,yolo_x_cpu,593
18908,yolo_x_cpu,735
18909,yolo_x_cpu,714
18910,yolo_x_cpu,646
18911,yolo_x_cpu,733
18912,yolo_x_cpu,755
18913,yolo_x_cpu,689
18914,yolo_x_cpu,590
18915,yolo_x_cpu,537
18916,yolo_x_cpu,645
18917,yolo_x_cpu,665
18918,yolo_x_cpu,515
18919,yolo_x_cpu,491
18920,yolo_x_cpu,719
18921,yolo_x_cpu,601
18922,yolo_x_cpu,657
18923,yolo_x_cpu,649
18924,yolo_x_cpu,850
18925,yolo_x_cpu,710
18926,yolo_x_cpu,631
18927,yolo_x_cpu,598
18928,yolo_x_cpu,610
18929,yolo_x_cpu,661
18930,yolo_x_cpu,626
18931,yolo_x_cpu,556
18932,yolo_x_cpu,519
18933,yolo_x_cpu,633
18934,yolo_x_cpu,562
18935,yolo_x_cpu,499
18936,yolo_x_cpu,671
18937,yolo_x_cpu,604
18938,yolo_x_cpu,691
18939,yolo_x_cpu,815
18940,yolo_x_cpu,685
18941,yolo_x_cpu,533
18942,yolo_x_cpu,526
18943,yolo_x_cpu,659
18944,yolo_x_cpu,840
18945,yolo_x_cpu,633
18946,yolo_x_cpu,689
18947,yolo_x_cpu,814
18948,yolo_x_cpu,809
18949,yolo_x_cpu,686
18950,yolo_x_cpu,569
18951,yolo_x_cpu,496
18952,yolo_x_cpu,522
18953,yolo_x_cpu,567
18954,yolo_x_cpu,596
18955,yolo_x_cpu,678
18956,yolo_x_cpu,628
18957,yolo_x_cpu,606
18958,yolo_x_cpu,691
18959,yolo_x_cpu,717
18960,yolo_x_cpu,707
18961,yolo_x_cpu,642
18962,yolo_x_cpu,645
18963,yolo_x_cpu,661
18964,yolo_x_cpu,734
18965,yolo_x_cpu,703
18966,yolo_x_cpu,673
18967,yolo_x_cpu,764
18968,yolo_x_cpu,831
18969,yolo_x_cpu,769
18970,yolo_x_cpu,715
18971,yolo_x_cpu,837
18972,yolo_x_cpu,875
18973,yolo_x_cpu,914
18974,yolo_x_cpu,750
18975,yolo_x_cpu,914
18976,yolo_x_cpu,1185
18977,yolo_x_cpu,1029
18978,yolo_x_cpu,841
18979,yolo_x_cpu,923
18980,yolo_x_cpu,1000
18981,yolo_x_cpu,904
18982,yolo_x_cpu,966
18983,yolo_x_cpu,1088
18984,yolo_x_cpu,1025
18985,yolo_x_cpu,1082
18986,yolo_x_cpu,1214
18987,yolo_x_cpu,1040
18988,yolo_x_cpu,994
18989,yolo_x_cpu,1146
18990,yolo_x_cpu,1260
18991,yolo_x_cpu,1224
18992,yolo_x_cpu,1198
18993,yolo_x_cpu,1322
18994,yolo_x_cpu,1298
18995,yolo_x_cpu,1499
18996,yolo_x_cpu,1210
18997,yolo_x_cpu,1354
18998,yolo_x_cpu,1237
18999,yolo_x_cpu,1454
19000,yolo_x_cpu,1559
19001,yolo_x_cpu,1382
19002,yolo_x_cpu,1386
19003,yolo_x_cpu,1374
19004,yolo_x_cpu,1342
19005,yolo_x_cpu,1370
19006,yolo_x_cpu,1245
19007,yolo_x_cpu,1274
19008,yolo_x_cpu,1299
19009,yolo_x_cpu,1281
19010,yolo_x_cpu,1434
19011,yolo_x_cpu,1280
19012,yolo_x_cpu,1248
19013,yolo_x_cpu,1472
19014,yolo_x_cpu,1419
19015,yolo_x_cpu,1214
19016,yolo_x_cpu,1269
19017,yolo_x_cpu,1535
19018,yolo_x_cpu,1399
19019,yolo_x_cpu,1363
19020,yolo_x_cpu,1424
19021,yolo_x_cpu,1064
19022,yolo_x_cpu,1321
19023,yolo_x_cpu,1189
19024,yolo_x_cpu,1164
19025,yolo_x_cpu,1336
19026,yolo_x_cpu,1198
19027,yolo_x_cpu,1313
19028,yolo_x_cpu,1281
19029,yolo_x_cpu,1213
19030,yolo_x_cpu,1276
19031,yolo_x_cpu,1402
19032,yolo_x_cpu,1148
19033,yolo_x_cpu,1236
19034,yolo_x_cpu,1328
19035,yolo_x_cpu,1261
19036,yolo_x_cpu,1366
19037,yolo_x_cpu,1253
19038,yolo_x_cpu,1229
19039,yolo_x_cpu,1188
19040,yolo_x_cpu,1302
19041,yolo_x_cpu,1180
19042,yolo_x_cpu,1255
19043,yolo_x_cpu,1178
19044,yolo_x_cpu,1200
19045,yolo_x_cpu,1141
19046,yolo_x_cpu,1165
19047,yolo_x_cpu,1334
19048,yolo_x_cpu,1130
19049,yolo_x_cpu,1221
19050,yolo_x_cpu,1081
19051,yolo_x_cpu,1175
19052,yolo_x_cpu,1150
19053,yolo_x_cpu,965
19054,yolo_x_cpu,1071
19055,yolo_x_cpu,1094
19056,yolo_x_cpu,1091
19057,yolo_x_cpu,1074
19058,yolo_x_cpu,995
19059,yolo_x_cpu,1204
19060,yolo_x_cpu,1249
19061,yolo_x_cpu,1113
19062,yolo_x_cpu,1120
19063,yolo_x_cpu,1115
19064,yolo_x_cpu,1029
19065,yolo_x_cpu,1019
19066,yolo_x_cpu,984
19067,yolo_x_cpu,1068
19068,yolo_x_cpu,1063
19069,yolo_x_cpu,1184
19070,yolo_x_cpu,1060
19071,yolo_x_cpu,964
19072,yolo_x_cpu,870
19073,yolo_x_cpu,912
19074,yolo_x_cpu,999
19075,yolo_x_cpu,1086
19076,yolo_x_cpu,940
19077,yolo_x_cpu,1067
19078,yolo_x_cpu,1202
19079,yolo_x_cpu,1221
19080,yolo_x_cpu,1079
19081,yolo_x_cpu,1081
19082,yolo_x_cpu,910
19083,yolo_x_cpu,875
19084,yolo_x_cpu,1057
19085,yolo_x_cpu,934
19086,yolo_x_cpu,1022
19087,yolo_x_cpu,1067
19088,yolo_x_cpu,996
19089,yolo_x_cpu,1006
19090,yolo_x_cpu,950
19091,yolo_x_cpu,869
19092,yolo_x_cpu,897
19093,yolo_x_cpu,867
19094,yolo_x_cpu,793
19095,yolo_x_cpu,826
19096,yolo_x_cpu,834
19097,yolo_x_cpu,963
19098,yolo_x_cpu,1102
19099,yolo_x_cpu,882
19100,yolo_x_cpu,1141
19101,yolo_x_cpu,1024
19102,yolo_x_cpu,865
19103,yolo_x_cpu,975
19104,yolo_x_cpu,912
19105,yolo_x_cpu,801
19106,yolo_x_cpu,767
19107,yolo_x_cpu,711
19108,yolo_x_cpu,787
19109,yolo_x_cpu,924
19110,yolo_x_cpu,874
19111,yolo_x_cpu,859
19112,yolo_x_cpu,757
19113,yolo_x_cpu,745
19114,yolo_x_cpu,789
19115,yolo_x_cpu,753
19116,yolo_x_cpu,710
19117,yolo_x_cpu,703
19118,yolo_x_cpu,623
19119,yolo_x_cpu,780
19120,yolo_x_cpu,832
19121,yolo_x_cpu,730
19122,yolo_x_cpu,746
19123,yolo_x_cpu,736
19124,yolo_x_cpu,640
19125,yolo_x_cpu,690
19126,yolo_x_cpu,664
19127,yolo_x_cpu,643
19128,yolo_x_cpu,639
19129,yolo_x_cpu,603
19130,yolo_x_cpu,610
19131,yolo_x_cpu,496
19132,yolo_x_cpu,493
19133,yolo_x_cpu,566
19134,yolo_x_cpu,505
19135,yolo_x_cpu,539
19136,yolo_x_cpu,547
19137,yolo_x_cpu,683
19138,yolo_x_cpu,632
19139,yolo_x_cpu,705
19140,yolo_x_cpu,643
19141,yolo_x_cpu,676
19142,yolo_x_cpu,580
19143,yolo_x_cpu,667
19144,yolo_x_cpu,713
19145,yolo_x_cpu,727
19146,yolo_x_cpu,681
19147,yolo_x_cpu,707
19148,yolo_x_cpu,556
19149,yolo_x_cpu,556
19150,yolo_x_cpu,637
19151,yolo_x_cpu,692
19152,yolo_x_cpu,560
19153,yolo_x_cpu,572
19154,yolo_x_cpu,509
19155,yolo_x_cpu,759
19156,yolo_x_cpu,619
19157,yolo_x_cpu,671
19158,yolo_x_cpu,619
19159,yolo_x_cpu,792
19160,yolo_x_cpu,570
19161,yolo_x_cpu,768
19162,yolo_x_cpu,661
19163,yolo_x_cpu,739
19164,yolo_x_cpu,639
19165,yolo_x_cpu,713
19166,yolo_x_cpu,620
19167,yolo_x_cpu,673
19168,yolo_x_cpu,739
19169,yolo_x_cpu,737
19170,yolo_x_cpu,680
19171,yolo_x_cpu,793
19172,yolo_x_cpu,627
19173,yolo_x_cpu,675
19174,yolo_x_cpu,696
19175,yolo_x_cpu,591
19176,yolo_x_cpu,702
19177,yolo_x_cpu,748
19178,yolo_x_cpu,745
19179,yolo_x_cpu,690
19180,yolo_x_cpu,802
19181,yolo_x_cpu,763
19182,yolo_x_cpu,644
19183,yolo_x_cpu,619
19184,yolo_x_cpu,630
19185,yolo_x_cpu,672
19186,yolo_x_cpu,792
19187,yolo_x_cpu,572
19188,yolo_x_cpu,686
19189,yolo_x_cpu,743
19190,yolo_x_cpu,821
19191,yolo_x_cpu,707
19192,yolo_x_cpu,800
19193,yolo_x_cpu,760
19194,yolo_x_cpu,834
19195,yolo_x_cpu,714
19196,yolo_x_cpu,679
19197,yolo_x_cpu,756
19198,yolo_x_cpu,683
19199,yolo_x_cpu,668
19200,yolo_x_cpu,650
19201,yolo_x_cpu,689
19202,yolo_x_cpu,685
19203,yolo_x_cpu,738
19204,yolo_x_cpu,768
19205,yolo_x_cpu,686
19206,yolo_x_cpu,867
19207,yolo_x_cpu,862
19208,yolo_x_cpu,709
19209,yolo_x_cpu,929
19210,yolo_x_cpu,871
19211,yolo_x_cpu,908
19212,yolo_x_cpu,889
19213,yolo_x_cpu,1219
19214,yolo_x_cpu,979
19215,yolo_x_cpu,682
19216,yolo_x_cpu,757
19217,yolo_x_cpu,772
19218,yolo_x_cpu,901
19219,yolo_x_cpu,947
19220,yolo_x_cpu,784
19221,yolo_x_cpu,775
19222,yolo_x_cpu,808
19223,yolo_x_cpu,847
19224,yolo_x_cpu,838
19225,yolo_x_cpu,867
19226,yolo_x_cpu,822
19227,yolo_x_cpu,891
19228,yolo_x_cpu,804
19229,yolo_x_cpu,825
19230,yolo_x_cpu,865
19231,yolo_x_cpu,784
19232,yolo_x_cpu,690
19233,yolo_x_cpu,775
19234,yolo_x_cpu,803
19235,yolo_x_cpu,842
19236,yolo_x_cpu,992
19237,yolo_x_cpu,1048
19238,yolo_x_cpu,899
19239,yolo_x_cpu,809
19240,yolo_x_cpu,843
19241,yolo_x_cpu,890
19242,yolo_x_cpu,907
19243,yolo_x_cpu,966
19244,yolo_x_cpu,919
19245,yolo_x_cpu,920
19246,yolo_x_cpu,1030
19247,yolo_x_cpu,1074
19248,yolo_x_cpu,915
19249,yolo_x_cpu,1114
19250,yolo_x_cpu,980
19251,yolo_x_cpu,1036
19252,yolo_x_cpu,1082
19253,yolo_x_cpu,946
19254,yolo_x_cpu,1112
19255,yolo_x_cpu,956
19256,yolo_x_cpu,923
19257,yolo_x_cpu,961
19258,yolo_x_cpu,1114
19259,yolo_x_cpu,975
19260,yolo_x_cpu,1079
19261,yolo_x_cpu,1378
19262,yolo_x_cpu,1199
19263,yolo_x_cpu,1239
19264,yolo_x_cpu,1172
19265,yolo_x_cpu,1125
19266,yolo_x_cpu,1166
19267,yolo_x_cpu,1489
19268,yolo_x_cpu,1273
19269,yolo_x_cpu,1351
19270,yolo_x_cpu,1246
19271,yolo_x_cpu,1375
19272,yolo_x_cpu,1431
19273,yolo_x_cpu,1404
19274,yolo_x_cpu,1280
19275,yolo_x_cpu,1307
19276,yolo_x_cpu,1243
19277,yolo_x_cpu,1230
19278,yolo_x_cpu,1324
19279,yolo_x_cpu,1285
19280,yolo_x_cpu,1242
19281,yolo_x_cpu,1279
19282,yolo_x_cpu,1394
19283,yolo_x_cpu,1356
19284,yolo_x_cpu,1094
19285,yolo_x_cpu,1229
19286,yolo_x_cpu,1412
19287,yolo_x_cpu,1146
19288,yolo_x_cpu,1196
19289,yolo_x_cpu,1126
19290,yolo_x_cpu,1202
19291,yolo_x_cpu,1210
19292,yolo_x_cpu,1061
19293,yolo_x_cpu,1296
19294,yolo_x_cpu,1308
19295,yolo_x_cpu,1040
19296,yolo_x_cpu,1205
19297,yolo_x_cpu,1112
19298,yolo_x_cpu,1120
19299,yolo_x_cpu,1037
19300,yolo_x_cpu,1215
19301,yolo_x_cpu,1079
19302,yolo_x_cpu,1263
19303,yolo_x_cpu,1122
19304,yolo_x_cpu,1187
19305,yolo_x_cpu,1227
19306,yolo_x_cpu,1338
19307,yolo_x_cpu,1276
19308,yolo_x_cpu,1252
19309,yolo_x_cpu,1351
19310,yolo_x_cpu,1309
19311,yolo_x_cpu,1272
19312,yolo_x_cpu,1188
19313,yolo_x_cpu,1157
19314,yolo_x_cpu,1095
19315,yolo_x_cpu,1234
19316,yolo_x_cpu,1225
19317,yolo_x_cpu,1171
19318,yolo_x_cpu,1117
19319,yolo_x_cpu,1314
19320,yolo_x_cpu,1217
19321,yolo_x_cpu,1157
19322,yolo_x_cpu,1142
19323,yolo_x_cpu,1268
19324,yolo_x_cpu,1112
19325,yolo_x_cpu,1204
19326,yolo_x_cpu,1272
19327,yolo_x_cpu,1215
19328,yolo_x_cpu,1180
19329,yolo_x_cpu,1243
19330,yolo_x_cpu,1118
19331,yolo_x_cpu,1203
19332,yolo_x_cpu,1377
19333,yolo_x_cpu,1346
19334,yolo_x_cpu,1089
19335,yolo_x_cpu,1283
19336,yolo_x_cpu,1328
19337,yolo_x_cpu,1322
19338,yolo_x_cpu,1194
19339,yolo_x_cpu,1279
19340,yolo_x_cpu,1236
19341,yolo_x_cpu,1041
19342,yolo_x_cpu,1180
19343,yolo_x_cpu,1220
19344,yolo_x_cpu,1366
19345,yolo_x_cpu,1301
19346,yolo_x_cpu,1209
19347,yolo_x_cpu,1177
19348,yolo_x_cpu,1243
19349,yolo_x_cpu,1233
19350,yolo_x_cpu,1115
19351,yolo_x_cpu,1150
19352,yolo_x_cpu,1206
19353,yolo_x_cpu,1243
19354,yolo_x_cpu,1131
19355,yolo_x_cpu,1332
19356,yolo_x_cpu,1381
19357,yolo_x_cpu,1299
19358,yolo_x_cpu,1351
19359,yolo_x_cpu,1369
19360,yolo_x_cpu,1445
19361,yolo_x_cpu,1229
19362,yolo_x_cpu,1353
19363,yolo_x_cpu,1327
19364,yolo_x_cpu,1350
19365,yolo_x_cpu,1355
19366,yolo_x_cpu,1223
19367,yolo_x_cpu,1237
19368,yolo_x_cpu,1166
19369,yolo_x_cpu,1239
19370,yolo_x_cpu,1188
19371,yolo_x_cpu,1200
19372,yolo_x_cpu,1272
19373,yolo_x_cpu,1293
19374,yolo_x_cpu,1470
19375,yolo_x_cpu,1387
19376,yolo_x_cpu,1478
19377,yolo_x_cpu,1457
19378,yolo_x_cpu,1428
19379,yolo_x_cpu,1357
19380,yolo_x_cpu,1158
19381,yolo_x_cpu,1347
19382,yolo_x_cpu,1483
19383,yolo_x_cpu,1473
19384,yolo_x_cpu,1497
19385,yolo_x_cpu,1376
19386,yolo_x_cpu,1546
19387,yolo_x_cpu,1327
19388,yolo_x_cpu,1231
19389,yolo_x_cpu,1510
19390,yolo_x_cpu,1308
19391,yolo_x_cpu,1521
19392,yolo_x_cpu,1320
19393,yolo_x_cpu,1548
19394,yolo_x_cpu,1289
19395,yolo_x_cpu,1533
19396,yolo_x_cpu,1369
19397,yolo_x_cpu,1429
19398,yolo_x_cpu,1359
19399,yolo_x_cpu,1522
19400,yolo_x_cpu,1465
19401,yolo_x_cpu,1535
19402,yolo_x_cpu,1580
19403,yolo_x_cpu,1579
19404,yolo_x_cpu,1500
19405,yolo_x_cpu,1443
19406,yolo_x_cpu,1409
19407,yolo_x_cpu,1598
19408,yolo_x_cpu,1457
19409,yolo_x_cpu,1531
19410,yolo_x_cpu,1426
19411,yolo_x_cpu,1431
19412,yolo_x_cpu,1404
19413,yolo_x_cpu,1427
19414,yolo_x_cpu,1418
19415,yolo_x_cpu,1429
19416,yolo_x_cpu,1331
19417,yolo_x_cpu,1474
19418,yolo_x_cpu,1458
19419,yolo_x_cpu,1832
19420,yolo_x_cpu,1726
19421,yolo_x_cpu,1513
19422,yolo_x_cpu,1390
19423,yolo_x_cpu,1424
19424,yolo_x_cpu,1417
19425,yolo_x_cpu,1460
19426,yolo_x_cpu,1465
19427,yolo_x_cpu,1567
19428,yolo_x_cpu,1480
19429,yolo_x_cpu,1579
19430,yolo_x_cpu,1436
19431,yolo_x_cpu,1579
19432,yolo_x_cpu,1478
19433,yolo_x_cpu,1512
19434,yolo_x_cpu,1495
19435,yolo_x_cpu,1322
19436,yolo_x_cpu,1393
19437,yolo_x_cpu,1489
19438,yolo_x_cpu,1483
19439,yolo_x_cpu,1351
19440,yolo_x_cpu,1263
19441,yolo_x_cpu,1378
19442,yolo_x_cpu,1416
19443,yolo_x_cpu,1663
19444,yolo_x_cpu,1587
19445,yolo_x_cpu,1303
19446,yolo_x_cpu,1297
19447,yolo_x_cpu,1255
19448,yolo_x_cpu,1341
19449,yolo_x_cpu,1444
19450,yolo_x_cpu,1541
19451,yolo_x_cpu,1305
19452,yolo_x_cpu,1287
19453,yolo_x_cpu,1297
19454,yolo_x_cpu,1297
19455,yolo_x_cpu,1340
19456,yolo_x_cpu,1333
19457,yolo_x_cpu,1300
19458,yolo_x_cpu,1406
19459,yolo_x_cpu,1269
19460,yolo_x_cpu,1217
19461,yolo_x_cpu,1401
19462,yolo_x_cpu,1301
19463,yolo_x_cpu,1331
19464,yolo_x_cpu,1301
19465,yolo_x_cpu,1270
19466,yolo_x_cpu,1325
19467,yolo_x_cpu,1273
19468,yolo_x_cpu,1326
19469,yolo_x_cpu,1568
19470,yolo_x_cpu,1372
19471,yolo_x_cpu,1233
19472,yolo_x_cpu,1314
19473,yolo_x_cpu,1285
19474,yolo_x_cpu,1300
19475,yolo_x_cpu,1277
19476,yolo_x_cpu,1358
19477,yolo_x_cpu,1289
19478,yolo_x_cpu,1277
19479,yolo_x_cpu,1433
19480,yolo_x_cpu,1330
19481,yolo_x_cpu,1323
19482,yolo_x_cpu,1287
19483,yolo_x_cpu,1276
19484,yolo_x_cpu,1317
19485,yolo_x_cpu,1403
19486,yolo_x_cpu,1313
19487,yolo_x_cpu,1427
19488,yolo_x_cpu,1357
19489,yolo_x_cpu,1348
19490,yolo_x_cpu,1254
19491,yolo_x_cpu,1190
19492,yolo_x_cpu,1266
19493,yolo_x_cpu,1407
19494,yolo_x_cpu,1447
19495,yolo_x_cpu,1364
19496,yolo_x_cpu,1474
19497,yolo_x_cpu,1295
19498,yolo_x_cpu,1330
19499,yolo_x_cpu,1379
19500,yolo_x_cpu,1383
19501,yolo_x_cpu,1460
19502,yolo_x_cpu,1486
19503,yolo_x_cpu,1605
19504,yolo_x_cpu,1505
19505,yolo_x_cpu,1533
19506,yolo_x_cpu,1403
19507,yolo_x_cpu,1082
19508,yolo_x_cpu,1431
19509,yolo_x_cpu,1348
19510,yolo_x_cpu,1235
19511,yolo_x_cpu,1300
19512,yolo_x_cpu,1394
19513,yolo_x_cpu,1542
19514,yolo_x_cpu,1426
19515,yolo_x_cpu,1373
19516,yolo_x_cpu,1342
19517,yolo_x_cpu,1259
19518,yolo_x_cpu,1217
19519,yolo_x_cpu,1291
19520,yolo_x_cpu,1427
19521,yolo_x_cpu,1231
19522,yolo_x_cpu,1275
19523,yolo_x_cpu,1147
19524,yolo_x_cpu,1120
19525,yolo_x_cpu,1070
19526,yolo_x_cpu,1040
19527,yolo_x_cpu,1349
19528,yolo_x_cpu,1234
19529,yolo_x_cpu,1118
19530,yolo_x_cpu,1199
19531,yolo_x_cpu,1224
19532,yolo_x_cpu,1350
19533,yolo_x_cpu,1281
19534,yolo_x_cpu,1256
19535,yolo_x_cpu,1212
19536,yolo_x_cpu,1065
19537,yolo_x_cpu,1173
19538,yolo_x_cpu,1183
19539,yolo_x_cpu,1261
19540,yolo_x_cpu,1090
19541,yolo_x_cpu,1142
19542,yolo_x_cpu,1003
19543,yolo_x_cpu,1210
19544,yolo_x_cpu,1090
19545,yolo_x_cpu,1052
19546,yolo_x_cpu,1160
19547,yolo_x_cpu,1195
19548,yolo_x_cpu,1018
19549,yolo_x_cpu,1134
19550,yolo_x_cpu,1140
19551,yolo_x_cpu,1233
19552,yolo_x_cpu,1181
19553,yolo_x_cpu,1119
19554,yolo_x_cpu,1001
19555,yolo_x_cpu,1081
19556,yolo_x_cpu,1107
19557,yolo_x_cpu,1075
19558,yolo_x_cpu,1049
19559,yolo_x_cpu,1103
19560,yolo_x_cpu,1170
19561,yolo_x_cpu,1116
19562,yolo_x_cpu,1240
19563,yolo_x_cpu,975
19564,yolo_x_cpu,1111
19565,yolo_x_cpu,983
19566,yolo_x_cpu,1113
19567,yolo_x_cpu,1013
19568,yolo_x_cpu,1018
19569,yolo_x_cpu,1016
19570,yolo_x_cpu,1029
19571,yolo_x_cpu,1057
19572,yolo_x_cpu,1155
19573,yolo_x_cpu,1115
19574,yolo_x_cpu,1099
19575,yolo_x_cpu,1163
19576,yolo_x_cpu,1096
19577,yolo_x_cpu,1134
19578,yolo_x_cpu,1046
19579,yolo_x_cpu,1062
19580,yolo_x_cpu,1087
19581,yolo_x_cpu,1053
19582,yolo_x_cpu,1029
19583,yolo_x_cpu,1175
19584,yolo_x_cpu,1113
19585,yolo_x_cpu,1152
19586,yolo_x_cpu,892
19587,yolo_x_cpu,1103
19588,yolo_x_cpu,900
19589,yolo_x_cpu,911
19590,yolo_x_cpu,863
19591,yolo_x_cpu,799
19592,yolo_x_cpu,886
19593,yolo_x_cpu,875
19594,yolo_x_cpu,853
19595,yolo_x_cpu,801
19596,yolo_x_cpu,963
19597,yolo_x_cpu,1081
19598,yolo_x_cpu,806
19599,yolo_x_cpu,816
19600,yolo_x_cpu,838
19601,yolo_x_cpu,1032
19602,yolo_x_cpu,828
19603,yolo_x_cpu,951
19604,yolo_x_cpu,843
19605,yolo_x_cpu,847
19606,yolo_x_cpu,781
19607,yolo_x_cpu,900
19608,yolo_x_cpu,764
19609,yolo_x_cpu,765
19610,yolo_x_cpu,956
19611,yolo_x_cpu,837
19612,yolo_x_cpu,743
19613,yolo_x_cpu,767
19614,yolo_x_cpu,698
19615,yolo_x_cpu,695
19616,yolo_x_cpu,686
19617,yolo_x_cpu,720
19618,yolo_x_cpu,671
19619,yolo_x_cpu,592
19620,yolo_x_cpu,618
19621,yolo_x_cpu,683
19622,yolo_x_cpu,568
19623,yolo_x_cpu,644
19624,yolo_x_cpu,570
19625,yolo_x_cpu,681
19626,yolo_x_cpu,700
19627,yolo_x_cpu,719
19628,yolo_x_cpu,517
19629,yolo_x_cpu,610
19630,yolo_x_cpu,621
19631,yolo_x_cpu,633
19632,yolo_x_cpu,546
19633,yolo_x_cpu,589
19634,yolo_x_cpu,592
19635,yolo_x_cpu,559
19636,yolo_x_cpu,535
19637,yolo_x_cpu,528
19638,yolo_x_cpu,549
19639,yolo_x_cpu,785
19640,yolo_x_cpu,527
19641,yolo_x_cpu,503
19642,yolo_x_cpu,821
19643,yolo_x_cpu,593
19644,yolo_x_cpu,593
19645,yolo_x_cpu,430
19646,yolo_x_cpu,457
19647,yolo_x_cpu,438
19648,yolo_x_cpu,429
19649,yolo_x_cpu,516
19650,yolo_x_cpu,502
19651,yolo_x_cpu,529
19652,yolo_x_cpu,452
19653,yolo_x_cpu,520
19654,yolo_x_cpu,441
19655,yolo_x_cpu,482
19656,yolo_x_cpu,437
19657,yolo_x_cpu,354
19658,yolo_x_cpu,465
19659,yolo_x_cpu,405
19660,yolo_x_cpu,473
19661,yolo_x_cpu,483
19662,yolo_x_cpu,314
19663,yolo_x_cpu,456
19664,yolo_x_cpu,329
19665,yolo_x_cpu,306
19666,yolo_x_cpu,355
19667,yolo_x_cpu,333
19668,yolo_x_cpu,342
19669,yolo_x_cpu,384
19670,yolo_x_cpu,286
19671,yolo_x_cpu,442
19672,yolo_x_cpu,526
19673,yolo_x_cpu,366
19674,yolo_x_cpu,354
19675,yolo_x_cpu,350
19676,yolo_x_cpu,323
19677,yolo_x_cpu,389
19678,yolo_x_cpu,448
19679,yolo_x_cpu,495
19680,yolo_x_cpu,324
19681,yolo_x_cpu,267
19682,yolo_x_cpu,282
19683,yolo_x_cpu,256
19684,yolo_x_cpu,282
19685,yolo_x_cpu,290
19686,yolo_x_cpu,344
19687,yolo_x_cpu,364
19688,yolo_x_cpu,290
19689,yolo_x_cpu,242
19690,yolo_x_cpu,371
19691,yolo_x_cpu,265
19692,yolo_x_cpu,405
19693,yolo_x_cpu,420
19694,yolo_x_cpu,222
19695,yolo_x_cpu,240
19696,yolo_x_cpu,346
19697,yolo_x_cpu,313
19698,yolo_x_cpu,321
19699,yolo_x_cpu,374
19700,yolo_x_cpu,315
19701,yolo_x_cpu,198
19702,yolo_x_cpu,262
19703,yolo_x_cpu,217
19704,yolo_x_cpu,158
19705,yolo_x_cpu,176
19706,yolo_x_cpu,193
19707,yolo_x_cpu,194
19708,yolo_x_cpu,247
19709,yolo_x_cpu,223
19710,yolo_x_cpu,225
19711,yolo_x_cpu,219
19712,yolo_x_cpu,197
19713,yolo_x_cpu,219
19714,yolo_x_cpu,193
19715,yolo_x_cpu,229
19716,yolo_x_cpu,197
19717,yolo_x_cpu,214
19718,yolo_x_cpu,181
19719,yolo_x_cpu,180
19720,yolo_x_cpu,189
19721,yolo_x_cpu,231
19722,yolo_x_cpu,128
19723,yolo_x_cpu,150
19724,yolo_x_cpu,149
19725,yolo_x_cpu,157
19726,yolo_x_cpu,181
19727,yolo_x_cpu,148
19728,yolo_x_cpu,160
19729,yolo_x_cpu,129
19730,yolo_x_cpu,129
19731,yolo_x_cpu,137
19732,yolo_x_cpu,155
19733,yolo_x_cpu,164
19734,yolo_x_cpu,138
19735,yolo_x_cpu,128
19736,yolo_x_cpu,171
19737,yolo_x_cpu,165
19738,yolo_x_cpu,128
19739,yolo_x_cpu,120
19740,yolo_x_cpu,110
19741,yolo_x_cpu,63
19742,yolo_x_cpu,134
19743,yolo_x_cpu,145
19744,yolo_x_cpu,144
19745,yolo_x_cpu,153
19746,yolo_x_cpu,97
19747,yolo_x_cpu,113
19748,yolo_x_cpu,104
19749,yolo_x_cpu,112
19750,yolo_x_cpu,77
19751,yolo_x_cpu,106
19752,yolo_x_cpu,121
19753,yolo_x_cpu,91
19754,yolo_x_cpu,75
19755,yolo_x_cpu,91
19756,yolo_x_cpu,69
19757,yolo_x_cpu,96
19758,yolo_x_cpu,113
19759,yolo_x_cpu,75
19760,yolo_x_cpu,40
19761,yolo_x_cpu,46
19762,yolo_x_cpu,50
19763,yolo_x_cpu,49
19764,yolo_x_cpu,141
19765,yolo_x_cpu,104
19766,yolo_x_cpu,61
19767,yolo_x_cpu,50
19768,yolo_x_cpu,41
19769,yolo_x_cpu,70
19770,yolo_x_cpu,130
19771,yolo_x_cpu,144
19772,yolo_x_cpu,78
19773,yolo_x_cpu,61
19774,yolo_x_cpu,32
19775,yolo_x_cpu,63
19776,yolo_x_cpu,92
19777,yolo_x_cpu,47
19778,yolo_x_cpu,84
19779,yolo_x_cpu,62
19780,yolo_x_cpu,51
19781,yolo_x_cpu,127
19782,yolo_x_cpu,104
19783,yolo_x_cpu,69
19784,yolo_x_cpu,107
19785,yolo_x_cpu,65
19786,yolo_x_cpu,73
19787,yolo_x_cpu,87
19788,yolo_x_cpu,82
19789,yolo_x_cpu,76
19790,yolo_x_cpu,34
19791,yolo_x_cpu,65
19792,yolo_x_cpu,43
19793,yolo_x_cpu,51
19794,yolo_x_cpu,73
19795,yolo_x_cpu,41
19796,yolo_x_cpu,71
19797,yolo_x_cpu,29
19798,yolo_x_cpu,44
19799,yolo_x_cpu,48
19800,yolo_x_cpu,62
19801,yolo_x_cpu,47
19802,yolo_x_cpu,49
19803,yolo_x_cpu,61
19804,yolo_x_cpu,47
19805,yolo_x_cpu,37
19806,yolo_x_cpu,79
19807,yolo_x_cpu,48
19808,yolo_x_cpu,28
19809,yolo_x_cpu,55
19810,yolo_x_cpu,32
19811,yolo_x_cpu,25
19812,yolo_x_cpu,33
19813,yolo_x_cpu,70
19814,yolo_x_cpu,61
19815,yolo_x_cpu,43
19816,yolo_x_cpu,35
19817,yolo_x_cpu,61
19818,yolo_x_cpu,25
19819,yolo_x_cpu,41
19820,yolo_x_cpu,44
19821,yolo_x_cpu,17
19822,yolo_x_cpu,43
19823,yolo_x_cpu,73
19824,yolo_x_cpu,64
19825,yolo_x_cpu,42
19826,yolo_x_cpu,27
19827,yolo_x_cpu,47
19828,yolo_x_cpu,51
19829,yolo_x_cpu,35
19830,yolo_x_cpu,28
19831,yolo_x_cpu,28
19832,yolo_x_cpu,38
19833,yolo_x_cpu,24
19834,yolo_x_cpu,48
19835,yolo_x_cpu,74
19836,yolo_x_cpu,52
19837,yolo_x_cpu,27
19838,yolo_x_cpu,20
19839,yolo_x_cpu,40
19840,yolo_x_cpu,27
19841,yolo_x_cpu,39
19842,yolo_x_cpu,21
19843,yolo_x_cpu,17
19844,yolo_x_cpu,16
19845,yolo_x_cpu,21
19846,yolo_x_cpu,30
19847,yolo_x_cpu,22
19848,yolo_x_cpu,35
19849,yolo_x_cpu,49
19850,yolo_x_cpu,24
19851,yolo_x_cpu,29
19852,yolo_x_cpu,21
19853,yolo_x_cpu,49
19854,yolo_x_cpu,43
19855,yolo_x_cpu,11
19856,yolo_x_cpu,33
19857,yolo_x_cpu,33
19858,yolo_x_cpu,48
19859,yolo_x_cpu,20
19860,yolo_x_cpu,24
19861,yolo_x_cpu,54
19862,yolo_x_cpu,36
19863,yolo_x_cpu,27
19864,yolo_x_cpu,18
19865,yolo_x_cpu,22
19866,yolo_x_cpu,30
19867,yolo_x_cpu,47
19868,yolo_x_cpu,20
19869,yolo_x_cpu,29
19870,yolo_x_cpu,29
19871,yolo_x_cpu,18
19872,yolo_x_cpu,32
19873,yolo_x_cpu,30
19874,yolo_x_cpu,23
19875,yolo_x_cpu,15
19876,yolo_x_cpu,21
19877,yolo_x_cpu,32
19878,yolo_x_cpu,42
19879,yolo_x_cpu,15
19880,yolo_x_cpu,8
19881,yolo_x_cpu,17
19882,yolo_x_cpu,24
19883,yolo_x_cpu,14
19884,yolo_x_cpu,16
19885,yolo_x_cpu,8
19886,yolo_x_cpu,12
19887,yolo_x_cpu,22
19888,yolo_x_cpu,15
19889,yolo_x_cpu,14
19890,yolo_x_cpu,30
19891,yolo_x_cpu,11
19892,yolo_x_cpu,15
19893,yolo_x_cpu,10
19894,yolo_x_cpu,31
19895,yolo_x_cpu,14
19896,yolo_x_cpu,11
19897,yolo_x_cpu,12
19898,yolo_x_cpu,7
19899,yolo_x_cpu,23
19900,yolo_x_cpu,23
19901,yolo_x_cpu,8
19902,yolo_x_cpu,46
19903,yolo_x_cpu,27
19904,yolo_x_cpu,45
19905,yolo_x_cpu,7
19906,yolo_x_cpu,35
19907,yolo_x_cpu,15
19908,yolo_x_cpu,27
19909,yolo_x_cpu,48
19910,yolo_x_cpu,43
19911,yolo_x_cpu,8
19912,yolo_x_cpu,20
19913,yolo_x_cpu,47
19914,yolo_x_cpu,34
19915,yolo_x_cpu,37
19916,yolo_x_cpu,23
19917,yolo_x_cpu,22
19918,yolo_x_cpu,59
19919,yolo_x_cpu,55
19920,yolo_x_cpu,28
19921,yolo_x_cpu,31
19922,yolo_x_cpu,53
19923,yolo_x_cpu,34
19924,yolo_x_cpu,36
19925,yolo_x_cpu,31
19926,yolo_x_cpu,37
19927,yolo_x_cpu,42
19928,yolo_x_cpu,35
19929,yolo_x_cpu,17
19930,yolo_x_cpu,38
19931,yolo_x_cpu,18
19932,yolo_x_cpu,39
19933,yolo_x_cpu,28
19934,yolo_x_cpu,58
19935,yolo_x_cpu,24
19936,yolo_x_cpu,29
19937,yolo_x_cpu,16
19938,yolo_x_cpu,25
19939,yolo_x_cpu,11
19940,yolo_x_cpu,42
19941,yolo_x_cpu,24
19942,yolo_x_cpu,11
19943,yolo_x_cpu,36
19944,yolo_x_cpu,26
19945,yolo_x_cpu,17
19946,yolo_x_cpu,15
19947,yolo_x_cpu,7
19948,yolo_x_cpu,27
19949,yolo_x_cpu,22
19950,yolo_x_cpu,22
19951,yolo_x_cpu,27
19952,yolo_x_cpu,34
19953,yolo_x_cpu,27
19954,yolo_x_cpu,14
19955,yolo_x_cpu,27
19956,yolo_x_cpu,21
19957,yolo_x_cpu,23
19958,yolo_x_cpu,39
19959,yolo_x_cpu,20
19960,yolo_x_cpu,34
19961,yolo_x_cpu,26
19962,yolo_x_cpu,29
19963,yolo_x_cpu,54
19964,yolo_x_cpu,15
19965,yolo_x_cpu,24
19966,yolo_x_cpu,9
19967,yolo_x_cpu,13
19968,yolo_x_cpu,38
19969,yolo_x_cpu,24
19970,yolo_x_cpu,37
19971,yolo_x_cpu,32
19972,yolo_x_cpu,29
19973,yolo_x_cpu,21
19974,yolo_x_cpu,11
19975,yolo_x_cpu,27
19976,yolo_x_cpu,31
19977,yolo_x_cpu,32
19978,yolo_x_cpu,27
19979,yolo_x_cpu,31
19980,yolo_x_cpu,32
19981,yolo_x_cpu,11
19982,yolo_x_cpu,38
19983,yolo_x_cpu,57
19984,yolo_x_cpu,40
19985,yolo_x_cpu,40
19986,yolo_x_cpu,22
19987,yolo_x_cpu,21
19988,yolo_x_cpu,25
19989,yolo_x_cpu,32
19990,yolo_x_cpu,14
19991,yolo_x_cpu,31
19992,yolo_x_cpu,26
19993,yolo_x_cpu,38
19994,yolo_x_cpu,23
19995,yolo_x_cpu,43
19996,yolo_x_cpu,42
19997,yolo_x_cpu,43
19998,yolo_x_cpu,32
19999,yolo_x_cpu,20
20000,yolo_x_cpu,43
20001,yolo_x_cpu,43
20002,yolo_x_cpu,36
20003,yolo_x_cpu,34
20004,yolo_x_cpu,21
20005,yolo_x_cpu,31
20006,yolo_x_cpu,23
20007,yolo_x_cpu,49
20008,yolo_x_cpu,29
20009,yolo_x_cpu,36
20010,yolo_x_cpu,32
20011,yolo_x_cpu,10
20012,yolo_x_cpu,23
20013,yolo_x_cpu,21
20014,yolo_x_cpu,40
20015,yolo_x_cpu,41
20016,yolo_x_cpu,52
20017,yolo_x_cpu,76
20018,yolo_x_cpu,58
20019,yolo_x_cpu,52
20020,yolo_x_cpu,78
20021,yolo_x_cpu,55
20022,yolo_x_cpu,61
20023,yolo_x_cpu,49
20024,yolo_x_cpu,42
20025,yolo_x_cpu,73
20026,yolo_x_cpu,48
20027,yolo_x_cpu,54
20028,yolo_x_cpu,60
20029,yolo_x_cpu,77
20030,yolo_x_cpu,86
20031,yolo_x_cpu,73
20032,yolo_x_cpu,69
20033,yolo_x_cpu,84
20034,yolo_x_cpu,91
20035,yolo_x_cpu,85
20036,yolo_x_cpu,58
20037,yolo_x_cpu,60
20038,yolo_x_cpu,68
20039,yolo_x_cpu,124
20040,yolo_x_cpu,158
20041,yolo_x_cpu,111
20042,yolo_x_cpu,118
20043,yolo_x_cpu,94
20044,yolo_x_cpu,94
20045,yolo_x_cpu,134
20046,yolo_x_cpu,150
20047,yolo_x_cpu,133
20048,yolo_x_cpu,109
20049,yolo_x_cpu,101
20050,yolo_x_cpu,112
20051,yolo_x_cpu,107
20052,yolo_x_cpu,81
20053,yolo_x_cpu,91
20054,yolo_x_cpu,131
20055,yolo_x_cpu,168
20056,yolo_x_cpu,175
20057,yolo_x_cpu,120
20058,yolo_x_cpu,119
20059,yolo_x_cpu,90
20060,yolo_x_cpu,131
20061,yolo_x_cpu,145
20062,yolo_x_cpu,176
20063,yolo_x_cpu,115
20064,yolo_x_cpu,113
20065,yolo_x_cpu,196
20066,yolo_x_cpu,150
20067,yolo_x_cpu,121
20068,yolo_x_cpu,137
20069,yolo_x_cpu,164
20070,yolo_x_cpu,154
20071,yolo_x_cpu,186
20072,yolo_x_cpu,147
20073,yolo_x_cpu,141
20074,yolo_x_cpu,174
20075,yolo_x_cpu,204
20076,yolo_x_cpu,164
20077,yolo_x_cpu,173
20078,yolo_x_cpu,162
20079,yolo_x_cpu,267
20080,yolo_x_cpu,203
20081,yolo_x_cpu,239
20082,yolo_x_cpu,261
20083,yolo_x_cpu,282
20084,yolo_x_cpu,256
20085,yolo_x_cpu,233
20086,yolo_x_cpu,173
20087,yolo_x_cpu,292
20088,yolo_x_cpu,308
20089,yolo_x_cpu,481
20090,yolo_x_cpu,699
20091,yolo_x_cpu,642
20092,yolo_x_cpu,426
20093,yolo_x_cpu,525
20094,yolo_x_cpu,501
20095,yolo_x_cpu,556
20096,yolo_x_cpu,480
20097,yolo_x_cpu,508
20098,yolo_x_cpu,385
20099,yolo_x_cpu,462
20100,yolo_x_cpu,400
20101,yolo_x_cpu,361
20102,yolo_x_cpu,401
20103,yolo_x_cpu,379
20104,yolo_x_cpu,542
20105,yolo_x_cpu,290
20106,yolo_x_cpu,303
20107,yolo_x_cpu,326
20108,yolo_x_cpu,334
20109,yolo_x_cpu,404
20110,yolo_x_cpu,379
20111,yolo_x_cpu,418
20112,yolo_x_cpu,364
20113,yolo_x_cpu,414
20114,yolo_x_cpu,358
20115,yolo_x_cpu,331
20116,yolo_x_cpu,335
20117,yolo_x_cpu,374
20118,yolo_x_cpu,411
20119,yolo_x_cpu,443
20120,yolo_x_cpu,538
20121,yolo_x_cpu,564
20122,yolo_x_cpu,430
20123,yolo_x_cpu,450
20124,yolo_x_cpu,473
20125,yolo_x_cpu,456
20126,yolo_x_cpu,374
20127,yolo_x_cpu,409
20128,yolo_x_cpu,395
20129,yolo_x_cpu,410
20130,yolo_x_cpu,323
20131,yolo_x_cpu,395
20132,yolo_x_cpu,417
20133,yolo_x_cpu,512
20134,yolo_x_cpu,382
20135,yolo_x_cpu,393
20136,yolo_x_cpu,509
20137,yolo_x_cpu,558
20138,yolo_x_cpu,590
20139,yolo_x_cpu,472
20140,yolo_x_cpu,444
20141,yolo_x_cpu,473
20142,yolo_x_cpu,437
20143,yolo_x_cpu,360
20144,yolo_x_cpu,421
20145,yolo_x_cpu,446
20146,yolo_x_cpu,523
20147,yolo_x_cpu,536
20148,yolo_x_cpu,529
20149,yolo_x_cpu,477
20150,yolo_x_cpu,432
20151,yolo_x_cpu,420
20152,yolo_x_cpu,491
20153,yolo_x_cpu,487
20154,yolo_x_cpu,472
20155,yolo_x_cpu,418
20156,yolo_x_cpu,414
20157,yolo_x_cpu,430
20158,yolo_x_cpu,470
20159,yolo_x_cpu,382
20160,yolo_x_cpu,504
20161,yolo_x_cpu,532
20162,yolo_x_cpu,505
20163,yolo_x_cpu,494
20164,yolo_x_cpu,479
20165,yolo_x_cpu,464
20166,yolo_x_cpu,448
20167,yolo_x_cpu,391
20168,yolo_x_cpu,389
20169,yolo_x_cpu,455
20170,yolo_x_cpu,500
20171,yolo_x_cpu,492
20172,yolo_x_cpu,457
20173,yolo_x_cpu,495
20174,yolo_x_cpu,481
20175,yolo_x_cpu,465
20176,yolo_x_cpu,566
20177,yolo_x_cpu,525
20178,yolo_x_cpu,462
20179,yolo_x_cpu,400
20180,yolo_x_cpu,460
20181,yolo_x_cpu,484
20182,yolo_x_cpu,654
20183,yolo_x_cpu,465
20184,yolo_x_cpu,440
20185,yolo_x_cpu,434
20186,yolo_x_cpu,493
20187,yolo_x_cpu,624
20188,yolo_x_cpu,458
20189,yolo_x_cpu,534
20190,yolo_x_cpu,537
20191,yolo_x_cpu,510
20192,yolo_x_cpu,483
20193,yolo_x_cpu,463
20194,yolo_x_cpu,524
20195,yolo_x_cpu,517
20196,yolo_x_cpu,537
20197,yolo_x_cpu,534
20198,yolo_x_cpu,591
20199,yolo_x_cpu,672
20200,yolo_x_cpu,619
20201,yolo_x_cpu,496
20202,yolo_x_cpu,558
20203,yolo_x_cpu,560
20204,yolo_x_cpu,590
20205,yolo_x_cpu,491
20206,yolo_x_cpu,534
20207,yolo_x_cpu,594
20208,yolo_x_cpu,564
20209,yolo_x_cpu,485
20210,yolo_x_cpu,598
20211,yolo_x_cpu,432
20212,yolo_x_cpu,461
20213,yolo_x_cpu,584
20214,yolo_x_cpu,553
20215,yolo_x_cpu,591
20216,yolo_x_cpu,527
20217,yolo_x_cpu,588
20218,yolo_x_cpu,661
20219,yolo_x_cpu,472
20220,yolo_x_cpu,511
20221,yolo_x_cpu,490
20222,yolo_x_cpu,430
20223,yolo_x_cpu,483
20224,yolo_x_cpu,603
20225,yolo_x_cpu,500
20226,yolo_x_cpu,572
20227,yolo_x_cpu,629
20228,yolo_x_cpu,561
20229,yolo_x_cpu,561
20230,yolo_x_cpu,479
20231,yolo_x_cpu,512
20232,yolo_x_cpu,531
20233,yolo_x_cpu,497
20234,yolo_x_cpu,550
20235,yolo_x_cpu,546
20236,yolo_x_cpu,630
20237,yolo_x_cpu,591
20238,yolo_x_cpu,528
20239,yolo_x_cpu,556
20240,yolo_x_cpu,644
20241,yolo_x_cpu,481
20242,yolo_x_cpu,591
20243,yolo_x_cpu,675
20244,yolo_x_cpu,549
20245,yolo_x_cpu,449
20246,yolo_x_cpu,484
20247,yolo_x_cpu,529
20248,yolo_x_cpu,562
20249,yolo_x_cpu,618
20250,yolo_x_cpu,570
20251,yolo_x_cpu,471
20252,yolo_x_cpu,443
20253,yolo_x_cpu,502
20254,yolo_x_cpu,523
20255,yolo_x_cpu,653
20256,yolo_x_cpu,801
20257,yolo_x_cpu,709
20258,yolo_x_cpu,596
20259,yolo_x_cpu,550
20260,yolo_x_cpu,526
20261,yolo_x_cpu,513
20262,yolo_x_cpu,533
20263,yolo_x_cpu,491
20264,yolo_x_cpu,494
20265,yolo_x_cpu,472
20266,yolo_x_cpu,468
20267,yolo_x_cpu,437
20268,yolo_x_cpu,462
20269,yolo_x_cpu,506
20270,yolo_x_cpu,425
20271,yolo_x_cpu,518
20272,yolo_x_cpu,475
20273,yolo_x_cpu,522
20274,yolo_x_cpu,480
20275,yolo_x_cpu,490
20276,yolo_x_cpu,505
20277,yolo_x_cpu,458
20278,yolo_x_cpu,427
20279,yolo_x_cpu,430
20280,yolo_x_cpu,478
20281,yolo_x_cpu,496
20282,yolo_x_cpu,515
20283,yolo_x_cpu,579
20284,yolo_x_cpu,615
20285,yolo_x_cpu,509
20286,yolo_x_cpu,468
20287,yolo_x_cpu,409
20288,yolo_x_cpu,505
20289,yolo_x_cpu,562
20290,yolo_x_cpu,444
20291,yolo_x_cpu,635
20292,yolo_x_cpu,514
20293,yolo_x_cpu,589
20294,yolo_x_cpu,782
20295,yolo_x_cpu,576
20296,yolo_x_cpu,402
20297,yolo_x_cpu,503
20298,yolo_x_cpu,428
20299,yolo_x_cpu,395
20300,yolo_x_cpu,499
20301,yolo_x_cpu,591
20302,yolo_x_cpu,512
20303,yolo_x_cpu,484
20304,yolo_x_cpu,419
20305,yolo_x_cpu,393
20306,yolo_x_cpu,428
20307,yolo_x_cpu,449
20308,yolo_x_cpu,399
20309,yolo_x_cpu,468
20310,yolo_x_cpu,396
20311,yolo_x_cpu,400
20312,yolo_x_cpu,390
20313,yolo_x_cpu,452
20314,yolo_x_cpu,417
20315,yolo_x_cpu,423
20316,yolo_x_cpu,391
20317,yolo_x_cpu,508
20318,yolo_x_cpu,379
20319,yolo_x_cpu,389
20320,yolo_x_cpu,462
20321,yolo_x_cpu,511
20322,yolo_x_cpu,497
20323,yolo_x_cpu,380
20324,yolo_x_cpu,442
20325,yolo_x_cpu,437
20326,yolo_x_cpu,519
20327,yolo_x_cpu,552
20328,yolo_x_cpu,458
20329,yolo_x_cpu,575
20330,yolo_x_cpu,546
20331,yolo_x_cpu,549
20332,yolo_x_cpu,502
20333,yolo_x_cpu,444
20334,yolo_x_cpu,548
20335,yolo_x_cpu,487
20336,yolo_x_cpu,561
20337,yolo_x_cpu,492
20338,yolo_x_cpu,449
20339,yolo_x_cpu,560
20340,yolo_x_cpu,460
20341,yolo_x_cpu,418
20342,yolo_x_cpu,547
20343,yolo_x_cpu,607
20344,yolo_x_cpu,506
20345,yolo_x_cpu,532
20346,yolo_x_cpu,490
20347,yolo_x_cpu,475
20348,yolo_x_cpu,432
20349,yolo_x_cpu,501
20350,yolo_x_cpu,478
20351,yolo_x_cpu,439
20352,yolo_x_cpu,415
20353,yolo_x_cpu,370
20354,yolo_x_cpu,383
20355,yolo_x_cpu,327
20356,yolo_x_cpu,399
20357,yolo_x_cpu,430
20358,yolo_x_cpu,380
20359,yolo_x_cpu,342
20360,yolo_x_cpu,450
20361,yolo_x_cpu,428
20362,yolo_x_cpu,423
20363,yolo_x_cpu,357
20364,yolo_x_cpu,420
20365,yolo_x_cpu,371
20366,yolo_x_cpu,331
20367,yolo_x_cpu,383
20368,yolo_x_cpu,492
20369,yolo_x_cpu,387
20370,yolo_x_cpu,368
20371,yolo_x_cpu,424
20372,yolo_x_cpu,368
20373,yolo_x_cpu,303
20374,yolo_x_cpu,380
20375,yolo_x_cpu,425
20376,yolo_x_cpu,448
20377,yolo_x_cpu,445
20378,yolo_x_cpu,336
20379,yolo_x_cpu,335
20380,yolo_x_cpu,388
20381,yolo_x_cpu,365
20382,yolo_x_cpu,388
20383,yolo_x_cpu,432
20384,yolo_x_cpu,336
20385,yolo_x_cpu,363
20386,yolo_x_cpu,368
20387,yolo_x_cpu,382
20388,yolo_x_cpu,357
20389,yolo_x_cpu,504
20390,yolo_x_cpu,297
20391,yolo_x_cpu,355
20392,yolo_x_cpu,413
20393,yolo_x_cpu,391
20394,yolo_x_cpu,373
20395,yolo_x_cpu,425
20396,yolo_x_cpu,400
20397,yolo_x_cpu,331
20398,yolo_x_cpu,433
20399,yolo_x_cpu,284
20400,yolo_x_cpu,478
20401,yolo_x_cpu,402
20402,yolo_x_cpu,385
20403,yolo_x_cpu,407
20404,yolo_x_cpu,282
20405,yolo_x_cpu,372
20406,yolo_x_cpu,387
20407,yolo_x_cpu,355
20408,yolo_x_cpu,321
20409,yolo_x_cpu,375
20410,yolo_x_cpu,405
20411,yolo_x_cpu,392
20412,yolo_x_cpu,423
20413,yolo_x_cpu,361
20414,yolo_x_cpu,387
20415,yolo_x_cpu,342
20416,yolo_x_cpu,384
20417,yolo_x_cpu,354
20418,yolo_x_cpu,404
20419,yolo_x_cpu,360
20420,yolo_x_cpu,423
20421,yolo_x_cpu,478
20422,yolo_x_cpu,359
20423,yolo_x_cpu,367
20424,yolo_x_cpu,434
20425,yolo_x_cpu,367
20426,yolo_x_cpu,348
20427,yolo_x_cpu,303
20428,yolo_x_cpu,441
20429,yolo_x_cpu,326
20430,yolo_x_cpu,446
20431,yolo_x_cpu,581
20432,yolo_x_cpu,600
20433,yolo_x_cpu,558
20434,yolo_x_cpu,706
20435,yolo_x_cpu,623
20436,yolo_x_cpu,565
20437,yolo_x_cpu,514
20438,yolo_x_cpu,425
20439,yolo_x_cpu,473
20440,yolo_x_cpu,598
20441,yolo_x_cpu,469
20442,yolo_x_cpu,491
20443,yolo_x_cpu,387
20444,yolo_x_cpu,404
20445,yolo_x_cpu,380
20446,yolo_x_cpu,398
20447,yolo_x_cpu,375
20448,yolo_x_cpu,364
20449,yolo_x_cpu,391
20450,yolo_x_cpu,387
20451,yolo_x_cpu,484
20452,yolo_x_cpu,394
20453,yolo_x_cpu,420
20454,yolo_x_cpu,389
20455,yolo_x_cpu,407
20456,yolo_x_cpu,450
20457,yolo_x_cpu,549
20458,yolo_x_cpu,502
20459,yolo_x_cpu,516
20460,yolo_x_cpu,434
20461,yolo_x_cpu,493
20462,yolo_x_cpu,454
20463,yolo_x_cpu,418
20464,yolo_x_cpu,334
20465,yolo_x_cpu,322
20466,yolo_x_cpu,315
20467,yolo_x_cpu,381
20468,yolo_x_cpu,320
20469,yolo_x_cpu,334
20470,yolo_x_cpu,334
20471,yolo_x_cpu,382
20472,yolo_x_cpu,354
20473,yolo_x_cpu,436
20474,yolo_x_cpu,380
20475,yolo_x_cpu,242
20476,yolo_x_cpu,385
20477,yolo_x_cpu,426
20478,yolo_x_cpu,416
20479,yolo_x_cpu,409
20480,yolo_x_cpu,396
20481,yolo_x_cpu,372
20482,yolo_x_cpu,504
20483,yolo_x_cpu,335
20484,yolo_x_cpu,360
20485,yolo_x_cpu,419
20486,yolo_x_cpu,423
20487,yolo_x_cpu,367
20488,yolo_x_cpu,400
20489,yolo_x_cpu,432
20490,yolo_x_cpu,412
20491,yolo_x_cpu,375
20492,yolo_x_cpu,570
20493,yolo_x_cpu,372
20494,yolo_x_cpu,462
20495,yolo_x_cpu,370
20496,yolo_x_cpu,423
20497,yolo_x_cpu,389
20498,yolo_x_cpu,361
20499,yolo_x_cpu,440
20500,yolo_x_cpu,442
20501,yolo_x_cpu,428
20502,yolo_x_cpu,440
20503,yolo_x_cpu,294
20504,yolo_x_cpu,360
20505,yolo_x_cpu,453
20506,yolo_x_cpu,359
20507,yolo_x_cpu,413
20508,yolo_x_cpu,310
20509,yolo_x_cpu,382
20510,yolo_x_cpu,402
20511,yolo_x_cpu,420
20512,yolo_x_cpu,415
20513,yolo_x_cpu,451
20514,yolo_x_cpu,457
20515,yolo_x_cpu,436
20516,yolo_x_cpu,432
20517,yolo_x_cpu,363
20518,yolo_x_cpu,358
20519,yolo_x_cpu,345
20520,yolo_x_cpu,332
20521,yolo_x_cpu,330
20522,yolo_x_cpu,366
20523,yolo_x_cpu,270
20524,yolo_x_cpu,252
20525,yolo_x_cpu,294
20526,yolo_x_cpu,284
20527,yolo_x_cpu,343
20528,yolo_x_cpu,354
20529,yolo_x_cpu,300
20530,yolo_x_cpu,249
20531,yolo_x_cpu,334
20532,yolo_x_cpu,254
20533,yolo_x_cpu,255
20534,yolo_x_cpu,179
20535,yolo_x_cpu,224
20536,yolo_x_cpu,262
20537,yolo_x_cpu,301
20538,yolo_x_cpu,412
20539,yolo_x_cpu,351
20540,yolo_x_cpu,344
20541,yolo_x_cpu,320
20542,yolo_x_cpu,340
20543,yolo_x_cpu,314
20544,yolo_x_cpu,384
20545,yolo_x_cpu,331
20546,yolo_x_cpu,338
20547,yolo_x_cpu,282
20548,yolo_x_cpu,333
20549,yolo_x_cpu,289
20550,yolo_x_cpu,422
20551,yolo_x_cpu,470
20552,yolo_x_cpu,367
20553,yolo_x_cpu,360
20554,yolo_x_cpu,320
20555,yolo_x_cpu,276
20556,yolo_x_cpu,309
20557,yolo_x_cpu,310
20558,yolo_x_cpu,266
20559,yolo_x_cpu,325
20560,yolo_x_cpu,410
20561,yolo_x_cpu,272
20562,yolo_x_cpu,278
20563,yolo_x_cpu,334
20564,yolo_x_cpu,340
20565,yolo_x_cpu,295
20566,yolo_x_cpu,293
20567,yolo_x_cpu,301
20568,yolo_x_cpu,261
20569,yolo_x_cpu,240
20570,yolo_x_cpu,235
20571,yolo_x_cpu,227
20572,yolo_x_cpu,320
20573,yolo_x_cpu,177
20574,yolo_x_cpu,251
20575,yolo_x_cpu,249
20576,yolo_x_cpu,254
20577,yolo_x_cpu,242
20578,yolo_x_cpu,244
20579,yolo_x_cpu,220
20580,yolo_x_cpu,288
20581,yolo_x_cpu,274
20582,yolo_x_cpu,293
20583,yolo_x_cpu,294
20584,yolo_x_cpu,375
20585,yolo_x_cpu,329
20586,yolo_x_cpu,376
20587,yolo_x_cpu,396
20588,yolo_x_cpu,427
20589,yolo_x_cpu,360
20590,yolo_x_cpu,361
20591,yolo_x_cpu,486
20592,yolo_x_cpu,321
20593,yolo_x_cpu,335
20594,yolo_x_cpu,487
20595,yolo_x_cpu,360
20596,yolo_x_cpu,334
20597,yolo_x_cpu,348
20598,yolo_x_cpu,345
20599,yolo_x_cpu,371
20600,yolo_x_cpu,305
20601,yolo_x_cpu,278
20602,yolo_x_cpu,422
20603,yolo_x_cpu,347
20604,yolo_x_cpu,421
20605,yolo_x_cpu,353
20606,yolo_x_cpu,346
20607,yolo_x_cpu,382
20608,yolo_x_cpu,422
20609,yolo_x_cpu,312
20610,yolo_x_cpu,213
20611,yolo_x_cpu,224
20612,yolo_x_cpu,184
20613,yolo_x_cpu,170
20614,yolo_x_cpu,234
20615,yolo_x_cpu,304
20616,yolo_x_cpu,227
20617,yolo_x_cpu,189
20618,yolo_x_cpu,270
20619,yolo_x_cpu,278
20620,yolo_x_cpu,214
20621,yolo_x_cpu,229
20622,yolo_x_cpu,273
20623,yolo_x_cpu,277
20624,yolo_x_cpu,250
20625,yolo_x_cpu,216
20626,yolo_x_cpu,275
20627,yolo_x_cpu,249
20628,yolo_x_cpu,359
20629,yolo_x_cpu,315
20630,yolo_x_cpu,287
20631,yolo_x_cpu,314
20632,yolo_x_cpu,345
20633,yolo_x_cpu,316
20634,yolo_x_cpu,286
20635,yolo_x_cpu,343
20636,yolo_x_cpu,292
20637,yolo_x_cpu,340
20638,yolo_x_cpu,255
20639,yolo_x_cpu,269
20640,yolo_x_cpu,305
20641,yolo_x_cpu,353
20642,yolo_x_cpu,293
20643,yolo_x_cpu,293
20644,yolo_x_cpu,373
20645,yolo_x_cpu,274
20646,yolo_x_cpu,343
20647,yolo_x_cpu,322
20648,yolo_x_cpu,262
20649,yolo_x_cpu,300
20650,yolo_x_cpu,282
20651,yolo_x_cpu,217
20652,yolo_x_cpu,288
20653,yolo_x_cpu,321
20654,yolo_x_cpu,300
20655,yolo_x_cpu,317
20656,yolo_x_cpu,331
20657,yolo_x_cpu,315
20658,yolo_x_cpu,284
20659,yolo_x_cpu,268
20660,yolo_x_cpu,258
20661,yolo_x_cpu,287
20662,yolo_x_cpu,316
20663,yolo_x_cpu,180
20664,yolo_x_cpu,262
20665,yolo_x_cpu,281
20666,yolo_x_cpu,330
20667,yolo_x_cpu,258
20668,yolo_x_cpu,250
20669,yolo_x_cpu,245
20670,yolo_x_cpu,349
20671,yolo_x_cpu,254
20672,yolo_x_cpu,299
20673,yolo_x_cpu,356
20674,yolo_x_cpu,234
20675,yolo_x_cpu,254
20676,yolo_x_cpu,226
20677,yolo_x_cpu,291
20678,yolo_x_cpu,258
20679,yolo_x_cpu,294
20680,yolo_x_cpu,276
20681,yolo_x_cpu,269
20682,yolo_x_cpu,338
20683,yolo_x_cpu,257
20684,yolo_x_cpu,256
20685,yolo_x_cpu,257
20686,yolo_x_cpu,338
20687,yolo_x_cpu,269
20688,yolo_x_cpu,328
20689,yolo_x_cpu,298
20690,yolo_x_cpu,326
20691,yolo_x_cpu,314
20692,yolo_x_cpu,307
20693,yolo_x_cpu,282
20694,yolo_x_cpu,315
20695,yolo_x_cpu,253
20696,yolo_x_cpu,216
20697,yolo_x_cpu,235
20698,yolo_x_cpu,281
20699,yolo_x_cpu,254
20700,yolo_x_cpu,326
20701,yolo_x_cpu,459
20702,yolo_x_cpu,356
20703,yolo_x_cpu,364
20704,yolo_x_cpu,390
20705,yolo_x_cpu,338
20706,yolo_x_cpu,354
20707,yolo_x_cpu,328
20708,yolo_x_cpu,411
20709,yolo_x_cpu,269
20710,yolo_x_cpu,276
20711,yolo_x_cpu,257
20712,yolo_x_cpu,280
20713,yolo_x_cpu,276
20714,yolo_x_cpu,358
20715,yolo_x_cpu,306
20716,yolo_x_cpu,326
20717,yolo_x_cpu,324
20718,yolo_x_cpu,297
20719,yolo_x_cpu,267
20720,yolo_x_cpu,351
20721,yolo_x_cpu,259
20722,yolo_x_cpu,316
20723,yolo_x_cpu,173
20724,yolo_x_cpu,304
20725,yolo_x_cpu,245
20726,yolo_x_cpu,212
20727,yolo_x_cpu,308
20728,yolo_x_cpu,260
20729,yolo_x_cpu,245
20730,yolo_x_cpu,273
20731,yolo_x_cpu,256
20732,yolo_x_cpu,275
20733,yolo_x_cpu,315
20734,yolo_x_cpu,419
20735,yolo_x_cpu,348
20736,yolo_x_cpu,310
20737,yolo_x_cpu,361
20738,yolo_x_cpu,286
20739,yolo_x_cpu,362
20740,yolo_x_cpu,333
20741,yolo_x_cpu,272
20742,yolo_x_cpu,241
20743,yolo_x_cpu,238
20744,yolo_x_cpu,282
20745,yolo_x_cpu,207
20746,yolo_x_cpu,281
20747,yolo_x_cpu,327
20748,yolo_x_cpu,309
20749,yolo_x_cpu,248
20750,yolo_x_cpu,246
20751,yolo_x_cpu,268
20752,yolo_x_cpu,328
20753,yolo_x_cpu,238
20754,yolo_x_cpu,230
20755,yolo_x_cpu,293
20756,yolo_x_cpu,229
20757,yolo_x_cpu,223
20758,yolo_x_cpu,308
20759,yolo_x_cpu,309
20760,yolo_x_cpu,301
20761,yolo_x_cpu,304
20762,yolo_x_cpu,198
20763,yolo_x_cpu,276
20764,yolo_x_cpu,276
20765,yolo_x_cpu,369
20766,yolo_x_cpu,273
20767,yolo_x_cpu,415
20768,yolo_x_cpu,342
20769,yolo_x_cpu,277
20770,yolo_x_cpu,257
20771,yolo_x_cpu,358
20772,yolo_x_cpu,349
20773,yolo_x_cpu,348
20774,yolo_x_cpu,351
20775,yolo_x_cpu,360
20776,yolo_x_cpu,365
20777,yolo_x_cpu,416
20778,yolo_x_cpu,230
20779,yolo_x_cpu,235
20780,yolo_x_cpu,226
20781,yolo_x_cpu,310
20782,yolo_x_cpu,235
20783,yolo_x_cpu,303
20784,yolo_x_cpu,297
20785,yolo_x_cpu,278
20786,yolo_x_cpu,224
20787,yolo_x_cpu,290
20788,yolo_x_cpu,300
20789,yolo_x_cpu,325
20790,yolo_x_cpu,320
20791,yolo_x_cpu,362
20792,yolo_x_cpu,295
20793,yolo_x_cpu,299
20794,yolo_x_cpu,251
20795,yolo_x_cpu,260
20796,yolo_x_cpu,351
20797,yolo_x_cpu,368
20798,yolo_x_cpu,476
20799,yolo_x_cpu,325
20800,yolo_x_cpu,357
20801,yolo_x_cpu,356
20802,yolo_x_cpu,519
20803,yolo_x_cpu,447
20804,yolo_x_cpu,424
20805,yolo_x_cpu,368
20806,yolo_x_cpu,476
20807,yolo_x_cpu,445
20808,yolo_x_cpu,405
20809,yolo_x_cpu,495
20810,yolo_x_cpu,333
20811,yolo_x_cpu,349
20812,yolo_x_cpu,382
20813,yolo_x_cpu,390
20814,yolo_x_cpu,419
20815,yolo_x_cpu,392
20816,yolo_x_cpu,399
20817,yolo_x_cpu,404
20818,yolo_x_cpu,321
20819,yolo_x_cpu,347
20820,yolo_x_cpu,420
20821,yolo_x_cpu,526
20822,yolo_x_cpu,380
20823,yolo_x_cpu,470
20824,yolo_x_cpu,398
20825,yolo_x_cpu,387
20826,yolo_x_cpu,290
20827,yolo_x_cpu,395
20828,yolo_x_cpu,502
20829,yolo_x_cpu,515
20830,yolo_x_cpu,440
20831,yolo_x_cpu,483
20832,yolo_x_cpu,404
20833,yolo_x_cpu,482
20834,yolo_x_cpu,435
20835,yolo_x_cpu,423
20836,yolo_x_cpu,427
20837,yolo_x_cpu,342
20838,yolo_x_cpu,453
20839,yolo_x_cpu,344
20840,yolo_x_cpu,439
20841,yolo_x_cpu,436
20842,yolo_x_cpu,411
20843,yolo_x_cpu,447
20844,yolo_x_cpu,461
20845,yolo_x_cpu,486
20846,yolo_x_cpu,475
20847,yolo_x_cpu,403
20848,yolo_x_cpu,398
20849,yolo_x_cpu,413
20850,yolo_x_cpu,311
20851,yolo_x_cpu,288
20852,yolo_x_cpu,419
20853,yolo_x_cpu,394
20854,yolo_x_cpu,424
20855,yolo_x_cpu,440
20856,yolo_x_cpu,445
20857,yolo_x_cpu,367
20858,yolo_x_cpu,416
20859,yolo_x_cpu,370
20860,yolo_x_cpu,387
20861,yolo_x_cpu,446
20862,yolo_x_cpu,410
20863,yolo_x_cpu,458
20864,yolo_x_cpu,425
20865,yolo_x_cpu,540
20866,yolo_x_cpu,410
20867,yolo_x_cpu,401
20868,yolo_x_cpu,424
20869,yolo_x_cpu,468
20870,yolo_x_cpu,513
20871,yolo_x_cpu,457
20872,yolo_x_cpu,433
20873,yolo_x_cpu,496
20874,yolo_x_cpu,573
20875,yolo_x_cpu,691
20876,yolo_x_cpu,627
20877,yolo_x_cpu,405
20878,yolo_x_cpu,376
20879,yolo_x_cpu,418
20880,yolo_x_cpu,376
20881,yolo_x_cpu,391
20882,yolo_x_cpu,396
20883,yolo_x_cpu,523
20884,yolo_x_cpu,440
20885,yolo_x_cpu,582
20886,yolo_x_cpu,369
20887,yolo_x_cpu,379
20888,yolo_x_cpu,501
20889,yolo_x_cpu,402
20890,yolo_x_cpu,410
20891,yolo_x_cpu,542
20892,yolo_x_cpu,552
20893,yolo_x_cpu,500
20894,yolo_x_cpu,441
20895,yolo_x_cpu,509
20896,yolo_x_cpu,445
20897,yolo_x_cpu,534
20898,yolo_x_cpu,537
20899,yolo_x_cpu,517
20900,yolo_x_cpu,555
20901,yolo_x_cpu,605
20902,yolo_x_cpu,630
20903,yolo_x_cpu,531
20904,yolo_x_cpu,479
20905,yolo_x_cpu,493
20906,yolo_x_cpu,500
20907,yolo_x_cpu,474
20908,yolo_x_cpu,395
20909,yolo_x_cpu,393
20910,yolo_x_cpu,438
20911,yolo_x_cpu,578
20912,yolo_x_cpu,712
20913,yolo_x_cpu,524
20914,yolo_x_cpu,466
20915,yolo_x_cpu,523
20916,yolo_x_cpu,488
20917,yolo_x_cpu,515
20918,yolo_x_cpu,531
20919,yolo_x_cpu,396
20920,yolo_x_cpu,501
20921,yolo_x_cpu,444
20922,yolo_x_cpu,473
20923,yolo_x_cpu,442
20924,yolo_x_cpu,480
20925,yolo_x_cpu,526
20926,yolo_x_cpu,466
20927,yolo_x_cpu,489
20928,yolo_x_cpu,568
20929,yolo_x_cpu,576
20930,yolo_x_cpu,580
20931,yolo_x_cpu,367
20932,yolo_x_cpu,455
20933,yolo_x_cpu,494
20934,yolo_x_cpu,364
20935,yolo_x_cpu,395
20936,yolo_x_cpu,367
20937,yolo_x_cpu,421
20938,yolo_x_cpu,444
20939,yolo_x_cpu,458
20940,yolo_x_cpu,425
20941,yolo_x_cpu,494
20942,yolo_x_cpu,442
20943,yolo_x_cpu,544
20944,yolo_x_cpu,455
20945,yolo_x_cpu,460
20946,yolo_x_cpu,482
20947,yolo_x_cpu,483
20948,yolo_x_cpu,376
20949,yolo_x_cpu,466
20950,yolo_x_cpu,537
20951,yolo_x_cpu,394
20952,yolo_x_cpu,491
20953,yolo_x_cpu,470
20954,yolo_x_cpu,448
20955,yolo_x_cpu,479
20956,yolo_x_cpu,447
20957,yolo_x_cpu,476
20958,yolo_x_cpu,504
20959,yolo_x_cpu,392
20960,yolo_x_cpu,403
20961,yolo_x_cpu,416
20962,yolo_x_cpu,468
20963,yolo_x_cpu,416
20964,yolo_x_cpu,404
20965,yolo_x_cpu,427
20966,yolo_x_cpu,432
20967,yolo_x_cpu,459
20968,yolo_x_cpu,368
20969,yolo_x_cpu,428
20970,yolo_x_cpu,443
20971,yolo_x_cpu,303
20972,yolo_x_cpu,364
20973,yolo_x_cpu,419
20974,yolo_x_cpu,443
20975,yolo_x_cpu,404
20976,yolo_x_cpu,432
20977,yolo_x_cpu,394
20978,yolo_x_cpu,309
20979,yolo_x_cpu,448
20980,yolo_x_cpu,431
20981,yolo_x_cpu,380
20982,yolo_x_cpu,384
20983,yolo_x_cpu,377
20984,yolo_x_cpu,363
20985,yolo_x_cpu,346
20986,yolo_x_cpu,332
20987,yolo_x_cpu,391
20988,yolo_x_cpu,319
20989,yolo_x_cpu,455
20990,yolo_x_cpu,445
20991,yolo_x_cpu,348
20992,yolo_x_cpu,433
20993,yolo_x_cpu,378
20994,yolo_x_cpu,472
20995,yolo_x_cpu,452
20996,yolo_x_cpu,324
20997,yolo_x_cpu,384
20998,yolo_x_cpu,438
20999,yolo_x_cpu,333
21000,yolo_x_cpu,395
21001,yolo_x_cpu,446
21002,yolo_x_cpu,426
21003,yolo_x_cpu,415
21004,yolo_x_cpu,378
21005,yolo_x_cpu,344
21006,yolo_x_cpu,438
21007,yolo_x_cpu,396
21008,yolo_x_cpu,403
21009,yolo_x_cpu,369
21010,yolo_x_cpu,404
21011,yolo_x_cpu,437
21012,yolo_x_cpu,404
21013,yolo_x_cpu,372
21014,yolo_x_cpu,436
21015,yolo_x_cpu,456
21016,yolo_x_cpu,310
21017,yolo_x_cpu,383
21018,yolo_x_cpu,473
21019,yolo_x_cpu,356
21020,yolo_x_cpu,354
21021,yolo_x_cpu,376
21022,yolo_x_cpu,488
21023,yolo_x_cpu,369
21024,yolo_x_cpu,380
21025,yolo_x_cpu,334
21026,yolo_x_cpu,350
21027,yolo_x_cpu,335
21028,yolo_x_cpu,381
21029,yolo_x_cpu,357
21030,yolo_x_cpu,340
21031,yolo_x_cpu,219
21032,yolo_x_cpu,463
21033,yolo_x_cpu,289
21034,yolo_x_cpu,282
21035,yolo_x_cpu,279
21036,yolo_x_cpu,351
21037,yolo_x_cpu,278
21038,yolo_x_cpu,278
21039,yolo_x_cpu,227
21040,yolo_x_cpu,295
21041,yolo_x_cpu,276
21042,yolo_x_cpu,287
21043,yolo_x_cpu,340
21044,yolo_x_cpu,259
21045,yolo_x_cpu,284
21046,yolo_x_cpu,290
21047,yolo_x_cpu,315
21048,yolo_x_cpu,263
21049,yolo_x_cpu,289
21050,yolo_x_cpu,391
21051,yolo_x_cpu,324
21052,yolo_x_cpu,323
21053,yolo_x_cpu,327
21054,yolo_x_cpu,346
21055,yolo_x_cpu,300
21056,yolo_x_cpu,362
21057,yolo_x_cpu,218
21058,yolo_x_cpu,247
21059,yolo_x_cpu,351
21060,yolo_x_cpu,235
21061,yolo_x_cpu,263
21062,yolo_x_cpu,285
21063,yolo_x_cpu,260
21064,yolo_x_cpu,262
21065,yolo_x_cpu,238
21066,yolo_x_cpu,253
21067,yolo_x_cpu,285
21068,yolo_x_cpu,296
21069,yolo_x_cpu,189
21070,yolo_x_cpu,192
21071,yolo_x_cpu,208
21072,yolo_x_cpu,265
21073,yolo_x_cpu,218
21074,yolo_x_cpu,242
21075,yolo_x_cpu,216
21076,yolo_x_cpu,213
21077,yolo_x_cpu,246
21078,yolo_x_cpu,238
21079,yolo_x_cpu,206
21080,yolo_x_cpu,225
21081,yolo_x_cpu,170
21082,yolo_x_cpu,255
21083,yolo_x_cpu,208
21084,yolo_x_cpu,193
21085,yolo_x_cpu,187
21086,yolo_x_cpu,175
21087,yolo_x_cpu,164
21088,yolo_x_cpu,169
21089,yolo_x_cpu,166
21090,yolo_x_cpu,215
21091,yolo_x_cpu,218
21092,yolo_x_cpu,197
21093,yolo_x_cpu,149
21094,yolo_x_cpu,183
21095,yolo_x_cpu,227
21096,yolo_x_cpu,231
21097,yolo_x_cpu,202
21098,yolo_x_cpu,138
21099,yolo_x_cpu,232
21100,yolo_x_cpu,429
21101,yolo_x_cpu,280
21102,yolo_x_cpu,254
21103,yolo_x_cpu,214
21104,yolo_x_cpu,208
21105,yolo_x_cpu,195
21106,yolo_x_cpu,190
21107,yolo_x_cpu,277
21108,yolo_x_cpu,128
21109,yolo_x_cpu,119
21110,yolo_x_cpu,120
21111,yolo_x_cpu,123
21112,yolo_x_cpu,128
21113,yolo_x_cpu,143
21114,yolo_x_cpu,172
21115,yolo_x_cpu,228
21116,yolo_x_cpu,174
21117,yolo_x_cpu,122
21118,yolo_x_cpu,202
21119,yolo_x_cpu,126
21120,yolo_x_cpu,184
21121,yolo_x_cpu,156
21122,yolo_x_cpu,133
21123,yolo_x_cpu,124
21124,yolo_x_cpu,169
21125,yolo_x_cpu,167
21126,yolo_x_cpu,162
21127,yolo_x_cpu,90
21128,yolo_x_cpu,98
21129,yolo_x_cpu,99
21130,yolo_x_cpu,118
21131,yolo_x_cpu,88
21132,yolo_x_cpu,135
21133,yolo_x_cpu,100
21134,yolo_x_cpu,85
21135,yolo_x_cpu,107
21136,yolo_x_cpu,173
21137,yolo_x_cpu,84
21138,yolo_x_cpu,91
21139,yolo_x_cpu,71
21140,yolo_x_cpu,49
21141,yolo_x_cpu,65
21142,yolo_x_cpu,69
21143,yolo_x_cpu,68
21144,yolo_x_cpu,46
21145,yolo_x_cpu,46
21146,yolo_x_cpu,25
21147,yolo_x_cpu,86
21148,yolo_x_cpu,89
21149,yolo_x_cpu,91
21150,yolo_x_cpu,67
21151,yolo_x_cpu,79
21152,yolo_x_cpu,108
21153,yolo_x_cpu,83
21154,yolo_x_cpu,136
21155,yolo_x_cpu,123
21156,yolo_x_cpu,57
21157,yolo_x_cpu,82
21158,yolo_x_cpu,86
21159,yolo_x_cpu,43
21160,yolo_x_cpu,86
21161,yolo_x_cpu,102
21162,yolo_x_cpu,108
21163,yolo_x_cpu,86
21164,yolo_x_cpu,115
21165,yolo_x_cpu,100
21166,yolo_x_cpu,104
21167,yolo_x_cpu,121
21168,yolo_x_cpu,110
21169,yolo_x_cpu,160
21170,yolo_x_cpu,100
21171,yolo_x_cpu,75
21172,yolo_x_cpu,61
21173,yolo_x_cpu,61
21174,yolo_x_cpu,79
21175,yolo_x_cpu,80
21176,yolo_x_cpu,68
21177,yolo_x_cpu,146
21178,yolo_x_cpu,113
21179,yolo_x_cpu,78
21180,yolo_x_cpu,48
21181,yolo_x_cpu,91
21182,yolo_x_cpu,59
21183,yolo_x_cpu,59
21184,yolo_x_cpu,58
21185,yolo_x_cpu,53
21186,yolo_x_cpu,32
21187,yolo_x_cpu,63
21188,yolo_x_cpu,56
21189,yolo_x_cpu,72
21190,yolo_x_cpu,63
21191,yolo_x_cpu,65
21192,yolo_x_cpu,50
21193,yolo_x_cpu,60
21194,yolo_x_cpu,49
21195,yolo_x_cpu,43
21196,yolo_x_cpu,64
21197,yolo_x_cpu,63
21198,yolo_x_cpu,69
21199,yolo_x_cpu,51
21200,yolo_x_cpu,47
21201,yolo_x_cpu,45
21202,yolo_x_cpu,72
21203,yolo_x_cpu,45
21204,yolo_x_cpu,80
21205,yolo_x_cpu,95
21206,yolo_x_cpu,48
21207,yolo_x_cpu,62
21208,yolo_x_cpu,24
21209,yolo_x_cpu,25
21210,yolo_x_cpu,40
21211,yolo_x_cpu,25
21212,yolo_x_cpu,24
21213,yolo_x_cpu,55
21214,yolo_x_cpu,44
21215,yolo_x_cpu,46
21216,yolo_x_cpu,57
21217,yolo_x_cpu,12
21218,yolo_x_cpu,11
21219,yolo_x_cpu,39
21220,yolo_x_cpu,54
21221,yolo_x_cpu,131
21222,yolo_x_cpu,114
21223,yolo_x_cpu,114
21224,yolo_x_cpu,95
21225,yolo_x_cpu,88
21226,yolo_x_cpu,37
21227,yolo_x_cpu,41
21228,yolo_x_cpu,27
21229,yolo_x_cpu,44
21230,yolo_x_cpu,82
21231,yolo_x_cpu,34
21232,yolo_x_cpu,48
21233,yolo_x_cpu,55
21234,yolo_x_cpu,44
21235,yolo_x_cpu,28
21236,yolo_x_cpu,15
21237,yolo_x_cpu,17
21238,yolo_x_cpu,20
21239,yolo_x_cpu,35
21240,yolo_x_cpu,9
21241,yolo_x_cpu,44
21242,yolo_x_cpu,24
21243,yolo_x_cpu,22
21244,yolo_x_cpu,18
21245,yolo_x_cpu,22
21246,yolo_x_cpu,25
21247,yolo_x_cpu,13
21248,yolo_x_cpu,24
21249,yolo_x_cpu,24
21250,yolo_x_cpu,31
21251,yolo_x_cpu,26
21252,yolo_x_cpu,17
21253,yolo_x_cpu,15
21254,yolo_x_cpu,6
21255,yolo_x_cpu,27
21256,yolo_x_cpu,27
21257,yolo_x_cpu,10
21258,yolo_x_cpu,16
21259,yolo_x_cpu,27
21260,yolo_x_cpu,34
21261,yolo_x_cpu,20
21262,yolo_x_cpu,20
21263,yolo_x_cpu,21
21264,yolo_x_cpu,7
21265,yolo_x_cpu,15
21266,yolo_x_cpu,24
21267,yolo_x_cpu,16
21268,yolo_x_cpu,15
21269,yolo_x_cpu,26
21270,yolo_x_cpu,15
21271,yolo_x_cpu,17
21272,yolo_x_cpu,27
21273,yolo_x_cpu,31
21274,yolo_x_cpu,16
21275,yolo_x_cpu,24
21276,yolo_x_cpu,23
21277,yolo_x_cpu,17
21278,yolo_x_cpu,11
21279,yolo_x_cpu,21
21280,yolo_x_cpu,17
21281,yolo_x_cpu,16
21282,yolo_x_cpu,10
21283,yolo_x_cpu,3
21284,yolo_x_cpu,4
21285,yolo_x_cpu,2
21286,yolo_x_cpu,4
21287,yolo_x_cpu,13
21288,yolo_x_cpu,15
21289,yolo_x_cpu,9
21290,yolo_x_cpu,18
21291,yolo_x_cpu,16
21292,yolo_x_cpu,13
21293,yolo_x_cpu,15
21294,yolo_x_cpu,8
21295,yolo_x_cpu,16
21296,yolo_x_cpu,14
21297,yolo_x_cpu,7
21298,yolo_x_cpu,7
21299,yolo_x_cpu,20
21300,yolo_x_cpu,4
21301,yolo_x_cpu,7
21302,yolo_x_cpu,22
21303,yolo_x_cpu,14
21304,yolo_x_cpu,4
21305,yolo_x_cpu,5
21306,yolo_x_cpu,11
21307,yolo_x_cpu,12
21308,yolo_x_cpu,9
21309,yolo_x_cpu,8
21310,yolo_x_cpu,12
21311,yolo_x_cpu,6
21312,yolo_x_cpu,4
21313,yolo_x_cpu,13
21314,yolo_x_cpu,15
21315,yolo_x_cpu,12
21316,yolo_x_cpu,8
21317,yolo_x_cpu,17
21318,yolo_x_cpu,17
21319,yolo_x_cpu,23
21320,yolo_x_cpu,11
21321,yolo_x_cpu,5
21322,yolo_x_cpu,4
21323,yolo_x_cpu,5
21324,yolo_x_cpu,10
21325,yolo_x_cpu,52
21326,yolo_x_cpu,61
21327,yolo_x_cpu,13
21328,yolo_x_cpu,1
21329,yolo_x_cpu,5
21330,yolo_x_cpu,5
21331,yolo_x_cpu,3
21332,yolo_x_cpu,9
21333,yolo_x_cpu,9
21334,yolo_x_cpu,25
21335,yolo_x_cpu,11
21336,yolo_x_cpu,26
21337,yolo_x_cpu,6
21338,yolo_x_cpu,15
21339,yolo_x_cpu,12
21340,yolo_x_cpu,19
21341,yolo_x_cpu,6
21342,yolo_x_cpu,16
21343,yolo_x_cpu,13
21344,yolo_x_cpu,8
21345,yolo_x_cpu,11
21346,yolo_x_cpu,21
21347,yolo_x_cpu,30
21348,yolo_x_cpu,21
21349,yolo_x_cpu,5
21350,yolo_x_cpu,5
21351,yolo_x_cpu,10
21352,yolo_x_cpu,9
21353,yolo_x_cpu,5
21354,yolo_x_cpu,1
21355,yolo_x_cpu,2
21356,yolo_x_cpu,11
21357,yolo_x_cpu,8
21358,yolo_x_cpu,31
21359,yolo_x_cpu,11
21360,yolo_x_cpu,27
21361,yolo_x_cpu,9
21362,yolo_x_cpu,21
21363,yolo_x_cpu,21
21364,yolo_x_cpu,6
21365,yolo_x_cpu,3
21366,yolo_x_cpu,2
21367,yolo_x_cpu,24
21368,yolo_x_cpu,7
21369,yolo_x_cpu,5
21370,yolo_x_cpu,11
21371,yolo_x_cpu,11
21372,yolo_x_cpu,6
21373,yolo_x_cpu,9
21374,yolo_x_cpu,11
21375,yolo_x_cpu,1
21376,yolo_x_cpu,7
21377,yolo_x_cpu,2
21378,yolo_x_cpu,8
21379,yolo_x_cpu,2
21380,yolo_x_cpu,13
21381,yolo_x_cpu,21
21382,yolo_x_cpu,8
21383,yolo_x_cpu,7
21384,yolo_x_cpu,14
21385,yolo_x_cpu,10
21386,yolo_x_cpu,16
21387,yolo_x_cpu,5
21388,yolo_x_cpu,18
21389,yolo_x_cpu,3
21390,yolo_x_cpu,15
21391,yolo_x_cpu,6
21392,yolo_x_cpu,12
21393,yolo_x_cpu,16
21394,yolo_x_cpu,5
21395,yolo_x_cpu,18
21396,yolo_x_cpu,13
21397,yolo_x_cpu,10
21398,yolo_x_cpu,11
21399,yolo_x_cpu,16
21400,yolo_x_cpu,5
21401,yolo_x_cpu,6
21402,yolo_x_cpu,11
21403,yolo_x_cpu,7
21404,yolo_x_cpu,7
21405,yolo_x_cpu,12
21406,yolo_x_cpu,19
21407,yolo_x_cpu,6
21408,yolo_x_cpu,6
21409,yolo_x_cpu,3
21410,yolo_x_cpu,3
21411,yolo_x_cpu,3
21412,yolo_x_cpu,4
21413,yolo_x_cpu,10
21414,yolo_x_cpu,7
21415,yolo_x_cpu,12
21416,yolo_x_cpu,33
21417,yolo_x_cpu,19
21418,yolo_x_cpu,18
21419,yolo_x_cpu,12
21420,yolo_x_cpu,3
21421,yolo_x_cpu,6
21422,yolo_x_cpu,33
21423,yolo_x_cpu,20
21424,yolo_x_cpu,19
21425,yolo_x_cpu,22
21426,yolo_x_cpu,9
21427,yolo_x_cpu,99
21428,yolo_x_cpu,126
21429,yolo_x_cpu,59
21430,yolo_x_cpu,78
21431,yolo_x_cpu,17
21432,yolo_x_cpu,15
21433,yolo_x_cpu,15
21434,yolo_x_cpu,16
21435,yolo_x_cpu,19
21436,yolo_x_cpu,7
21437,yolo_x_cpu,9
21438,yolo_x_cpu,14
21439,yolo_x_cpu,17
21440,yolo_x_cpu,13
21441,yolo_x_cpu,27
21442,yolo_x_cpu,14
21443,yolo_x_cpu,27
21444,yolo_x_cpu,29
21445,yolo_x_cpu,7
21446,yolo_x_cpu,2
21447,yolo_x_cpu,15
21448,yolo_x_cpu,24
21449,yolo_x_cpu,8
21450,yolo_x_cpu,15
21451,yolo_x_cpu,5
21452,yolo_x_cpu,23
21453,yolo_x_cpu,33
21454,yolo_x_cpu,18
21455,yolo_x_cpu,23
21456,yolo_x_cpu,28
21457,yolo_x_cpu,28
21458,yolo_x_cpu,14
21459,yolo_x_cpu,30
21460,yolo_x_cpu,21
21461,yolo_x_cpu,13
21462,yolo_x_cpu,12
21463,yolo_x_cpu,32
21464,yolo_x_cpu,12
21465,yolo_x_cpu,55
21466,yolo_x_cpu,16
21467,yolo_x_cpu,36
21468,yolo_x_cpu,42
21469,yolo_x_cpu,59
21470,yolo_x_cpu,81
21471,yolo_x_cpu,56
21472,yolo_x_cpu,76
21473,yolo_x_cpu,45
21474,yolo_x_cpu,36
21475,yolo_x_cpu,32
21476,yolo_x_cpu,29
21477,yolo_x_cpu,25
21478,yolo_x_cpu,21
21479,yolo_x_cpu,9
21480,yolo_x_cpu,9
21481,yolo_x_cpu,33
21482,yolo_x_cpu,11
21483,yolo_x_cpu,36
21484,yolo_x_cpu,24
21485,yolo_x_cpu,26
21486,yolo_x_cpu,11
21487,yolo_x_cpu,18
21488,yolo_x_cpu,41
21489,yolo_x_cpu,31
21490,yolo_x_cpu,35
21491,yolo_x_cpu,60
21492,yolo_x_cpu,52
21493,yolo_x_cpu,44
21494,yolo_x_cpu,33
21495,yolo_x_cpu,27
21496,yolo_x_cpu,58
21497,yolo_x_cpu,44
21498,yolo_x_cpu,40
21499,yolo_x_cpu,53
21500,yolo_x_cpu,31
21501,yolo_x_cpu,45
21502,yolo_x_cpu,58
21503,yolo_x_cpu,36
21504,yolo_x_cpu,84
21505,yolo_x_cpu,69
21506,yolo_x_cpu,66
21507,yolo_x_cpu,24
21508,yolo_x_cpu,36
21509,yolo_x_cpu,64
21510,yolo_x_cpu,78
21511,yolo_x_cpu,42
21512,yolo_x_cpu,48
21513,yolo_x_cpu,30
21514,yolo_x_cpu,72
21515,yolo_x_cpu,79
21516,yolo_x_cpu,69
21517,yolo_x_cpu,58
21518,yolo_x_cpu,32
21519,yolo_x_cpu,48
21520,yolo_x_cpu,55
21521,yolo_x_cpu,87
21522,yolo_x_cpu,46
21523,yolo_x_cpu,54
21524,yolo_x_cpu,53
21525,yolo_x_cpu,69
21526,yolo_x_cpu,55
21527,yolo_x_cpu,56
21528,yolo_x_cpu,78
21529,yolo_x_cpu,69
21530,yolo_x_cpu,61
21531,yolo_x_cpu,57
21532,yolo_x_cpu,63
21533,yolo_x_cpu,60
21534,yolo_x_cpu,75
21535,yolo_x_cpu,120
21536,yolo_x_cpu,81
21537,yolo_x_cpu,118
21538,yolo_x_cpu,89
21539,yolo_x_cpu,120
21540,yolo_x_cpu,102
21541,yolo_x_cpu,121
21542,yolo_x_cpu,91
21543,yolo_x_cpu,78
21544,yolo_x_cpu,117
21545,yolo_x_cpu,74
21546,yolo_x_cpu,134
21547,yolo_x_cpu,126
21548,yolo_x_cpu,110
21549,yolo_x_cpu,101
21550,yolo_x_cpu,102
21551,yolo_x_cpu,160
21552,yolo_x_cpu,196
21553,yolo_x_cpu,125
21554,yolo_x_cpu,86
21555,yolo_x_cpu,92
21556,yolo_x_cpu,115
21557,yolo_x_cpu,117
21558,yolo_x_cpu,142
21559,yolo_x_cpu,91
21560,yolo_x_cpu,156
21561,yolo_x_cpu,103
21562,yolo_x_cpu,139
21563,yolo_x_cpu,112
21564,yolo_x_cpu,207
21565,yolo_x_cpu,124
21566,yolo_x_cpu,146
21567,yolo_x_cpu,101
21568,yolo_x_cpu,150
21569,yolo_x_cpu,150
21570,yolo_x_cpu,104
21571,yolo_x_cpu,256
21572,yolo_x_cpu,156
21573,yolo_x_cpu,108
21574,yolo_x_cpu,127
21575,yolo_x_cpu,156
21576,yolo_x_cpu,150
21577,yolo_x_cpu,156
21578,yolo_x_cpu,190
21579,yolo_x_cpu,134
21580,yolo_x_cpu,105
21581,yolo_x_cpu,166
21582,yolo_x_cpu,148
21583,yolo_x_cpu,103
21584,yolo_x_cpu,145
21585,yolo_x_cpu,133
21586,yolo_x_cpu,112
21587,yolo_x_cpu,162
21588,yolo_x_cpu,212
21589,yolo_x_cpu,165
21590,yolo_x_cpu,142
21591,yolo_x_cpu,268
21592,yolo_x_cpu,245
21593,yolo_x_cpu,132
21594,yolo_x_cpu,123
21595,yolo_x_cpu,131
21596,yolo_x_cpu,174
21597,yolo_x_cpu,89
21598,yolo_x_cpu,179
21599,yolo_x_cpu,134
21600,yolo_x_cpu,141
21601,yolo_x_cpu,143
21602,yolo_x_cpu,142
21603,yolo_x_cpu,165
21604,yolo_x_cpu,83
21605,yolo_x_cpu,126
21606,yolo_x_cpu,137
21607,yolo_x_cpu,130
21608,yolo_x_cpu,202
21609,yolo_x_cpu,182
21610,yolo_x_cpu,135
21611,yolo_x_cpu,126
21612,yolo_x_cpu,124
21613,yolo_x_cpu,149
21614,yolo_x_cpu,185
21615,yolo_x_cpu,153
21616,yolo_x_cpu,157
21617,yolo_x_cpu,163
21618,yolo_x_cpu,240
21619,yolo_x_cpu,142
21620,yolo_x_cpu,134
21621,yolo_x_cpu,191
21622,yolo_x_cpu,192
21623,yolo_x_cpu,194
21624,yolo_x_cpu,175
21625,yolo_x_cpu,169
21626,yolo_x_cpu,143
21627,yolo_x_cpu,160
21628,yolo_x_cpu,203
21629,yolo_x_cpu,168
21630,yolo_x_cpu,153
21631,yolo_x_cpu,158
21632,yolo_x_cpu,116
21633,yolo_x_cpu,168
21634,yolo_x_cpu,249
21635,yolo_x_cpu,188
21636,yolo_x_cpu,221
21637,yolo_x_cpu,172
21638,yolo_x_cpu,199
21639,yolo_x_cpu,240
21640,yolo_x_cpu,321
21641,yolo_x_cpu,162
21642,yolo_x_cpu,220
21643,yolo_x_cpu,229
21644,yolo_x_cpu,192
21645,yolo_x_cpu,203
21646,yolo_x_cpu,199
21647,yolo_x_cpu,225
21648,yolo_x_cpu,223
21649,yolo_x_cpu,253
21650,yolo_x_cpu,160
21651,yolo_x_cpu,229
21652,yolo_x_cpu,193
21653,yolo_x_cpu,169
21654,yolo_x_cpu,224
21655,yolo_x_cpu,193
21656,yolo_x_cpu,222
21657,yolo_x_cpu,218
21658,yolo_x_cpu,371
21659,yolo_x_cpu,241
21660,yolo_x_cpu,198
21661,yolo_x_cpu,171
21662,yolo_x_cpu,183
21663,yolo_x_cpu,209
21664,yolo_x_cpu,187
21665,yolo_x_cpu,194
21666,yolo_x_cpu,176
21667,yolo_x_cpu,215
21668,yolo_x_cpu,272
21669,yolo_x_cpu,272
21670,yolo_x_cpu,346
21671,yolo_x_cpu,281
21672,yolo_x_cpu,216
21673,yolo_x_cpu,239
21674,yolo_x_cpu,366
21675,yolo_x_cpu,252
21676,yolo_x_cpu,244
21677,yolo_x_cpu,228
21678,yolo_x_cpu,175
21679,yolo_x_cpu,206
21680,yolo_x_cpu,212
21681,yolo_x_cpu,232
21682,yolo_x_cpu,298
21683,yolo_x_cpu,288
21684,yolo_x_cpu,259
21685,yolo_x_cpu,206
21686,yolo_x_cpu,181
21687,yolo_x_cpu,189
21688,yolo_x_cpu,173
21689,yolo_x_cpu,241
21690,yolo_x_cpu,202
21691,yolo_x_cpu,217
21692,yolo_x_cpu,279
21693,yolo_x_cpu,264
21694,yolo_x_cpu,305
21695,yolo_x_cpu,231
21696,yolo_x_cpu,263
21697,yolo_x_cpu,266
21698,yolo_x_cpu,207
21699,yolo_x_cpu,265
21700,yolo_x_cpu,270
21701,yolo_x_cpu,271
21702,yolo_x_cpu,220
21703,yolo_x_cpu,277
21704,yolo_x_cpu,164
21705,yolo_x_cpu,251
21706,yolo_x_cpu,238
21707,yolo_x_cpu,296
21708,yolo_x_cpu,201
21709,yolo_x_cpu,235
21710,yolo_x_cpu,213
21711,yolo_x_cpu,247
21712,yolo_x_cpu,214
21713,yolo_x_cpu,215
21714,yolo_x_cpu,223
21715,yolo_x_cpu,256
21716,yolo_x_cpu,209
21717,yolo_x_cpu,237
21718,yolo_x_cpu,307
21719,yolo_x_cpu,276
21720,yolo_x_cpu,205
21721,yolo_x_cpu,274
21722,yolo_x_cpu,270
21723,yolo_x_cpu,286
21724,yolo_x_cpu,243
21725,yolo_x_cpu,211
21726,yolo_x_cpu,231
21727,yolo_x_cpu,258
21728,yolo_x_cpu,211
21729,yolo_x_cpu,239
21730,yolo_x_cpu,221
21731,yolo_x_cpu,244
21732,yolo_x_cpu,295
21733,yolo_x_cpu,299
21734,yolo_x_cpu,302
21735,yolo_x_cpu,255
21736,yolo_x_cpu,183
21737,yolo_x_cpu,225
21738,yolo_x_cpu,256
21739,yolo_x_cpu,297
21740,yolo_x_cpu,254
21741,yolo_x_cpu,342
21742,yolo_x_cpu,260
21743,yolo_x_cpu,256
21744,yolo_x_cpu,231
21745,yolo_x_cpu,227
21746,yolo_x_cpu,223
21747,yolo_x_cpu,221
21748,yolo_x_cpu,279
21749,yolo_x_cpu,210
21750,yolo_x_cpu,222
21751,yolo_x_cpu,237
21752,yolo_x_cpu,279
21753,yolo_x_cpu,350
21754,yolo_x_cpu,277
21755,yolo_x_cpu,303
21756,yolo_x_cpu,367
21757,yolo_x_cpu,339
21758,yolo_x_cpu,254
21759,yolo_x_cpu,297
21760,yolo_x_cpu,234
21761,yolo_x_cpu,259
21762,yolo_x_cpu,227
21763,yolo_x_cpu,227
21764,yolo_x_cpu,223
21765,yolo_x_cpu,209
21766,yolo_x_cpu,254
21767,yolo_x_cpu,339
21768,yolo_x_cpu,251
21769,yolo_x_cpu,336
21770,yolo_x_cpu,268
21771,yolo_x_cpu,225
21772,yolo_x_cpu,240
21773,yolo_x_cpu,207
21774,yolo_x_cpu,237
21775,yolo_x_cpu,275
21776,yolo_x_cpu,203
21777,yolo_x_cpu,266
21778,yolo_x_cpu,240
21779,yolo_x_cpu,203
21780,yolo_x_cpu,313
21781,yolo_x_cpu,283
21782,yolo_x_cpu,367
21783,yolo_x_cpu,418
21784,yolo_x_cpu,317
21785,yolo_x_cpu,275
21786,yolo_x_cpu,429
21787,yolo_x_cpu,420
21788,yolo_x_cpu,546
21789,yolo_x_cpu,386
21790,yolo_x_cpu,331
21791,yolo_x_cpu,319
21792,yolo_x_cpu,228
21793,yolo_x_cpu,237
21794,yolo_x_cpu,302
21795,yolo_x_cpu,286
21796,yolo_x_cpu,327
21797,yolo_x_cpu,362
21798,yolo_x_cpu,336
21799,yolo_x_cpu,371
21800,yolo_x_cpu,446
21801,yolo_x_cpu,422
21802,yolo_x_cpu,250
21803,yolo_x_cpu,306
21804,yolo_x_cpu,239
21805,yolo_x_cpu,442
21806,yolo_x_cpu,300
21807,yolo_x_cpu,295
21808,yolo_x_cpu,312
21809,yolo_x_cpu,263
21810,yolo_x_cpu,293
21811,yolo_x_cpu,238
21812,yolo_x_cpu,272
21813,yolo_x_cpu,321
21814,yolo_x_cpu,220
21815,yolo_x_cpu,239
21816,yolo_x_cpu,254
21817,yolo_x_cpu,244
21818,yolo_x_cpu,271
21819,yolo_x_cpu,282
21820,yolo_x_cpu,315
21821,yolo_x_cpu,190
21822,yolo_x_cpu,252
21823,yolo_x_cpu,235
21824,yolo_x_cpu,332
21825,yolo_x_cpu,272
21826,yolo_x_cpu,244
21827,yolo_x_cpu,471
21828,yolo_x_cpu,397
21829,yolo_x_cpu,239
21830,yolo_x_cpu,268
21831,yolo_x_cpu,302
21832,yolo_x_cpu,284
21833,yolo_x_cpu,258
21834,yolo_x_cpu,268
21835,yolo_x_cpu,289
21836,yolo_x_cpu,273
21837,yolo_x_cpu,231
21838,yolo_x_cpu,187
21839,yolo_x_cpu,209
21840,yolo_x_cpu,222
21841,yolo_x_cpu,204
21842,yolo_x_cpu,364
21843,yolo_x_cpu,201
21844,yolo_x_cpu,200
21845,yolo_x_cpu,229
21846,yolo_x_cpu,170
21847,yolo_x_cpu,139
21848,yolo_x_cpu,257
21849,yolo_x_cpu,226
21850,yolo_x_cpu,251
21851,yolo_x_cpu,246
21852,yolo_x_cpu,267
21853,yolo_x_cpu,205
21854,yolo_x_cpu,129
21855,yolo_x_cpu,278
21856,yolo_x_cpu,176
21857,yolo_x_cpu,179
21858,yolo_x_cpu,214
21859,yolo_x_cpu,193
21860,yolo_x_cpu,226
21861,yolo_x_cpu,298
21862,yolo_x_cpu,207
21863,yolo_x_cpu,147
21864,yolo_x_cpu,213
21865,yolo_x_cpu,265
21866,yolo_x_cpu,294
21867,yolo_x_cpu,317
21868,yolo_x_cpu,334
21869,yolo_x_cpu,349
21870,yolo_x_cpu,364
21871,yolo_x_cpu,492
21872,yolo_x_cpu,431
21873,yolo_x_cpu,372
21874,yolo_x_cpu,329
21875,yolo_x_cpu,380
21876,yolo_x_cpu,446
21877,yolo_x_cpu,326
21878,yolo_x_cpu,339
21879,yolo_x_cpu,309
21880,yolo_x_cpu,297
21881,yolo_x_cpu,267
21882,yolo_x_cpu,311
21883,yolo_x_cpu,227
21884,yolo_x_cpu,179
21885,yolo_x_cpu,269
21886,yolo_x_cpu,285
21887,yolo_x_cpu,306
21888,yolo_x_cpu,228
21889,yolo_x_cpu,201
21890,yolo_x_cpu,195
21891,yolo_x_cpu,295
21892,yolo_x_cpu,211
21893,yolo_x_cpu,312
21894,yolo_x_cpu,324
21895,yolo_x_cpu,254
21896,yolo_x_cpu,246
21897,yolo_x_cpu,199
21898,yolo_x_cpu,196
21899,yolo_x_cpu,191
21900,yolo_x_cpu,230
21901,yolo_x_cpu,189
21902,yolo_x_cpu,232
21903,yolo_x_cpu,246
21904,yolo_x_cpu,374
21905,yolo_x_cpu,270
21906,yolo_x_cpu,331
21907,yolo_x_cpu,294
21908,yolo_x_cpu,209
21909,yolo_x_cpu,169
21910,yolo_x_cpu,260
21911,yolo_x_cpu,226
21912,yolo_x_cpu,268
21913,yolo_x_cpu,267
21914,yolo_x_cpu,184
21915,yolo_x_cpu,179
21916,yolo_x_cpu,172
21917,yolo_x_cpu,159
21918,yolo_x_cpu,185
21919,yolo_x_cpu,172
21920,yolo_x_cpu,199
21921,yolo_x_cpu,145
21922,yolo_x_cpu,148
21923,yolo_x_cpu,213
21924,yolo_x_cpu,213
21925,yolo_x_cpu,181
21926,yolo_x_cpu,228
21927,yolo_x_cpu,290
21928,yolo_x_cpu,262
21929,yolo_x_cpu,206
21930,yolo_x_cpu,254
21931,yolo_x_cpu,204
21932,yolo_x_cpu,336
21933,yolo_x_cpu,198
21934,yolo_x_cpu,140
21935,yolo_x_cpu,171
21936,yolo_x_cpu,236
21937,yolo_x_cpu,243
21938,yolo_x_cpu,196
21939,yolo_x_cpu,196
21940,yolo_x_cpu,196
21941,yolo_x_cpu,192
21942,yolo_x_cpu,177
21943,yolo_x_cpu,157
21944,yolo_x_cpu,172
21945,yolo_x_cpu,178
21946,yolo_x_cpu,204
21947,yolo_x_cpu,310
21948,yolo_x_cpu,204
21949,yolo_x_cpu,217
21950,yolo_x_cpu,183
21951,yolo_x_cpu,172
21952,yolo_x_cpu,182
21953,yolo_x_cpu,169
21954,yolo_x_cpu,203
21955,yolo_x_cpu,172
21956,yolo_x_cpu,133
21957,yolo_x_cpu,223
21958,yolo_x_cpu,240
21959,yolo_x_cpu,228
21960,yolo_x_cpu,200
21961,yolo_x_cpu,173
21962,yolo_x_cpu,221
21963,yolo_x_cpu,363
21964,yolo_x_cpu,377
21965,yolo_x_cpu,218
21966,yolo_x_cpu,198
21967,yolo_x_cpu,182
21968,yolo_x_cpu,174
21969,yolo_x_cpu,160
21970,yolo_x_cpu,197
21971,yolo_x_cpu,224
21972,yolo_x_cpu,179
21973,yolo_x_cpu,235
21974,yolo_x_cpu,312
21975,yolo_x_cpu,388
21976,yolo_x_cpu,424
21977,yolo_x_cpu,296
21978,yolo_x_cpu,190
21979,yolo_x_cpu,298
21980,yolo_x_cpu,251
21981,yolo_x_cpu,241
21982,yolo_x_cpu,264
21983,yolo_x_cpu,247
21984,yolo_x_cpu,328
21985,yolo_x_cpu,267
21986,yolo_x_cpu,268
21987,yolo_x_cpu,250
21988,yolo_x_cpu,236
21989,yolo_x_cpu,237
21990,yolo_x_cpu,208
21991,yolo_x_cpu,158
21992,yolo_x_cpu,196
21993,yolo_x_cpu,168
21994,yolo_x_cpu,213
21995,yolo_x_cpu,180
21996,yolo_x_cpu,248
21997,yolo_x_cpu,224
21998,yolo_x_cpu,328
21999,yolo_x_cpu,258
22000,yolo_x_cpu,218
22001,yolo_x_cpu,199
22002,yolo_x_cpu,190
22003,yolo_x_cpu,178
22004,yolo_x_cpu,230
22005,yolo_x_cpu,200
22006,yolo_x_cpu,295
22007,yolo_x_cpu,350
22008,yolo_x_cpu,415
22009,yolo_x_cpu,376
22010,yolo_x_cpu,229
22011,yolo_x_cpu,220
22012,yolo_x_cpu,220
22013,yolo_x_cpu,143
22014,yolo_x_cpu,150
22015,yolo_x_cpu,174
22016,yolo_x_cpu,191
22017,yolo_x_cpu,184
22018,yolo_x_cpu,207
22019,yolo_x_cpu,206
22020,yolo_x_cpu,255
22021,yolo_x_cpu,177
22022,yolo_x_cpu,198
22023,yolo_x_cpu,195
22024,yolo_x_cpu,132
22025,yolo_x_cpu,184
22026,yolo_x_cpu,226
22027,yolo_x_cpu,223
22028,yolo_x_cpu,260
22029,yolo_x_cpu,215
22030,yolo_x_cpu,240
22031,yolo_x_cpu,161
22032,yolo_x_cpu,216
22033,yolo_x_cpu,202
22034,yolo_x_cpu,271
22035,yolo_x_cpu,230
22036,yolo_x_cpu,217
22037,yolo_x_cpu,253
22038,yolo_x_cpu,223
22039,yolo_x_cpu,276
22040,yolo_x_cpu,214
22041,yolo_x_cpu,189
22042,yolo_x_cpu,193
22043,yolo_x_cpu,201
22044,yolo_x_cpu,187
22045,yolo_x_cpu,303
22046,yolo_x_cpu,287
22047,yolo_x_cpu,208
22048,yolo_x_cpu,179
22049,yolo_x_cpu,140
22050,yolo_x_cpu,146
22051,yolo_x_cpu,129
22052,yolo_x_cpu,168
22053,yolo_x_cpu,202
22054,yolo_x_cpu,164
22055,yolo_x_cpu,194
22056,yolo_x_cpu,221
22057,yolo_x_cpu,167
22058,yolo_x_cpu,275
22059,yolo_x_cpu,359
22060,yolo_x_cpu,248
22061,yolo_x_cpu,165
22062,yolo_x_cpu,232
22063,yolo_x_cpu,203
22064,yolo_x_cpu,133
22065,yolo_x_cpu,196
22066,yolo_x_cpu,183
22067,yolo_x_cpu,158
22068,yolo_x_cpu,170
22069,yolo_x_cpu,138
22070,yolo_x_cpu,283
22071,yolo_x_cpu,243
22072,yolo_x_cpu,354
22073,yolo_x_cpu,135
22074,yolo_x_cpu,168
22075,yolo_x_cpu,113
22076,yolo_x_cpu,182
22077,yolo_x_cpu,155
22078,yolo_x_cpu,144
22079,yolo_x_cpu,128
22080,yolo_x_cpu,200
22081,yolo_x_cpu,202
22082,yolo_x_cpu,232
22083,yolo_x_cpu,165
22084,yolo_x_cpu,173
22085,yolo_x_cpu,224
22086,yolo_x_cpu,162
22087,yolo_x_cpu,147
22088,yolo_x_cpu,186
22089,yolo_x_cpu,250
22090,yolo_x_cpu,209
22091,yolo_x_cpu,192
22092,yolo_x_cpu,214
22093,yolo_x_cpu,237
22094,yolo_x_cpu,300
22095,yolo_x_cpu,233
22096,yolo_x_cpu,303
22097,yolo_x_cpu,181
22098,yolo_x_cpu,197
22099,yolo_x_cpu,151
22100,yolo_x_cpu,202
22101,yolo_x_cpu,305
22102,yolo_x_cpu,135
22103,yolo_x_cpu,234
22104,yolo_x_cpu,259
22105,yolo_x_cpu,171
22106,yolo_x_cpu,194
22107,yolo_x_cpu,206
22108,yolo_x_cpu,240
22109,yolo_x_cpu,142
22110,yolo_x_cpu,155
22111,yolo_x_cpu,167
22112,yolo_x_cpu,159
22113,yolo_x_cpu,165
22114,yolo_x_cpu,128
22115,yolo_x_cpu,138
22116,yolo_x_cpu,256
22117,yolo_x_cpu,127
22118,yolo_x_cpu,238
22119,yolo_x_cpu,165
22120,yolo_x_cpu,220
22121,yolo_x_cpu,145
22122,yolo_x_cpu,175
22123,yolo_x_cpu,135
22124,yolo_x_cpu,139
22125,yolo_x_cpu,148
22126,yolo_x_cpu,163
22127,yolo_x_cpu,172
22128,yolo_x_cpu,261
22129,yolo_x_cpu,200
22130,yolo_x_cpu,183
22131,yolo_x_cpu,175
22132,yolo_x_cpu,177
22133,yolo_x_cpu,165
22134,yolo_x_cpu,160
22135,yolo_x_cpu,186
22136,yolo_x_cpu,167
22137,yolo_x_cpu,158
22138,yolo_x_cpu,190
22139,yolo_x_cpu,215
22140,yolo_x_cpu,292
22141,yolo_x_cpu,311
22142,yolo_x_cpu,164
22143,yolo_x_cpu,158
22144,yolo_x_cpu,156
22145,yolo_x_cpu,197
22146,yolo_x_cpu,273
22147,yolo_x_cpu,245
22148,yolo_x_cpu,173
22149,yolo_x_cpu,234
22150,yolo_x_cpu,258
22151,yolo_x_cpu,198
22152,yolo_x_cpu,189
22153,yolo_x_cpu,217
22154,yolo_x_cpu,235
22155,yolo_x_cpu,207
22156,yolo_x_cpu,282
22157,yolo_x_cpu,244
22158,yolo_x_cpu,261
22159,yolo_x_cpu,146
22160,yolo_x_cpu,192
22161,yolo_x_cpu,129
22162,yolo_x_cpu,137
22163,yolo_x_cpu,152
22164,yolo_x_cpu,198
22165,yolo_x_cpu,194
22166,yolo_x_cpu,326
22167,yolo_x_cpu,114
22168,yolo_x_cpu,111
22169,yolo_x_cpu,194
22170,yolo_x_cpu,179
22171,yolo_x_cpu,219
22172,yolo_x_cpu,179
22173,yolo_x_cpu,145
22174,yolo_x_cpu,162
22175,yolo_x_cpu,147
22176,yolo_x_cpu,145
22177,yolo_x_cpu,184
22178,yolo_x_cpu,221
22179,yolo_x_cpu,133
22180,yolo_x_cpu,159
22181,yolo_x_cpu,147
22182,yolo_x_cpu,159
22183,yolo_x_cpu,201
22184,yolo_x_cpu,209
22185,yolo_x_cpu,211
22186,yolo_x_cpu,274
22187,yolo_x_cpu,240
22188,yolo_x_cpu,218
22189,yolo_x_cpu,198
22190,yolo_x_cpu,260
22191,yolo_x_cpu,183
22192,yolo_x_cpu,270
22193,yolo_x_cpu,292
22194,yolo_x_cpu,277
22195,yolo_x_cpu,280
22196,yolo_x_cpu,289
22197,yolo_x_cpu,199
22198,yolo_x_cpu,224
22199,yolo_x_cpu,211
22200,yolo_x_cpu,215
22201,yolo_x_cpu,262
22202,yolo_x_cpu,164
22203,yolo_x_cpu,197
22204,yolo_x_cpu,242
22205,yolo_x_cpu,193
22206,yolo_x_cpu,182
22207,yolo_x_cpu,180
22208,yolo_x_cpu,226
22209,yolo_x_cpu,158
22210,yolo_x_cpu,208
22211,yolo_x_cpu,168
22212,yolo_x_cpu,206
22213,yolo_x_cpu,225
22214,yolo_x_cpu,324
22215,yolo_x_cpu,251
22216,yolo_x_cpu,192
22217,yolo_x_cpu,186
22218,yolo_x_cpu,252
22219,yolo_x_cpu,206
22220,yolo_x_cpu,218
22221,yolo_x_cpu,218
22222,yolo_x_cpu,233
22223,yolo_x_cpu,454
22224,yolo_x_cpu,380
22225,yolo_x_cpu,281
22226,yolo_x_cpu,254
22227,yolo_x_cpu,172
22228,yolo_x_cpu,210
22229,yolo_x_cpu,182
22230,yolo_x_cpu,163
22231,yolo_x_cpu,246
22232,yolo_x_cpu,212
22233,yolo_x_cpu,211
22234,yolo_x_cpu,257
22235,yolo_x_cpu,231
22236,yolo_x_cpu,190
22237,yolo_x_cpu,216
22238,yolo_x_cpu,243
22239,yolo_x_cpu,191
22240,yolo_x_cpu,230
22241,yolo_x_cpu,260
22242,yolo_x_cpu,287
22243,yolo_x_cpu,243
22244,yolo_x_cpu,204
22245,yolo_x_cpu,257
22246,yolo_x_cpu,291
22247,yolo_x_cpu,231
22248,yolo_x_cpu,307
22249,yolo_x_cpu,308
22250,yolo_x_cpu,341
22251,yolo_x_cpu,368
22252,yolo_x_cpu,380
22253,yolo_x_cpu,326
22254,yolo_x_cpu,420
22255,yolo_x_cpu,287
22256,yolo_x_cpu,377
22257,yolo_x_cpu,404
22258,yolo_x_cpu,262
22259,yolo_x_cpu,284
22260,yolo_x_cpu,274
22261,yolo_x_cpu,202
22262,yolo_x_cpu,203
22263,yolo_x_cpu,249
22264,yolo_x_cpu,341
22265,yolo_x_cpu,198
22266,yolo_x_cpu,225
22267,yolo_x_cpu,220
22268,yolo_x_cpu,288
22269,yolo_x_cpu,260
22270,yolo_x_cpu,277
22271,yolo_x_cpu,334
22272,yolo_x_cpu,285
22273,yolo_x_cpu,304
22274,yolo_x_cpu,259
22275,yolo_x_cpu,217
22276,yolo_x_cpu,284
22277,yolo_x_cpu,303
22278,yolo_x_cpu,310
22279,yolo_x_cpu,326
22280,yolo_x_cpu,276
22281,yolo_x_cpu,267
22282,yolo_x_cpu,247
22283,yolo_x_cpu,285
22284,yolo_x_cpu,234
22285,yolo_x_cpu,220
22286,yolo_x_cpu,272
22287,yolo_x_cpu,230
22288,yolo_x_cpu,226
22289,yolo_x_cpu,237
22290,yolo_x_cpu,230
22291,yolo_x_cpu,245
22292,yolo_x_cpu,358
22293,yolo_x_cpu,280
22294,yolo_x_cpu,193
22295,yolo_x_cpu,269
22296,yolo_x_cpu,303
22297,yolo_x_cpu,300
22298,yolo_x_cpu,299
22299,yolo_x_cpu,373
22300,yolo_x_cpu,277
22301,yolo_x_cpu,356
22302,yolo_x_cpu,287
22303,yolo_x_cpu,247
22304,yolo_x_cpu,303
22305,yolo_x_cpu,345
22306,yolo_x_cpu,354
22307,yolo_x_cpu,474
22308,yolo_x_cpu,404
22309,yolo_x_cpu,349
22310,yolo_x_cpu,309
22311,yolo_x_cpu,258
22312,yolo_x_cpu,324
22313,yolo_x_cpu,253
22314,yolo_x_cpu,331
22315,yolo_x_cpu,333
22316,yolo_x_cpu,374
22317,yolo_x_cpu,364
22318,yolo_x_cpu,418
22319,yolo_x_cpu,353
22320,yolo_x_cpu,487
22321,yolo_x_cpu,672
22322,yolo_x_cpu,338
22323,yolo_x_cpu,308
22324,yolo_x_cpu,302
22325,yolo_x_cpu,349
22326,yolo_x_cpu,304
22327,yolo_x_cpu,430
22328,yolo_x_cpu,346
22329,yolo_x_cpu,356
22330,yolo_x_cpu,283
22331,yolo_x_cpu,272
22332,yolo_x_cpu,269
22333,yolo_x_cpu,263
22334,yolo_x_cpu,318
22335,yolo_x_cpu,338
22336,yolo_x_cpu,319
22337,yolo_x_cpu,366
22338,yolo_x_cpu,391
22339,yolo_x_cpu,269
22340,yolo_x_cpu,349
22341,yolo_x_cpu,341
22342,yolo_x_cpu,441
22343,yolo_x_cpu,498
22344,yolo_x_cpu,452
22345,yolo_x_cpu,331
22346,yolo_x_cpu,388
22347,yolo_x_cpu,286
22348,yolo_x_cpu,306
22349,yolo_x_cpu,372
22350,yolo_x_cpu,468
22351,yolo_x_cpu,564
22352,yolo_x_cpu,587
22353,yolo_x_cpu,541
22354,yolo_x_cpu,462
22355,yolo_x_cpu,335
22356,yolo_x_cpu,355
22357,yolo_x_cpu,384
22358,yolo_x_cpu,350
22359,yolo_x_cpu,431
22360,yolo_x_cpu,437
22361,yolo_x_cpu,362
22362,yolo_x_cpu,453
22363,yolo_x_cpu,563
22364,yolo_x_cpu,362
22365,yolo_x_cpu,311
22366,yolo_x_cpu,504
22367,yolo_x_cpu,336
22368,yolo_x_cpu,447
22369,yolo_x_cpu,374
22370,yolo_x_cpu,311
22371,yolo_x_cpu,339
22372,yolo_x_cpu,351
22373,yolo_x_cpu,370
22374,yolo_x_cpu,430
22375,yolo_x_cpu,432
22376,yolo_x_cpu,392
22377,yolo_x_cpu,401
22378,yolo_x_cpu,391
22379,yolo_x_cpu,303
22380,yolo_x_cpu,484
22381,yolo_x_cpu,457
22382,yolo_x_cpu,339
22383,yolo_x_cpu,347
22384,yolo_x_cpu,399
22385,yolo_x_cpu,367
22386,yolo_x_cpu,342
22387,yolo_x_cpu,403
22388,yolo_x_cpu,373
22389,yolo_x_cpu,445
22390,yolo_x_cpu,363
22391,yolo_x_cpu,279
22392,yolo_x_cpu,377
22393,yolo_x_cpu,434
22394,yolo_x_cpu,415
22395,yolo_x_cpu,499
22396,yolo_x_cpu,440
22397,yolo_x_cpu,423
22398,yolo_x_cpu,319
22399,yolo_x_cpu,399
22400,yolo_x_cpu,502
22401,yolo_x_cpu,476
22402,yolo_x_cpu,454
22403,yolo_x_cpu,494
22404,yolo_x_cpu,616
22405,yolo_x_cpu,455
22406,yolo_x_cpu,499
22407,yolo_x_cpu,620
22408,yolo_x_cpu,519
22409,yolo_x_cpu,420
22410,yolo_x_cpu,431
22411,yolo_x_cpu,499
22412,yolo_x_cpu,419
22413,yolo_x_cpu,499
22414,yolo_x_cpu,480
22415,yolo_x_cpu,407
22416,yolo_x_cpu,454
22417,yolo_x_cpu,439
22418,yolo_x_cpu,364
22419,yolo_x_cpu,282
22420,yolo_x_cpu,336
22421,yolo_x_cpu,373
22422,yolo_x_cpu,287
22423,yolo_x_cpu,310
22424,yolo_x_cpu,376
22425,yolo_x_cpu,474
22426,yolo_x_cpu,396
22427,yolo_x_cpu,324
22428,yolo_x_cpu,328
22429,yolo_x_cpu,381
22430,yolo_x_cpu,390
22431,yolo_x_cpu,442
22432,yolo_x_cpu,339
22433,yolo_x_cpu,301
22434,yolo_x_cpu,238
22435,yolo_x_cpu,309
22436,yolo_x_cpu,266
22437,yolo_x_cpu,358
22438,yolo_x_cpu,260
22439,yolo_x_cpu,313
22440,yolo_x_cpu,472
22441,yolo_x_cpu,443
22442,yolo_x_cpu,393
22443,yolo_x_cpu,424
22444,yolo_x_cpu,458
22445,yolo_x_cpu,474
22446,yolo_x_cpu,372
22447,yolo_x_cpu,305
22448,yolo_x_cpu,334
22449,yolo_x_cpu,333
22450,yolo_x_cpu,297
22451,yolo_x_cpu,318
22452,yolo_x_cpu,369
22453,yolo_x_cpu,265
22454,yolo_x_cpu,323
22455,yolo_x_cpu,339
22456,yolo_x_cpu,355
22457,yolo_x_cpu,249
22458,yolo_x_cpu,249
22459,yolo_x_cpu,345
22460,yolo_x_cpu,328
22461,yolo_x_cpu,299
22462,yolo_x_cpu,250
22463,yolo_x_cpu,274
22464,yolo_x_cpu,255
22465,yolo_x_cpu,300
22466,yolo_x_cpu,340
22467,yolo_x_cpu,325
22468,yolo_x_cpu,275
22469,yolo_x_cpu,313
22470,yolo_x_cpu,339
22471,yolo_x_cpu,257
22472,yolo_x_cpu,245
22473,yolo_x_cpu,199
22474,yolo_x_cpu,289
22475,yolo_x_cpu,280
22476,yolo_x_cpu,198
22477,yolo_x_cpu,177
22478,yolo_x_cpu,190
22479,yolo_x_cpu,185
22480,yolo_x_cpu,210
22481,yolo_x_cpu,272
22482,yolo_x_cpu,316
22483,yolo_x_cpu,210
22484,yolo_x_cpu,323
22485,yolo_x_cpu,142
22486,yolo_x_cpu,228
22487,yolo_x_cpu,224
22488,yolo_x_cpu,163
22489,yolo_x_cpu,315
22490,yolo_x_cpu,307
22491,yolo_x_cpu,325
22492,yolo_x_cpu,201
22493,yolo_x_cpu,205
22494,yolo_x_cpu,208
22495,yolo_x_cpu,212
22496,yolo_x_cpu,194
22497,yolo_x_cpu,169
22498,yolo_x_cpu,137
22499,yolo_x_cpu,285
22500,yolo_x_cpu,244
22501,yolo_x_cpu,210
22502,yolo_x_cpu,180
22503,yolo_x_cpu,165
22504,yolo_x_cpu,171
22505,yolo_x_cpu,158
22506,yolo_x_cpu,249
22507,yolo_x_cpu,180
22508,yolo_x_cpu,154
22509,yolo_x_cpu,208
22510,yolo_x_cpu,277
22511,yolo_x_cpu,303
22512,yolo_x_cpu,153
22513,yolo_x_cpu,246
22514,yolo_x_cpu,249
22515,yolo_x_cpu,186
22516,yolo_x_cpu,187
22517,yolo_x_cpu,126
22518,yolo_x_cpu,218
22519,yolo_x_cpu,294
22520,yolo_x_cpu,180
22521,yolo_x_cpu,186
22522,yolo_x_cpu,185
22523,yolo_x_cpu,177
22524,yolo_x_cpu,190
22525,yolo_x_cpu,200
22526,yolo_x_cpu,152
22527,yolo_x_cpu,154
22528,yolo_x_cpu,110
22529,yolo_x_cpu,178
22530,yolo_x_cpu,127
22531,yolo_x_cpu,163
22532,yolo_x_cpu,120
22533,yolo_x_cpu,134
22534,yolo_x_cpu,154
22535,yolo_x_cpu,164
22536,yolo_x_cpu,110
22537,yolo_x_cpu,280
22538,yolo_x_cpu,406
22539,yolo_x_cpu,240
22540,yolo_x_cpu,173
22541,yolo_x_cpu,168
22542,yolo_x_cpu,281
22543,yolo_x_cpu,278
22544,yolo_x_cpu,212
22545,yolo_x_cpu,208
22546,yolo_x_cpu,196
22547,yolo_x_cpu,138
22548,yolo_x_cpu,146
22549,yolo_x_cpu,172
22550,yolo_x_cpu,131
22551,yolo_x_cpu,186
22552,yolo_x_cpu,131
22553,yolo_x_cpu,130
22554,yolo_x_cpu,153
22555,yolo_x_cpu,118
22556,yolo_x_cpu,134
22557,yolo_x_cpu,144
22558,yolo_x_cpu,110
22559,yolo_x_cpu,106
22560,yolo_x_cpu,120
22561,yolo_x_cpu,128
22562,yolo_x_cpu,122
22563,yolo_x_cpu,186
22564,yolo_x_cpu,135
22565,yolo_x_cpu,130
22566,yolo_x_cpu,117
22567,yolo_x_cpu,86
22568,yolo_x_cpu,146
22569,yolo_x_cpu,113
22570,yolo_x_cpu,75
22571,yolo_x_cpu,151
22572,yolo_x_cpu,201
22573,yolo_x_cpu,96
22574,yolo_x_cpu,114
22575,yolo_x_cpu,123
22576,yolo_x_cpu,85
22577,yolo_x_cpu,129
22578,yolo_x_cpu,181
22579,yolo_x_cpu,173
22580,yolo_x_cpu,156
22581,yolo_x_cpu,95
22582,yolo_x_cpu,159
22583,yolo_x_cpu,97
22584,yolo_x_cpu,109
22585,yolo_x_cpu,77
22586,yolo_x_cpu,110
22587,yolo_x_cpu,98
22588,yolo_x_cpu,73
22589,yolo_x_cpu,113
22590,yolo_x_cpu,102
22591,yolo_x_cpu,68
22592,yolo_x_cpu,48
22593,yolo_x_cpu,57
22594,yolo_x_cpu,89
22595,yolo_x_cpu,103
22596,yolo_x_cpu,88
22597,yolo_x_cpu,89
22598,yolo_x_cpu,115
22599,yolo_x_cpu,61
22600,yolo_x_cpu,55
22601,yolo_x_cpu,57
22602,yolo_x_cpu,35
22603,yolo_x_cpu,49
22604,yolo_x_cpu,62
22605,yolo_x_cpu,44
22606,yolo_x_cpu,74
22607,yolo_x_cpu,46
22608,yolo_x_cpu,62
22609,yolo_x_cpu,48
22610,yolo_x_cpu,60
22611,yolo_x_cpu,46
22612,yolo_x_cpu,48
22613,yolo_x_cpu,42
22614,yolo_x_cpu,68
22615,yolo_x_cpu,41
22616,yolo_x_cpu,69
22617,yolo_x_cpu,42
22618,yolo_x_cpu,51
22619,yolo_x_cpu,29
22620,yolo_x_cpu,59
22621,yolo_x_cpu,25
22622,yolo_x_cpu,52
22623,yolo_x_cpu,64
22624,yolo_x_cpu,97
22625,yolo_x_cpu,71
22626,yolo_x_cpu,85
22627,yolo_x_cpu,41
22628,yolo_x_cpu,52
22629,yolo_x_cpu,101
22630,yolo_x_cpu,62
22631,yolo_x_cpu,59
22632,yolo_x_cpu,50
22633,yolo_x_cpu,12
22634,yolo_x_cpu,68
22635,yolo_x_cpu,44
22636,yolo_x_cpu,49
22637,yolo_x_cpu,34
22638,yolo_x_cpu,57
22639,yolo_x_cpu,50
22640,yolo_x_cpu,37
22641,yolo_x_cpu,31
22642,yolo_x_cpu,47
22643,yolo_x_cpu,63
22644,yolo_x_cpu,38
22645,yolo_x_cpu,87
22646,yolo_x_cpu,32
22647,yolo_x_cpu,27
22648,yolo_x_cpu,32
22649,yolo_x_cpu,59
22650,yolo_x_cpu,84
22651,yolo_x_cpu,42
22652,yolo_x_cpu,46
22653,yolo_x_cpu,25
22654,yolo_x_cpu,37
22655,yolo_x_cpu,40
22656,yolo_x_cpu,57
22657,yolo_x_cpu,49
22658,yolo_x_cpu,47
22659,yolo_x_cpu,21
22660,yolo_x_cpu,35
22661,yolo_x_cpu,45
22662,yolo_x_cpu,47
22663,yolo_x_cpu,26
22664,yolo_x_cpu,49
22665,yolo_x_cpu,56
22666,yolo_x_cpu,28
22667,yolo_x_cpu,17
22668,yolo_x_cpu,16
22669,yolo_x_cpu,27
22670,yolo_x_cpu,19
22671,yolo_x_cpu,42
22672,yolo_x_cpu,52
22673,yolo_x_cpu,9
22674,yolo_x_cpu,10
22675,yolo_x_cpu,35
22676,yolo_x_cpu,15
22677,yolo_x_cpu,21
22678,yolo_x_cpu,27
22679,yolo_x_cpu,12
22680,yolo_x_cpu,27
22681,yolo_x_cpu,18
22682,yolo_x_cpu,28
22683,yolo_x_cpu,10
22684,yolo_x_cpu,12
22685,yolo_x_cpu,11
22686,yolo_x_cpu,21
22687,yolo_x_cpu,14
22688,yolo_x_cpu,19
22689,yolo_x_cpu,65
22690,yolo_x_cpu,34
22691,yolo_x_cpu,19
22692,yolo_x_cpu,13
22693,yolo_x_cpu,16
22694,yolo_x_cpu,24
22695,yolo_x_cpu,41
22696,yolo_x_cpu,22
22697,yolo_x_cpu,18
22698,yolo_x_cpu,30
22699,yolo_x_cpu,53
22700,yolo_x_cpu,15
22701,yolo_x_cpu,64
22702,yolo_x_cpu,31
22703,yolo_x_cpu,66
22704,yolo_x_cpu,132
22705,yolo_x_cpu,11
22706,yolo_x_cpu,54
22707,yolo_x_cpu,16
22708,yolo_x_cpu,35
22709,yolo_x_cpu,25
22710,yolo_x_cpu,4
22711,yolo_x_cpu,6
22712,yolo_x_cpu,16
22713,yolo_x_cpu,27
22714,yolo_x_cpu,22
22715,yolo_x_cpu,7
22716,yolo_x_cpu,25
22717,yolo_x_cpu,13
22718,yolo_x_cpu,8
22719,yolo_x_cpu,18
22720,yolo_x_cpu,17
22721,yolo_x_cpu,15
22722,yolo_x_cpu,38
22723,yolo_x_cpu,17
22724,yolo_x_cpu,18
22725,yolo_x_cpu,8
22726,yolo_x_cpu,47
22727,yolo_x_cpu,9
22728,yolo_x_cpu,14
22729,yolo_x_cpu,10
22730,yolo_x_cpu,10
22731,yolo_x_cpu,6
22732,yolo_x_cpu,21
22733,yolo_x_cpu,14
22734,yolo_x_cpu,26
22735,yolo_x_cpu,4
22736,yolo_x_cpu,16
22737,yolo_x_cpu,16
22738,yolo_x_cpu,10
22739,yolo_x_cpu,6
22740,yolo_x_cpu,17
22741,yolo_x_cpu,15
22742,yolo_x_cpu,15
22743,yolo_x_cpu,10
22744,yolo_x_cpu,14
22745,yolo_x_cpu,14
22746,yolo_x_cpu,18
22747,yolo_x_cpu,18
22748,yolo_x_cpu,10
22749,yolo_x_cpu,9
22750,yolo_x_cpu,3
22751,yolo_x_cpu,5
22752,yolo_x_cpu,8
22753,yolo_x_cpu,9
22754,yolo_x_cpu,9
22755,yolo_x_cpu,14
22756,yolo_x_cpu,12
22757,yolo_x_cpu,17
22758,yolo_x_cpu,6
22759,yolo_x_cpu,12
22760,yolo_x_cpu,12
22761,yolo_x_cpu,13
22762,yolo_x_cpu,8
22763,yolo_x_cpu,9
22764,yolo_x_cpu,8
22765,yolo_x_cpu,13
22766,yolo_x_cpu,11
22767,yolo_x_cpu,23
22768,yolo_x_cpu,47
22769,yolo_x_cpu,18
22770,yolo_x_cpu,5
22771,yolo_x_cpu,11
22772,yolo_x_cpu,15
22773,yolo_x_cpu,17
22774,yolo_x_cpu,3
22775,yolo_x_cpu,5
22776,yolo_x_cpu,15
22777,yolo_x_cpu,7
22778,yolo_x_cpu,15
22779,yolo_x_cpu,3
22780,yolo_x_cpu,8
22781,yolo_x_cpu,8
22782,yolo_x_cpu,6
22783,yolo_x_cpu,4
22784,yolo_x_cpu,8
22785,yolo_x_cpu,8
22786,yolo_x_cpu,5
22787,yolo_x_cpu,8
22788,yolo_x_cpu,8
22789,yolo_x_cpu,5
22790,yolo_x_cpu,7
22791,yolo_x_cpu,3
22792,yolo_x_cpu,2
22793,yolo_x_cpu,8
22794,yolo_x_cpu,8
22795,yolo_x_cpu,1
22796,yolo_x_cpu,2
22797,yolo_x_cpu,11
22798,yolo_x_cpu,10
22799,yolo_x_cpu,15
22800,yolo_x_cpu,7
22801,yolo_x_cpu,15
22802,yolo_x_cpu,14
22803,yolo_x_cpu,15
22804,yolo_x_cpu,13
22805,yolo_x_cpu,5
22806,yolo_x_cpu,1
22807,yolo_x_cpu,7
22808,yolo_x_cpu,10
22809,yolo_x_cpu,5
22810,yolo_x_cpu,4
22811,yolo_x_cpu,6
22812,yolo_x_cpu,4
22813,yolo_x_cpu,2
22814,yolo_x_cpu,18
22815,yolo_x_cpu,2
22816,yolo_x_cpu,6
22817,yolo_x_cpu,10
22818,yolo_x_cpu,24
22819,yolo_x_cpu,100
22820,yolo_x_cpu,90
22821,yolo_x_cpu,64
22822,yolo_x_cpu,19
22823,yolo_x_cpu,14
22824,yolo_x_cpu,29
22825,yolo_x_cpu,17
22826,yolo_x_cpu,7
22827,yolo_x_cpu,24
22828,yolo_x_cpu,6
22829,yolo_x_cpu,8
22830,yolo_x_cpu,5
22831,yolo_x_cpu,5
22832,yolo_x_cpu,5
22833,yolo_x_cpu,3
22834,yolo_x_cpu,4
22835,yolo_x_cpu,16
22836,yolo_x_cpu,30
22837,yolo_x_cpu,8
22838,yolo_x_cpu,9
22839,yolo_x_cpu,2
22840,yolo_x_cpu,14
22841,yolo_x_cpu,8
22842,yolo_x_cpu,7
22843,yolo_x_cpu,14
22844,yolo_x_cpu,9
22845,yolo_x_cpu,6
22846,yolo_x_cpu,30
22847,yolo_x_cpu,8
22848,yolo_x_cpu,14
22849,yolo_x_cpu,3
22850,yolo_x_cpu,5
22851,yolo_x_cpu,7
22852,yolo_x_cpu,10
22853,yolo_x_cpu,9
22854,yolo_x_cpu,11
22855,yolo_x_cpu,7
22856,yolo_x_cpu,15
22857,yolo_x_cpu,7
22858,yolo_x_cpu,23
22859,yolo_x_cpu,21
22860,yolo_x_cpu,12
22861,yolo_x_cpu,13
22862,yolo_x_cpu,27
22863,yolo_x_cpu,13
22864,yolo_x_cpu,17
22865,yolo_x_cpu,6
22866,yolo_x_cpu,9
22867,yolo_x_cpu,15
22868,yolo_x_cpu,49
22869,yolo_x_cpu,18
22870,yolo_x_cpu,9
22871,yolo_x_cpu,5
22872,yolo_x_cpu,6
22873,yolo_x_cpu,3
22874,yolo_x_cpu,11
22875,yolo_x_cpu,22
22876,yolo_x_cpu,11
22877,yolo_x_cpu,12
22878,yolo_x_cpu,17
22879,yolo_x_cpu,8
22880,yolo_x_cpu,12
22881,yolo_x_cpu,8
22882,yolo_x_cpu,5
22883,yolo_x_cpu,32
22884,yolo_x_cpu,22
22885,yolo_x_cpu,14
22886,yolo_x_cpu,15
22887,yolo_x_cpu,5
22888,yolo_x_cpu,45
22889,yolo_x_cpu,17
22890,yolo_x_cpu,5
22891,yolo_x_cpu,7
22892,yolo_x_cpu,19
22893,yolo_x_cpu,12
22894,yolo_x_cpu,4
22895,yolo_x_cpu,23
22896,yolo_x_cpu,24
22897,yolo_x_cpu,7
22898,yolo_x_cpu,19
22899,yolo_x_cpu,35
22900,yolo_x_cpu,39
22901,yolo_x_cpu,40
22902,yolo_x_cpu,18
22903,yolo_x_cpu,9
22904,yolo_x_cpu,8
22905,yolo_x_cpu,20
22906,yolo_x_cpu,18
22907,yolo_x_cpu,21
22908,yolo_x_cpu,36
22909,yolo_x_cpu,10
22910,yolo_x_cpu,16
22911,yolo_x_cpu,21
22912,yolo_x_cpu,35
22913,yolo_x_cpu,21
22914,yolo_x_cpu,79
22915,yolo_x_cpu,30
22916,yolo_x_cpu,48
22917,yolo_x_cpu,30
22918,yolo_x_cpu,50
22919,yolo_x_cpu,52
22920,yolo_x_cpu,38
22921,yolo_x_cpu,29
22922,yolo_x_cpu,37
22923,yolo_x_cpu,49
22924,yolo_x_cpu,29
22925,yolo_x_cpu,54
22926,yolo_x_cpu,33
22927,yolo_x_cpu,87
22928,yolo_x_cpu,115
22929,yolo_x_cpu,169
22930,yolo_x_cpu,169
22931,yolo_x_cpu,148
22932,yolo_x_cpu,198
22933,yolo_x_cpu,160
22934,yolo_x_cpu,147
22935,yolo_x_cpu,80
22936,yolo_x_cpu,39
22937,yolo_x_cpu,46
22938,yolo_x_cpu,41
22939,yolo_x_cpu,47
22940,yolo_x_cpu,40
22941,yolo_x_cpu,57
22942,yolo_x_cpu,69
22943,yolo_x_cpu,75
22944,yolo_x_cpu,115
22945,yolo_x_cpu,123
22946,yolo_x_cpu,105
22947,yolo_x_cpu,46
22948,yolo_x_cpu,114
22949,yolo_x_cpu,56
22950,yolo_x_cpu,82
22951,yolo_x_cpu,145
22952,yolo_x_cpu,60
22953,yolo_x_cpu,78
22954,yolo_x_cpu,99
22955,yolo_x_cpu,90
22956,yolo_x_cpu,132
22957,yolo_x_cpu,74
22958,yolo_x_cpu,99
22959,yolo_x_cpu,66
22960,yolo_x_cpu,113
22961,yolo_x_cpu,138
22962,yolo_x_cpu,144
22963,yolo_x_cpu,142
22964,yolo_x_cpu,85
22965,yolo_x_cpu,86
22966,yolo_x_cpu,101
22967,yolo_x_cpu,178
22968,yolo_x_cpu,218
22969,yolo_x_cpu,72
22970,yolo_x_cpu,85
22971,yolo_x_cpu,87
22972,yolo_x_cpu,156
22973,yolo_x_cpu,115
22974,yolo_x_cpu,95
22975,yolo_x_cpu,91
22976,yolo_x_cpu,87
22977,yolo_x_cpu,92
22978,yolo_x_cpu,110
22979,yolo_x_cpu,106
22980,yolo_x_cpu,114
22981,yolo_x_cpu,110
22982,yolo_x_cpu,125
22983,yolo_x_cpu,153
22984,yolo_x_cpu,145
22985,yolo_x_cpu,143
22986,yolo_x_cpu,136
22987,yolo_x_cpu,95
22988,yolo_x_cpu,132
22989,yolo_x_cpu,217
22990,yolo_x_cpu,162
22991,yolo_x_cpu,147
22992,yolo_x_cpu,141
22993,yolo_x_cpu,153
22994,yolo_x_cpu,194
22995,yolo_x_cpu,174
22996,yolo_x_cpu,227
22997,yolo_x_cpu,187
22998,yolo_x_cpu,240
22999,yolo_x_cpu,232
23000,yolo_x_cpu,285
23001,yolo_x_cpu,169
23002,yolo_x_cpu,153
23003,yolo_x_cpu,214
23004,yolo_x_cpu,168
23005,yolo_x_cpu,213
23006,yolo_x_cpu,193
23007,yolo_x_cpu,256
23008,yolo_x_cpu,268
23009,yolo_x_cpu,323
23010,yolo_x_cpu,250
23011,yolo_x_cpu,184
23012,yolo_x_cpu,203
23013,yolo_x_cpu,231
23014,yolo_x_cpu,198
23015,yolo_x_cpu,285
23016,yolo_x_cpu,336
23017,yolo_x_cpu,245
23018,yolo_x_cpu,237
23019,yolo_x_cpu,250
23020,yolo_x_cpu,260
23021,yolo_x_cpu,232
23022,yolo_x_cpu,285
23023,yolo_x_cpu,293
23024,yolo_x_cpu,301
23025,yolo_x_cpu,345
23026,yolo_x_cpu,369
23027,yolo_x_cpu,307
23028,yolo_x_cpu,236
23029,yolo_x_cpu,302
23030,yolo_x_cpu,324
23031,yolo_x_cpu,217
23032,yolo_x_cpu,277
23033,yolo_x_cpu,230
23034,yolo_x_cpu,228
23035,yolo_x_cpu,264
23036,yolo_x_cpu,398
23037,yolo_x_cpu,411
23038,yolo_x_cpu,317
23039,yolo_x_cpu,314
23040,yolo_x_cpu,273
23041,yolo_x_cpu,349
23042,yolo_x_cpu,315
23043,yolo_x_cpu,319
23044,yolo_x_cpu,367
23045,yolo_x_cpu,355
23046,yolo_x_cpu,364
23047,yolo_x_cpu,341
23048,yolo_x_cpu,378
23049,yolo_x_cpu,257
23050,yolo_x_cpu,397
23051,yolo_x_cpu,401
23052,yolo_x_cpu,316
23053,yolo_x_cpu,309
23054,yolo_x_cpu,503
23055,yolo_x_cpu,448
23056,yolo_x_cpu,392
23057,yolo_x_cpu,336
23058,yolo_x_cpu,505
23059,yolo_x_cpu,435
23060,yolo_x_cpu,505
23061,yolo_x_cpu,546
23062,yolo_x_cpu,381
23063,yolo_x_cpu,326
23064,yolo_x_cpu,396
23065,yolo_x_cpu,421
23066,yolo_x_cpu,365
23067,yolo_x_cpu,314
23068,yolo_x_cpu,408
23069,yolo_x_cpu,379
23070,yolo_x_cpu,353
23071,yolo_x_cpu,457
23072,yolo_x_cpu,547
23073,yolo_x_cpu,486
23074,yolo_x_cpu,469
23075,yolo_x_cpu,478
23076,yolo_x_cpu,526
23077,yolo_x_cpu,482
23078,yolo_x_cpu,579
23079,yolo_x_cpu,536
23080,yolo_x_cpu,703
23081,yolo_x_cpu,496
23082,yolo_x_cpu,573
23083,yolo_x_cpu,506
23084,yolo_x_cpu,534
23085,yolo_x_cpu,421
23086,yolo_x_cpu,488
23087,yolo_x_cpu,468
23088,yolo_x_cpu,499
23089,yolo_x_cpu,469
23090,yolo_x_cpu,447
23091,yolo_x_cpu,464
23092,yolo_x_cpu,616
23093,yolo_x_cpu,582
23094,yolo_x_cpu,485
23095,yolo_x_cpu,466
23096,yolo_x_cpu,699
23097,yolo_x_cpu,617
23098,yolo_x_cpu,412
23099,yolo_x_cpu,470
23100,yolo_x_cpu,397
23101,yolo_x_cpu,458
23102,yolo_x_cpu,487
23103,yolo_x_cpu,529
23104,yolo_x_cpu,639
23105,yolo_x_cpu,662
23106,yolo_x_cpu,722
23107,yolo_x_cpu,604
23108,yolo_x_cpu,553
23109,yolo_x_cpu,723
23110,yolo_x_cpu,646
23111,yolo_x_cpu,555
23112,yolo_x_cpu,585
23113,yolo_x_cpu,598
23114,yolo_x_cpu,527
23115,yolo_x_cpu,520
23116,yolo_x_cpu,423
23117,yolo_x_cpu,486
23118,yolo_x_cpu,508
23119,yolo_x_cpu,511
23120,yolo_x_cpu,462
23121,yolo_x_cpu,445
23122,yolo_x_cpu,475
23123,yolo_x_cpu,571
23124,yolo_x_cpu,510
23125,yolo_x_cpu,494
23126,yolo_x_cpu,511
23127,yolo_x_cpu,431
23128,yolo_x_cpu,424
23129,yolo_x_cpu,444
23130,yolo_x_cpu,541
23131,yolo_x_cpu,484
23132,yolo_x_cpu,455
23133,yolo_x_cpu,443
23134,yolo_x_cpu,453
23135,yolo_x_cpu,443
23136,yolo_x_cpu,509
23137,yolo_x_cpu,431
23138,yolo_x_cpu,526
23139,yolo_x_cpu,515
23140,yolo_x_cpu,523
23141,yolo_x_cpu,484
23142,yolo_x_cpu,643
23143,yolo_x_cpu,479
23144,yolo_x_cpu,413
23145,yolo_x_cpu,437
23146,yolo_x_cpu,447
23147,yolo_x_cpu,447
23148,yolo_x_cpu,449
23149,yolo_x_cpu,471
23150,yolo_x_cpu,474
23151,yolo_x_cpu,431
23152,yolo_x_cpu,487
23153,yolo_x_cpu,573
23154,yolo_x_cpu,437
23155,yolo_x_cpu,457
23156,yolo_x_cpu,460
23157,yolo_x_cpu,503
23158,yolo_x_cpu,486
23159,yolo_x_cpu,440
23160,yolo_x_cpu,473
23161,yolo_x_cpu,436
23162,yolo_x_cpu,517
23163,yolo_x_cpu,593
23164,yolo_x_cpu,559
23165,yolo_x_cpu,518
23166,yolo_x_cpu,551
23167,yolo_x_cpu,475
23168,yolo_x_cpu,567
23169,yolo_x_cpu,515
23170,yolo_x_cpu,458
23171,yolo_x_cpu,472
23172,yolo_x_cpu,569
23173,yolo_x_cpu,548
23174,yolo_x_cpu,537
23175,yolo_x_cpu,555
23176,yolo_x_cpu,506
23177,yolo_x_cpu,479
23178,yolo_x_cpu,585
23179,yolo_x_cpu,630
23180,yolo_x_cpu,507
23181,yolo_x_cpu,364
23182,yolo_x_cpu,470
23183,yolo_x_cpu,516
23184,yolo_x_cpu,627
23185,yolo_x_cpu,614
23186,yolo_x_cpu,548
23187,yolo_x_cpu,480
23188,yolo_x_cpu,500
23189,yolo_x_cpu,375
23190,yolo_x_cpu,372
23191,yolo_x_cpu,295
23192,yolo_x_cpu,340
23193,yolo_x_cpu,382
23194,yolo_x_cpu,349
23195,yolo_x_cpu,464
23196,yolo_x_cpu,419
23197,yolo_x_cpu,454
23198,yolo_x_cpu,394
23199,yolo_x_cpu,453
23200,yolo_x_cpu,374
23201,yolo_x_cpu,352
23202,yolo_x_cpu,413
23203,yolo_x_cpu,423
23204,yolo_x_cpu,441
23205,yolo_x_cpu,437
23206,yolo_x_cpu,425
23207,yolo_x_cpu,434
23208,yolo_x_cpu,373
23209,yolo_x_cpu,321
23210,yolo_x_cpu,405
23211,yolo_x_cpu,530
23212,yolo_x_cpu,580
23213,yolo_x_cpu,490
23214,yolo_x_cpu,488
23215,yolo_x_cpu,447
23216,yolo_x_cpu,452
23217,yolo_x_cpu,354
23218,yolo_x_cpu,432
23219,yolo_x_cpu,385
23220,yolo_x_cpu,371
23221,yolo_x_cpu,359
23222,yolo_x_cpu,483
23223,yolo_x_cpu,287
23224,yolo_x_cpu,368
23225,yolo_x_cpu,381
23226,yolo_x_cpu,354
23227,yolo_x_cpu,361
23228,yolo_x_cpu,438
23229,yolo_x_cpu,445
23230,yolo_x_cpu,434
23231,yolo_x_cpu,288
23232,yolo_x_cpu,304
23233,yolo_x_cpu,343
23234,yolo_x_cpu,379
23235,yolo_x_cpu,305
23236,yolo_x_cpu,390
23237,yolo_x_cpu,386
23238,yolo_x_cpu,325
23239,yolo_x_cpu,348
23240,yolo_x_cpu,335
23241,yolo_x_cpu,385
23242,yolo_x_cpu,332
23243,yolo_x_cpu,338
23244,yolo_x_cpu,427
23245,yolo_x_cpu,309
23246,yolo_x_cpu,527
23247,yolo_x_cpu,462
23248,yolo_x_cpu,335
23249,yolo_x_cpu,420
23250,yolo_x_cpu,386
23251,yolo_x_cpu,415
23252,yolo_x_cpu,388
23253,yolo_x_cpu,392
23254,yolo_x_cpu,371
23255,yolo_x_cpu,317
23256,yolo_x_cpu,397
23257,yolo_x_cpu,355
23258,yolo_x_cpu,375
23259,yolo_x_cpu,432
23260,yolo_x_cpu,386
23261,yolo_x_cpu,387
23262,yolo_x_cpu,389
23263,yolo_x_cpu,374
23264,yolo_x_cpu,455
23265,yolo_x_cpu,343
23266,yolo_x_cpu,465
23267,yolo_x_cpu,323
23268,yolo_x_cpu,349
23269,yolo_x_cpu,307
23270,yolo_x_cpu,418
23271,yolo_x_cpu,322
23272,yolo_x_cpu,344
23273,yolo_x_cpu,306
23274,yolo_x_cpu,268
23275,yolo_x_cpu,306
23276,yolo_x_cpu,397
23277,yolo_x_cpu,342
23278,yolo_x_cpu,413
23279,yolo_x_cpu,317
23280,yolo_x_cpu,350
23281,yolo_x_cpu,317
23282,yolo_x_cpu,412
23283,yolo_x_cpu,501
23284,yolo_x_cpu,277
23285,yolo_x_cpu,279
23286,yolo_x_cpu,315
23287,yolo_x_cpu,330
23288,yolo_x_cpu,295
23289,yolo_x_cpu,296
23290,yolo_x_cpu,277
23291,yolo_x_cpu,315
23292,yolo_x_cpu,346
23293,yolo_x_cpu,422
23294,yolo_x_cpu,379
23295,yolo_x_cpu,302
23296,yolo_x_cpu,457
23297,yolo_x_cpu,284
23298,yolo_x_cpu,344
23299,yolo_x_cpu,269
23300,yolo_x_cpu,279
23301,yolo_x_cpu,272
23302,yolo_x_cpu,318
23303,yolo_x_cpu,308
23304,yolo_x_cpu,265
23305,yolo_x_cpu,266
23306,yolo_x_cpu,297
23307,yolo_x_cpu,258
23308,yolo_x_cpu,251
23309,yolo_x_cpu,299
23310,yolo_x_cpu,364
23311,yolo_x_cpu,400
23312,yolo_x_cpu,342
23313,yolo_x_cpu,266
23314,yolo_x_cpu,352
23315,yolo_x_cpu,406
23316,yolo_x_cpu,327
23317,yolo_x_cpu,328
23318,yolo_x_cpu,370
23319,yolo_x_cpu,275
23320,yolo_x_cpu,292
23321,yolo_x_cpu,313
23322,yolo_x_cpu,268
23323,yolo_x_cpu,321
23324,yolo_x_cpu,317
23325,yolo_x_cpu,252
23326,yolo_x_cpu,272
23327,yolo_x_cpu,261
23328,yolo_x_cpu,282
23329,yolo_x_cpu,415
23330,yolo_x_cpu,362
23331,yolo_x_cpu,410
23332,yolo_x_cpu,288
23333,yolo_x_cpu,352
23334,yolo_x_cpu,395
23335,yolo_x_cpu,300
23336,yolo_x_cpu,362
23337,yolo_x_cpu,256
23338,yolo_x_cpu,266
23339,yolo_x_cpu,297
23340,yolo_x_cpu,341
23341,yolo_x_cpu,281
23342,yolo_x_cpu,287
23343,yolo_x_cpu,208
23344,yolo_x_cpu,191
23345,yolo_x_cpu,291
23346,yolo_x_cpu,336
23347,yolo_x_cpu,331
23348,yolo_x_cpu,283
23349,yolo_x_cpu,198
23350,yolo_x_cpu,230
23351,yolo_x_cpu,207
23352,yolo_x_cpu,347
23353,yolo_x_cpu,275
23354,yolo_x_cpu,318
23355,yolo_x_cpu,316
23356,yolo_x_cpu,318
23357,yolo_x_cpu,307
23358,yolo_x_cpu,310
23359,yolo_x_cpu,315
23360,yolo_x_cpu,317
23361,yolo_x_cpu,265
23362,yolo_x_cpu,284
23363,yolo_x_cpu,348
23364,yolo_x_cpu,256
23365,yolo_x_cpu,207
23366,yolo_x_cpu,227
23367,yolo_x_cpu,171
23368,yolo_x_cpu,248
23369,yolo_x_cpu,268
23370,yolo_x_cpu,275
23371,yolo_x_cpu,199
23372,yolo_x_cpu,277
23373,yolo_x_cpu,232
23374,yolo_x_cpu,341
23375,yolo_x_cpu,367
23376,yolo_x_cpu,362
23377,yolo_x_cpu,316
23378,yolo_x_cpu,266
23379,yolo_x_cpu,248
23380,yolo_x_cpu,163
23381,yolo_x_cpu,276
23382,yolo_x_cpu,257
23383,yolo_x_cpu,212
23384,yolo_x_cpu,170
23385,yolo_x_cpu,250
23386,yolo_x_cpu,290
23387,yolo_x_cpu,267
23388,yolo_x_cpu,214
23389,yolo_x_cpu,245
23390,yolo_x_cpu,210
23391,yolo_x_cpu,265
23392,yolo_x_cpu,212
23393,yolo_x_cpu,253
23394,yolo_x_cpu,281
23395,yolo_x_cpu,244
23396,yolo_x_cpu,212
23397,yolo_x_cpu,241
23398,yolo_x_cpu,211
23399,yolo_x_cpu,234
23400,yolo_x_cpu,318
23401,yolo_x_cpu,317
23402,yolo_x_cpu,460
23403,yolo_x_cpu,318
23404,yolo_x_cpu,284
23405,yolo_x_cpu,286
23406,yolo_x_cpu,266
23407,yolo_x_cpu,247
23408,yolo_x_cpu,244
23409,yolo_x_cpu,191
23410,yolo_x_cpu,188
23411,yolo_x_cpu,213
23412,yolo_x_cpu,219
23413,yolo_x_cpu,213
23414,yolo_x_cpu,236
23415,yolo_x_cpu,329
23416,yolo_x_cpu,220
23417,yolo_x_cpu,197
23418,yolo_x_cpu,236
23419,yolo_x_cpu,196
23420,yolo_x_cpu,176
23421,yolo_x_cpu,215
23422,yolo_x_cpu,216
23423,yolo_x_cpu,194
23424,yolo_x_cpu,227
23425,yolo_x_cpu,210
23426,yolo_x_cpu,187
23427,yolo_x_cpu,317
23428,yolo_x_cpu,202
23429,yolo_x_cpu,184
23430,yolo_x_cpu,267
23431,yolo_x_cpu,144
23432,yolo_x_cpu,187
23433,yolo_x_cpu,142
23434,yolo_x_cpu,162
23435,yolo_x_cpu,231
23436,yolo_x_cpu,213
23437,yolo_x_cpu,187
23438,yolo_x_cpu,330
23439,yolo_x_cpu,307
23440,yolo_x_cpu,385
23441,yolo_x_cpu,276
23442,yolo_x_cpu,189
23443,yolo_x_cpu,238
23444,yolo_x_cpu,314
23445,yolo_x_cpu,263
23446,yolo_x_cpu,253
23447,yolo_x_cpu,236
23448,yolo_x_cpu,210
23449,yolo_x_cpu,175
23450,yolo_x_cpu,195
23451,yolo_x_cpu,208
23452,yolo_x_cpu,236
23453,yolo_x_cpu,157
23454,yolo_x_cpu,202
23455,yolo_x_cpu,221
23456,yolo_x_cpu,224
23457,yolo_x_cpu,266
23458,yolo_x_cpu,213
23459,yolo_x_cpu,154
23460,yolo_x_cpu,241
23461,yolo_x_cpu,179
23462,yolo_x_cpu,222
23463,yolo_x_cpu,270
23464,yolo_x_cpu,254
23465,yolo_x_cpu,224
23466,yolo_x_cpu,190
23467,yolo_x_cpu,117
23468,yolo_x_cpu,198
23469,yolo_x_cpu,263
23470,yolo_x_cpu,198
23471,yolo_x_cpu,254
23472,yolo_x_cpu,177
23473,yolo_x_cpu,302
23474,yolo_x_cpu,151
23475,yolo_x_cpu,158
23476,yolo_x_cpu,201
23477,yolo_x_cpu,153
23478,yolo_x_cpu,185
23479,yolo_x_cpu,195
23480,yolo_x_cpu,150
23481,yolo_x_cpu,185
23482,yolo_x_cpu,330
23483,yolo_x_cpu,279
23484,yolo_x_cpu,254
23485,yolo_x_cpu,248
23486,yolo_x_cpu,211
23487,yolo_x_cpu,214
23488,yolo_x_cpu,190
23489,yolo_x_cpu,172
23490,yolo_x_cpu,275
23491,yolo_x_cpu,153
23492,yolo_x_cpu,159
23493,yolo_x_cpu,245
23494,yolo_x_cpu,234
23495,yolo_x_cpu,187
23496,yolo_x_cpu,376
23497,yolo_x_cpu,251
23498,yolo_x_cpu,220
23499,yolo_x_cpu,260
23500,yolo_x_cpu,295
23501,yolo_x_cpu,254
23502,yolo_x_cpu,253
23503,yolo_x_cpu,189
23504,yolo_x_cpu,237
23505,yolo_x_cpu,277
23506,yolo_x_cpu,270
23507,yolo_x_cpu,255
23508,yolo_x_cpu,262
23509,yolo_x_cpu,208
23510,yolo_x_cpu,279
23511,yolo_x_cpu,239
23512,yolo_x_cpu,252
23513,yolo_x_cpu,260
23514,yolo_x_cpu,220
23515,yolo_x_cpu,283
23516,yolo_x_cpu,200
23517,yolo_x_cpu,236
23518,yolo_x_cpu,190
23519,yolo_x_cpu,241
23520,yolo_x_cpu,242
23521,yolo_x_cpu,288
23522,yolo_x_cpu,188
23523,yolo_x_cpu,248
23524,yolo_x_cpu,223
23525,yolo_x_cpu,302
23526,yolo_x_cpu,181
23527,yolo_x_cpu,139
23528,yolo_x_cpu,147
23529,yolo_x_cpu,135
23530,yolo_x_cpu,165
23531,yolo_x_cpu,180
23532,yolo_x_cpu,179
23533,yolo_x_cpu,231
23534,yolo_x_cpu,205
23535,yolo_x_cpu,141
23536,yolo_x_cpu,153
23537,yolo_x_cpu,189
23538,yolo_x_cpu,204
23539,yolo_x_cpu,188
23540,yolo_x_cpu,203
23541,yolo_x_cpu,200
23542,yolo_x_cpu,168
23543,yolo_x_cpu,192
23544,yolo_x_cpu,132
23545,yolo_x_cpu,153
23546,yolo_x_cpu,206
23547,yolo_x_cpu,202
23548,yolo_x_cpu,246
23549,yolo_x_cpu,222
23550,yolo_x_cpu,134
23551,yolo_x_cpu,152
23552,yolo_x_cpu,160
23553,yolo_x_cpu,161
23554,yolo_x_cpu,231
23555,yolo_x_cpu,192
23556,yolo_x_cpu,150
23557,yolo_x_cpu,190
23558,yolo_x_cpu,174
23559,yolo_x_cpu,206
23560,yolo_x_cpu,193
23561,yolo_x_cpu,191
23562,yolo_x_cpu,193
23563,yolo_x_cpu,206
23564,yolo_x_cpu,202
23565,yolo_x_cpu,231
23566,yolo_x_cpu,200
23567,yolo_x_cpu,266
23568,yolo_x_cpu,275
23569,yolo_x_cpu,222
23570,yolo_x_cpu,197
23571,yolo_x_cpu,171
23572,yolo_x_cpu,297
23573,yolo_x_cpu,181
23574,yolo_x_cpu,171
23575,yolo_x_cpu,179
23576,yolo_x_cpu,183
23577,yolo_x_cpu,237
23578,yolo_x_cpu,204
23579,yolo_x_cpu,212
23580,yolo_x_cpu,361
23581,yolo_x_cpu,326
23582,yolo_x_cpu,253
23583,yolo_x_cpu,181
23584,yolo_x_cpu,173
23585,yolo_x_cpu,179
23586,yolo_x_cpu,224
23587,yolo_x_cpu,183
23588,yolo_x_cpu,218
23589,yolo_x_cpu,249
23590,yolo_x_cpu,263
23591,yolo_x_cpu,206
23592,yolo_x_cpu,272
23593,yolo_x_cpu,256
23594,yolo_x_cpu,280
23595,yolo_x_cpu,214
23596,yolo_x_cpu,205
23597,yolo_x_cpu,218
23598,yolo_x_cpu,190
23599,yolo_x_cpu,253
23600,yolo_x_cpu,198
23601,yolo_x_cpu,173
23602,yolo_x_cpu,172
23603,yolo_x_cpu,228
23604,yolo_x_cpu,206
23605,yolo_x_cpu,224
23606,yolo_x_cpu,314
23607,yolo_x_cpu,288
23608,yolo_x_cpu,208
23609,yolo_x_cpu,262
23610,yolo_x_cpu,382
23611,yolo_x_cpu,342
23612,yolo_x_cpu,220
23613,yolo_x_cpu,268
23614,yolo_x_cpu,189
23615,yolo_x_cpu,251
23616,yolo_x_cpu,217
23617,yolo_x_cpu,221
23618,yolo_x_cpu,234
23619,yolo_x_cpu,181
23620,yolo_x_cpu,245
23621,yolo_x_cpu,265
23622,yolo_x_cpu,257
23623,yolo_x_cpu,181
23624,yolo_x_cpu,205
23625,yolo_x_cpu,203
23626,yolo_x_cpu,212
23627,yolo_x_cpu,210
23628,yolo_x_cpu,214
23629,yolo_x_cpu,175
23630,yolo_x_cpu,199
23631,yolo_x_cpu,274
23632,yolo_x_cpu,153
23633,yolo_x_cpu,195
23634,yolo_x_cpu,168
23635,yolo_x_cpu,167
23636,yolo_x_cpu,195
23637,yolo_x_cpu,181
23638,yolo_x_cpu,182
23639,yolo_x_cpu,170
23640,yolo_x_cpu,133
23641,yolo_x_cpu,192
23642,yolo_x_cpu,155
23643,yolo_x_cpu,158
23644,yolo_x_cpu,305
23645,yolo_x_cpu,275
23646,yolo_x_cpu,317
23647,yolo_x_cpu,232
23648,yolo_x_cpu,266
23649,yolo_x_cpu,208
23650,yolo_x_cpu,237
23651,yolo_x_cpu,219
23652,yolo_x_cpu,291
23653,yolo_x_cpu,274
23654,yolo_x_cpu,254
23655,yolo_x_cpu,219
23656,yolo_x_cpu,229
23657,yolo_x_cpu,294
23658,yolo_x_cpu,261
23659,yolo_x_cpu,325
23660,yolo_x_cpu,262
23661,yolo_x_cpu,193
23662,yolo_x_cpu,246
23663,yolo_x_cpu,196
23664,yolo_x_cpu,263
23665,yolo_x_cpu,355
23666,yolo_x_cpu,290
23667,yolo_x_cpu,283
23668,yolo_x_cpu,244
23669,yolo_x_cpu,198
23670,yolo_x_cpu,210
23671,yolo_x_cpu,177
23672,yolo_x_cpu,250
23673,yolo_x_cpu,237
23674,yolo_x_cpu,177
23675,yolo_x_cpu,207
23676,yolo_x_cpu,181
23677,yolo_x_cpu,218
23678,yolo_x_cpu,230
23679,yolo_x_cpu,207
23680,yolo_x_cpu,198
23681,yolo_x_cpu,157
23682,yolo_x_cpu,200
23683,yolo_x_cpu,160
23684,yolo_x_cpu,217
23685,yolo_x_cpu,159
23686,yolo_x_cpu,220
23687,yolo_x_cpu,156
23688,yolo_x_cpu,249
23689,yolo_x_cpu,323
23690,yolo_x_cpu,363
23691,yolo_x_cpu,253
23692,yolo_x_cpu,257
23693,yolo_x_cpu,250
23694,yolo_x_cpu,227
23695,yolo_x_cpu,230
23696,yolo_x_cpu,319
23697,yolo_x_cpu,271
23698,yolo_x_cpu,183
23699,yolo_x_cpu,234
23700,yolo_x_cpu,370
23701,yolo_x_cpu,260
23702,yolo_x_cpu,236
23703,yolo_x_cpu,232
23704,yolo_x_cpu,176
23705,yolo_x_cpu,154
23706,yolo_x_cpu,183
23707,yolo_x_cpu,265
23708,yolo_x_cpu,247
23709,yolo_x_cpu,294
23710,yolo_x_cpu,282
23711,yolo_x_cpu,379
23712,yolo_x_cpu,339
23713,yolo_x_cpu,357
23714,yolo_x_cpu,277
23715,yolo_x_cpu,286
23716,yolo_x_cpu,301
23717,yolo_x_cpu,295
23718,yolo_x_cpu,331
23719,yolo_x_cpu,327
23720,yolo_x_cpu,281
23721,yolo_x_cpu,483
23722,yolo_x_cpu,321
23723,yolo_x_cpu,296
23724,yolo_x_cpu,379
23725,yolo_x_cpu,346
23726,yolo_x_cpu,366
23727,yolo_x_cpu,285
23728,yolo_x_cpu,305
23729,yolo_x_cpu,399
23730,yolo_x_cpu,427
23731,yolo_x_cpu,398
23732,yolo_x_cpu,319
23733,yolo_x_cpu,410
23734,yolo_x_cpu,347
23735,yolo_x_cpu,396
23736,yolo_x_cpu,340
23737,yolo_x_cpu,400
23738,yolo_x_cpu,268
23739,yolo_x_cpu,250
23740,yolo_x_cpu,305
23741,yolo_x_cpu,274
23742,yolo_x_cpu,348
23743,yolo_x_cpu,381
23744,yolo_x_cpu,258
23745,yolo_x_cpu,258
23746,yolo_x_cpu,271
23747,yolo_x_cpu,307
23748,yolo_x_cpu,246
23749,yolo_x_cpu,259
23750,yolo_x_cpu,278
23751,yolo_x_cpu,276
23752,yolo_x_cpu,270
23753,yolo_x_cpu,229
23754,yolo_x_cpu,286
23755,yolo_x_cpu,301
23756,yolo_x_cpu,310
23757,yolo_x_cpu,368
23758,yolo_x_cpu,365
23759,yolo_x_cpu,329
23760,yolo_x_cpu,237
23761,yolo_x_cpu,263
23762,yolo_x_cpu,299
23763,yolo_x_cpu,382
23764,yolo_x_cpu,335
23765,yolo_x_cpu,348
23766,yolo_x_cpu,336
23767,yolo_x_cpu,463
23768,yolo_x_cpu,318
23769,yolo_x_cpu,274
23770,yolo_x_cpu,269
23771,yolo_x_cpu,318
23772,yolo_x_cpu,346
23773,yolo_x_cpu,298
23774,yolo_x_cpu,288
23775,yolo_x_cpu,274
23776,yolo_x_cpu,332
23777,yolo_x_cpu,351
23778,yolo_x_cpu,403
23779,yolo_x_cpu,378
23780,yolo_x_cpu,407
23781,yolo_x_cpu,280
23782,yolo_x_cpu,260
23783,yolo_x_cpu,312
23784,yolo_x_cpu,304
23785,yolo_x_cpu,464
23786,yolo_x_cpu,357
23787,yolo_x_cpu,336
23788,yolo_x_cpu,365
23789,yolo_x_cpu,313
23790,yolo_x_cpu,381
23791,yolo_x_cpu,490
23792,yolo_x_cpu,513
23793,yolo_x_cpu,501
23794,yolo_x_cpu,438
23795,yolo_x_cpu,349
23796,yolo_x_cpu,426
23797,yolo_x_cpu,356
23798,yolo_x_cpu,492
23799,yolo_x_cpu,432
23800,yolo_x_cpu,423
23801,yolo_x_cpu,350
23802,yolo_x_cpu,422
23803,yolo_x_cpu,546
23804,yolo_x_cpu,400
23805,yolo_x_cpu,409
23806,yolo_x_cpu,388
23807,yolo_x_cpu,403
23808,yolo_x_cpu,296
23809,yolo_x_cpu,268
23810,yolo_x_cpu,362
23811,yolo_x_cpu,370
23812,yolo_x_cpu,367
23813,yolo_x_cpu,400
23814,yolo_x_cpu,350
23815,yolo_x_cpu,412
23816,yolo_x_cpu,371
23817,yolo_x_cpu,370
23818,yolo_x_cpu,377
23819,yolo_x_cpu,361
23820,yolo_x_cpu,295
23821,yolo_x_cpu,349
23822,yolo_x_cpu,335
23823,yolo_x_cpu,357
23824,yolo_x_cpu,353
23825,yolo_x_cpu,335
23826,yolo_x_cpu,471
23827,yolo_x_cpu,375
23828,yolo_x_cpu,337
23829,yolo_x_cpu,323
23830,yolo_x_cpu,513
23831,yolo_x_cpu,338
23832,yolo_x_cpu,324
23833,yolo_x_cpu,321
23834,yolo_x_cpu,321
23835,yolo_x_cpu,299
23836,yolo_x_cpu,387
23837,yolo_x_cpu,397
23838,yolo_x_cpu,439
23839,yolo_x_cpu,275
23840,yolo_x_cpu,279
23841,yolo_x_cpu,308
23842,yolo_x_cpu,213
23843,yolo_x_cpu,272
23844,yolo_x_cpu,212
23845,yolo_x_cpu,365
23846,yolo_x_cpu,371
23847,yolo_x_cpu,298
23848,yolo_x_cpu,273
23849,yolo_x_cpu,374
23850,yolo_x_cpu,297
23851,yolo_x_cpu,302
23852,yolo_x_cpu,435
23853,yolo_x_cpu,348
23854,yolo_x_cpu,354
23855,yolo_x_cpu,425
23856,yolo_x_cpu,381
23857,yolo_x_cpu,394
23858,yolo_x_cpu,421
23859,yolo_x_cpu,374
23860,yolo_x_cpu,287
23861,yolo_x_cpu,379
23862,yolo_x_cpu,285
23863,yolo_x_cpu,271
23864,yolo_x_cpu,229
23865,yolo_x_cpu,277
23866,yolo_x_cpu,275
23867,yolo_x_cpu,351
23868,yolo_x_cpu,345
23869,yolo_x_cpu,298
23870,yolo_x_cpu,353
23871,yolo_x_cpu,392
23872,yolo_x_cpu,372
23873,yolo_x_cpu,372
23874,yolo_x_cpu,285
23875,yolo_x_cpu,305
23876,yolo_x_cpu,321
23877,yolo_x_cpu,327
23878,yolo_x_cpu,291
23879,yolo_x_cpu,233
23880,yolo_x_cpu,289
23881,yolo_x_cpu,268
23882,yolo_x_cpu,274
23883,yolo_x_cpu,222
23884,yolo_x_cpu,340
23885,yolo_x_cpu,294
23886,yolo_x_cpu,354
23887,yolo_x_cpu,344
23888,yolo_x_cpu,438
23889,yolo_x_cpu,347
23890,yolo_x_cpu,385
23891,yolo_x_cpu,319
23892,yolo_x_cpu,310
23893,yolo_x_cpu,317
23894,yolo_x_cpu,229
23895,yolo_x_cpu,246
23896,yolo_x_cpu,275
23897,yolo_x_cpu,182
23898,yolo_x_cpu,265
23899,yolo_x_cpu,378
23900,yolo_x_cpu,318
23901,yolo_x_cpu,301
23902,yolo_x_cpu,373
23903,yolo_x_cpu,333
23904,yolo_x_cpu,306
23905,yolo_x_cpu,291
23906,yolo_x_cpu,242
23907,yolo_x_cpu,275
23908,yolo_x_cpu,300
23909,yolo_x_cpu,244
23910,yolo_x_cpu,223
23911,yolo_x_cpu,249
23912,yolo_x_cpu,299
23913,yolo_x_cpu,298
23914,yolo_x_cpu,309
23915,yolo_x_cpu,318
23916,yolo_x_cpu,319
23917,yolo_x_cpu,270
23918,yolo_x_cpu,264
23919,yolo_x_cpu,248
23920,yolo_x_cpu,266
23921,yolo_x_cpu,213
23922,yolo_x_cpu,257
23923,yolo_x_cpu,193
23924,yolo_x_cpu,180
23925,yolo_x_cpu,268
23926,yolo_x_cpu,274
23927,yolo_x_cpu,247
23928,yolo_x_cpu,234
23929,yolo_x_cpu,192
23930,yolo_x_cpu,197
23931,yolo_x_cpu,222
23932,yolo_x_cpu,217
23933,yolo_x_cpu,132
23934,yolo_x_cpu,166
23935,yolo_x_cpu,178
23936,yolo_x_cpu,280
23937,yolo_x_cpu,182
23938,yolo_x_cpu,167
23939,yolo_x_cpu,211
23940,yolo_x_cpu,191
23941,yolo_x_cpu,172
23942,yolo_x_cpu,199
23943,yolo_x_cpu,143
23944,yolo_x_cpu,168
23945,yolo_x_cpu,215
23946,yolo_x_cpu,251
23947,yolo_x_cpu,190
23948,yolo_x_cpu,151
23949,yolo_x_cpu,227
23950,yolo_x_cpu,142
23951,yolo_x_cpu,153
23952,yolo_x_cpu,146
23953,yolo_x_cpu,149
23954,yolo_x_cpu,158
23955,yolo_x_cpu,140
23956,yolo_x_cpu,105
23957,yolo_x_cpu,148
23958,yolo_x_cpu,243
23959,yolo_x_cpu,288
23960,yolo_x_cpu,194
23961,yolo_x_cpu,233
23962,yolo_x_cpu,196
23963,yolo_x_cpu,163
23964,yolo_x_cpu,157
23965,yolo_x_cpu,153
23966,yolo_x_cpu,122
23967,yolo_x_cpu,145
23968,yolo_x_cpu,161
23969,yolo_x_cpu,120
23970,yolo_x_cpu,122
23971,yolo_x_cpu,116
23972,yolo_x_cpu,100
23973,yolo_x_cpu,137
23974,yolo_x_cpu,143
23975,yolo_x_cpu,131
23976,yolo_x_cpu,182
23977,yolo_x_cpu,141
23978,yolo_x_cpu,91
23979,yolo_x_cpu,114
23980,yolo_x_cpu,189
23981,yolo_x_cpu,124
23982,yolo_x_cpu,124
23983,yolo_x_cpu,103
23984,yolo_x_cpu,149
23985,yolo_x_cpu,195
23986,yolo_x_cpu,338
23987,yolo_x_cpu,220
23988,yolo_x_cpu,104
23989,yolo_x_cpu,105
23990,yolo_x_cpu,80
23991,yolo_x_cpu,73
23992,yolo_x_cpu,68
23993,yolo_x_cpu,79
23994,yolo_x_cpu,66
23995,yolo_x_cpu,135
23996,yolo_x_cpu,206
23997,yolo_x_cpu,123
23998,yolo_x_cpu,143
23999,yolo_x_cpu,142
24000,yolo_x_cpu,67
24001,yolo_x_cpu,50
24002,yolo_x_cpu,53
24003,yolo_x_cpu,163
24004,yolo_x_cpu,117
24005,yolo_x_cpu,102
24006,yolo_x_cpu,53
24007,yolo_x_cpu,77
24008,yolo_x_cpu,74
24009,yolo_x_cpu,46
24010,yolo_x_cpu,51
24011,yolo_x_cpu,58
24012,yolo_x_cpu,57
24013,yolo_x_cpu,103
24014,yolo_x_cpu,75
24015,yolo_x_cpu,88
24016,yolo_x_cpu,74
24017,yolo_x_cpu,88
24018,yolo_x_cpu,84
24019,yolo_x_cpu,98
24020,yolo_x_cpu,76
24021,yolo_x_cpu,58
24022,yolo_x_cpu,78
24023,yolo_x_cpu,55
24024,yolo_x_cpu,77
24025,yolo_x_cpu,113
24026,yolo_x_cpu,46
24027,yolo_x_cpu,66
24028,yolo_x_cpu,70
24029,yolo_x_cpu,60
24030,yolo_x_cpu,37
24031,yolo_x_cpu,64
24032,yolo_x_cpu,39
24033,yolo_x_cpu,46
24034,yolo_x_cpu,46
24035,yolo_x_cpu,82
24036,yolo_x_cpu,40
24037,yolo_x_cpu,57
24038,yolo_x_cpu,35
24039,yolo_x_cpu,40
24040,yolo_x_cpu,39
24041,yolo_x_cpu,30
24042,yolo_x_cpu,51
24043,yolo_x_cpu,51
24044,yolo_x_cpu,89
24045,yolo_x_cpu,62
24046,yolo_x_cpu,33
24047,yolo_x_cpu,31
24048,yolo_x_cpu,54
24049,yolo_x_cpu,63
24050,yolo_x_cpu,56
24051,yolo_x_cpu,41
24052,yolo_x_cpu,69
24053,yolo_x_cpu,65
24054,yolo_x_cpu,50
24055,yolo_x_cpu,29
24056,yolo_x_cpu,38
24057,yolo_x_cpu,60
24058,yolo_x_cpu,29
24059,yolo_x_cpu,59
24060,yolo_x_cpu,43
24061,yolo_x_cpu,53
24062,yolo_x_cpu,146
24063,yolo_x_cpu,28
24064,yolo_x_cpu,36
24065,yolo_x_cpu,34
24066,yolo_x_cpu,32
24067,yolo_x_cpu,30
24068,yolo_x_cpu,35
24069,yolo_x_cpu,19
24070,yolo_x_cpu,28
24071,yolo_x_cpu,26
24072,yolo_x_cpu,52
24073,yolo_x_cpu,8
24074,yolo_x_cpu,37
24075,yolo_x_cpu,24
24076,yolo_x_cpu,13
24077,yolo_x_cpu,25
24078,yolo_x_cpu,47
24079,yolo_x_cpu,32
24080,yolo_x_cpu,34
24081,yolo_x_cpu,20
24082,yolo_x_cpu,25
24083,yolo_x_cpu,38
24084,yolo_x_cpu,65
24085,yolo_x_cpu,50
24086,yolo_x_cpu,30
24087,yolo_x_cpu,38
24088,yolo_x_cpu,30
24089,yolo_x_cpu,42
24090,yolo_x_cpu,39
24091,yolo_x_cpu,25
24092,yolo_x_cpu,28
24093,yolo_x_cpu,78
24094,yolo_x_cpu,40
24095,yolo_x_cpu,28
24096,yolo_x_cpu,22
24097,yolo_x_cpu,36
24098,yolo_x_cpu,28
24099,yolo_x_cpu,50
24100,yolo_x_cpu,43
24101,yolo_x_cpu,27
24102,yolo_x_cpu,27
24103,yolo_x_cpu,49
24104,yolo_x_cpu,33
24105,yolo_x_cpu,68
24106,yolo_x_cpu,53
24107,yolo_x_cpu,46
24108,yolo_x_cpu,7
24109,yolo_x_cpu,13
24110,yolo_x_cpu,8
24111,yolo_x_cpu,23
24112,yolo_x_cpu,45
24113,yolo_x_cpu,30
24114,yolo_x_cpu,27
24115,yolo_x_cpu,31
24116,yolo_x_cpu,19
24117,yolo_x_cpu,14
24118,yolo_x_cpu,14
24119,yolo_x_cpu,29
24120,yolo_x_cpu,24
24121,yolo_x_cpu,16
24122,yolo_x_cpu,30
24123,yolo_x_cpu,41
24124,yolo_x_cpu,19
24125,yolo_x_cpu,33
24126,yolo_x_cpu,20
24127,yolo_x_cpu,19
24128,yolo_x_cpu,9
24129,yolo_x_cpu,8
24130,yolo_x_cpu,28
24131,yolo_x_cpu,7
24132,yolo_x_cpu,23
24133,yolo_x_cpu,37
24134,yolo_x_cpu,13
24135,yolo_x_cpu,20
24136,yolo_x_cpu,27
24137,yolo_x_cpu,17
24138,yolo_x_cpu,12
24139,yolo_x_cpu,9
24140,yolo_x_cpu,23
24141,yolo_x_cpu,22
24142,yolo_x_cpu,9
24143,yolo_x_cpu,14
24144,yolo_x_cpu,15
24145,yolo_x_cpu,26
24146,yolo_x_cpu,14
24147,yolo_x_cpu,26
24148,yolo_x_cpu,19
24149,yolo_x_cpu,9
24150,yolo_x_cpu,18
24151,yolo_x_cpu,5
24152,yolo_x_cpu,15
24153,yolo_x_cpu,14
24154,yolo_x_cpu,6
24155,yolo_x_cpu,3
24156,yolo_x_cpu,11
24157,yolo_x_cpu,6
24158,yolo_x_cpu,4
24159,yolo_x_cpu,11
24160,yolo_x_cpu,12
24161,yolo_x_cpu,4
24162,yolo_x_cpu,0
24163,yolo_x_cpu,3
24164,yolo_x_cpu,27
24165,yolo_x_cpu,0
24166,yolo_x_cpu,9
24167,yolo_x_cpu,20
24168,yolo_x_cpu,9
24169,yolo_x_cpu,9
24170,yolo_x_cpu,41
24171,yolo_x_cpu,9
24172,yolo_x_cpu,104
24173,yolo_x_cpu,19
24174,yolo_x_cpu,27
24175,yolo_x_cpu,24
24176,yolo_x_cpu,14
24177,yolo_x_cpu,23
24178,yolo_x_cpu,7
24179,yolo_x_cpu,6
24180,yolo_x_cpu,5
24181,yolo_x_cpu,7
24182,yolo_x_cpu,4
24183,yolo_x_cpu,7
24184,yolo_x_cpu,5
24185,yolo_x_cpu,12
24186,yolo_x_cpu,8
24187,yolo_x_cpu,12
24188,yolo_x_cpu,7
24189,yolo_x_cpu,3
24190,yolo_x_cpu,4
24191,yolo_x_cpu,3
24192,yolo_x_cpu,7
24193,yolo_x_cpu,9
24194,yolo_x_cpu,7
24195,yolo_x_cpu,11
24196,yolo_x_cpu,26
24197,yolo_x_cpu,29
24198,yolo_x_cpu,6
24199,yolo_x_cpu,2
24200,yolo_x_cpu,5
24201,yolo_x_cpu,7
24202,yolo_x_cpu,34
24203,yolo_x_cpu,14
24204,yolo_x_cpu,15
24205,yolo_x_cpu,13
24206,yolo_x_cpu,8
24207,yolo_x_cpu,8
24208,yolo_x_cpu,16
24209,yolo_x_cpu,11
24210,yolo_x_cpu,10
24211,yolo_x_cpu,13
24212,yolo_x_cpu,13
24213,yolo_x_cpu,10
24214,yolo_x_cpu,13
24215,yolo_x_cpu,9
24216,yolo_x_cpu,9
24217,yolo_x_cpu,7
24218,yolo_x_cpu,3
24219,yolo_x_cpu,9
24220,yolo_x_cpu,3
24221,yolo_x_cpu,9
24222,yolo_x_cpu,6
24223,yolo_x_cpu,3
24224,yolo_x_cpu,11
24225,yolo_x_cpu,5
24226,yolo_x_cpu,10
24227,yolo_x_cpu,8
24228,yolo_x_cpu,8
24229,yolo_x_cpu,2
24230,yolo_x_cpu,2
24231,yolo_x_cpu,11
24232,yolo_x_cpu,3
24233,yolo_x_cpu,4
24234,yolo_x_cpu,9
24235,yolo_x_cpu,2
24236,yolo_x_cpu,11
24237,yolo_x_cpu,8
24238,yolo_x_cpu,1
24239,yolo_x_cpu,8
24240,yolo_x_cpu,14
24241,yolo_x_cpu,10
24242,yolo_x_cpu,7
24243,yolo_x_cpu,15
24244,yolo_x_cpu,5
24245,yolo_x_cpu,10
24246,yolo_x_cpu,11
24247,yolo_x_cpu,5
24248,yolo_x_cpu,15
24249,yolo_x_cpu,14
24250,yolo_x_cpu,7
24251,yolo_x_cpu,12
24252,yolo_x_cpu,17
24253,yolo_x_cpu,18
24254,yolo_x_cpu,12
24255,yolo_x_cpu,8
24256,yolo_x_cpu,3
24257,yolo_x_cpu,20
24258,yolo_x_cpu,23
24259,yolo_x_cpu,15
24260,yolo_x_cpu,9
24261,yolo_x_cpu,13
24262,yolo_x_cpu,11
24263,yolo_x_cpu,12
24264,yolo_x_cpu,17
24265,yolo_x_cpu,17
24266,yolo_x_cpu,3
24267,yolo_x_cpu,15
24268,yolo_x_cpu,7
24269,yolo_x_cpu,20
24270,yolo_x_cpu,10
24271,yolo_x_cpu,34
24272,yolo_x_cpu,25
24273,yolo_x_cpu,33
24274,yolo_x_cpu,31
24275,yolo_x_cpu,39
24276,yolo_x_cpu,37
24277,yolo_x_cpu,43
24278,yolo_x_cpu,36
24279,yolo_x_cpu,20
24280,yolo_x_cpu,29
24281,yolo_x_cpu,18
24282,yolo_x_cpu,23
24283,yolo_x_cpu,18
24284,yolo_x_cpu,9
24285,yolo_x_cpu,27
24286,yolo_x_cpu,21
24287,yolo_x_cpu,25
24288,yolo_x_cpu,15
24289,yolo_x_cpu,29
24290,yolo_x_cpu,14
24291,yolo_x_cpu,17
24292,yolo_x_cpu,38
24293,yolo_x_cpu,6
24294,yolo_x_cpu,22
24295,yolo_x_cpu,14
24296,yolo_x_cpu,23
24297,yolo_x_cpu,5
24298,yolo_x_cpu,33
24299,yolo_x_cpu,24
24300,yolo_x_cpu,4
24301,yolo_x_cpu,35
24302,yolo_x_cpu,39
24303,yolo_x_cpu,65
24304,yolo_x_cpu,27
24305,yolo_x_cpu,19
24306,yolo_x_cpu,11
24307,yolo_x_cpu,34
24308,yolo_x_cpu,38
24309,yolo_x_cpu,9
24310,yolo_x_cpu,9
24311,yolo_x_cpu,31
24312,yolo_x_cpu,16
24313,yolo_x_cpu,37
24314,yolo_x_cpu,36
24315,yolo_x_cpu,13
24316,yolo_x_cpu,37
24317,yolo_x_cpu,27
24318,yolo_x_cpu,55
24319,yolo_x_cpu,47
24320,yolo_x_cpu,54
24321,yolo_x_cpu,14
24322,yolo_x_cpu,8
24323,yolo_x_cpu,7
24324,yolo_x_cpu,6
24325,yolo_x_cpu,11
24326,yolo_x_cpu,31
24327,yolo_x_cpu,25
24328,yolo_x_cpu,13
24329,yolo_x_cpu,5
24330,yolo_x_cpu,51
24331,yolo_x_cpu,41
24332,yolo_x_cpu,55
24333,yolo_x_cpu,59
24334,yolo_x_cpu,38
24335,yolo_x_cpu,15
24336,yolo_x_cpu,14
24337,yolo_x_cpu,29
24338,yolo_x_cpu,52
24339,yolo_x_cpu,36
24340,yolo_x_cpu,44
24341,yolo_x_cpu,38
24342,yolo_x_cpu,63
24343,yolo_x_cpu,40
24344,yolo_x_cpu,15
24345,yolo_x_cpu,25
24346,yolo_x_cpu,41
24347,yolo_x_cpu,43
24348,yolo_x_cpu,55
24349,yolo_x_cpu,43
24350,yolo_x_cpu,36
24351,yolo_x_cpu,38
24352,yolo_x_cpu,41
24353,yolo_x_cpu,32
24354,yolo_x_cpu,21
24355,yolo_x_cpu,21
24356,yolo_x_cpu,12
24357,yolo_x_cpu,11
24358,yolo_x_cpu,12
24359,yolo_x_cpu,9
24360,yolo_x_cpu,13
24361,yolo_x_cpu,20
24362,yolo_x_cpu,42
24363,yolo_x_cpu,29
24364,yolo_x_cpu,39
24365,yolo_x_cpu,32
24366,yolo_x_cpu,29
24367,yolo_x_cpu,24
24368,yolo_x_cpu,15
24369,yolo_x_cpu,12
24370,yolo_x_cpu,24
24371,yolo_x_cpu,54
24372,yolo_x_cpu,35
24373,yolo_x_cpu,24
24374,yolo_x_cpu,15
24375,yolo_x_cpu,26
24376,yolo_x_cpu,28
24377,yolo_x_cpu,53
24378,yolo_x_cpu,27
24379,yolo_x_cpu,54
24380,yolo_x_cpu,44
24381,yolo_x_cpu,32
24382,yolo_x_cpu,50
24383,yolo_x_cpu,37
24384,yolo_x_cpu,40
24385,yolo_x_cpu,55
24386,yolo_x_cpu,44
24387,yolo_x_cpu,38
24388,yolo_x_cpu,61
24389,yolo_x_cpu,65
24390,yolo_x_cpu,37
24391,yolo_x_cpu,66
24392,yolo_x_cpu,78
24393,yolo_x_cpu,109
24394,yolo_x_cpu,57
24395,yolo_x_cpu,86
24396,yolo_x_cpu,71
24397,yolo_x_cpu,51
24398,yolo_x_cpu,63
24399,yolo_x_cpu,69
24400,yolo_x_cpu,55
24401,yolo_x_cpu,44
24402,yolo_x_cpu,39
24403,yolo_x_cpu,34
24404,yolo_x_cpu,40
24405,yolo_x_cpu,135
24406,yolo_x_cpu,165
24407,yolo_x_cpu,37
24408,yolo_x_cpu,47
24409,yolo_x_cpu,30
24410,yolo_x_cpu,32
24411,yolo_x_cpu,46
24412,yolo_x_cpu,63
24413,yolo_x_cpu,69
24414,yolo_x_cpu,86
24415,yolo_x_cpu,35
24416,yolo_x_cpu,50
24417,yolo_x_cpu,54
24418,yolo_x_cpu,32
24419,yolo_x_cpu,39
24420,yolo_x_cpu,82
24421,yolo_x_cpu,90
24422,yolo_x_cpu,72
24423,yolo_x_cpu,90
24424,yolo_x_cpu,47
24425,yolo_x_cpu,121
24426,yolo_x_cpu,85
24427,yolo_x_cpu,103
24428,yolo_x_cpu,71
24429,yolo_x_cpu,116
24430,yolo_x_cpu,67
24431,yolo_x_cpu,93
24432,yolo_x_cpu,88
24433,yolo_x_cpu,117
24434,yolo_x_cpu,59
24435,yolo_x_cpu,52
24436,yolo_x_cpu,75
24437,yolo_x_cpu,90
24438,yolo_x_cpu,106
24439,yolo_x_cpu,85
24440,yolo_x_cpu,93
24441,yolo_x_cpu,112
24442,yolo_x_cpu,87
24443,yolo_x_cpu,80
24444,yolo_x_cpu,165
24445,yolo_x_cpu,68
24446,yolo_x_cpu,95
24447,yolo_x_cpu,118
24448,yolo_x_cpu,118
24449,yolo_x_cpu,132
24450,yolo_x_cpu,154
24451,yolo_x_cpu,96
24452,yolo_x_cpu,141
24453,yolo_x_cpu,110
24454,yolo_x_cpu,108
24455,yolo_x_cpu,101
24456,yolo_x_cpu,88
24457,yolo_x_cpu,113
24458,yolo_x_cpu,146
24459,yolo_x_cpu,91
24460,yolo_x_cpu,102
24461,yolo_x_cpu,131
24462,yolo_x_cpu,104
24463,yolo_x_cpu,118
24464,yolo_x_cpu,153
24465,yolo_x_cpu,81
24466,yolo_x_cpu,105
24467,yolo_x_cpu,83
24468,yolo_x_cpu,122
24469,yolo_x_cpu,173
24470,yolo_x_cpu,124
24471,yolo_x_cpu,151
24472,yolo_x_cpu,208
24473,yolo_x_cpu,239
24474,yolo_x_cpu,224
24475,yolo_x_cpu,199
24476,yolo_x_cpu,191
24477,yolo_x_cpu,169
24478,yolo_x_cpu,145
24479,yolo_x_cpu,173
24480,yolo_x_cpu,154
24481,yolo_x_cpu,139
24482,yolo_x_cpu,123
24483,yolo_x_cpu,171
24484,yolo_x_cpu,222
24485,yolo_x_cpu,157
24486,yolo_x_cpu,147
24487,yolo_x_cpu,169
24488,yolo_x_cpu,220
24489,yolo_x_cpu,214
24490,yolo_x_cpu,158
24491,yolo_x_cpu,129
24492,yolo_x_cpu,222
24493,yolo_x_cpu,190
24494,yolo_x_cpu,168
24495,yolo_x_cpu,160
24496,yolo_x_cpu,147
24497,yolo_x_cpu,162
24498,yolo_x_cpu,187
24499,yolo_x_cpu,208
24500,yolo_x_cpu,159
24501,yolo_x_cpu,241
24502,yolo_x_cpu,154
24503,yolo_x_cpu,98
24504,yolo_x_cpu,115
24505,yolo_x_cpu,153
24506,yolo_x_cpu,179
24507,yolo_x_cpu,154
24508,yolo_x_cpu,116
24509,yolo_x_cpu,115
24510,yolo_x_cpu,130
24511,yolo_x_cpu,171
24512,yolo_x_cpu,186
24513,yolo_x_cpu,163
24514,yolo_x_cpu,211
24515,yolo_x_cpu,162
24516,yolo_x_cpu,151
24517,yolo_x_cpu,184
24518,yolo_x_cpu,153
24519,yolo_x_cpu,139
24520,yolo_x_cpu,151
24521,yolo_x_cpu,168
24522,yolo_x_cpu,157
24523,yolo_x_cpu,126
24524,yolo_x_cpu,94
24525,yolo_x_cpu,81
24526,yolo_x_cpu,125
24527,yolo_x_cpu,100
24528,yolo_x_cpu,109
24529,yolo_x_cpu,124
24530,yolo_x_cpu,164
24531,yolo_x_cpu,143
24532,yolo_x_cpu,154
24533,yolo_x_cpu,91
24534,yolo_x_cpu,120
24535,yolo_x_cpu,297
24536,yolo_x_cpu,193
24537,yolo_x_cpu,149
24538,yolo_x_cpu,174
24539,yolo_x_cpu,146
24540,yolo_x_cpu,135
24541,yolo_x_cpu,168
24542,yolo_x_cpu,126
24543,yolo_x_cpu,128
24544,yolo_x_cpu,193
24545,yolo_x_cpu,135
24546,yolo_x_cpu,130
24547,yolo_x_cpu,132
24548,yolo_x_cpu,139
24549,yolo_x_cpu,156
24550,yolo_x_cpu,181
24551,yolo_x_cpu,126
24552,yolo_x_cpu,146
24553,yolo_x_cpu,178
24554,yolo_x_cpu,163
24555,yolo_x_cpu,204
24556,yolo_x_cpu,180
24557,yolo_x_cpu,149
24558,yolo_x_cpu,169
24559,yolo_x_cpu,140
24560,yolo_x_cpu,237
24561,yolo_x_cpu,164
24562,yolo_x_cpu,295
24563,yolo_x_cpu,219
24564,yolo_x_cpu,175
24565,yolo_x_cpu,156
24566,yolo_x_cpu,134
24567,yolo_x_cpu,183
24568,yolo_x_cpu,286
24569,yolo_x_cpu,304
24570,yolo_x_cpu,275
24571,yolo_x_cpu,187
24572,yolo_x_cpu,182
24573,yolo_x_cpu,258
24574,yolo_x_cpu,166
24575,yolo_x_cpu,170
24576,yolo_x_cpu,211
24577,yolo_x_cpu,179
24578,yolo_x_cpu,218
24579,yolo_x_cpu,252
24580,yolo_x_cpu,175
24581,yolo_x_cpu,144
24582,yolo_x_cpu,173
24583,yolo_x_cpu,153
24584,yolo_x_cpu,167
24585,yolo_x_cpu,180
24586,yolo_x_cpu,185
24587,yolo_x_cpu,172
24588,yolo_x_cpu,240
24589,yolo_x_cpu,197
24590,yolo_x_cpu,177
24591,yolo_x_cpu,227
24592,yolo_x_cpu,191
24593,yolo_x_cpu,234
24594,yolo_x_cpu,225
24595,yolo_x_cpu,298
24596,yolo_x_cpu,237
24597,yolo_x_cpu,163
24598,yolo_x_cpu,161
24599,yolo_x_cpu,213
24600,yolo_x_cpu,204
24601,yolo_x_cpu,223
24602,yolo_x_cpu,212
24603,yolo_x_cpu,277
24604,yolo_x_cpu,379
24605,yolo_x_cpu,240
24606,yolo_x_cpu,269
24607,yolo_x_cpu,168
24608,yolo_x_cpu,191
24609,yolo_x_cpu,249
24610,yolo_x_cpu,190
24611,yolo_x_cpu,200
24612,yolo_x_cpu,200
24613,yolo_x_cpu,204
24614,yolo_x_cpu,199
24615,yolo_x_cpu,174
24616,yolo_x_cpu,198
24617,yolo_x_cpu,201
24618,yolo_x_cpu,199
24619,yolo_x_cpu,230
24620,yolo_x_cpu,228
24621,yolo_x_cpu,185
24622,yolo_x_cpu,228
24623,yolo_x_cpu,212
24624,yolo_x_cpu,199
24625,yolo_x_cpu,207
24626,yolo_x_cpu,185
24627,yolo_x_cpu,181
24628,yolo_x_cpu,176
24629,yolo_x_cpu,201
24630,yolo_x_cpu,162
24631,yolo_x_cpu,194
24632,yolo_x_cpu,164
24633,yolo_x_cpu,205
24634,yolo_x_cpu,226
24635,yolo_x_cpu,274
24636,yolo_x_cpu,212
24637,yolo_x_cpu,183
24638,yolo_x_cpu,159
24639,yolo_x_cpu,160
24640,yolo_x_cpu,202
24641,yolo_x_cpu,177
24642,yolo_x_cpu,247
24643,yolo_x_cpu,264
24644,yolo_x_cpu,253
24645,yolo_x_cpu,388
24646,yolo_x_cpu,314
24647,yolo_x_cpu,226
24648,yolo_x_cpu,183
24649,yolo_x_cpu,181
24650,yolo_x_cpu,185
24651,yolo_x_cpu,148
24652,yolo_x_cpu,169
24653,yolo_x_cpu,151
24654,yolo_x_cpu,161
24655,yolo_x_cpu,157
24656,yolo_x_cpu,169
24657,yolo_x_cpu,271
24658,yolo_x_cpu,231
24659,yolo_x_cpu,263
24660,yolo_x_cpu,271
24661,yolo_x_cpu,257
24662,yolo_x_cpu,396
24663,yolo_x_cpu,198
24664,yolo_x_cpu,185
24665,yolo_x_cpu,211
24666,yolo_x_cpu,289
24667,yolo_x_cpu,185
24668,yolo_x_cpu,194
24669,yolo_x_cpu,167
24670,yolo_x_cpu,160
24671,yolo_x_cpu,177
24672,yolo_x_cpu,164
24673,yolo_x_cpu,222
24674,yolo_x_cpu,137
24675,yolo_x_cpu,137
24676,yolo_x_cpu,116
24677,yolo_x_cpu,165
24678,yolo_x_cpu,158
24679,yolo_x_cpu,254
24680,yolo_x_cpu,275
24681,yolo_x_cpu,214
24682,yolo_x_cpu,166
24683,yolo_x_cpu,221
24684,yolo_x_cpu,155
24685,yolo_x_cpu,282
24686,yolo_x_cpu,194
24687,yolo_x_cpu,203
24688,yolo_x_cpu,186
24689,yolo_x_cpu,218
24690,yolo_x_cpu,252
24691,yolo_x_cpu,185
24692,yolo_x_cpu,208
24693,yolo_x_cpu,174
24694,yolo_x_cpu,174
24695,yolo_x_cpu,232
24696,yolo_x_cpu,153
24697,yolo_x_cpu,220
24698,yolo_x_cpu,177
24699,yolo_x_cpu,230
24700,yolo_x_cpu,143
24701,yolo_x_cpu,171
24702,yolo_x_cpu,158
24703,yolo_x_cpu,207
24704,yolo_x_cpu,171
24705,yolo_x_cpu,203
24706,yolo_x_cpu,188
24707,yolo_x_cpu,151
24708,yolo_x_cpu,153
24709,yolo_x_cpu,234
24710,yolo_x_cpu,157
24711,yolo_x_cpu,194
24712,yolo_x_cpu,229
24713,yolo_x_cpu,168
24714,yolo_x_cpu,154
24715,yolo_x_cpu,214
24716,yolo_x_cpu,162
24717,yolo_x_cpu,246
24718,yolo_x_cpu,144
24719,yolo_x_cpu,196
24720,yolo_x_cpu,197
24721,yolo_x_cpu,221
24722,yolo_x_cpu,155
24723,yolo_x_cpu,213
24724,yolo_x_cpu,215
24725,yolo_x_cpu,160
24726,yolo_x_cpu,128
24727,yolo_x_cpu,107
24728,yolo_x_cpu,99
24729,yolo_x_cpu,149
24730,yolo_x_cpu,130
24731,yolo_x_cpu,172
24732,yolo_x_cpu,124
24733,yolo_x_cpu,134
24734,yolo_x_cpu,133
24735,yolo_x_cpu,159
24736,yolo_x_cpu,153
24737,yolo_x_cpu,191
24738,yolo_x_cpu,131
24739,yolo_x_cpu,170
24740,yolo_x_cpu,242
24741,yolo_x_cpu,157
24742,yolo_x_cpu,186
24743,yolo_x_cpu,187
24744,yolo_x_cpu,156
24745,yolo_x_cpu,140
24746,yolo_x_cpu,202
24747,yolo_x_cpu,241
24748,yolo_x_cpu,154
24749,yolo_x_cpu,258
24750,yolo_x_cpu,250
24751,yolo_x_cpu,374
24752,yolo_x_cpu,269
24753,yolo_x_cpu,254
24754,yolo_x_cpu,212
24755,yolo_x_cpu,245
24756,yolo_x_cpu,258
24757,yolo_x_cpu,318
24758,yolo_x_cpu,278
24759,yolo_x_cpu,223
24760,yolo_x_cpu,235
24761,yolo_x_cpu,254
24762,yolo_x_cpu,187
24763,yolo_x_cpu,276
24764,yolo_x_cpu,228
24765,yolo_x_cpu,261
24766,yolo_x_cpu,202
24767,yolo_x_cpu,143
24768,yolo_x_cpu,309
24769,yolo_x_cpu,337
24770,yolo_x_cpu,278
24771,yolo_x_cpu,180
24772,yolo_x_cpu,225
24773,yolo_x_cpu,207
24774,yolo_x_cpu,163
24775,yolo_x_cpu,145
24776,yolo_x_cpu,148
24777,yolo_x_cpu,212
24778,yolo_x_cpu,155
24779,yolo_x_cpu,188
24780,yolo_x_cpu,223
24781,yolo_x_cpu,187
24782,yolo_x_cpu,183
24783,yolo_x_cpu,173
24784,yolo_x_cpu,151
24785,yolo_x_cpu,163
24786,yolo_x_cpu,119
24787,yolo_x_cpu,138
24788,yolo_x_cpu,168
24789,yolo_x_cpu,138
24790,yolo_x_cpu,229
24791,yolo_x_cpu,211
24792,yolo_x_cpu,164
24793,yolo_x_cpu,180
24794,yolo_x_cpu,188
24795,yolo_x_cpu,201
24796,yolo_x_cpu,145
24797,yolo_x_cpu,185
24798,yolo_x_cpu,254
24799,yolo_x_cpu,235
24800,yolo_x_cpu,202
24801,yolo_x_cpu,159
24802,yolo_x_cpu,204
24803,yolo_x_cpu,223
24804,yolo_x_cpu,151
24805,yolo_x_cpu,187
24806,yolo_x_cpu,241
24807,yolo_x_cpu,275
24808,yolo_x_cpu,220
24809,yolo_x_cpu,195
24810,yolo_x_cpu,219
24811,yolo_x_cpu,122
24812,yolo_x_cpu,205
24813,yolo_x_cpu,129
24814,yolo_x_cpu,170
24815,yolo_x_cpu,189
24816,yolo_x_cpu,153
24817,yolo_x_cpu,164
24818,yolo_x_cpu,168
24819,yolo_x_cpu,168
24820,yolo_x_cpu,217
24821,yolo_x_cpu,130
24822,yolo_x_cpu,154
24823,yolo_x_cpu,207
24824,yolo_x_cpu,144
24825,yolo_x_cpu,270
24826,yolo_x_cpu,236
24827,yolo_x_cpu,183
24828,yolo_x_cpu,134
24829,yolo_x_cpu,167
24830,yolo_x_cpu,184
24831,yolo_x_cpu,150
24832,yolo_x_cpu,114
24833,yolo_x_cpu,165
24834,yolo_x_cpu,173
24835,yolo_x_cpu,177
24836,yolo_x_cpu,202
24837,yolo_x_cpu,156
24838,yolo_x_cpu,142
24839,yolo_x_cpu,182
24840,yolo_x_cpu,176
24841,yolo_x_cpu,166
24842,yolo_x_cpu,194
24843,yolo_x_cpu,211
24844,yolo_x_cpu,200
24845,yolo_x_cpu,161
24846,yolo_x_cpu,190
24847,yolo_x_cpu,182
24848,yolo_x_cpu,163
24849,yolo_x_cpu,122
24850,yolo_x_cpu,111
24851,yolo_x_cpu,175
24852,yolo_x_cpu,152
24853,yolo_x_cpu,154
24854,yolo_x_cpu,163
24855,yolo_x_cpu,155
24856,yolo_x_cpu,159
24857,yolo_x_cpu,184
24858,yolo_x_cpu,210
24859,yolo_x_cpu,141
24860,yolo_x_cpu,183
24861,yolo_x_cpu,178
24862,yolo_x_cpu,174
24863,yolo_x_cpu,136
24864,yolo_x_cpu,319
24865,yolo_x_cpu,129
24866,yolo_x_cpu,202
24867,yolo_x_cpu,123
24868,yolo_x_cpu,241
24869,yolo_x_cpu,177
24870,yolo_x_cpu,177
24871,yolo_x_cpu,129
24872,yolo_x_cpu,172
24873,yolo_x_cpu,116
24874,yolo_x_cpu,158
24875,yolo_x_cpu,118
24876,yolo_x_cpu,147
24877,yolo_x_cpu,188
24878,yolo_x_cpu,108
24879,yolo_x_cpu,160
24880,yolo_x_cpu,215
24881,yolo_x_cpu,189
24882,yolo_x_cpu,223
24883,yolo_x_cpu,245
24884,yolo_x_cpu,150
24885,yolo_x_cpu,176
24886,yolo_x_cpu,173
24887,yolo_x_cpu,229
24888,yolo_x_cpu,162
24889,yolo_x_cpu,154
24890,yolo_x_cpu,181
24891,yolo_x_cpu,166
24892,yolo_x_cpu,213
24893,yolo_x_cpu,201
24894,yolo_x_cpu,129
24895,yolo_x_cpu,124
24896,yolo_x_cpu,157
24897,yolo_x_cpu,178
24898,yolo_x_cpu,215
24899,yolo_x_cpu,174
24900,yolo_x_cpu,178
24901,yolo_x_cpu,218
24902,yolo_x_cpu,246
24903,yolo_x_cpu,303
24904,yolo_x_cpu,99
24905,yolo_x_cpu,150
24906,yolo_x_cpu,129
24907,yolo_x_cpu,147
24908,yolo_x_cpu,207
24909,yolo_x_cpu,148
24910,yolo_x_cpu,130
24911,yolo_x_cpu,133
24912,yolo_x_cpu,179
24913,yolo_x_cpu,125
24914,yolo_x_cpu,163
24915,yolo_x_cpu,181
24916,yolo_x_cpu,192
24917,yolo_x_cpu,174
24918,yolo_x_cpu,161
24919,yolo_x_cpu,160
24920,yolo_x_cpu,156
24921,yolo_x_cpu,174
24922,yolo_x_cpu,161
24923,yolo_x_cpu,204
24924,yolo_x_cpu,245
24925,yolo_x_cpu,258
24926,yolo_x_cpu,165
24927,yolo_x_cpu,185
24928,yolo_x_cpu,166
24929,yolo_x_cpu,215
24930,yolo_x_cpu,140
24931,yolo_x_cpu,221
24932,yolo_x_cpu,187
24933,yolo_x_cpu,148
24934,yolo_x_cpu,138
24935,yolo_x_cpu,159
24936,yolo_x_cpu,171
24937,yolo_x_cpu,156
24938,yolo_x_cpu,166
24939,yolo_x_cpu,183
24940,yolo_x_cpu,205
24941,yolo_x_cpu,186
24942,yolo_x_cpu,161
24943,yolo_x_cpu,156
24944,yolo_x_cpu,152
24945,yolo_x_cpu,135
24946,yolo_x_cpu,109
24947,yolo_x_cpu,123
24948,yolo_x_cpu,136
24949,yolo_x_cpu,135
24950,yolo_x_cpu,183
24951,yolo_x_cpu,154
24952,yolo_x_cpu,120
24953,yolo_x_cpu,151
24954,yolo_x_cpu,103
24955,yolo_x_cpu,136
24956,yolo_x_cpu,216
24957,yolo_x_cpu,128
24958,yolo_x_cpu,101
24959,yolo_x_cpu,132
24960,yolo_x_cpu,150
24961,yolo_x_cpu,161
24962,yolo_x_cpu,186
24963,yolo_x_cpu,156
24964,yolo_x_cpu,160
24965,yolo_x_cpu,115
24966,yolo_x_cpu,140
24967,yolo_x_cpu,117
24968,yolo_x_cpu,131
24969,yolo_x_cpu,132
24970,yolo_x_cpu,174
24971,yolo_x_cpu,119
24972,yolo_x_cpu,82
24973,yolo_x_cpu,122
24974,yolo_x_cpu,151
24975,yolo_x_cpu,142
24976,yolo_x_cpu,124
24977,yolo_x_cpu,118
24978,yolo_x_cpu,116
24979,yolo_x_cpu,152
24980,yolo_x_cpu,151
24981,yolo_x_cpu,158
24982,yolo_x_cpu,161
24983,yolo_x_cpu,149
24984,yolo_x_cpu,174
24985,yolo_x_cpu,118
24986,yolo_x_cpu,121
24987,yolo_x_cpu,127
24988,yolo_x_cpu,171
24989,yolo_x_cpu,192
24990,yolo_x_cpu,120
24991,yolo_x_cpu,72
24992,yolo_x_cpu,179
24993,yolo_x_cpu,137
24994,yolo_x_cpu,131
24995,yolo_x_cpu,128
24996,yolo_x_cpu,143
24997,yolo_x_cpu,156
24998,yolo_x_cpu,157
24999,yolo_x_cpu,202
25000,yolo_x_cpu,220
25001,yolo_x_cpu,211
25002,yolo_x_cpu,255
25003,yolo_x_cpu,280
25004,yolo_x_cpu,165
25005,yolo_x_cpu,155
25006,yolo_x_cpu,118
25007,yolo_x_cpu,196
25008,yolo_x_cpu,178
25009,yolo_x_cpu,103
25010,yolo_x_cpu,151
25011,yolo_x_cpu,149
25012,yolo_x_cpu,150
25013,yolo_x_cpu,151
25014,yolo_x_cpu,214
25015,yolo_x_cpu,206
25016,yolo_x_cpu,229
25017,yolo_x_cpu,222
25018,yolo_x_cpu,136
25019,yolo_x_cpu,166
25020,yolo_x_cpu,196
25021,yolo_x_cpu,197
25022,yolo_x_cpu,147
25023,yolo_x_cpu,162
25024,yolo_x_cpu,191
25025,yolo_x_cpu,217
25026,yolo_x_cpu,263
25027,yolo_x_cpu,254
25028,yolo_x_cpu,232
25029,yolo_x_cpu,184
25030,yolo_x_cpu,160
25031,yolo_x_cpu,143
25032,yolo_x_cpu,140
25033,yolo_x_cpu,137
25034,yolo_x_cpu,173
25035,yolo_x_cpu,172
25036,yolo_x_cpu,110
25037,yolo_x_cpu,170
25038,yolo_x_cpu,191
25039,yolo_x_cpu,213
25040,yolo_x_cpu,190
25041,yolo_x_cpu,160
25042,yolo_x_cpu,161
25043,yolo_x_cpu,188
25044,yolo_x_cpu,187
25045,yolo_x_cpu,147
25046,yolo_x_cpu,124
25047,yolo_x_cpu,143
25048,yolo_x_cpu,138
25049,yolo_x_cpu,126
25050,yolo_x_cpu,159
25051,yolo_x_cpu,201
25052,yolo_x_cpu,118
25053,yolo_x_cpu,153
25054,yolo_x_cpu,136
25055,yolo_x_cpu,190
25056,yolo_x_cpu,185
25057,yolo_x_cpu,155
25058,yolo_x_cpu,159
25059,yolo_x_cpu,154
25060,yolo_x_cpu,148
25061,yolo_x_cpu,143
25062,yolo_x_cpu,218
25063,yolo_x_cpu,219
25064,yolo_x_cpu,136
25065,yolo_x_cpu,226
25066,yolo_x_cpu,144
25067,yolo_x_cpu,201
25068,yolo_x_cpu,186
25069,yolo_x_cpu,179
25070,yolo_x_cpu,154
25071,yolo_x_cpu,130
25072,yolo_x_cpu,130
25073,yolo_x_cpu,131
25074,yolo_x_cpu,184
25075,yolo_x_cpu,120
25076,yolo_x_cpu,206
25077,yolo_x_cpu,237
25078,yolo_x_cpu,151
25079,yolo_x_cpu,190
25080,yolo_x_cpu,162
25081,yolo_x_cpu,317
25082,yolo_x_cpu,211
25083,yolo_x_cpu,275
25084,yolo_x_cpu,193
25085,yolo_x_cpu,179
25086,yolo_x_cpu,185
25087,yolo_x_cpu,212
25088,yolo_x_cpu,145
25089,yolo_x_cpu,167
25090,yolo_x_cpu,176
25091,yolo_x_cpu,207
25092,yolo_x_cpu,188
25093,yolo_x_cpu,207
25094,yolo_x_cpu,165
25095,yolo_x_cpu,151
25096,yolo_x_cpu,194
25097,yolo_x_cpu,127
25098,yolo_x_cpu,151
25099,yolo_x_cpu,234
25100,yolo_x_cpu,221
25101,yolo_x_cpu,159
25102,yolo_x_cpu,178
25103,yolo_x_cpu,232
25104,yolo_x_cpu,139
25105,yolo_x_cpu,189
25106,yolo_x_cpu,143
25107,yolo_x_cpu,161
25108,yolo_x_cpu,141
25109,yolo_x_cpu,153
25110,yolo_x_cpu,150
25111,yolo_x_cpu,146
25112,yolo_x_cpu,289
25113,yolo_x_cpu,251
25114,yolo_x_cpu,318
25115,yolo_x_cpu,260
25116,yolo_x_cpu,245
25117,yolo_x_cpu,180
25118,yolo_x_cpu,189
25119,yolo_x_cpu,223
25120,yolo_x_cpu,231
25121,yolo_x_cpu,165
25122,yolo_x_cpu,159
25123,yolo_x_cpu,189
25124,yolo_x_cpu,173
25125,yolo_x_cpu,206
25126,yolo_x_cpu,211
25127,yolo_x_cpu,233
25128,yolo_x_cpu,248
25129,yolo_x_cpu,311
25130,yolo_x_cpu,281
25131,yolo_x_cpu,232
25132,yolo_x_cpu,218
25133,yolo_x_cpu,280
25134,yolo_x_cpu,243
25135,yolo_x_cpu,334
25136,yolo_x_cpu,200
25137,yolo_x_cpu,208
25138,yolo_x_cpu,218
25139,yolo_x_cpu,315
25140,yolo_x_cpu,227
25141,yolo_x_cpu,238
25142,yolo_x_cpu,283
25143,yolo_x_cpu,239
25144,yolo_x_cpu,201
25145,yolo_x_cpu,195
25146,yolo_x_cpu,168
25147,yolo_x_cpu,209
25148,yolo_x_cpu,283
25149,yolo_x_cpu,214
25150,yolo_x_cpu,213
25151,yolo_x_cpu,216
25152,yolo_x_cpu,239
25153,yolo_x_cpu,223
25154,yolo_x_cpu,233
25155,yolo_x_cpu,294
25156,yolo_x_cpu,294
25157,yolo_x_cpu,328
25158,yolo_x_cpu,275
25159,yolo_x_cpu,320
25160,yolo_x_cpu,289
25161,yolo_x_cpu,260
25162,yolo_x_cpu,203
25163,yolo_x_cpu,247
25164,yolo_x_cpu,179
25165,yolo_x_cpu,251
25166,yolo_x_cpu,250
25167,yolo_x_cpu,190
25168,yolo_x_cpu,185
25169,yolo_x_cpu,281
25170,yolo_x_cpu,232
25171,yolo_x_cpu,279
25172,yolo_x_cpu,337
25173,yolo_x_cpu,319
25174,yolo_x_cpu,295
25175,yolo_x_cpu,272
25176,yolo_x_cpu,356
25177,yolo_x_cpu,381
25178,yolo_x_cpu,297
25179,yolo_x_cpu,183
25180,yolo_x_cpu,217
25181,yolo_x_cpu,206
25182,yolo_x_cpu,308
25183,yolo_x_cpu,296
25184,yolo_x_cpu,227
25185,yolo_x_cpu,233
25186,yolo_x_cpu,248
25187,yolo_x_cpu,257
25188,yolo_x_cpu,236
25189,yolo_x_cpu,257
25190,yolo_x_cpu,295
25191,yolo_x_cpu,235
25192,yolo_x_cpu,252
25193,yolo_x_cpu,233
25194,yolo_x_cpu,217
25195,yolo_x_cpu,259
25196,yolo_x_cpu,179
25197,yolo_x_cpu,198
25198,yolo_x_cpu,193
25199,yolo_x_cpu,242
25200,yolo_x_cpu,232
25201,yolo_x_cpu,244
25202,yolo_x_cpu,248
25203,yolo_x_cpu,316
25204,yolo_x_cpu,287
25205,yolo_x_cpu,263
25206,yolo_x_cpu,230
25207,yolo_x_cpu,364
25208,yolo_x_cpu,231
25209,yolo_x_cpu,255
25210,yolo_x_cpu,271
25211,yolo_x_cpu,215
25212,yolo_x_cpu,188
25213,yolo_x_cpu,260
25214,yolo_x_cpu,218
25215,yolo_x_cpu,268
25216,yolo_x_cpu,310
25217,yolo_x_cpu,302
25218,yolo_x_cpu,368
25219,yolo_x_cpu,364
25220,yolo_x_cpu,372
25221,yolo_x_cpu,264
25222,yolo_x_cpu,259
25223,yolo_x_cpu,302
25224,yolo_x_cpu,346
25225,yolo_x_cpu,269
25226,yolo_x_cpu,258
25227,yolo_x_cpu,406
25228,yolo_x_cpu,430
25229,yolo_x_cpu,328
25230,yolo_x_cpu,286
25231,yolo_x_cpu,454
25232,yolo_x_cpu,379
25233,yolo_x_cpu,377
25234,yolo_x_cpu,326
25235,yolo_x_cpu,392
25236,yolo_x_cpu,392
25237,yolo_x_cpu,395
25238,yolo_x_cpu,343
25239,yolo_x_cpu,433
25240,yolo_x_cpu,306
25241,yolo_x_cpu,343
25242,yolo_x_cpu,270
25243,yolo_x_cpu,257
25244,yolo_x_cpu,320
25245,yolo_x_cpu,258
25246,yolo_x_cpu,306
25247,yolo_x_cpu,412
25248,yolo_x_cpu,282
25249,yolo_x_cpu,341
25250,yolo_x_cpu,339
25251,yolo_x_cpu,447
25252,yolo_x_cpu,421
25253,yolo_x_cpu,415
25254,yolo_x_cpu,405
25255,yolo_x_cpu,328
25256,yolo_x_cpu,307
25257,yolo_x_cpu,256
25258,yolo_x_cpu,337
25259,yolo_x_cpu,315
25260,yolo_x_cpu,373
25261,yolo_x_cpu,376
25262,yolo_x_cpu,443
25263,yolo_x_cpu,401
25264,yolo_x_cpu,295
25265,yolo_x_cpu,291
25266,yolo_x_cpu,535
25267,yolo_x_cpu,240
25268,yolo_x_cpu,328
25269,yolo_x_cpu,283
25270,yolo_x_cpu,322
25271,yolo_x_cpu,327
25272,yolo_x_cpu,328
25273,yolo_x_cpu,342
25274,yolo_x_cpu,293
25275,yolo_x_cpu,350
25276,yolo_x_cpu,404
25277,yolo_x_cpu,314
25278,yolo_x_cpu,367
25279,yolo_x_cpu,308
25280,yolo_x_cpu,373
25281,yolo_x_cpu,391
25282,yolo_x_cpu,502
25283,yolo_x_cpu,390
25284,yolo_x_cpu,358
25285,yolo_x_cpu,297
25286,yolo_x_cpu,320
25287,yolo_x_cpu,288
25288,yolo_x_cpu,305
25289,yolo_x_cpu,210
25290,yolo_x_cpu,287
25291,yolo_x_cpu,272
25292,yolo_x_cpu,257
25293,yolo_x_cpu,307
25294,yolo_x_cpu,479
25295,yolo_x_cpu,646
25296,yolo_x_cpu,376
25297,yolo_x_cpu,260
25298,yolo_x_cpu,316
25299,yolo_x_cpu,358
25300,yolo_x_cpu,267
25301,yolo_x_cpu,232
25302,yolo_x_cpu,271
25303,yolo_x_cpu,255
25304,yolo_x_cpu,336
25305,yolo_x_cpu,368
25306,yolo_x_cpu,293
25307,yolo_x_cpu,190
25308,yolo_x_cpu,242
25309,yolo_x_cpu,299
25310,yolo_x_cpu,346
25311,yolo_x_cpu,360
25312,yolo_x_cpu,253
25313,yolo_x_cpu,284
25314,yolo_x_cpu,248
25315,yolo_x_cpu,243
25316,yolo_x_cpu,214
25317,yolo_x_cpu,217
25318,yolo_x_cpu,206
25319,yolo_x_cpu,284
25320,yolo_x_cpu,234
25321,yolo_x_cpu,276
25322,yolo_x_cpu,259
25323,yolo_x_cpu,305
25324,yolo_x_cpu,337
25325,yolo_x_cpu,243
25326,yolo_x_cpu,287
25327,yolo_x_cpu,191
25328,yolo_x_cpu,194
25329,yolo_x_cpu,207
25330,yolo_x_cpu,188
25331,yolo_x_cpu,304
25332,yolo_x_cpu,311
25333,yolo_x_cpu,249
25334,yolo_x_cpu,218
25335,yolo_x_cpu,268
25336,yolo_x_cpu,287
25337,yolo_x_cpu,277
25338,yolo_x_cpu,348
25339,yolo_x_cpu,188
25340,yolo_x_cpu,276
25341,yolo_x_cpu,245
25342,yolo_x_cpu,281
25343,yolo_x_cpu,237
25344,yolo_x_cpu,227
25345,yolo_x_cpu,171
25346,yolo_x_cpu,201
25347,yolo_x_cpu,222
25348,yolo_x_cpu,257
25349,yolo_x_cpu,314
25350,yolo_x_cpu,314
25351,yolo_x_cpu,416
25352,yolo_x_cpu,269
25353,yolo_x_cpu,207
25354,yolo_x_cpu,229
25355,yolo_x_cpu,301
25356,yolo_x_cpu,278
25357,yolo_x_cpu,152
25358,yolo_x_cpu,187
25359,yolo_x_cpu,210
25360,yolo_x_cpu,164
25361,yolo_x_cpu,215
25362,yolo_x_cpu,169
25363,yolo_x_cpu,210
25364,yolo_x_cpu,171
25365,yolo_x_cpu,186
25366,yolo_x_cpu,146
25367,yolo_x_cpu,252
25368,yolo_x_cpu,151
25369,yolo_x_cpu,178
25370,yolo_x_cpu,174
25371,yolo_x_cpu,135
25372,yolo_x_cpu,113
25373,yolo_x_cpu,120
25374,yolo_x_cpu,256
25375,yolo_x_cpu,158
25376,yolo_x_cpu,195
25377,yolo_x_cpu,129
25378,yolo_x_cpu,130
25379,yolo_x_cpu,133
25380,yolo_x_cpu,144
25381,yolo_x_cpu,128
25382,yolo_x_cpu,91
25383,yolo_x_cpu,83
25384,yolo_x_cpu,109
25385,yolo_x_cpu,140
25386,yolo_x_cpu,184
25387,yolo_x_cpu,157
25388,yolo_x_cpu,104
25389,yolo_x_cpu,89
25390,yolo_x_cpu,102
25391,yolo_x_cpu,128
25392,yolo_x_cpu,123
25393,yolo_x_cpu,131
25394,yolo_x_cpu,130
25395,yolo_x_cpu,145
25396,yolo_x_cpu,98
25397,yolo_x_cpu,131
25398,yolo_x_cpu,108
25399,yolo_x_cpu,113
25400,yolo_x_cpu,107
25401,yolo_x_cpu,99
25402,yolo_x_cpu,153
25403,yolo_x_cpu,169
25404,yolo_x_cpu,205
25405,yolo_x_cpu,284
25406,yolo_x_cpu,301
25407,yolo_x_cpu,280
25408,yolo_x_cpu,203
25409,yolo_x_cpu,117
25410,yolo_x_cpu,136
25411,yolo_x_cpu,127
25412,yolo_x_cpu,155
25413,yolo_x_cpu,199
25414,yolo_x_cpu,143
25415,yolo_x_cpu,176
25416,yolo_x_cpu,250
25417,yolo_x_cpu,203
25418,yolo_x_cpu,130
25419,yolo_x_cpu,183
25420,yolo_x_cpu,134
25421,yolo_x_cpu,303
25422,yolo_x_cpu,232
25423,yolo_x_cpu,368
25424,yolo_x_cpu,312
25425,yolo_x_cpu,223
25426,yolo_x_cpu,160
25427,yolo_x_cpu,275
25428,yolo_x_cpu,80
25429,yolo_x_cpu,76
25430,yolo_x_cpu,81
25431,yolo_x_cpu,95
25432,yolo_x_cpu,82
25433,yolo_x_cpu,129
25434,yolo_x_cpu,147
25435,yolo_x_cpu,130
25436,yolo_x_cpu,142
25437,yolo_x_cpu,108
25438,yolo_x_cpu,106
25439,yolo_x_cpu,98
25440,yolo_x_cpu,74
25441,yolo_x_cpu,41
25442,yolo_x_cpu,68
25443,yolo_x_cpu,59
25444,yolo_x_cpu,36
25445,yolo_x_cpu,61
25446,yolo_x_cpu,75
25447,yolo_x_cpu,60
25448,yolo_x_cpu,36
25449,yolo_x_cpu,60
25450,yolo_x_cpu,60
25451,yolo_x_cpu,57
25452,yolo_x_cpu,122
25453,yolo_x_cpu,67
25454,yolo_x_cpu,47
25455,yolo_x_cpu,36
25456,yolo_x_cpu,86
25457,yolo_x_cpu,90
25458,yolo_x_cpu,110
25459,yolo_x_cpu,45
25460,yolo_x_cpu,65
25461,yolo_x_cpu,85
25462,yolo_x_cpu,90
25463,yolo_x_cpu,104
25464,yolo_x_cpu,72
25465,yolo_x_cpu,54
25466,yolo_x_cpu,59
25467,yolo_x_cpu,53
25468,yolo_x_cpu,100
25469,yolo_x_cpu,27
25470,yolo_x_cpu,24
25471,yolo_x_cpu,140
25472,yolo_x_cpu,92
25473,yolo_x_cpu,97
25474,yolo_x_cpu,12
25475,yolo_x_cpu,40
25476,yolo_x_cpu,30
25477,yolo_x_cpu,50
25478,yolo_x_cpu,55
25479,yolo_x_cpu,32
25480,yolo_x_cpu,14
25481,yolo_x_cpu,30
25482,yolo_x_cpu,39
25483,yolo_x_cpu,23
25484,yolo_x_cpu,10
25485,yolo_x_cpu,23
25486,yolo_x_cpu,32
25487,yolo_x_cpu,28
25488,yolo_x_cpu,45
25489,yolo_x_cpu,65
25490,yolo_x_cpu,29
25491,yolo_x_cpu,25
25492,yolo_x_cpu,37
25493,yolo_x_cpu,33
25494,yolo_x_cpu,64
25495,yolo_x_cpu,34
25496,yolo_x_cpu,44
25497,yolo_x_cpu,71
25498,yolo_x_cpu,21
25499,yolo_x_cpu,16
25500,yolo_x_cpu,23
25501,yolo_x_cpu,43
25502,yolo_x_cpu,14
25503,yolo_x_cpu,8
25504,yolo_x_cpu,33
25505,yolo_x_cpu,13
25506,yolo_x_cpu,71
25507,yolo_x_cpu,52
25508,yolo_x_cpu,46
25509,yolo_x_cpu,47
25510,yolo_x_cpu,49
25511,yolo_x_cpu,46
25512,yolo_x_cpu,42
25513,yolo_x_cpu,30
25514,yolo_x_cpu,39
25515,yolo_x_cpu,30
25516,yolo_x_cpu,17
25517,yolo_x_cpu,28
25518,yolo_x_cpu,32
25519,yolo_x_cpu,7
25520,yolo_x_cpu,14
25521,yolo_x_cpu,26
25522,yolo_x_cpu,14
25523,yolo_x_cpu,13
25524,yolo_x_cpu,6
25525,yolo_x_cpu,62
25526,yolo_x_cpu,14
25527,yolo_x_cpu,55
25528,yolo_x_cpu,10
25529,yolo_x_cpu,21
25530,yolo_x_cpu,25
25531,yolo_x_cpu,47
25532,yolo_x_cpu,19
25533,yolo_x_cpu,6
25534,yolo_x_cpu,22
25535,yolo_x_cpu,14
25536,yolo_x_cpu,19
25537,yolo_x_cpu,15
25538,yolo_x_cpu,15
25539,yolo_x_cpu,36
25540,yolo_x_cpu,17
25541,yolo_x_cpu,7
25542,yolo_x_cpu,77
25543,yolo_x_cpu,54
25544,yolo_x_cpu,8
25545,yolo_x_cpu,23
25546,yolo_x_cpu,6
25547,yolo_x_cpu,16
25548,yolo_x_cpu,11
25549,yolo_x_cpu,31
25550,yolo_x_cpu,22
25551,yolo_x_cpu,7
25552,yolo_x_cpu,25
25553,yolo_x_cpu,28
25554,yolo_x_cpu,11
25555,yolo_x_cpu,3
25556,yolo_x_cpu,9
25557,yolo_x_cpu,4
25558,yolo_x_cpu,5
25559,yolo_x_cpu,28
25560,yolo_x_cpu,23
25561,yolo_x_cpu,28
25562,yolo_x_cpu,29
25563,yolo_x_cpu,39
25564,yolo_x_cpu,12
25565,yolo_x_cpu,5
25566,yolo_x_cpu,10
25567,yolo_x_cpu,2
25568,yolo_x_cpu,9
25569,yolo_x_cpu,4
25570,yolo_x_cpu,3
25571,yolo_x_cpu,7
25572,yolo_x_cpu,3
25573,yolo_x_cpu,2
25574,yolo_x_cpu,9
25575,yolo_x_cpu,13
25576,yolo_x_cpu,11
25577,yolo_x_cpu,7
25578,yolo_x_cpu,5
25579,yolo_x_cpu,14
25580,yolo_x_cpu,7
25581,yolo_x_cpu,8
25582,yolo_x_cpu,5
25583,yolo_x_cpu,11
25584,yolo_x_cpu,15
25585,yolo_x_cpu,12
25586,yolo_x_cpu,12
25587,yolo_x_cpu,6
25588,yolo_x_cpu,5
25589,yolo_x_cpu,31
25590,yolo_x_cpu,18
25591,yolo_x_cpu,9
25592,yolo_x_cpu,55
25593,yolo_x_cpu,49
25594,yolo_x_cpu,8
25595,yolo_x_cpu,47
25596,yolo_x_cpu,26
25597,yolo_x_cpu,13
25598,yolo_x_cpu,22
25599,yolo_x_cpu,11
25600,yolo_x_cpu,14
25601,yolo_x_cpu,7
25602,yolo_x_cpu,9
25603,yolo_x_cpu,1
25604,yolo_x_cpu,2
25605,yolo_x_cpu,12
25606,yolo_x_cpu,10
25607,yolo_x_cpu,15
25608,yolo_x_cpu,6
25609,yolo_x_cpu,6
25610,yolo_x_cpu,13
25611,yolo_x_cpu,21
25612,yolo_x_cpu,10
25613,yolo_x_cpu,6
25614,yolo_x_cpu,28
25615,yolo_x_cpu,8
25616,yolo_x_cpu,6
25617,yolo_x_cpu,11
25618,yolo_x_cpu,12
25619,yolo_x_cpu,26
25620,yolo_x_cpu,9
25621,yolo_x_cpu,2
25622,yolo_x_cpu,3
25623,yolo_x_cpu,16
25624,yolo_x_cpu,5
25625,yolo_x_cpu,15
25626,yolo_x_cpu,5
25627,yolo_x_cpu,11
25628,yolo_x_cpu,16
25629,yolo_x_cpu,4
25630,yolo_x_cpu,5
25631,yolo_x_cpu,7
25632,yolo_x_cpu,24
25633,yolo_x_cpu,13
25634,yolo_x_cpu,3
25635,yolo_x_cpu,4
25636,yolo_x_cpu,8
25637,yolo_x_cpu,5
25638,yolo_x_cpu,6
25639,yolo_x_cpu,1
25640,yolo_x_cpu,8
25641,yolo_x_cpu,21
25642,yolo_x_cpu,23
25643,yolo_x_cpu,3
25644,yolo_x_cpu,7
25645,yolo_x_cpu,19
25646,yolo_x_cpu,0
25647,yolo_x_cpu,6
25648,yolo_x_cpu,9
25649,yolo_x_cpu,35
25650,yolo_x_cpu,2
25651,yolo_x_cpu,1
25652,yolo_x_cpu,9
25653,yolo_x_cpu,7
25654,yolo_x_cpu,1
25655,yolo_x_cpu,4
25656,yolo_x_cpu,2
25657,yolo_x_cpu,12
25658,yolo_x_cpu,2
25659,yolo_x_cpu,1
25660,yolo_x_cpu,5
25661,yolo_x_cpu,2
25662,yolo_x_cpu,3
25663,yolo_x_cpu,3
25664,yolo_x_cpu,4
25665,yolo_x_cpu,2
25666,yolo_x_cpu,3
25667,yolo_x_cpu,0
25668,yolo_x_cpu,2
25669,yolo_x_cpu,7
25670,yolo_x_cpu,9
25671,yolo_x_cpu,2
25672,yolo_x_cpu,5
25673,yolo_x_cpu,4
25674,yolo_x_cpu,28
25675,yolo_x_cpu,2
25676,yolo_x_cpu,1
25677,yolo_x_cpu,13
25678,yolo_x_cpu,2
25679,yolo_x_cpu,1
25680,yolo_x_cpu,34
25681,yolo_x_cpu,4
25682,yolo_x_cpu,4
25683,yolo_x_cpu,8
25684,yolo_x_cpu,7
25685,yolo_x_cpu,2
25686,yolo_x_cpu,7
25687,yolo_x_cpu,16
25688,yolo_x_cpu,15
25689,yolo_x_cpu,7
25690,yolo_x_cpu,28
25691,yolo_x_cpu,14
25692,yolo_x_cpu,6
25693,yolo_x_cpu,5
25694,yolo_x_cpu,8
25695,yolo_x_cpu,13
25696,yolo_x_cpu,20
25697,yolo_x_cpu,4
25698,yolo_x_cpu,4
25699,yolo_x_cpu,13
25700,yolo_x_cpu,14
25701,yolo_x_cpu,6
25702,yolo_x_cpu,2
25703,yolo_x_cpu,4
25704,yolo_x_cpu,7
25705,yolo_x_cpu,4
25706,yolo_x_cpu,6
25707,yolo_x_cpu,5
25708,yolo_x_cpu,4
25709,yolo_x_cpu,15
25710,yolo_x_cpu,5
25711,yolo_x_cpu,48
25712,yolo_x_cpu,31
25713,yolo_x_cpu,11
25714,yolo_x_cpu,12
25715,yolo_x_cpu,8
25716,yolo_x_cpu,26
25717,yolo_x_cpu,15
25718,yolo_x_cpu,12
25719,yolo_x_cpu,28
25720,yolo_x_cpu,31
25721,yolo_x_cpu,2
25722,yolo_x_cpu,20
25723,yolo_x_cpu,46
25724,yolo_x_cpu,19
25725,yolo_x_cpu,30
25726,yolo_x_cpu,9
25727,yolo_x_cpu,6
25728,yolo_x_cpu,17
25729,yolo_x_cpu,7
25730,yolo_x_cpu,8
25731,yolo_x_cpu,12
25732,yolo_x_cpu,1
25733,yolo_x_cpu,1
25734,yolo_x_cpu,14
25735,yolo_x_cpu,10
25736,yolo_x_cpu,10
25737,yolo_x_cpu,7
25738,yolo_x_cpu,12
25739,yolo_x_cpu,9
25740,yolo_x_cpu,18
25741,yolo_x_cpu,43
25742,yolo_x_cpu,36
25743,yolo_x_cpu,10
25744,yolo_x_cpu,9
25745,yolo_x_cpu,9
25746,yolo_x_cpu,24
25747,yolo_x_cpu,10
25748,yolo_x_cpu,24
25749,yolo_x_cpu,17
25750,yolo_x_cpu,19
25751,yolo_x_cpu,21
25752,yolo_x_cpu,4
25753,yolo_x_cpu,7
25754,yolo_x_cpu,12
25755,yolo_x_cpu,21
25756,yolo_x_cpu,22
25757,yolo_x_cpu,14
25758,yolo_x_cpu,19
25759,yolo_x_cpu,27
25760,yolo_x_cpu,15
25761,yolo_x_cpu,23
25762,yolo_x_cpu,29
25763,yolo_x_cpu,31
25764,yolo_x_cpu,27
25765,yolo_x_cpu,43
25766,yolo_x_cpu,24
25767,yolo_x_cpu,19
25768,yolo_x_cpu,27
25769,yolo_x_cpu,7
25770,yolo_x_cpu,20
25771,yolo_x_cpu,11
25772,yolo_x_cpu,6
25773,yolo_x_cpu,8
25774,yolo_x_cpu,4
25775,yolo_x_cpu,2
25776,yolo_x_cpu,59
25777,yolo_x_cpu,27
25778,yolo_x_cpu,42
25779,yolo_x_cpu,23
25780,yolo_x_cpu,6
25781,yolo_x_cpu,18
25782,yolo_x_cpu,16
25783,yolo_x_cpu,41
25784,yolo_x_cpu,15
25785,yolo_x_cpu,22
25786,yolo_x_cpu,10
25787,yolo_x_cpu,15
25788,yolo_x_cpu,40
25789,yolo_x_cpu,8
25790,yolo_x_cpu,19
25791,yolo_x_cpu,19
25792,yolo_x_cpu,29
25793,yolo_x_cpu,5
25794,yolo_x_cpu,27
25795,yolo_x_cpu,25
25796,yolo_x_cpu,95
25797,yolo_x_cpu,77
25798,yolo_x_cpu,27
25799,yolo_x_cpu,20
25800,yolo_x_cpu,21
25801,yolo_x_cpu,18
25802,yolo_x_cpu,25
25803,yolo_x_cpu,39
25804,yolo_x_cpu,81
25805,yolo_x_cpu,63
25806,yolo_x_cpu,104
25807,yolo_x_cpu,47
25808,yolo_x_cpu,25
25809,yolo_x_cpu,47
25810,yolo_x_cpu,60
25811,yolo_x_cpu,49
25812,yolo_x_cpu,64
25813,yolo_x_cpu,10
25814,yolo_x_cpu,33
25815,yolo_x_cpu,15
25816,yolo_x_cpu,23
25817,yolo_x_cpu,20
25818,yolo_x_cpu,43
25819,yolo_x_cpu,23
25820,yolo_x_cpu,45
25821,yolo_x_cpu,29
25822,yolo_x_cpu,44
25823,yolo_x_cpu,35
25824,yolo_x_cpu,51
25825,yolo_x_cpu,55
25826,yolo_x_cpu,41
25827,yolo_x_cpu,42
25828,yolo_x_cpu,47
25829,yolo_x_cpu,27
25830,yolo_x_cpu,55
25831,yolo_x_cpu,49
25832,yolo_x_cpu,33
25833,yolo_x_cpu,42
25834,yolo_x_cpu,47
25835,yolo_x_cpu,82
25836,yolo_x_cpu,35
25837,yolo_x_cpu,27
25838,yolo_x_cpu,23
25839,yolo_x_cpu,29
25840,yolo_x_cpu,35
25841,yolo_x_cpu,37
25842,yolo_x_cpu,48
25843,yolo_x_cpu,50
25844,yolo_x_cpu,62
25845,yolo_x_cpu,86
25846,yolo_x_cpu,27
25847,yolo_x_cpu,29
25848,yolo_x_cpu,30
25849,yolo_x_cpu,34
25850,yolo_x_cpu,48
25851,yolo_x_cpu,48
25852,yolo_x_cpu,69
25853,yolo_x_cpu,125
25854,yolo_x_cpu,29
25855,yolo_x_cpu,64
25856,yolo_x_cpu,41
25857,yolo_x_cpu,40
25858,yolo_x_cpu,49
25859,yolo_x_cpu,45
25860,yolo_x_cpu,45
25861,yolo_x_cpu,57
25862,yolo_x_cpu,48
25863,yolo_x_cpu,75
25864,yolo_x_cpu,74
25865,yolo_x_cpu,58
25866,yolo_x_cpu,99
25867,yolo_x_cpu,74
25868,yolo_x_cpu,64
25869,yolo_x_cpu,58
25870,yolo_x_cpu,55
25871,yolo_x_cpu,29
25872,yolo_x_cpu,64
25873,yolo_x_cpu,55
25874,yolo_x_cpu,52
25875,yolo_x_cpu,32
25876,yolo_x_cpu,38
25877,yolo_x_cpu,44
25878,yolo_x_cpu,55
25879,yolo_x_cpu,33
25880,yolo_x_cpu,21
25881,yolo_x_cpu,24
25882,yolo_x_cpu,61
25883,yolo_x_cpu,61
25884,yolo_x_cpu,61
25885,yolo_x_cpu,84
25886,yolo_x_cpu,73
25887,yolo_x_cpu,41
25888,yolo_x_cpu,49
25889,yolo_x_cpu,63
25890,yolo_x_cpu,57
25891,yolo_x_cpu,130
25892,yolo_x_cpu,78
25893,yolo_x_cpu,65
25894,yolo_x_cpu,50
25895,yolo_x_cpu,57
25896,yolo_x_cpu,56
25897,yolo_x_cpu,67
25898,yolo_x_cpu,56
25899,yolo_x_cpu,90
25900,yolo_x_cpu,111
25901,yolo_x_cpu,91
25902,yolo_x_cpu,144
25903,yolo_x_cpu,87
25904,yolo_x_cpu,83
25905,yolo_x_cpu,76
25906,yolo_x_cpu,119
25907,yolo_x_cpu,85
25908,yolo_x_cpu,157
25909,yolo_x_cpu,93
25910,yolo_x_cpu,66
25911,yolo_x_cpu,70
25912,yolo_x_cpu,79
25913,yolo_x_cpu,81
25914,yolo_x_cpu,87
25915,yolo_x_cpu,89
25916,yolo_x_cpu,80
25917,yolo_x_cpu,42
25918,yolo_x_cpu,61
25919,yolo_x_cpu,88
25920,yolo_x_cpu,118
25921,yolo_x_cpu,61
25922,yolo_x_cpu,80
25923,yolo_x_cpu,119
25924,yolo_x_cpu,99
25925,yolo_x_cpu,95
25926,yolo_x_cpu,88
25927,yolo_x_cpu,84
25928,yolo_x_cpu,117
25929,yolo_x_cpu,92
25930,yolo_x_cpu,161
25931,yolo_x_cpu,111
25932,yolo_x_cpu,246
25933,yolo_x_cpu,87
25934,yolo_x_cpu,111
25935,yolo_x_cpu,152
25936,yolo_x_cpu,123
25937,yolo_x_cpu,185
25938,yolo_x_cpu,172
25939,yolo_x_cpu,159
25940,yolo_x_cpu,157
25941,yolo_x_cpu,179
25942,yolo_x_cpu,246
25943,yolo_x_cpu,150
25944,yolo_x_cpu,166
25945,yolo_x_cpu,96
25946,yolo_x_cpu,107
25947,yolo_x_cpu,165
25948,yolo_x_cpu,174
25949,yolo_x_cpu,139
25950,yolo_x_cpu,164
25951,yolo_x_cpu,152
25952,yolo_x_cpu,108
25953,yolo_x_cpu,139
25954,yolo_x_cpu,85
25955,yolo_x_cpu,120
25956,yolo_x_cpu,124
25957,yolo_x_cpu,80
25958,yolo_x_cpu,114
25959,yolo_x_cpu,161
25960,yolo_x_cpu,244
25961,yolo_x_cpu,144
25962,yolo_x_cpu,152
25963,yolo_x_cpu,114
25964,yolo_x_cpu,135
25965,yolo_x_cpu,147
25966,yolo_x_cpu,106
25967,yolo_x_cpu,163
25968,yolo_x_cpu,174
25969,yolo_x_cpu,163
25970,yolo_x_cpu,173
25971,yolo_x_cpu,129
25972,yolo_x_cpu,166
25973,yolo_x_cpu,114
25974,yolo_x_cpu,137
25975,yolo_x_cpu,123
25976,yolo_x_cpu,160
25977,yolo_x_cpu,243
25978,yolo_x_cpu,202
25979,yolo_x_cpu,232
25980,yolo_x_cpu,266
25981,yolo_x_cpu,274
25982,yolo_x_cpu,221
25983,yolo_x_cpu,190
25984,yolo_x_cpu,213
25985,yolo_x_cpu,200
25986,yolo_x_cpu,247
25987,yolo_x_cpu,171
25988,yolo_x_cpu,159
25989,yolo_x_cpu,182
25990,yolo_x_cpu,189
25991,yolo_x_cpu,178
25992,yolo_x_cpu,225
25993,yolo_x_cpu,180
25994,yolo_x_cpu,164
25995,yolo_x_cpu,137
25996,yolo_x_cpu,198
25997,yolo_x_cpu,214
25998,yolo_x_cpu,163
25999,yolo_x_cpu,139
26000,yolo_x_cpu,154
26001,yolo_x_cpu,195
26002,yolo_x_cpu,132
26003,yolo_x_cpu,109
26004,yolo_x_cpu,218
26005,yolo_x_cpu,211
26006,yolo_x_cpu,216
26007,yolo_x_cpu,177
26008,yolo_x_cpu,166
26009,yolo_x_cpu,130
26010,yolo_x_cpu,187
26011,yolo_x_cpu,236
26012,yolo_x_cpu,235
26013,yolo_x_cpu,178
26014,yolo_x_cpu,135
26015,yolo_x_cpu,141
26016,yolo_x_cpu,173
26017,yolo_x_cpu,117
26018,yolo_x_cpu,124
26019,yolo_x_cpu,157
26020,yolo_x_cpu,142
26021,yolo_x_cpu,128
26022,yolo_x_cpu,154
26023,yolo_x_cpu,173
26024,yolo_x_cpu,157
26025,yolo_x_cpu,198
26026,yolo_x_cpu,209
26027,yolo_x_cpu,152
26028,yolo_x_cpu,174
26029,yolo_x_cpu,163
26030,yolo_x_cpu,107
26031,yolo_x_cpu,131
26032,yolo_x_cpu,157
26033,yolo_x_cpu,141
26034,yolo_x_cpu,171
26035,yolo_x_cpu,147
26036,yolo_x_cpu,190
26037,yolo_x_cpu,190
26038,yolo_x_cpu,168
26039,yolo_x_cpu,121
26040,yolo_x_cpu,122
26041,yolo_x_cpu,159
26042,yolo_x_cpu,128
26043,yolo_x_cpu,120
26044,yolo_x_cpu,189
26045,yolo_x_cpu,150
26046,yolo_x_cpu,215
26047,yolo_x_cpu,142
26048,yolo_x_cpu,160
26049,yolo_x_cpu,181
26050,yolo_x_cpu,104
26051,yolo_x_cpu,159
26052,yolo_x_cpu,178
26053,yolo_x_cpu,175
26054,yolo_x_cpu,138
26055,yolo_x_cpu,136
26056,yolo_x_cpu,150
26057,yolo_x_cpu,251
26058,yolo_x_cpu,249
26059,yolo_x_cpu,240
26060,yolo_x_cpu,194
26061,yolo_x_cpu,241
26062,yolo_x_cpu,191
26063,yolo_x_cpu,188
26064,yolo_x_cpu,228
26065,yolo_x_cpu,219
26066,yolo_x_cpu,110
26067,yolo_x_cpu,147
26068,yolo_x_cpu,154
26069,yolo_x_cpu,187
26070,yolo_x_cpu,225
26071,yolo_x_cpu,162
26072,yolo_x_cpu,243
26073,yolo_x_cpu,173
26074,yolo_x_cpu,229
26075,yolo_x_cpu,184
26076,yolo_x_cpu,343
26077,yolo_x_cpu,228
26078,yolo_x_cpu,172
26079,yolo_x_cpu,168
26080,yolo_x_cpu,144
26081,yolo_x_cpu,214
26082,yolo_x_cpu,224
26083,yolo_x_cpu,193
26084,yolo_x_cpu,149
26085,yolo_x_cpu,194
26086,yolo_x_cpu,163
26087,yolo_x_cpu,213
26088,yolo_x_cpu,317
26089,yolo_x_cpu,268
26090,yolo_x_cpu,236
26091,yolo_x_cpu,247
26092,yolo_x_cpu,260
26093,yolo_x_cpu,260
26094,yolo_x_cpu,306
26095,yolo_x_cpu,304
26096,yolo_x_cpu,231
26097,yolo_x_cpu,205
26098,yolo_x_cpu,203
26099,yolo_x_cpu,178
26100,yolo_x_cpu,174
26101,yolo_x_cpu,170
26102,yolo_x_cpu,267
26103,yolo_x_cpu,182
26104,yolo_x_cpu,223
26105,yolo_x_cpu,142
26106,yolo_x_cpu,144
26107,yolo_x_cpu,141
26108,yolo_x_cpu,223
26109,yolo_x_cpu,176
26110,yolo_x_cpu,224
26111,yolo_x_cpu,259
26112,yolo_x_cpu,233
26113,yolo_x_cpu,276
26114,yolo_x_cpu,219
26115,yolo_x_cpu,180
26116,yolo_x_cpu,250
26117,yolo_x_cpu,202
26118,yolo_x_cpu,180
26119,yolo_x_cpu,193
26120,yolo_x_cpu,197
26121,yolo_x_cpu,166
26122,yolo_x_cpu,233
26123,yolo_x_cpu,103
26124,yolo_x_cpu,185
26125,yolo_x_cpu,149
26126,yolo_x_cpu,148
26127,yolo_x_cpu,134
26128,yolo_x_cpu,112
26129,yolo_x_cpu,114
26130,yolo_x_cpu,106
26131,yolo_x_cpu,156
26132,yolo_x_cpu,117
26133,yolo_x_cpu,145
26134,yolo_x_cpu,181
26135,yolo_x_cpu,138
26136,yolo_x_cpu,117
26137,yolo_x_cpu,176
26138,yolo_x_cpu,227
26139,yolo_x_cpu,156
26140,yolo_x_cpu,189
26141,yolo_x_cpu,182
26142,yolo_x_cpu,182
26143,yolo_x_cpu,186
26144,yolo_x_cpu,237
26145,yolo_x_cpu,190
26146,yolo_x_cpu,251
26147,yolo_x_cpu,186
26148,yolo_x_cpu,224
26149,yolo_x_cpu,139
26150,yolo_x_cpu,139
26151,yolo_x_cpu,174
26152,yolo_x_cpu,244
26153,yolo_x_cpu,140
26154,yolo_x_cpu,194
26155,yolo_x_cpu,288
26156,yolo_x_cpu,296
26157,yolo_x_cpu,377
26158,yolo_x_cpu,391
26159,yolo_x_cpu,270
26160,yolo_x_cpu,255
26161,yolo_x_cpu,239
26162,yolo_x_cpu,170
26163,yolo_x_cpu,164
26164,yolo_x_cpu,144
26165,yolo_x_cpu,173
26166,yolo_x_cpu,161
26167,yolo_x_cpu,159
26168,yolo_x_cpu,169
26169,yolo_x_cpu,105
26170,yolo_x_cpu,108
26171,yolo_x_cpu,117
26172,yolo_x_cpu,216
26173,yolo_x_cpu,161
26174,yolo_x_cpu,124
26175,yolo_x_cpu,169
26176,yolo_x_cpu,142
26177,yolo_x_cpu,117
26178,yolo_x_cpu,119
26179,yolo_x_cpu,131
26180,yolo_x_cpu,163
26181,yolo_x_cpu,196
26182,yolo_x_cpu,188
26183,yolo_x_cpu,169
26184,yolo_x_cpu,230
26185,yolo_x_cpu,202
26186,yolo_x_cpu,176
26187,yolo_x_cpu,163
26188,yolo_x_cpu,151
26189,yolo_x_cpu,153
26190,yolo_x_cpu,295
26191,yolo_x_cpu,308
26192,yolo_x_cpu,241
26193,yolo_x_cpu,186
26194,yolo_x_cpu,204
26195,yolo_x_cpu,198
26196,yolo_x_cpu,207
26197,yolo_x_cpu,332
26198,yolo_x_cpu,300
26199,yolo_x_cpu,154
26200,yolo_x_cpu,219
26201,yolo_x_cpu,159
26202,yolo_x_cpu,142
26203,yolo_x_cpu,187
26204,yolo_x_cpu,197
26205,yolo_x_cpu,133
26206,yolo_x_cpu,110
26207,yolo_x_cpu,149
26208,yolo_x_cpu,94
26209,yolo_x_cpu,155
26210,yolo_x_cpu,138
26211,yolo_x_cpu,190
26212,yolo_x_cpu,155
26213,yolo_x_cpu,145
26214,yolo_x_cpu,192
26215,yolo_x_cpu,122
26216,yolo_x_cpu,126
26217,yolo_x_cpu,168
26218,yolo_x_cpu,197
26219,yolo_x_cpu,189
26220,yolo_x_cpu,177
26221,yolo_x_cpu,184
26222,yolo_x_cpu,205
26223,yolo_x_cpu,199
26224,yolo_x_cpu,180
26225,yolo_x_cpu,143
26226,yolo_x_cpu,191
26227,yolo_x_cpu,170
26228,yolo_x_cpu,255
26229,yolo_x_cpu,229
26230,yolo_x_cpu,340
26231,yolo_x_cpu,345
26232,yolo_x_cpu,379
26233,yolo_x_cpu,262
26234,yolo_x_cpu,154
26235,yolo_x_cpu,188
26236,yolo_x_cpu,225
26237,yolo_x_cpu,200
26238,yolo_x_cpu,149
26239,yolo_x_cpu,198
26240,yolo_x_cpu,202
26241,yolo_x_cpu,178
26242,yolo_x_cpu,131
26243,yolo_x_cpu,95
26244,yolo_x_cpu,149
26245,yolo_x_cpu,138
26246,yolo_x_cpu,177
26247,yolo_x_cpu,231
26248,yolo_x_cpu,203
26249,yolo_x_cpu,141
26250,yolo_x_cpu,220
26251,yolo_x_cpu,186
26252,yolo_x_cpu,155
26253,yolo_x_cpu,150
26254,yolo_x_cpu,201
26255,yolo_x_cpu,230
26256,yolo_x_cpu,165
26257,yolo_x_cpu,217
26258,yolo_x_cpu,224
26259,yolo_x_cpu,195
26260,yolo_x_cpu,203
26261,yolo_x_cpu,220
26262,yolo_x_cpu,180
26263,yolo_x_cpu,125
26264,yolo_x_cpu,158
26265,yolo_x_cpu,138
26266,yolo_x_cpu,200
26267,yolo_x_cpu,246
26268,yolo_x_cpu,233
26269,yolo_x_cpu,210
26270,yolo_x_cpu,239
26271,yolo_x_cpu,183
26272,yolo_x_cpu,263
26273,yolo_x_cpu,211
26274,yolo_x_cpu,190
26275,yolo_x_cpu,341
26276,yolo_x_cpu,196
26277,yolo_x_cpu,102
26278,yolo_x_cpu,133
26279,yolo_x_cpu,210
26280,yolo_x_cpu,208
26281,yolo_x_cpu,173
26282,yolo_x_cpu,155
26283,yolo_x_cpu,213
26284,yolo_x_cpu,232
26285,yolo_x_cpu,217
26286,yolo_x_cpu,165
26287,yolo_x_cpu,233
26288,yolo_x_cpu,232
26289,yolo_x_cpu,168
26290,yolo_x_cpu,162
26291,yolo_x_cpu,185
26292,yolo_x_cpu,205
26293,yolo_x_cpu,210
26294,yolo_x_cpu,144
26295,yolo_x_cpu,184
26296,yolo_x_cpu,149
26297,yolo_x_cpu,338
26298,yolo_x_cpu,257
26299,yolo_x_cpu,195
26300,yolo_x_cpu,180
26301,yolo_x_cpu,111
26302,yolo_x_cpu,144
26303,yolo_x_cpu,83
26304,yolo_x_cpu,133
26305,yolo_x_cpu,170
26306,yolo_x_cpu,247
26307,yolo_x_cpu,203
26308,yolo_x_cpu,190
26309,yolo_x_cpu,113
26310,yolo_x_cpu,123
26311,yolo_x_cpu,202
26312,yolo_x_cpu,219
26313,yolo_x_cpu,147
26314,yolo_x_cpu,188
26315,yolo_x_cpu,197
26316,yolo_x_cpu,153
26317,yolo_x_cpu,227
26318,yolo_x_cpu,203
26319,yolo_x_cpu,237
26320,yolo_x_cpu,158
26321,yolo_x_cpu,220
26322,yolo_x_cpu,229
26323,yolo_x_cpu,244
26324,yolo_x_cpu,160
26325,yolo_x_cpu,210
26326,yolo_x_cpu,151
26327,yolo_x_cpu,199
26328,yolo_x_cpu,149
26329,yolo_x_cpu,155
26330,yolo_x_cpu,123
26331,yolo_x_cpu,105
26332,yolo_x_cpu,135
26333,yolo_x_cpu,145
26334,yolo_x_cpu,186
26335,yolo_x_cpu,111
26336,yolo_x_cpu,147
26337,yolo_x_cpu,141
26338,yolo_x_cpu,180
26339,yolo_x_cpu,156
26340,yolo_x_cpu,128
26341,yolo_x_cpu,129
26342,yolo_x_cpu,124
26343,yolo_x_cpu,115
26344,yolo_x_cpu,92
26345,yolo_x_cpu,154
26346,yolo_x_cpu,130
26347,yolo_x_cpu,67
26348,yolo_x_cpu,134
26349,yolo_x_cpu,157
26350,yolo_x_cpu,163
26351,yolo_x_cpu,153
26352,yolo_x_cpu,156
26353,yolo_x_cpu,113
26354,yolo_x_cpu,106
26355,yolo_x_cpu,175
26356,yolo_x_cpu,150
26357,yolo_x_cpu,244
26358,yolo_x_cpu,221
26359,yolo_x_cpu,162
26360,yolo_x_cpu,134
26361,yolo_x_cpu,141
26362,yolo_x_cpu,142
26363,yolo_x_cpu,173
26364,yolo_x_cpu,180
26365,yolo_x_cpu,217
26366,yolo_x_cpu,144
26367,yolo_x_cpu,128
26368,yolo_x_cpu,136
26369,yolo_x_cpu,159
26370,yolo_x_cpu,144
26371,yolo_x_cpu,228
26372,yolo_x_cpu,252
26373,yolo_x_cpu,286
26374,yolo_x_cpu,214
26375,yolo_x_cpu,106
26376,yolo_x_cpu,135
26377,yolo_x_cpu,117
26378,yolo_x_cpu,139
26379,yolo_x_cpu,157
26380,yolo_x_cpu,139
26381,yolo_x_cpu,102
26382,yolo_x_cpu,109
26383,yolo_x_cpu,163
26384,yolo_x_cpu,98
26385,yolo_x_cpu,131
26386,yolo_x_cpu,126
26387,yolo_x_cpu,130
26388,yolo_x_cpu,170
26389,yolo_x_cpu,145
26390,yolo_x_cpu,137
26391,yolo_x_cpu,106
26392,yolo_x_cpu,168
26393,yolo_x_cpu,156
26394,yolo_x_cpu,161
26395,yolo_x_cpu,161
26396,yolo_x_cpu,80
26397,yolo_x_cpu,114
26398,yolo_x_cpu,103
26399,yolo_x_cpu,150
26400,yolo_x_cpu,96
26401,yolo_x_cpu,125
26402,yolo_x_cpu,146
26403,yolo_x_cpu,114
26404,yolo_x_cpu,129
26405,yolo_x_cpu,204
26406,yolo_x_cpu,177
26407,yolo_x_cpu,155
26408,yolo_x_cpu,206
26409,yolo_x_cpu,161
26410,yolo_x_cpu,175
26411,yolo_x_cpu,166
26412,yolo_x_cpu,235
26413,yolo_x_cpu,203
26414,yolo_x_cpu,207
26415,yolo_x_cpu,254
26416,yolo_x_cpu,185
26417,yolo_x_cpu,181
26418,yolo_x_cpu,153
26419,yolo_x_cpu,154
26420,yolo_x_cpu,169
26421,yolo_x_cpu,119
26422,yolo_x_cpu,102
26423,yolo_x_cpu,95
26424,yolo_x_cpu,145
26425,yolo_x_cpu,163
26426,yolo_x_cpu,242
26427,yolo_x_cpu,121
26428,yolo_x_cpu,105
26429,yolo_x_cpu,168
26430,yolo_x_cpu,152
26431,yolo_x_cpu,164
26432,yolo_x_cpu,113
26433,yolo_x_cpu,130
26434,yolo_x_cpu,204
26435,yolo_x_cpu,167
26436,yolo_x_cpu,172
26437,yolo_x_cpu,167
26438,yolo_x_cpu,122
26439,yolo_x_cpu,183
26440,yolo_x_cpu,133
26441,yolo_x_cpu,192
26442,yolo_x_cpu,167
26443,yolo_x_cpu,131
26444,yolo_x_cpu,124
26445,yolo_x_cpu,194
26446,yolo_x_cpu,266
26447,yolo_x_cpu,155
26448,yolo_x_cpu,168
26449,yolo_x_cpu,173
26450,yolo_x_cpu,142
26451,yolo_x_cpu,188
26452,yolo_x_cpu,226
26453,yolo_x_cpu,171
26454,yolo_x_cpu,249
26455,yolo_x_cpu,258
26456,yolo_x_cpu,233
26457,yolo_x_cpu,255
26458,yolo_x_cpu,185
26459,yolo_x_cpu,117
26460,yolo_x_cpu,209
26461,yolo_x_cpu,201
26462,yolo_x_cpu,239
26463,yolo_x_cpu,183
26464,yolo_x_cpu,191
26465,yolo_x_cpu,160
26466,yolo_x_cpu,218
26467,yolo_x_cpu,177
26468,yolo_x_cpu,162
26469,yolo_x_cpu,121
26470,yolo_x_cpu,168
26471,yolo_x_cpu,116
26472,yolo_x_cpu,129
26473,yolo_x_cpu,175
26474,yolo_x_cpu,130
26475,yolo_x_cpu,224
26476,yolo_x_cpu,144
26477,yolo_x_cpu,223
26478,yolo_x_cpu,177
26479,yolo_x_cpu,246
26480,yolo_x_cpu,271
26481,yolo_x_cpu,176
26482,yolo_x_cpu,154
26483,yolo_x_cpu,114
26484,yolo_x_cpu,172
26485,yolo_x_cpu,114
26486,yolo_x_cpu,180
26487,yolo_x_cpu,149
26488,yolo_x_cpu,137
26489,yolo_x_cpu,155
26490,yolo_x_cpu,87
26491,yolo_x_cpu,127
26492,yolo_x_cpu,156
26493,yolo_x_cpu,125
26494,yolo_x_cpu,133
26495,yolo_x_cpu,126
26496,yolo_x_cpu,142
26497,yolo_x_cpu,147
26498,yolo_x_cpu,227
26499,yolo_x_cpu,148
26500,yolo_x_cpu,189
26501,yolo_x_cpu,178
26502,yolo_x_cpu,177
26503,yolo_x_cpu,181
26504,yolo_x_cpu,189
26505,yolo_x_cpu,198
26506,yolo_x_cpu,284
26507,yolo_x_cpu,234
26508,yolo_x_cpu,317
26509,yolo_x_cpu,221
26510,yolo_x_cpu,190
26511,yolo_x_cpu,210
26512,yolo_x_cpu,175
26513,yolo_x_cpu,243
26514,yolo_x_cpu,190
26515,yolo_x_cpu,210
26516,yolo_x_cpu,233
26517,yolo_x_cpu,154
26518,yolo_x_cpu,180
26519,yolo_x_cpu,144
26520,yolo_x_cpu,179
26521,yolo_x_cpu,186
26522,yolo_x_cpu,171
26523,yolo_x_cpu,143
26524,yolo_x_cpu,201
26525,yolo_x_cpu,172
26526,yolo_x_cpu,163
26527,yolo_x_cpu,171
26528,yolo_x_cpu,200
26529,yolo_x_cpu,166
26530,yolo_x_cpu,140
26531,yolo_x_cpu,143
26532,yolo_x_cpu,160
26533,yolo_x_cpu,216
26534,yolo_x_cpu,217
26535,yolo_x_cpu,186
26536,yolo_x_cpu,204
26537,yolo_x_cpu,194
26538,yolo_x_cpu,154
26539,yolo_x_cpu,181
26540,yolo_x_cpu,148
26541,yolo_x_cpu,178
26542,yolo_x_cpu,126
26543,yolo_x_cpu,164
26544,yolo_x_cpu,139
26545,yolo_x_cpu,183
26546,yolo_x_cpu,193
26547,yolo_x_cpu,214
26548,yolo_x_cpu,223
26549,yolo_x_cpu,229
26550,yolo_x_cpu,157
26551,yolo_x_cpu,178
26552,yolo_x_cpu,241
26553,yolo_x_cpu,216
26554,yolo_x_cpu,184
26555,yolo_x_cpu,242
26556,yolo_x_cpu,333
26557,yolo_x_cpu,140
26558,yolo_x_cpu,135
26559,yolo_x_cpu,208
26560,yolo_x_cpu,192
26561,yolo_x_cpu,165
26562,yolo_x_cpu,184
26563,yolo_x_cpu,232
26564,yolo_x_cpu,231
26565,yolo_x_cpu,186
26566,yolo_x_cpu,223
26567,yolo_x_cpu,209
26568,yolo_x_cpu,210
26569,yolo_x_cpu,182
26570,yolo_x_cpu,211
26571,yolo_x_cpu,201
26572,yolo_x_cpu,236
26573,yolo_x_cpu,204
26574,yolo_x_cpu,358
26575,yolo_x_cpu,237
26576,yolo_x_cpu,186
26577,yolo_x_cpu,145
26578,yolo_x_cpu,212
26579,yolo_x_cpu,150
26580,yolo_x_cpu,203
26581,yolo_x_cpu,224
26582,yolo_x_cpu,307
26583,yolo_x_cpu,241
26584,yolo_x_cpu,300
26585,yolo_x_cpu,297
26586,yolo_x_cpu,293
26587,yolo_x_cpu,325
26588,yolo_x_cpu,219
26589,yolo_x_cpu,293
26590,yolo_x_cpu,263
26591,yolo_x_cpu,225
26592,yolo_x_cpu,189
26593,yolo_x_cpu,135
26594,yolo_x_cpu,201
26595,yolo_x_cpu,167
26596,yolo_x_cpu,210
26597,yolo_x_cpu,249
26598,yolo_x_cpu,286
26599,yolo_x_cpu,439
26600,yolo_x_cpu,357
26601,yolo_x_cpu,325
26602,yolo_x_cpu,234
26603,yolo_x_cpu,356
26604,yolo_x_cpu,257
26605,yolo_x_cpu,220
26606,yolo_x_cpu,163
26607,yolo_x_cpu,234
26608,yolo_x_cpu,178
26609,yolo_x_cpu,201
26610,yolo_x_cpu,205
26611,yolo_x_cpu,230
26612,yolo_x_cpu,213
26613,yolo_x_cpu,188
26614,yolo_x_cpu,170
26615,yolo_x_cpu,202
26616,yolo_x_cpu,228
26617,yolo_x_cpu,260
26618,yolo_x_cpu,273
26619,yolo_x_cpu,195
26620,yolo_x_cpu,184
26621,yolo_x_cpu,252
26622,yolo_x_cpu,258
26623,yolo_x_cpu,324
26624,yolo_x_cpu,462
26625,yolo_x_cpu,271
26626,yolo_x_cpu,396
26627,yolo_x_cpu,335
26628,yolo_x_cpu,326
26629,yolo_x_cpu,339
26630,yolo_x_cpu,229
26631,yolo_x_cpu,313
26632,yolo_x_cpu,277
26633,yolo_x_cpu,342
26634,yolo_x_cpu,281
26635,yolo_x_cpu,294
26636,yolo_x_cpu,187
26637,yolo_x_cpu,244
26638,yolo_x_cpu,223
26639,yolo_x_cpu,300
26640,yolo_x_cpu,341
26641,yolo_x_cpu,361
26642,yolo_x_cpu,286
26643,yolo_x_cpu,258
26644,yolo_x_cpu,266
26645,yolo_x_cpu,298
26646,yolo_x_cpu,232
26647,yolo_x_cpu,259
26648,yolo_x_cpu,286
26649,yolo_x_cpu,234
26650,yolo_x_cpu,310
26651,yolo_x_cpu,254
26652,yolo_x_cpu,351
26653,yolo_x_cpu,329
26654,yolo_x_cpu,312
26655,yolo_x_cpu,336
26656,yolo_x_cpu,368
26657,yolo_x_cpu,346
26658,yolo_x_cpu,313
26659,yolo_x_cpu,298
26660,yolo_x_cpu,233
26661,yolo_x_cpu,284
26662,yolo_x_cpu,324
26663,yolo_x_cpu,354
26664,yolo_x_cpu,327
26665,yolo_x_cpu,299
26666,yolo_x_cpu,233
26667,yolo_x_cpu,259
26668,yolo_x_cpu,259
26669,yolo_x_cpu,338
26670,yolo_x_cpu,438
26671,yolo_x_cpu,540
26672,yolo_x_cpu,552
26673,yolo_x_cpu,440
26674,yolo_x_cpu,395
26675,yolo_x_cpu,330
26676,yolo_x_cpu,320
26677,yolo_x_cpu,340
26678,yolo_x_cpu,395
26679,yolo_x_cpu,425
26680,yolo_x_cpu,309
26681,yolo_x_cpu,274
26682,yolo_x_cpu,306
26683,yolo_x_cpu,270
26684,yolo_x_cpu,290
26685,yolo_x_cpu,340
26686,yolo_x_cpu,318
26687,yolo_x_cpu,292
26688,yolo_x_cpu,326
26689,yolo_x_cpu,322
26690,yolo_x_cpu,401
26691,yolo_x_cpu,352
26692,yolo_x_cpu,301
26693,yolo_x_cpu,281
26694,yolo_x_cpu,361
26695,yolo_x_cpu,300
26696,yolo_x_cpu,206
26697,yolo_x_cpu,271
26698,yolo_x_cpu,283
26699,yolo_x_cpu,296
26700,yolo_x_cpu,377
26701,yolo_x_cpu,364
26702,yolo_x_cpu,396
26703,yolo_x_cpu,320
26704,yolo_x_cpu,343
26705,yolo_x_cpu,449
26706,yolo_x_cpu,313
26707,yolo_x_cpu,300
26708,yolo_x_cpu,393
26709,yolo_x_cpu,275
26710,yolo_x_cpu,293
26711,yolo_x_cpu,319
26712,yolo_x_cpu,282
26713,yolo_x_cpu,511
26714,yolo_x_cpu,277
26715,yolo_x_cpu,311
26716,yolo_x_cpu,374
26717,yolo_x_cpu,359
26718,yolo_x_cpu,363
26719,yolo_x_cpu,316
26720,yolo_x_cpu,376
26721,yolo_x_cpu,305
26722,yolo_x_cpu,363
26723,yolo_x_cpu,307
26724,yolo_x_cpu,332
26725,yolo_x_cpu,272
26726,yolo_x_cpu,328
26727,yolo_x_cpu,647
26728,yolo_x_cpu,366
26729,yolo_x_cpu,334
26730,yolo_x_cpu,371
26731,yolo_x_cpu,373
26732,yolo_x_cpu,433
26733,yolo_x_cpu,326
26734,yolo_x_cpu,258
26735,yolo_x_cpu,276
26736,yolo_x_cpu,320
26737,yolo_x_cpu,276
26738,yolo_x_cpu,288
26739,yolo_x_cpu,295
26740,yolo_x_cpu,287
26741,yolo_x_cpu,300
26742,yolo_x_cpu,320
26743,yolo_x_cpu,253
26744,yolo_x_cpu,286
26745,yolo_x_cpu,290
26746,yolo_x_cpu,311
26747,yolo_x_cpu,211
26748,yolo_x_cpu,345
26749,yolo_x_cpu,254
26750,yolo_x_cpu,226
26751,yolo_x_cpu,232
26752,yolo_x_cpu,295
26753,yolo_x_cpu,282
26754,yolo_x_cpu,255
26755,yolo_x_cpu,283
26756,yolo_x_cpu,335
26757,yolo_x_cpu,329
26758,yolo_x_cpu,430
26759,yolo_x_cpu,284
26760,yolo_x_cpu,456
26761,yolo_x_cpu,305
26762,yolo_x_cpu,328
26763,yolo_x_cpu,296
26764,yolo_x_cpu,288
26765,yolo_x_cpu,248
26766,yolo_x_cpu,225
26767,yolo_x_cpu,292
26768,yolo_x_cpu,253
26769,yolo_x_cpu,284
26770,yolo_x_cpu,292
26771,yolo_x_cpu,223
26772,yolo_x_cpu,283
26773,yolo_x_cpu,324
26774,yolo_x_cpu,319
26775,yolo_x_cpu,347
26776,yolo_x_cpu,255
26777,yolo_x_cpu,251
26778,yolo_x_cpu,238
26779,yolo_x_cpu,217
26780,yolo_x_cpu,228
26781,yolo_x_cpu,347
26782,yolo_x_cpu,303
26783,yolo_x_cpu,283
26784,yolo_x_cpu,248
26785,yolo_x_cpu,224
26786,yolo_x_cpu,185
26787,yolo_x_cpu,157
26788,yolo_x_cpu,224
26789,yolo_x_cpu,227
26790,yolo_x_cpu,218
26791,yolo_x_cpu,443
26792,yolo_x_cpu,324
26793,yolo_x_cpu,248
26794,yolo_x_cpu,189
26795,yolo_x_cpu,241
26796,yolo_x_cpu,308
26797,yolo_x_cpu,227
26798,yolo_x_cpu,202
26799,yolo_x_cpu,147
26800,yolo_x_cpu,164
26801,yolo_x_cpu,260
26802,yolo_x_cpu,294
26803,yolo_x_cpu,270
26804,yolo_x_cpu,298
26805,yolo_x_cpu,268
26806,yolo_x_cpu,170
26807,yolo_x_cpu,199
26808,yolo_x_cpu,204
26809,yolo_x_cpu,191
26810,yolo_x_cpu,184
26811,yolo_x_cpu,194
26812,yolo_x_cpu,146
26813,yolo_x_cpu,232
26814,yolo_x_cpu,289
26815,yolo_x_cpu,208
26816,yolo_x_cpu,198
26817,yolo_x_cpu,155
26818,yolo_x_cpu,157
26819,yolo_x_cpu,159
26820,yolo_x_cpu,184
26821,yolo_x_cpu,154
26822,yolo_x_cpu,165
26823,yolo_x_cpu,119
26824,yolo_x_cpu,183
26825,yolo_x_cpu,185
26826,yolo_x_cpu,262
26827,yolo_x_cpu,138
26828,yolo_x_cpu,138
26829,yolo_x_cpu,193
26830,yolo_x_cpu,164
26831,yolo_x_cpu,168
26832,yolo_x_cpu,131
26833,yolo_x_cpu,148
26834,yolo_x_cpu,136
26835,yolo_x_cpu,104
26836,yolo_x_cpu,135
26837,yolo_x_cpu,146
26838,yolo_x_cpu,320
26839,yolo_x_cpu,184
26840,yolo_x_cpu,135
26841,yolo_x_cpu,83
26842,yolo_x_cpu,102
26843,yolo_x_cpu,103
26844,yolo_x_cpu,113
26845,yolo_x_cpu,90
26846,yolo_x_cpu,79
26847,yolo_x_cpu,141
26848,yolo_x_cpu,98
26849,yolo_x_cpu,77
26850,yolo_x_cpu,85
26851,yolo_x_cpu,75
26852,yolo_x_cpu,100
26853,yolo_x_cpu,79
26854,yolo_x_cpu,147
26855,yolo_x_cpu,98
26856,yolo_x_cpu,114
26857,yolo_x_cpu,124
26858,yolo_x_cpu,122
26859,yolo_x_cpu,91
26860,yolo_x_cpu,93
26861,yolo_x_cpu,56
26862,yolo_x_cpu,73
26863,yolo_x_cpu,78
26864,yolo_x_cpu,88
26865,yolo_x_cpu,66
26866,yolo_x_cpu,69
26867,yolo_x_cpu,124
26868,yolo_x_cpu,137
26869,yolo_x_cpu,109
26870,yolo_x_cpu,87
26871,yolo_x_cpu,55
26872,yolo_x_cpu,128
26873,yolo_x_cpu,80
26874,yolo_x_cpu,114
26875,yolo_x_cpu,98
26876,yolo_x_cpu,88
26877,yolo_x_cpu,104
26878,yolo_x_cpu,115
26879,yolo_x_cpu,112
26880,yolo_x_cpu,129
26881,yolo_x_cpu,109
26882,yolo_x_cpu,62
26883,yolo_x_cpu,88
26884,yolo_x_cpu,63
26885,yolo_x_cpu,70
26886,yolo_x_cpu,58
26887,yolo_x_cpu,63
26888,yolo_x_cpu,62
26889,yolo_x_cpu,111
26890,yolo_x_cpu,92
26891,yolo_x_cpu,98
26892,yolo_x_cpu,73
26893,yolo_x_cpu,53
26894,yolo_x_cpu,22
26895,yolo_x_cpu,54
26896,yolo_x_cpu,95
26897,yolo_x_cpu,74
26898,yolo_x_cpu,91
26899,yolo_x_cpu,51
26900,yolo_x_cpu,79
26901,yolo_x_cpu,73
26902,yolo_x_cpu,84
26903,yolo_x_cpu,39
26904,yolo_x_cpu,64
26905,yolo_x_cpu,58
26906,yolo_x_cpu,101
26907,yolo_x_cpu,65
26908,yolo_x_cpu,40
26909,yolo_x_cpu,39
26910,yolo_x_cpu,57
26911,yolo_x_cpu,87
26912,yolo_x_cpu,85
26913,yolo_x_cpu,103
26914,yolo_x_cpu,92
26915,yolo_x_cpu,75
26916,yolo_x_cpu,83
26917,yolo_x_cpu,23
26918,yolo_x_cpu,90
26919,yolo_x_cpu,135
26920,yolo_x_cpu,68
26921,yolo_x_cpu,90
26922,yolo_x_cpu,82
26923,yolo_x_cpu,123
26924,yolo_x_cpu,87
26925,yolo_x_cpu,90
26926,yolo_x_cpu,61
26927,yolo_x_cpu,62
26928,yolo_x_cpu,86
26929,yolo_x_cpu,43
26930,yolo_x_cpu,42
26931,yolo_x_cpu,42
26932,yolo_x_cpu,54
26933,yolo_x_cpu,41
26934,yolo_x_cpu,52
26935,yolo_x_cpu,27
26936,yolo_x_cpu,21
26937,yolo_x_cpu,35
26938,yolo_x_cpu,28
26939,yolo_x_cpu,36
26940,yolo_x_cpu,52
26941,yolo_x_cpu,62
26942,yolo_x_cpu,31
26943,yolo_x_cpu,35
26944,yolo_x_cpu,18
26945,yolo_x_cpu,14
26946,yolo_x_cpu,14
26947,yolo_x_cpu,24
26948,yolo_x_cpu,18
26949,yolo_x_cpu,36
26950,yolo_x_cpu,26
26951,yolo_x_cpu,50
26952,yolo_x_cpu,50
26953,yolo_x_cpu,49
26954,yolo_x_cpu,28
26955,yolo_x_cpu,54
26956,yolo_x_cpu,21
26957,yolo_x_cpu,41
26958,yolo_x_cpu,40
26959,yolo_x_cpu,23
26960,yolo_x_cpu,31
26961,yolo_x_cpu,11
26962,yolo_x_cpu,16
26963,yolo_x_cpu,16
26964,yolo_x_cpu,23
26965,yolo_x_cpu,26
26966,yolo_x_cpu,47
26967,yolo_x_cpu,16
26968,yolo_x_cpu,17
26969,yolo_x_cpu,23
26970,yolo_x_cpu,25
26971,yolo_x_cpu,16
26972,yolo_x_cpu,30
26973,yolo_x_cpu,20
26974,yolo_x_cpu,31
26975,yolo_x_cpu,14
26976,yolo_x_cpu,52
26977,yolo_x_cpu,19
26978,yolo_x_cpu,45
26979,yolo_x_cpu,59
26980,yolo_x_cpu,48
26981,yolo_x_cpu,33
26982,yolo_x_cpu,26
26983,yolo_x_cpu,24
26984,yolo_x_cpu,12
26985,yolo_x_cpu,15
26986,yolo_x_cpu,20
26987,yolo_x_cpu,8
26988,yolo_x_cpu,11
26989,yolo_x_cpu,12
26990,yolo_x_cpu,7
26991,yolo_x_cpu,7
26992,yolo_x_cpu,21
26993,yolo_x_cpu,52
26994,yolo_x_cpu,26
26995,yolo_x_cpu,40
26996,yolo_x_cpu,35
26997,yolo_x_cpu,18
26998,yolo_x_cpu,28
26999,yolo_x_cpu,11
27000,yolo_x_cpu,16
27001,yolo_x_cpu,28
27002,yolo_x_cpu,37
27003,yolo_x_cpu,23
27004,yolo_x_cpu,9
27005,yolo_x_cpu,12
27006,yolo_x_cpu,6
27007,yolo_x_cpu,11
27008,yolo_x_cpu,24
27009,yolo_x_cpu,30
27010,yolo_x_cpu,85
27011,yolo_x_cpu,8
27012,yolo_x_cpu,10
27013,yolo_x_cpu,1
27014,yolo_x_cpu,9
27015,yolo_x_cpu,4
27016,yolo_x_cpu,2
27017,yolo_x_cpu,7
27018,yolo_x_cpu,4
27019,yolo_x_cpu,15
27020,yolo_x_cpu,29
27021,yolo_x_cpu,22
27022,yolo_x_cpu,9
27023,yolo_x_cpu,10
27024,yolo_x_cpu,24
27025,yolo_x_cpu,4
27026,yolo_x_cpu,16
27027,yolo_x_cpu,10
27028,yolo_x_cpu,4
27029,yolo_x_cpu,6
27030,yolo_x_cpu,7
27031,yolo_x_cpu,22
27032,yolo_x_cpu,7
27033,yolo_x_cpu,6
27034,yolo_x_cpu,6
27035,yolo_x_cpu,18
27036,yolo_x_cpu,13
27037,yolo_x_cpu,38
27038,yolo_x_cpu,24
27039,yolo_x_cpu,13
27040,yolo_x_cpu,92
27041,yolo_x_cpu,2
27042,yolo_x_cpu,2
27043,yolo_x_cpu,4
27044,yolo_x_cpu,1
27045,yolo_x_cpu,2
27046,yolo_x_cpu,2
27047,yolo_x_cpu,2
27048,yolo_x_cpu,5
27049,yolo_x_cpu,12
27050,yolo_x_cpu,32
27051,yolo_x_cpu,28
27052,yolo_x_cpu,31
27053,yolo_x_cpu,9
27054,yolo_x_cpu,8
27055,yolo_x_cpu,3
27056,yolo_x_cpu,11
27057,yolo_x_cpu,9
27058,yolo_x_cpu,5
27059,yolo_x_cpu,2
27060,yolo_x_cpu,6
27061,yolo_x_cpu,6
27062,yolo_x_cpu,7
27063,yolo_x_cpu,12
27064,yolo_x_cpu,10
27065,yolo_x_cpu,3
27066,yolo_x_cpu,15
27067,yolo_x_cpu,7
27068,yolo_x_cpu,5
27069,yolo_x_cpu,5
27070,yolo_x_cpu,8
27071,yolo_x_cpu,15
27072,yolo_x_cpu,30
27073,yolo_x_cpu,19
27074,yolo_x_cpu,0
27075,yolo_x_cpu,11
27076,yolo_x_cpu,6
27077,yolo_x_cpu,15
27078,yolo_x_cpu,11
27079,yolo_x_cpu,4
27080,yolo_x_cpu,1
27081,yolo_x_cpu,8
27082,yolo_x_cpu,6
27083,yolo_x_cpu,81
27084,yolo_x_cpu,6
27085,yolo_x_cpu,4
27086,yolo_x_cpu,6
27087,yolo_x_cpu,4
27088,yolo_x_cpu,18
27089,yolo_x_cpu,7
27090,yolo_x_cpu,6
27091,yolo_x_cpu,15
27092,yolo_x_cpu,5
27093,yolo_x_cpu,3
27094,yolo_x_cpu,6
27095,yolo_x_cpu,22
27096,yolo_x_cpu,3
27097,yolo_x_cpu,1
27098,yolo_x_cpu,3
27099,yolo_x_cpu,3
27100,yolo_x_cpu,2
27101,yolo_x_cpu,6
27102,yolo_x_cpu,11
27103,yolo_x_cpu,2
27104,yolo_x_cpu,3
27105,yolo_x_cpu,0
27106,yolo_x_cpu,5
27107,yolo_x_cpu,0
27108,yolo_x_cpu,17
27109,yolo_x_cpu,9
27110,yolo_x_cpu,42
27111,yolo_x_cpu,6
27112,yolo_x_cpu,6
27113,yolo_x_cpu,24
27114,yolo_x_cpu,11
27115,yolo_x_cpu,1
27116,yolo_x_cpu,1
27117,yolo_x_cpu,3
27118,yolo_x_cpu,2
27119,yolo_x_cpu,3
27120,yolo_x_cpu,6
27121,yolo_x_cpu,10
27122,yolo_x_cpu,4
27123,yolo_x_cpu,8
27124,yolo_x_cpu,14
27125,yolo_x_cpu,16
27126,yolo_x_cpu,14
27127,yolo_x_cpu,77
27128,yolo_x_cpu,33
27129,yolo_x_cpu,24
27130,yolo_x_cpu,50
27131,yolo_x_cpu,11
27132,yolo_x_cpu,22
27133,yolo_x_cpu,6
27134,yolo_x_cpu,5
27135,yolo_x_cpu,24
27136,yolo_x_cpu,6
27137,yolo_x_cpu,6
27138,yolo_x_cpu,8
27139,yolo_x_cpu,20
27140,yolo_x_cpu,4
27141,yolo_x_cpu,6
27142,yolo_x_cpu,9
27143,yolo_x_cpu,3
27144,yolo_x_cpu,4
27145,yolo_x_cpu,8
27146,yolo_x_cpu,2
27147,yolo_x_cpu,15
27148,yolo_x_cpu,6
27149,yolo_x_cpu,5
27150,yolo_x_cpu,1
27151,yolo_x_cpu,4
27152,yolo_x_cpu,11
27153,yolo_x_cpu,9
27154,yolo_x_cpu,16
27155,yolo_x_cpu,12
27156,yolo_x_cpu,9
27157,yolo_x_cpu,14
27158,yolo_x_cpu,11
27159,yolo_x_cpu,6
27160,yolo_x_cpu,2
27161,yolo_x_cpu,13
27162,yolo_x_cpu,2
27163,yolo_x_cpu,6
27164,yolo_x_cpu,7
27165,yolo_x_cpu,13
27166,yolo_x_cpu,21
27167,yolo_x_cpu,18
27168,yolo_x_cpu,2
27169,yolo_x_cpu,8
27170,yolo_x_cpu,4
27171,yolo_x_cpu,6
27172,yolo_x_cpu,8
27173,yolo_x_cpu,12
27174,yolo_x_cpu,10
27175,yolo_x_cpu,7
27176,yolo_x_cpu,10
27177,yolo_x_cpu,15
27178,yolo_x_cpu,20
27179,yolo_x_cpu,7
27180,yolo_x_cpu,6
27181,yolo_x_cpu,7
27182,yolo_x_cpu,6
27183,yolo_x_cpu,26
27184,yolo_x_cpu,20
27185,yolo_x_cpu,6
27186,yolo_x_cpu,9
27187,yolo_x_cpu,16
27188,yolo_x_cpu,8
27189,yolo_x_cpu,19
27190,yolo_x_cpu,21
27191,yolo_x_cpu,28
27192,yolo_x_cpu,45
27193,yolo_x_cpu,7
27194,yolo_x_cpu,0
27195,yolo_x_cpu,9
27196,yolo_x_cpu,25
27197,yolo_x_cpu,22
27198,yolo_x_cpu,6
27199,yolo_x_cpu,7
27200,yolo_x_cpu,26
27201,yolo_x_cpu,33
27202,yolo_x_cpu,13
27203,yolo_x_cpu,8
27204,yolo_x_cpu,22
27205,yolo_x_cpu,8
27206,yolo_x_cpu,4
27207,yolo_x_cpu,16
27208,yolo_x_cpu,7
27209,yolo_x_cpu,13
27210,yolo_x_cpu,14
27211,yolo_x_cpu,4
27212,yolo_x_cpu,26
27213,yolo_x_cpu,17
27214,yolo_x_cpu,23
27215,yolo_x_cpu,10
27216,yolo_x_cpu,15
27217,yolo_x_cpu,13
27218,yolo_x_cpu,19
27219,yolo_x_cpu,29
27220,yolo_x_cpu,27
27221,yolo_x_cpu,24
27222,yolo_x_cpu,27
27223,yolo_x_cpu,25
27224,yolo_x_cpu,33
27225,yolo_x_cpu,50
27226,yolo_x_cpu,37
27227,yolo_x_cpu,35
27228,yolo_x_cpu,50
27229,yolo_x_cpu,31
27230,yolo_x_cpu,56
27231,yolo_x_cpu,55
27232,yolo_x_cpu,17
27233,yolo_x_cpu,20
27234,yolo_x_cpu,30
27235,yolo_x_cpu,19
27236,yolo_x_cpu,15
27237,yolo_x_cpu,20
27238,yolo_x_cpu,25
27239,yolo_x_cpu,13
27240,yolo_x_cpu,25
27241,yolo_x_cpu,32
27242,yolo_x_cpu,25
27243,yolo_x_cpu,20
27244,yolo_x_cpu,34
27245,yolo_x_cpu,38
27246,yolo_x_cpu,9
27247,yolo_x_cpu,7
27248,yolo_x_cpu,18
27249,yolo_x_cpu,27
27250,yolo_x_cpu,23
27251,yolo_x_cpu,31
27252,yolo_x_cpu,14
27253,yolo_x_cpu,25
27254,yolo_x_cpu,67
27255,yolo_x_cpu,34
27256,yolo_x_cpu,45
27257,yolo_x_cpu,52
27258,yolo_x_cpu,59
27259,yolo_x_cpu,44
27260,yolo_x_cpu,79
27261,yolo_x_cpu,38
27262,yolo_x_cpu,43
27263,yolo_x_cpu,28
27264,yolo_x_cpu,17
27265,yolo_x_cpu,34
27266,yolo_x_cpu,32
27267,yolo_x_cpu,31
27268,yolo_x_cpu,32
27269,yolo_x_cpu,35
27270,yolo_x_cpu,54
27271,yolo_x_cpu,121
27272,yolo_x_cpu,52
27273,yolo_x_cpu,42
27274,yolo_x_cpu,29
27275,yolo_x_cpu,14
27276,yolo_x_cpu,34
27277,yolo_x_cpu,45
27278,yolo_x_cpu,39
27279,yolo_x_cpu,97
27280,yolo_x_cpu,31
27281,yolo_x_cpu,37
27282,yolo_x_cpu,35
27283,yolo_x_cpu,29
27284,yolo_x_cpu,28
27285,yolo_x_cpu,51
27286,yolo_x_cpu,40
27287,yolo_x_cpu,55
27288,yolo_x_cpu,47
27289,yolo_x_cpu,22
27290,yolo_x_cpu,60
27291,yolo_x_cpu,64
27292,yolo_x_cpu,40
27293,yolo_x_cpu,73
27294,yolo_x_cpu,65
27295,yolo_x_cpu,105
27296,yolo_x_cpu,61
27297,yolo_x_cpu,65
27298,yolo_x_cpu,54
27299,yolo_x_cpu,86
27300,yolo_x_cpu,112
27301,yolo_x_cpu,93
27302,yolo_x_cpu,44
27303,yolo_x_cpu,78
27304,yolo_x_cpu,59
27305,yolo_x_cpu,71
27306,yolo_x_cpu,48
27307,yolo_x_cpu,46
27308,yolo_x_cpu,58
27309,yolo_x_cpu,66
27310,yolo_x_cpu,82
27311,yolo_x_cpu,127
27312,yolo_x_cpu,135
27313,yolo_x_cpu,71
27314,yolo_x_cpu,68
27315,yolo_x_cpu,95
27316,yolo_x_cpu,144
27317,yolo_x_cpu,137
27318,yolo_x_cpu,245
27319,yolo_x_cpu,160
27320,yolo_x_cpu,72
27321,yolo_x_cpu,51
27322,yolo_x_cpu,46
27323,yolo_x_cpu,70
27324,yolo_x_cpu,56
27325,yolo_x_cpu,82
27326,yolo_x_cpu,72
27327,yolo_x_cpu,77
27328,yolo_x_cpu,100
27329,yolo_x_cpu,110
27330,yolo_x_cpu,60
27331,yolo_x_cpu,77
27332,yolo_x_cpu,92
27333,yolo_x_cpu,51
27334,yolo_x_cpu,104
27335,yolo_x_cpu,93
27336,yolo_x_cpu,137
27337,yolo_x_cpu,64
27338,yolo_x_cpu,77
27339,yolo_x_cpu,60
27340,yolo_x_cpu,65
27341,yolo_x_cpu,72
27342,yolo_x_cpu,52
27343,yolo_x_cpu,39
27344,yolo_x_cpu,65
27345,yolo_x_cpu,79
27346,yolo_x_cpu,55
27347,yolo_x_cpu,94
27348,yolo_x_cpu,92
27349,yolo_x_cpu,109
27350,yolo_x_cpu,94
27351,yolo_x_cpu,107
27352,yolo_x_cpu,66
27353,yolo_x_cpu,87
27354,yolo_x_cpu,99
27355,yolo_x_cpu,100
27356,yolo_x_cpu,99
27357,yolo_x_cpu,86
27358,yolo_x_cpu,86
27359,yolo_x_cpu,91
27360,yolo_x_cpu,138
27361,yolo_x_cpu,129
27362,yolo_x_cpu,80
27363,yolo_x_cpu,118
27364,yolo_x_cpu,121
27365,yolo_x_cpu,97
27366,yolo_x_cpu,88
27367,yolo_x_cpu,105
27368,yolo_x_cpu,128
27369,yolo_x_cpu,174
27370,yolo_x_cpu,118
27371,yolo_x_cpu,183
27372,yolo_x_cpu,149
27373,yolo_x_cpu,134
27374,yolo_x_cpu,111
27375,yolo_x_cpu,98
27376,yolo_x_cpu,105
27377,yolo_x_cpu,107
27378,yolo_x_cpu,121
27379,yolo_x_cpu,147
27380,yolo_x_cpu,126
27381,yolo_x_cpu,78
27382,yolo_x_cpu,88
27383,yolo_x_cpu,97
27384,yolo_x_cpu,83
27385,yolo_x_cpu,82
27386,yolo_x_cpu,101
27387,yolo_x_cpu,102
27388,yolo_x_cpu,112
27389,yolo_x_cpu,133
27390,yolo_x_cpu,122
27391,yolo_x_cpu,130
27392,yolo_x_cpu,163
27393,yolo_x_cpu,112
27394,yolo_x_cpu,133
27395,yolo_x_cpu,165
27396,yolo_x_cpu,146
27397,yolo_x_cpu,137
27398,yolo_x_cpu,239
27399,yolo_x_cpu,272
27400,yolo_x_cpu,217
27401,yolo_x_cpu,266
27402,yolo_x_cpu,202
27403,yolo_x_cpu,132
27404,yolo_x_cpu,128
27405,yolo_x_cpu,136
27406,yolo_x_cpu,214
27407,yolo_x_cpu,245
27408,yolo_x_cpu,127
27409,yolo_x_cpu,136
27410,yolo_x_cpu,147
27411,yolo_x_cpu,159
27412,yolo_x_cpu,125
27413,yolo_x_cpu,125
27414,yolo_x_cpu,178
27415,yolo_x_cpu,232
27416,yolo_x_cpu,154
27417,yolo_x_cpu,196
27418,yolo_x_cpu,129
27419,yolo_x_cpu,122
27420,yolo_x_cpu,136
27421,yolo_x_cpu,236
27422,yolo_x_cpu,223
27423,yolo_x_cpu,196
27424,yolo_x_cpu,221
27425,yolo_x_cpu,220
27426,yolo_x_cpu,245
27427,yolo_x_cpu,191
27428,yolo_x_cpu,238
27429,yolo_x_cpu,228
27430,yolo_x_cpu,283
27431,yolo_x_cpu,233
27432,yolo_x_cpu,192
27433,yolo_x_cpu,252
27434,yolo_x_cpu,195
27435,yolo_x_cpu,160
27436,yolo_x_cpu,172
27437,yolo_x_cpu,189
27438,yolo_x_cpu,129
27439,yolo_x_cpu,145
27440,yolo_x_cpu,174
27441,yolo_x_cpu,104
27442,yolo_x_cpu,175
27443,yolo_x_cpu,137
27444,yolo_x_cpu,126
27445,yolo_x_cpu,189
27446,yolo_x_cpu,208
27447,yolo_x_cpu,220
27448,yolo_x_cpu,150
27449,yolo_x_cpu,201
27450,yolo_x_cpu,245
27451,yolo_x_cpu,213
27452,yolo_x_cpu,145
27453,yolo_x_cpu,177
27454,yolo_x_cpu,249
27455,yolo_x_cpu,353
27456,yolo_x_cpu,245
27457,yolo_x_cpu,198
27458,yolo_x_cpu,189
27459,yolo_x_cpu,163
27460,yolo_x_cpu,216
27461,yolo_x_cpu,200
27462,yolo_x_cpu,207
27463,yolo_x_cpu,248
27464,yolo_x_cpu,250
27465,yolo_x_cpu,227
27466,yolo_x_cpu,225
27467,yolo_x_cpu,170
27468,yolo_x_cpu,190
27469,yolo_x_cpu,254
27470,yolo_x_cpu,189
27471,yolo_x_cpu,214
27472,yolo_x_cpu,219
27473,yolo_x_cpu,249
27474,yolo_x_cpu,264
27475,yolo_x_cpu,249
27476,yolo_x_cpu,196
27477,yolo_x_cpu,220
27478,yolo_x_cpu,264
27479,yolo_x_cpu,175
27480,yolo_x_cpu,217
27481,yolo_x_cpu,193
27482,yolo_x_cpu,198
27483,yolo_x_cpu,136
27484,yolo_x_cpu,155
27485,yolo_x_cpu,215
27486,yolo_x_cpu,163
27487,yolo_x_cpu,198
27488,yolo_x_cpu,181
27489,yolo_x_cpu,267
27490,yolo_x_cpu,190
27491,yolo_x_cpu,258
27492,yolo_x_cpu,205
27493,yolo_x_cpu,165
27494,yolo_x_cpu,215
27495,yolo_x_cpu,175
27496,yolo_x_cpu,162
27497,yolo_x_cpu,179
27498,yolo_x_cpu,168
27499,yolo_x_cpu,257
27500,yolo_x_cpu,317
27501,yolo_x_cpu,293
27502,yolo_x_cpu,180
27503,yolo_x_cpu,135
27504,yolo_x_cpu,167
27505,yolo_x_cpu,185
27506,yolo_x_cpu,284
27507,yolo_x_cpu,189
27508,yolo_x_cpu,268
27509,yolo_x_cpu,239
27510,yolo_x_cpu,188
27511,yolo_x_cpu,259
27512,yolo_x_cpu,268
27513,yolo_x_cpu,386
27514,yolo_x_cpu,257
27515,yolo_x_cpu,318
27516,yolo_x_cpu,225
27517,yolo_x_cpu,139
27518,yolo_x_cpu,166
27519,yolo_x_cpu,123
27520,yolo_x_cpu,229
27521,yolo_x_cpu,346
27522,yolo_x_cpu,165
27523,yolo_x_cpu,250
27524,yolo_x_cpu,160
27525,yolo_x_cpu,208
27526,yolo_x_cpu,242
27527,yolo_x_cpu,186
27528,yolo_x_cpu,117
27529,yolo_x_cpu,187
27530,yolo_x_cpu,165
27531,yolo_x_cpu,224
27532,yolo_x_cpu,153
27533,yolo_x_cpu,217
27534,yolo_x_cpu,220
27535,yolo_x_cpu,203
27536,yolo_x_cpu,202
27537,yolo_x_cpu,126
27538,yolo_x_cpu,210
27539,yolo_x_cpu,224
27540,yolo_x_cpu,186
27541,yolo_x_cpu,169
27542,yolo_x_cpu,217
27543,yolo_x_cpu,202
27544,yolo_x_cpu,269
27545,yolo_x_cpu,185
27546,yolo_x_cpu,260
27547,yolo_x_cpu,144
27548,yolo_x_cpu,219
27549,yolo_x_cpu,201
27550,yolo_x_cpu,246
27551,yolo_x_cpu,158
27552,yolo_x_cpu,142
27553,yolo_x_cpu,166
27554,yolo_x_cpu,213
27555,yolo_x_cpu,158
27556,yolo_x_cpu,198
27557,yolo_x_cpu,200
27558,yolo_x_cpu,217
27559,yolo_x_cpu,225
27560,yolo_x_cpu,209
27561,yolo_x_cpu,165
27562,yolo_x_cpu,169
27563,yolo_x_cpu,171
27564,yolo_x_cpu,206
27565,yolo_x_cpu,197
27566,yolo_x_cpu,131
27567,yolo_x_cpu,161
27568,yolo_x_cpu,163
27569,yolo_x_cpu,164
27570,yolo_x_cpu,181
27571,yolo_x_cpu,195
27572,yolo_x_cpu,179
27573,yolo_x_cpu,156
27574,yolo_x_cpu,180
27575,yolo_x_cpu,144
27576,yolo_x_cpu,145
27577,yolo_x_cpu,159
27578,yolo_x_cpu,259
27579,yolo_x_cpu,163
27580,yolo_x_cpu,163
27581,yolo_x_cpu,207
27582,yolo_x_cpu,136
27583,yolo_x_cpu,160
27584,yolo_x_cpu,171
27585,yolo_x_cpu,169
27586,yolo_x_cpu,121
27587,yolo_x_cpu,129
27588,yolo_x_cpu,123
27589,yolo_x_cpu,133
27590,yolo_x_cpu,217
27591,yolo_x_cpu,171
27592,yolo_x_cpu,228
27593,yolo_x_cpu,160
27594,yolo_x_cpu,259
27595,yolo_x_cpu,213
27596,yolo_x_cpu,176
27597,yolo_x_cpu,181
27598,yolo_x_cpu,131
27599,yolo_x_cpu,152
27600,yolo_x_cpu,160
27601,yolo_x_cpu,208
27602,yolo_x_cpu,118
27603,yolo_x_cpu,128
27604,yolo_x_cpu,81
27605,yolo_x_cpu,148
27606,yolo_x_cpu,142
27607,yolo_x_cpu,229
27608,yolo_x_cpu,221
27609,yolo_x_cpu,166
27610,yolo_x_cpu,118
27611,yolo_x_cpu,145
27612,yolo_x_cpu,184
27613,yolo_x_cpu,166
27614,yolo_x_cpu,233
27615,yolo_x_cpu,140
27616,yolo_x_cpu,204
27617,yolo_x_cpu,198
27618,yolo_x_cpu,300
27619,yolo_x_cpu,210
27620,yolo_x_cpu,304
27621,yolo_x_cpu,267
27622,yolo_x_cpu,237
27623,yolo_x_cpu,236
27624,yolo_x_cpu,245
27625,yolo_x_cpu,182
27626,yolo_x_cpu,186
27627,yolo_x_cpu,170
27628,yolo_x_cpu,120
27629,yolo_x_cpu,126
27630,yolo_x_cpu,193
27631,yolo_x_cpu,230
27632,yolo_x_cpu,223
27633,yolo_x_cpu,270
27634,yolo_x_cpu,253
27635,yolo_x_cpu,170
27636,yolo_x_cpu,218
27637,yolo_x_cpu,202
27638,yolo_x_cpu,262
27639,yolo_x_cpu,231
27640,yolo_x_cpu,307
27641,yolo_x_cpu,205
27642,yolo_x_cpu,224
27643,yolo_x_cpu,170
27644,yolo_x_cpu,261
27645,yolo_x_cpu,159
27646,yolo_x_cpu,227
27647,yolo_x_cpu,262
27648,yolo_x_cpu,218
27649,yolo_x_cpu,220
27650,yolo_x_cpu,177
27651,yolo_x_cpu,184
27652,yolo_x_cpu,172
27653,yolo_x_cpu,239
27654,yolo_x_cpu,190
27655,yolo_x_cpu,202
27656,yolo_x_cpu,210
27657,yolo_x_cpu,193
27658,yolo_x_cpu,211
27659,yolo_x_cpu,168
27660,yolo_x_cpu,186
27661,yolo_x_cpu,156
27662,yolo_x_cpu,248
27663,yolo_x_cpu,252
27664,yolo_x_cpu,435
27665,yolo_x_cpu,329
27666,yolo_x_cpu,218
27667,yolo_x_cpu,196
27668,yolo_x_cpu,159
27669,yolo_x_cpu,182
27670,yolo_x_cpu,139
27671,yolo_x_cpu,176
27672,yolo_x_cpu,195
27673,yolo_x_cpu,169
27674,yolo_x_cpu,181
27675,yolo_x_cpu,146
27676,yolo_x_cpu,232
27677,yolo_x_cpu,299
27678,yolo_x_cpu,255
27679,yolo_x_cpu,187
27680,yolo_x_cpu,140
27681,yolo_x_cpu,166
27682,yolo_x_cpu,172
27683,yolo_x_cpu,216
27684,yolo_x_cpu,152
27685,yolo_x_cpu,181
27686,yolo_x_cpu,161
27687,yolo_x_cpu,163
27688,yolo_x_cpu,169
27689,yolo_x_cpu,191
27690,yolo_x_cpu,219
27691,yolo_x_cpu,124
27692,yolo_x_cpu,111
27693,yolo_x_cpu,164
27694,yolo_x_cpu,206
27695,yolo_x_cpu,269
27696,yolo_x_cpu,163
27697,yolo_x_cpu,116
27698,yolo_x_cpu,138
27699,yolo_x_cpu,119
27700,yolo_x_cpu,209
27701,yolo_x_cpu,230
27702,yolo_x_cpu,340
27703,yolo_x_cpu,404
27704,yolo_x_cpu,408
27705,yolo_x_cpu,265
27706,yolo_x_cpu,239
27707,yolo_x_cpu,230
27708,yolo_x_cpu,215
27709,yolo_x_cpu,170
27710,yolo_x_cpu,210
27711,yolo_x_cpu,226
27712,yolo_x_cpu,224
27713,yolo_x_cpu,131
27714,yolo_x_cpu,249
27715,yolo_x_cpu,158
27716,yolo_x_cpu,191
27717,yolo_x_cpu,161
27718,yolo_x_cpu,220
27719,yolo_x_cpu,159
27720,yolo_x_cpu,261
27721,yolo_x_cpu,135
27722,yolo_x_cpu,148
27723,yolo_x_cpu,122
27724,yolo_x_cpu,127
27725,yolo_x_cpu,187
27726,yolo_x_cpu,177
27727,yolo_x_cpu,190
27728,yolo_x_cpu,148
27729,yolo_x_cpu,208
27730,yolo_x_cpu,191
27731,yolo_x_cpu,171
27732,yolo_x_cpu,224
27733,yolo_x_cpu,159
27734,yolo_x_cpu,190
27735,yolo_x_cpu,210
27736,yolo_x_cpu,203
27737,yolo_x_cpu,188
27738,yolo_x_cpu,191
27739,yolo_x_cpu,192
27740,yolo_x_cpu,165
27741,yolo_x_cpu,163
27742,yolo_x_cpu,159
27743,yolo_x_cpu,222
27744,yolo_x_cpu,165
27745,yolo_x_cpu,180
27746,yolo_x_cpu,212
27747,yolo_x_cpu,279
27748,yolo_x_cpu,185
27749,yolo_x_cpu,184
27750,yolo_x_cpu,182
27751,yolo_x_cpu,146
27752,yolo_x_cpu,186
27753,yolo_x_cpu,199
27754,yolo_x_cpu,159
27755,yolo_x_cpu,186
27756,yolo_x_cpu,176
27757,yolo_x_cpu,135
27758,yolo_x_cpu,204
27759,yolo_x_cpu,144
27760,yolo_x_cpu,170
27761,yolo_x_cpu,155
27762,yolo_x_cpu,214
27763,yolo_x_cpu,212
27764,yolo_x_cpu,185
27765,yolo_x_cpu,207
27766,yolo_x_cpu,125
27767,yolo_x_cpu,115
27768,yolo_x_cpu,121
27769,yolo_x_cpu,141
27770,yolo_x_cpu,153
27771,yolo_x_cpu,236
27772,yolo_x_cpu,198
27773,yolo_x_cpu,173
27774,yolo_x_cpu,116
27775,yolo_x_cpu,194
27776,yolo_x_cpu,222
27777,yolo_x_cpu,226
27778,yolo_x_cpu,159
27779,yolo_x_cpu,239
27780,yolo_x_cpu,150
27781,yolo_x_cpu,152
27782,yolo_x_cpu,244
27783,yolo_x_cpu,163
27784,yolo_x_cpu,134
27785,yolo_x_cpu,181
27786,yolo_x_cpu,368
27787,yolo_x_cpu,269
27788,yolo_x_cpu,164
27789,yolo_x_cpu,178
27790,yolo_x_cpu,169
27791,yolo_x_cpu,152
27792,yolo_x_cpu,190
27793,yolo_x_cpu,160
27794,yolo_x_cpu,180
27795,yolo_x_cpu,172
27796,yolo_x_cpu,182
27797,yolo_x_cpu,170
27798,yolo_x_cpu,138
27799,yolo_x_cpu,205
27800,yolo_x_cpu,146
27801,yolo_x_cpu,132
27802,yolo_x_cpu,149
27803,yolo_x_cpu,117
27804,yolo_x_cpu,145
27805,yolo_x_cpu,146
27806,yolo_x_cpu,136
27807,yolo_x_cpu,152
27808,yolo_x_cpu,176
27809,yolo_x_cpu,124
27810,yolo_x_cpu,135
27811,yolo_x_cpu,122
27812,yolo_x_cpu,149
27813,yolo_x_cpu,160
27814,yolo_x_cpu,164
27815,yolo_x_cpu,114
27816,yolo_x_cpu,183
27817,yolo_x_cpu,145
27818,yolo_x_cpu,161
27819,yolo_x_cpu,185
27820,yolo_x_cpu,142
27821,yolo_x_cpu,221
27822,yolo_x_cpu,354
27823,yolo_x_cpu,281
27824,yolo_x_cpu,307
27825,yolo_x_cpu,185
27826,yolo_x_cpu,185
27827,yolo_x_cpu,189
27828,yolo_x_cpu,155
27829,yolo_x_cpu,206
27830,yolo_x_cpu,176
27831,yolo_x_cpu,214
27832,yolo_x_cpu,230
27833,yolo_x_cpu,257
27834,yolo_x_cpu,220
27835,yolo_x_cpu,212
27836,yolo_x_cpu,84
27837,yolo_x_cpu,158
27838,yolo_x_cpu,191
27839,yolo_x_cpu,156
27840,yolo_x_cpu,181
27841,yolo_x_cpu,188
27842,yolo_x_cpu,316
27843,yolo_x_cpu,188
27844,yolo_x_cpu,236
27845,yolo_x_cpu,312
27846,yolo_x_cpu,234
27847,yolo_x_cpu,310
27848,yolo_x_cpu,220
27849,yolo_x_cpu,187
27850,yolo_x_cpu,150
27851,yolo_x_cpu,173
27852,yolo_x_cpu,186
27853,yolo_x_cpu,168
27854,yolo_x_cpu,165
27855,yolo_x_cpu,173
27856,yolo_x_cpu,184
27857,yolo_x_cpu,160
27858,yolo_x_cpu,203
27859,yolo_x_cpu,151
27860,yolo_x_cpu,247
27861,yolo_x_cpu,231
27862,yolo_x_cpu,237
27863,yolo_x_cpu,214
27864,yolo_x_cpu,141
27865,yolo_x_cpu,134
27866,yolo_x_cpu,184
27867,yolo_x_cpu,166
27868,yolo_x_cpu,151
27869,yolo_x_cpu,237
27870,yolo_x_cpu,158
27871,yolo_x_cpu,145
27872,yolo_x_cpu,101
27873,yolo_x_cpu,237
27874,yolo_x_cpu,232
27875,yolo_x_cpu,163
27876,yolo_x_cpu,150
27877,yolo_x_cpu,327
27878,yolo_x_cpu,242
27879,yolo_x_cpu,144
27880,yolo_x_cpu,222
27881,yolo_x_cpu,143
27882,yolo_x_cpu,200
27883,yolo_x_cpu,240
27884,yolo_x_cpu,215
27885,yolo_x_cpu,240
27886,yolo_x_cpu,179
27887,yolo_x_cpu,186
27888,yolo_x_cpu,122
27889,yolo_x_cpu,103
27890,yolo_x_cpu,149
27891,yolo_x_cpu,118
27892,yolo_x_cpu,230
27893,yolo_x_cpu,157
27894,yolo_x_cpu,153
27895,yolo_x_cpu,187
27896,yolo_x_cpu,189
27897,yolo_x_cpu,304
27898,yolo_x_cpu,185
27899,yolo_x_cpu,187
27900,yolo_x_cpu,210
27901,yolo_x_cpu,255
27902,yolo_x_cpu,258
27903,yolo_x_cpu,238
27904,yolo_x_cpu,199
27905,yolo_x_cpu,186
27906,yolo_x_cpu,151
27907,yolo_x_cpu,180
27908,yolo_x_cpu,129
27909,yolo_x_cpu,168
27910,yolo_x_cpu,133
27911,yolo_x_cpu,138
27912,yolo_x_cpu,130
27913,yolo_x_cpu,220
27914,yolo_x_cpu,229
27915,yolo_x_cpu,204
27916,yolo_x_cpu,264
27917,yolo_x_cpu,197
27918,yolo_x_cpu,177
27919,yolo_x_cpu,199
27920,yolo_x_cpu,200
27921,yolo_x_cpu,203
27922,yolo_x_cpu,202
27923,yolo_x_cpu,175
27924,yolo_x_cpu,167
27925,yolo_x_cpu,144
27926,yolo_x_cpu,195
27927,yolo_x_cpu,282
27928,yolo_x_cpu,198
27929,yolo_x_cpu,190
27930,yolo_x_cpu,199
27931,yolo_x_cpu,154
27932,yolo_x_cpu,179
27933,yolo_x_cpu,201
27934,yolo_x_cpu,238
27935,yolo_x_cpu,255
27936,yolo_x_cpu,338
27937,yolo_x_cpu,264
27938,yolo_x_cpu,201
27939,yolo_x_cpu,194
27940,yolo_x_cpu,164
27941,yolo_x_cpu,155
27942,yolo_x_cpu,194
27943,yolo_x_cpu,145
27944,yolo_x_cpu,205
27945,yolo_x_cpu,184
27946,yolo_x_cpu,127
27947,yolo_x_cpu,187
27948,yolo_x_cpu,255
27949,yolo_x_cpu,226
27950,yolo_x_cpu,220
27951,yolo_x_cpu,269
27952,yolo_x_cpu,297
27953,yolo_x_cpu,282
27954,yolo_x_cpu,234
27955,yolo_x_cpu,275
27956,yolo_x_cpu,171
27957,yolo_x_cpu,249
27958,yolo_x_cpu,202
27959,yolo_x_cpu,179
27960,yolo_x_cpu,189
27961,yolo_x_cpu,197
27962,yolo_x_cpu,220
27963,yolo_x_cpu,253
27964,yolo_x_cpu,216
27965,yolo_x_cpu,212
27966,yolo_x_cpu,213
27967,yolo_x_cpu,228
27968,yolo_x_cpu,197
27969,yolo_x_cpu,214
27970,yolo_x_cpu,211
27971,yolo_x_cpu,182
27972,yolo_x_cpu,269
27973,yolo_x_cpu,220
27974,yolo_x_cpu,234
27975,yolo_x_cpu,133
27976,yolo_x_cpu,171
27977,yolo_x_cpu,333
27978,yolo_x_cpu,319
27979,yolo_x_cpu,250
27980,yolo_x_cpu,258
27981,yolo_x_cpu,337
27982,yolo_x_cpu,362
27983,yolo_x_cpu,250
27984,yolo_x_cpu,262
27985,yolo_x_cpu,235
27986,yolo_x_cpu,210
27987,yolo_x_cpu,180
27988,yolo_x_cpu,245
27989,yolo_x_cpu,258
27990,yolo_x_cpu,338
27991,yolo_x_cpu,308
27992,yolo_x_cpu,277
27993,yolo_x_cpu,248
27994,yolo_x_cpu,187
27995,yolo_x_cpu,304
27996,yolo_x_cpu,295
27997,yolo_x_cpu,246
27998,yolo_x_cpu,224
27999,yolo_x_cpu,363
28000,yolo_x_cpu,252
28001,yolo_x_cpu,343
28002,yolo_x_cpu,290
28003,yolo_x_cpu,234
28004,yolo_x_cpu,244
28005,yolo_x_cpu,225
28006,yolo_x_cpu,180
28007,yolo_x_cpu,284
28008,yolo_x_cpu,292
28009,yolo_x_cpu,213
28010,yolo_x_cpu,263
28011,yolo_x_cpu,312
28012,yolo_x_cpu,336
28013,yolo_x_cpu,299
28014,yolo_x_cpu,266
28015,yolo_x_cpu,327
28016,yolo_x_cpu,333
28017,yolo_x_cpu,311
28018,yolo_x_cpu,336
28019,yolo_x_cpu,292
28020,yolo_x_cpu,293
28021,yolo_x_cpu,265
28022,yolo_x_cpu,250
28023,yolo_x_cpu,246
28024,yolo_x_cpu,242
28025,yolo_x_cpu,214
28026,yolo_x_cpu,244
28027,yolo_x_cpu,171
28028,yolo_x_cpu,265
28029,yolo_x_cpu,309
28030,yolo_x_cpu,242
28031,yolo_x_cpu,290
28032,yolo_x_cpu,305
28033,yolo_x_cpu,274
28034,yolo_x_cpu,322
28035,yolo_x_cpu,232
28036,yolo_x_cpu,235
28037,yolo_x_cpu,201
28038,yolo_x_cpu,215
28039,yolo_x_cpu,213
28040,yolo_x_cpu,249
28041,yolo_x_cpu,350
28042,yolo_x_cpu,239
28043,yolo_x_cpu,310
28044,yolo_x_cpu,259
28045,yolo_x_cpu,281
28046,yolo_x_cpu,257
28047,yolo_x_cpu,278
28048,yolo_x_cpu,331
28049,yolo_x_cpu,341
28050,yolo_x_cpu,347
28051,yolo_x_cpu,356
28052,yolo_x_cpu,383
28053,yolo_x_cpu,390
28054,yolo_x_cpu,357
28055,yolo_x_cpu,322
28056,yolo_x_cpu,353
28057,yolo_x_cpu,334
28058,yolo_x_cpu,389
28059,yolo_x_cpu,299
28060,yolo_x_cpu,380
28061,yolo_x_cpu,355
28062,yolo_x_cpu,256
28063,yolo_x_cpu,299
28064,yolo_x_cpu,377
28065,yolo_x_cpu,374
28066,yolo_x_cpu,296
28067,yolo_x_cpu,297
28068,yolo_x_cpu,366
28069,yolo_x_cpu,316
28070,yolo_x_cpu,374
28071,yolo_x_cpu,302
28072,yolo_x_cpu,327
28073,yolo_x_cpu,315
28074,yolo_x_cpu,453
28075,yolo_x_cpu,423
28076,yolo_x_cpu,408
28077,yolo_x_cpu,300
28078,yolo_x_cpu,304
28079,yolo_x_cpu,307
28080,yolo_x_cpu,380
28081,yolo_x_cpu,426
28082,yolo_x_cpu,261
28083,yolo_x_cpu,286
28084,yolo_x_cpu,256
28085,yolo_x_cpu,270
28086,yolo_x_cpu,269
28087,yolo_x_cpu,326
28088,yolo_x_cpu,336
28089,yolo_x_cpu,324
28090,yolo_x_cpu,335
28091,yolo_x_cpu,290
28092,yolo_x_cpu,323
28093,yolo_x_cpu,360
28094,yolo_x_cpu,302
28095,yolo_x_cpu,407
28096,yolo_x_cpu,271
28097,yolo_x_cpu,323
28098,yolo_x_cpu,326
28099,yolo_x_cpu,470
28100,yolo_x_cpu,497
28101,yolo_x_cpu,455
28102,yolo_x_cpu,499
28103,yolo_x_cpu,548
28104,yolo_x_cpu,341
28105,yolo_x_cpu,466
28106,yolo_x_cpu,394
28107,yolo_x_cpu,356
28108,yolo_x_cpu,279
28109,yolo_x_cpu,378
28110,yolo_x_cpu,301
28111,yolo_x_cpu,455
28112,yolo_x_cpu,538
28113,yolo_x_cpu,443
28114,yolo_x_cpu,360
28115,yolo_x_cpu,372
28116,yolo_x_cpu,424
28117,yolo_x_cpu,439
28118,yolo_x_cpu,443
28119,yolo_x_cpu,385
28120,yolo_x_cpu,441
28121,yolo_x_cpu,447
28122,yolo_x_cpu,381
28123,yolo_x_cpu,416
28124,yolo_x_cpu,439
28125,yolo_x_cpu,441
28126,yolo_x_cpu,293
28127,yolo_x_cpu,424
28128,yolo_x_cpu,453
28129,yolo_x_cpu,313
28130,yolo_x_cpu,450
28131,yolo_x_cpu,393
28132,yolo_x_cpu,397
28133,yolo_x_cpu,340
28134,yolo_x_cpu,385
28135,yolo_x_cpu,386
28136,yolo_x_cpu,345
28137,yolo_x_cpu,411
28138,yolo_x_cpu,415
28139,yolo_x_cpu,503
28140,yolo_x_cpu,382
28141,yolo_x_cpu,479
28142,yolo_x_cpu,378
28143,yolo_x_cpu,354
28144,yolo_x_cpu,420
28145,yolo_x_cpu,349
28146,yolo_x_cpu,404
28147,yolo_x_cpu,336
28148,yolo_x_cpu,369
28149,yolo_x_cpu,382
28150,yolo_x_cpu,394
28151,yolo_x_cpu,466
28152,yolo_x_cpu,452
28153,yolo_x_cpu,460
28154,yolo_x_cpu,475
28155,yolo_x_cpu,392
28156,yolo_x_cpu,427
28157,yolo_x_cpu,392
28158,yolo_x_cpu,407
28159,yolo_x_cpu,454
28160,yolo_x_cpu,376
28161,yolo_x_cpu,383
28162,yolo_x_cpu,395
28163,yolo_x_cpu,268
28164,yolo_x_cpu,353
28165,yolo_x_cpu,330
28166,yolo_x_cpu,300
28167,yolo_x_cpu,273
28168,yolo_x_cpu,494
28169,yolo_x_cpu,337
28170,yolo_x_cpu,458
28171,yolo_x_cpu,394
28172,yolo_x_cpu,286
28173,yolo_x_cpu,256
28174,yolo_x_cpu,362
28175,yolo_x_cpu,401
28176,yolo_x_cpu,493
28177,yolo_x_cpu,378
28178,yolo_x_cpu,293
28179,yolo_x_cpu,412
28180,yolo_x_cpu,356
28181,yolo_x_cpu,225
28182,yolo_x_cpu,302
28183,yolo_x_cpu,323
28184,yolo_x_cpu,291
28185,yolo_x_cpu,291
28186,yolo_x_cpu,262
28187,yolo_x_cpu,386
28188,yolo_x_cpu,333
28189,yolo_x_cpu,336
28190,yolo_x_cpu,375
28191,yolo_x_cpu,340
28192,yolo_x_cpu,311
28193,yolo_x_cpu,365
28194,yolo_x_cpu,371
28195,yolo_x_cpu,297
28196,yolo_x_cpu,383
28197,yolo_x_cpu,322
28198,yolo_x_cpu,307
28199,yolo_x_cpu,279
28200,yolo_x_cpu,399
28201,yolo_x_cpu,472
28202,yolo_x_cpu,325
28203,yolo_x_cpu,258
28204,yolo_x_cpu,351
28205,yolo_x_cpu,422
28206,yolo_x_cpu,421
28207,yolo_x_cpu,341
28208,yolo_x_cpu,326
28209,yolo_x_cpu,452
28210,yolo_x_cpu,261
28211,yolo_x_cpu,290
28212,yolo_x_cpu,228
28213,yolo_x_cpu,270
28214,yolo_x_cpu,218
28215,yolo_x_cpu,226
28216,yolo_x_cpu,241
28217,yolo_x_cpu,205
28218,yolo_x_cpu,254
28219,yolo_x_cpu,175
28220,yolo_x_cpu,209
28221,yolo_x_cpu,223
28222,yolo_x_cpu,163
28223,yolo_x_cpu,198
28224,yolo_x_cpu,176
28225,yolo_x_cpu,232
28226,yolo_x_cpu,258
28227,yolo_x_cpu,211
28228,yolo_x_cpu,194
28229,yolo_x_cpu,170
28230,yolo_x_cpu,211
28231,yolo_x_cpu,261
28232,yolo_x_cpu,408
28233,yolo_x_cpu,211
28234,yolo_x_cpu,182
28235,yolo_x_cpu,182
28236,yolo_x_cpu,190
28237,yolo_x_cpu,204
28238,yolo_x_cpu,195
28239,yolo_x_cpu,164
28240,yolo_x_cpu,163
28241,yolo_x_cpu,239
28242,yolo_x_cpu,211
28243,yolo_x_cpu,252
28244,yolo_x_cpu,197
28245,yolo_x_cpu,184
28246,yolo_x_cpu,251
28247,yolo_x_cpu,226
28248,yolo_x_cpu,213
28249,yolo_x_cpu,339
28250,yolo_x_cpu,252
28251,yolo_x_cpu,203
28252,yolo_x_cpu,257
28253,yolo_x_cpu,232
28254,yolo_x_cpu,157
28255,yolo_x_cpu,198
28256,yolo_x_cpu,165
28257,yolo_x_cpu,191
28258,yolo_x_cpu,271
28259,yolo_x_cpu,215
28260,yolo_x_cpu,167
28261,yolo_x_cpu,227
28262,yolo_x_cpu,151
28263,yolo_x_cpu,229
28264,yolo_x_cpu,157
28265,yolo_x_cpu,148
28266,yolo_x_cpu,214
28267,yolo_x_cpu,142
28268,yolo_x_cpu,171
28269,yolo_x_cpu,200
28270,yolo_x_cpu,216
28271,yolo_x_cpu,293
28272,yolo_x_cpu,198
28273,yolo_x_cpu,177
28274,yolo_x_cpu,230
28275,yolo_x_cpu,200
28276,yolo_x_cpu,164
28277,yolo_x_cpu,229
28278,yolo_x_cpu,190
28279,yolo_x_cpu,253
28280,yolo_x_cpu,193
28281,yolo_x_cpu,166
28282,yolo_x_cpu,170
28283,yolo_x_cpu,141
28284,yolo_x_cpu,161
28285,yolo_x_cpu,145
28286,yolo_x_cpu,126
28287,yolo_x_cpu,102
28288,yolo_x_cpu,92
28289,yolo_x_cpu,131
28290,yolo_x_cpu,100
28291,yolo_x_cpu,74
28292,yolo_x_cpu,128
28293,yolo_x_cpu,104
28294,yolo_x_cpu,159
28295,yolo_x_cpu,105
28296,yolo_x_cpu,170
28297,yolo_x_cpu,121
28298,yolo_x_cpu,129
28299,yolo_x_cpu,134
28300,yolo_x_cpu,82
28301,yolo_x_cpu,133
28302,yolo_x_cpu,138
28303,yolo_x_cpu,183
28304,yolo_x_cpu,130
28305,yolo_x_cpu,124
28306,yolo_x_cpu,103
28307,yolo_x_cpu,71
28308,yolo_x_cpu,125
28309,yolo_x_cpu,106
28310,yolo_x_cpu,90
28311,yolo_x_cpu,71
28312,yolo_x_cpu,112
28313,yolo_x_cpu,118
28314,yolo_x_cpu,88
28315,yolo_x_cpu,108
28316,yolo_x_cpu,136
28317,yolo_x_cpu,123
28318,yolo_x_cpu,110
28319,yolo_x_cpu,160
28320,yolo_x_cpu,123
28321,yolo_x_cpu,125
28322,yolo_x_cpu,85
28323,yolo_x_cpu,85
28324,yolo_x_cpu,104
28325,yolo_x_cpu,89
28326,yolo_x_cpu,78
28327,yolo_x_cpu,45
28328,yolo_x_cpu,60
28329,yolo_x_cpu,124
28330,yolo_x_cpu,138
28331,yolo_x_cpu,102
28332,yolo_x_cpu,120
28333,yolo_x_cpu,97
28334,yolo_x_cpu,59
28335,yolo_x_cpu,37
28336,yolo_x_cpu,73
28337,yolo_x_cpu,88
28338,yolo_x_cpu,101
28339,yolo_x_cpu,82
28340,yolo_x_cpu,62
28341,yolo_x_cpu,65
28342,yolo_x_cpu,92
28343,yolo_x_cpu,75
28344,yolo_x_cpu,69
28345,yolo_x_cpu,79
28346,yolo_x_cpu,66
28347,yolo_x_cpu,86
28348,yolo_x_cpu,90
28349,yolo_x_cpu,110
28350,yolo_x_cpu,84
28351,yolo_x_cpu,71
28352,yolo_x_cpu,116
28353,yolo_x_cpu,140
28354,yolo_x_cpu,214
28355,yolo_x_cpu,123
28356,yolo_x_cpu,168
28357,yolo_x_cpu,105
28358,yolo_x_cpu,81
28359,yolo_x_cpu,106
28360,yolo_x_cpu,55
28361,yolo_x_cpu,137
28362,yolo_x_cpu,57
28363,yolo_x_cpu,123
28364,yolo_x_cpu,87
28365,yolo_x_cpu,79
28366,yolo_x_cpu,99
28367,yolo_x_cpu,73
28368,yolo_x_cpu,44
28369,yolo_x_cpu,81
28370,yolo_x_cpu,46
28371,yolo_x_cpu,63
28372,yolo_x_cpu,47
28373,yolo_x_cpu,20
28374,yolo_x_cpu,41
28375,yolo_x_cpu,84
28376,yolo_x_cpu,46
28377,yolo_x_cpu,45
28378,yolo_x_cpu,40
28379,yolo_x_cpu,49
28380,yolo_x_cpu,38
28381,yolo_x_cpu,37
28382,yolo_x_cpu,35
28383,yolo_x_cpu,105
28384,yolo_x_cpu,65
28385,yolo_x_cpu,96
28386,yolo_x_cpu,94
28387,yolo_x_cpu,105
28388,yolo_x_cpu,85
28389,yolo_x_cpu,106
28390,yolo_x_cpu,75
28391,yolo_x_cpu,133
28392,yolo_x_cpu,88
28393,yolo_x_cpu,91
28394,yolo_x_cpu,155
28395,yolo_x_cpu,87
28396,yolo_x_cpu,54
28397,yolo_x_cpu,51
28398,yolo_x_cpu,91
28399,yolo_x_cpu,74
28400,yolo_x_cpu,125
28401,yolo_x_cpu,103
28402,yolo_x_cpu,124
28403,yolo_x_cpu,65
28404,yolo_x_cpu,59
28405,yolo_x_cpu,60
28406,yolo_x_cpu,78
28407,yolo_x_cpu,116
28408,yolo_x_cpu,77
28409,yolo_x_cpu,80
28410,yolo_x_cpu,53
28411,yolo_x_cpu,113
28412,yolo_x_cpu,83
28413,yolo_x_cpu,80
28414,yolo_x_cpu,36
28415,yolo_x_cpu,59
28416,yolo_x_cpu,35
28417,yolo_x_cpu,43
28418,yolo_x_cpu,84
28419,yolo_x_cpu,63
28420,yolo_x_cpu,49
28421,yolo_x_cpu,44
28422,yolo_x_cpu,68
28423,yolo_x_cpu,82
28424,yolo_x_cpu,49
28425,yolo_x_cpu,27
28426,yolo_x_cpu,39
28427,yolo_x_cpu,33
28428,yolo_x_cpu,66
28429,yolo_x_cpu,25
28430,yolo_x_cpu,8
28431,yolo_x_cpu,27
28432,yolo_x_cpu,36
28433,yolo_x_cpu,17
28434,yolo_x_cpu,19
28435,yolo_x_cpu,19
28436,yolo_x_cpu,0
28437,yolo_x_cpu,6
28438,yolo_x_cpu,5
28439,yolo_x_cpu,8
28440,yolo_x_cpu,21
28441,yolo_x_cpu,43
28442,yolo_x_cpu,50
28443,yolo_x_cpu,12
28444,yolo_x_cpu,21
28445,yolo_x_cpu,25
28446,yolo_x_cpu,19
28447,yolo_x_cpu,21
28448,yolo_x_cpu,11
28449,yolo_x_cpu,19
28450,yolo_x_cpu,13
28451,yolo_x_cpu,32
28452,yolo_x_cpu,21
28453,yolo_x_cpu,11
28454,yolo_x_cpu,25
28455,yolo_x_cpu,33
28456,yolo_x_cpu,46
28457,yolo_x_cpu,22
28458,yolo_x_cpu,7
28459,yolo_x_cpu,8
28460,yolo_x_cpu,4
28461,yolo_x_cpu,15
28462,yolo_x_cpu,37
28463,yolo_x_cpu,41
28464,yolo_x_cpu,5
28465,yolo_x_cpu,33
28466,yolo_x_cpu,39
28467,yolo_x_cpu,39
28468,yolo_x_cpu,24
28469,yolo_x_cpu,48
28470,yolo_x_cpu,24
28471,yolo_x_cpu,34
28472,yolo_x_cpu,17
28473,yolo_x_cpu,30
28474,yolo_x_cpu,10
28475,yolo_x_cpu,6
28476,yolo_x_cpu,6
28477,yolo_x_cpu,4
28478,yolo_x_cpu,28
28479,yolo_x_cpu,17
28480,yolo_x_cpu,1
28481,yolo_x_cpu,3
28482,yolo_x_cpu,6
28483,yolo_x_cpu,12
28484,yolo_x_cpu,17
28485,yolo_x_cpu,26
28486,yolo_x_cpu,4
28487,yolo_x_cpu,9
28488,yolo_x_cpu,10
28489,yolo_x_cpu,23
28490,yolo_x_cpu,21
28491,yolo_x_cpu,21
28492,yolo_x_cpu,16
28493,yolo_x_cpu,7
28494,yolo_x_cpu,10
28495,yolo_x_cpu,13
28496,yolo_x_cpu,8
28497,yolo_x_cpu,5
28498,yolo_x_cpu,14
28499,yolo_x_cpu,5
28500,yolo_x_cpu,11
28501,yolo_x_cpu,2
28502,yolo_x_cpu,17
28503,yolo_x_cpu,7
28504,yolo_x_cpu,1
28505,yolo_x_cpu,8
28506,yolo_x_cpu,0
28507,yolo_x_cpu,3
28508,yolo_x_cpu,11
28509,yolo_x_cpu,7
28510,yolo_x_cpu,12
28511,yolo_x_cpu,8
28512,yolo_x_cpu,8
28513,yolo_x_cpu,3
28514,yolo_x_cpu,8
28515,yolo_x_cpu,10
28516,yolo_x_cpu,13
28517,yolo_x_cpu,33
28518,yolo_x_cpu,12
28519,yolo_x_cpu,8
28520,yolo_x_cpu,4
28521,yolo_x_cpu,5
28522,yolo_x_cpu,1
28523,yolo_x_cpu,5
28524,yolo_x_cpu,4
28525,yolo_x_cpu,1
28526,yolo_x_cpu,5
28527,yolo_x_cpu,2
28528,yolo_x_cpu,7
28529,yolo_x_cpu,6
28530,yolo_x_cpu,10
28531,yolo_x_cpu,0
28532,yolo_x_cpu,7
28533,yolo_x_cpu,10
28534,yolo_x_cpu,7
28535,yolo_x_cpu,7
28536,yolo_x_cpu,7
28537,yolo_x_cpu,20
28538,yolo_x_cpu,17
28539,yolo_x_cpu,34
28540,yolo_x_cpu,12
28541,yolo_x_cpu,12
28542,yolo_x_cpu,14
28543,yolo_x_cpu,9
28544,yolo_x_cpu,15
28545,yolo_x_cpu,12
28546,yolo_x_cpu,23
28547,yolo_x_cpu,11
28548,yolo_x_cpu,9
28549,yolo_x_cpu,143
28550,yolo_x_cpu,32
28551,yolo_x_cpu,3
28552,yolo_x_cpu,6
28553,yolo_x_cpu,1
28554,yolo_x_cpu,12
28555,yolo_x_cpu,2
28556,yolo_x_cpu,2
28557,yolo_x_cpu,0
28558,yolo_x_cpu,3
28559,yolo_x_cpu,3
28560,yolo_x_cpu,3
28561,yolo_x_cpu,6
28562,yolo_x_cpu,1
28563,yolo_x_cpu,1
28564,yolo_x_cpu,2
28565,yolo_x_cpu,4
28566,yolo_x_cpu,21
28567,yolo_x_cpu,65
28568,yolo_x_cpu,9
28569,yolo_x_cpu,4
28570,yolo_x_cpu,4
28571,yolo_x_cpu,5
28572,yolo_x_cpu,7
28573,yolo_x_cpu,10
28574,yolo_x_cpu,1
28575,yolo_x_cpu,13
28576,yolo_x_cpu,2
28577,yolo_x_cpu,0
28578,yolo_x_cpu,3
28579,yolo_x_cpu,3
28580,yolo_x_cpu,2
28581,yolo_x_cpu,8
28582,yolo_x_cpu,6
28583,yolo_x_cpu,4
28584,yolo_x_cpu,0
28585,yolo_x_cpu,0
28586,yolo_x_cpu,5
28587,yolo_x_cpu,3
28588,yolo_x_cpu,5
28589,yolo_x_cpu,11
28590,yolo_x_cpu,1
28591,yolo_x_cpu,4
28592,yolo_x_cpu,16
28593,yolo_x_cpu,10
28594,yolo_x_cpu,1
28595,yolo_x_cpu,11
28596,yolo_x_cpu,11
28597,yolo_x_cpu,7
28598,yolo_x_cpu,3
28599,yolo_x_cpu,0
28600,yolo_x_cpu,3
28601,yolo_x_cpu,10
28602,yolo_x_cpu,8
28603,yolo_x_cpu,6
28604,yolo_x_cpu,4
28605,yolo_x_cpu,18
28606,yolo_x_cpu,7
28607,yolo_x_cpu,25
28608,yolo_x_cpu,39
28609,yolo_x_cpu,64
28610,yolo_x_cpu,63
28611,yolo_x_cpu,64
28612,yolo_x_cpu,80
28613,yolo_x_cpu,109
28614,yolo_x_cpu,56
28615,yolo_x_cpu,23
28616,yolo_x_cpu,41
28617,yolo_x_cpu,31
28618,yolo_x_cpu,24
28619,yolo_x_cpu,13
28620,yolo_x_cpu,38
28621,yolo_x_cpu,36
28622,yolo_x_cpu,47
28623,yolo_x_cpu,23
28624,yolo_x_cpu,5
28625,yolo_x_cpu,12
28626,yolo_x_cpu,22
28627,yolo_x_cpu,16
28628,yolo_x_cpu,2
28629,yolo_x_cpu,13
28630,yolo_x_cpu,27
28631,yolo_x_cpu,18
28632,yolo_x_cpu,18
28633,yolo_x_cpu,15
28634,yolo_x_cpu,16
28635,yolo_x_cpu,23
28636,yolo_x_cpu,22
28637,yolo_x_cpu,10
28638,yolo_x_cpu,54
28639,yolo_x_cpu,15
28640,yolo_x_cpu,21
28641,yolo_x_cpu,8
28642,yolo_x_cpu,9
28643,yolo_x_cpu,13
28644,yolo_x_cpu,8
28645,yolo_x_cpu,2
28646,yolo_x_cpu,17
28647,yolo_x_cpu,5
28648,yolo_x_cpu,3
28649,yolo_x_cpu,6
28650,yolo_x_cpu,11
28651,yolo_x_cpu,12
28652,yolo_x_cpu,18
28653,yolo_x_cpu,23
28654,yolo_x_cpu,27
28655,yolo_x_cpu,67
28656,yolo_x_cpu,39
28657,yolo_x_cpu,26
28658,yolo_x_cpu,21
28659,yolo_x_cpu,12
28660,yolo_x_cpu,21
28661,yolo_x_cpu,16
28662,yolo_x_cpu,10
28663,yolo_x_cpu,19
28664,yolo_x_cpu,22
28665,yolo_x_cpu,13
28666,yolo_x_cpu,11
28667,yolo_x_cpu,16
28668,yolo_x_cpu,10
28669,yolo_x_cpu,26
28670,yolo_x_cpu,8
28671,yolo_x_cpu,13
28672,yolo_x_cpu,7
28673,yolo_x_cpu,3
28674,yolo_x_cpu,8
28675,yolo_x_cpu,6
28676,yolo_x_cpu,20
28677,yolo_x_cpu,11
28678,yolo_x_cpu,19
28679,yolo_x_cpu,23
28680,yolo_x_cpu,16
28681,yolo_x_cpu,24
28682,yolo_x_cpu,13
28683,yolo_x_cpu,4
28684,yolo_x_cpu,14
28685,yolo_x_cpu,34
28686,yolo_x_cpu,61
28687,yolo_x_cpu,11
28688,yolo_x_cpu,21
28689,yolo_x_cpu,15
28690,yolo_x_cpu,38
28691,yolo_x_cpu,24
28692,yolo_x_cpu,36
28693,yolo_x_cpu,35
28694,yolo_x_cpu,20
28695,yolo_x_cpu,45
28696,yolo_x_cpu,86
28697,yolo_x_cpu,28
28698,yolo_x_cpu,34
28699,yolo_x_cpu,33
28700,yolo_x_cpu,34
28701,yolo_x_cpu,51
28702,yolo_x_cpu,49
28703,yolo_x_cpu,30
28704,yolo_x_cpu,42
28705,yolo_x_cpu,44
28706,yolo_x_cpu,29
28707,yolo_x_cpu,43
28708,yolo_x_cpu,51
28709,yolo_x_cpu,62
28710,yolo_x_cpu,126
28711,yolo_x_cpu,49
28712,yolo_x_cpu,88
28713,yolo_x_cpu,89
28714,yolo_x_cpu,55
28715,yolo_x_cpu,87
28716,yolo_x_cpu,70
28717,yolo_x_cpu,90
28718,yolo_x_cpu,43
28719,yolo_x_cpu,69
28720,yolo_x_cpu,91
28721,yolo_x_cpu,65
28722,yolo_x_cpu,36
28723,yolo_x_cpu,50
28724,yolo_x_cpu,52
28725,yolo_x_cpu,56
28726,yolo_x_cpu,73
28727,yolo_x_cpu,21
28728,yolo_x_cpu,44
28729,yolo_x_cpu,55
28730,yolo_x_cpu,36
28731,yolo_x_cpu,59
28732,yolo_x_cpu,75
28733,yolo_x_cpu,70
28734,yolo_x_cpu,108
28735,yolo_x_cpu,100
28736,yolo_x_cpu,135
28737,yolo_x_cpu,84
28738,yolo_x_cpu,70
28739,yolo_x_cpu,92
28740,yolo_x_cpu,63
28741,yolo_x_cpu,92
28742,yolo_x_cpu,55
28743,yolo_x_cpu,80
28744,yolo_x_cpu,114
28745,yolo_x_cpu,84
28746,yolo_x_cpu,53
28747,yolo_x_cpu,71
28748,yolo_x_cpu,68
28749,yolo_x_cpu,115
28750,yolo_x_cpu,104
28751,yolo_x_cpu,99
28752,yolo_x_cpu,175
28753,yolo_x_cpu,102
28754,yolo_x_cpu,94
28755,yolo_x_cpu,91
28756,yolo_x_cpu,105
28757,yolo_x_cpu,54
28758,yolo_x_cpu,55
28759,yolo_x_cpu,54
28760,yolo_x_cpu,44
28761,yolo_x_cpu,63
28762,yolo_x_cpu,46
28763,yolo_x_cpu,58
28764,yolo_x_cpu,47
28765,yolo_x_cpu,65
28766,yolo_x_cpu,102
28767,yolo_x_cpu,70
28768,yolo_x_cpu,42
28769,yolo_x_cpu,56
28770,yolo_x_cpu,68
28771,yolo_x_cpu,72
28772,yolo_x_cpu,69
28773,yolo_x_cpu,66
28774,yolo_x_cpu,81
28775,yolo_x_cpu,122
28776,yolo_x_cpu,100
28777,yolo_x_cpu,164
28778,yolo_x_cpu,73
28779,yolo_x_cpu,104
28780,yolo_x_cpu,273
28781,yolo_x_cpu,261
28782,yolo_x_cpu,160
28783,yolo_x_cpu,146
28784,yolo_x_cpu,80
28785,yolo_x_cpu,119
28786,yolo_x_cpu,143
28787,yolo_x_cpu,92
28788,yolo_x_cpu,57
28789,yolo_x_cpu,65
28790,yolo_x_cpu,57
28791,yolo_x_cpu,90
28792,yolo_x_cpu,79
28793,yolo_x_cpu,56
28794,yolo_x_cpu,106
28795,yolo_x_cpu,110
28796,yolo_x_cpu,244
28797,yolo_x_cpu,147
28798,yolo_x_cpu,166
28799,yolo_x_cpu,142
28800,yolo_x_cpu,139
28801,yolo_x_cpu,174
28802,yolo_x_cpu,139
28803,yolo_x_cpu,150
28804,yolo_x_cpu,124
28805,yolo_x_cpu,174
28806,yolo_x_cpu,153
28807,yolo_x_cpu,148
28808,yolo_x_cpu,147
28809,yolo_x_cpu,106
28810,yolo_x_cpu,127
28811,yolo_x_cpu,136
28812,yolo_x_cpu,107
28813,yolo_x_cpu,135
28814,yolo_x_cpu,159
28815,yolo_x_cpu,129
28816,yolo_x_cpu,148
28817,yolo_x_cpu,242
28818,yolo_x_cpu,175
28819,yolo_x_cpu,162
28820,yolo_x_cpu,97
28821,yolo_x_cpu,127
28822,yolo_x_cpu,145
28823,yolo_x_cpu,134
28824,yolo_x_cpu,136
28825,yolo_x_cpu,179
28826,yolo_x_cpu,162
28827,yolo_x_cpu,191
28828,yolo_x_cpu,179
28829,yolo_x_cpu,196
28830,yolo_x_cpu,144
28831,yolo_x_cpu,143
28832,yolo_x_cpu,128
28833,yolo_x_cpu,164
28834,yolo_x_cpu,142
28835,yolo_x_cpu,178
28836,yolo_x_cpu,130
28837,yolo_x_cpu,132
28838,yolo_x_cpu,136
28839,yolo_x_cpu,109
28840,yolo_x_cpu,140
28841,yolo_x_cpu,120
28842,yolo_x_cpu,124
28843,yolo_x_cpu,145
28844,yolo_x_cpu,89
28845,yolo_x_cpu,152
28846,yolo_x_cpu,179
28847,yolo_x_cpu,126
28848,yolo_x_cpu,162
28849,yolo_x_cpu,105
28850,yolo_x_cpu,170
28851,yolo_x_cpu,128
28852,yolo_x_cpu,127
28853,yolo_x_cpu,164
28854,yolo_x_cpu,208
28855,yolo_x_cpu,218
28856,yolo_x_cpu,168
28857,yolo_x_cpu,162
28858,yolo_x_cpu,153
28859,yolo_x_cpu,273
28860,yolo_x_cpu,314
28861,yolo_x_cpu,308
28862,yolo_x_cpu,192
28863,yolo_x_cpu,237
28864,yolo_x_cpu,260
28865,yolo_x_cpu,170
28866,yolo_x_cpu,159
28867,yolo_x_cpu,178
28868,yolo_x_cpu,170
28869,yolo_x_cpu,194
28870,yolo_x_cpu,143
28871,yolo_x_cpu,224
28872,yolo_x_cpu,166
28873,yolo_x_cpu,189
28874,yolo_x_cpu,196
28875,yolo_x_cpu,153
28876,yolo_x_cpu,181
28877,yolo_x_cpu,205
28878,yolo_x_cpu,124
28879,yolo_x_cpu,201
28880,yolo_x_cpu,209
28881,yolo_x_cpu,182
28882,yolo_x_cpu,133
28883,yolo_x_cpu,217
28884,yolo_x_cpu,189
28885,yolo_x_cpu,175
28886,yolo_x_cpu,215
28887,yolo_x_cpu,203
28888,yolo_x_cpu,142
28889,yolo_x_cpu,324
28890,yolo_x_cpu,179
28891,yolo_x_cpu,176
28892,yolo_x_cpu,201
28893,yolo_x_cpu,196
28894,yolo_x_cpu,264
28895,yolo_x_cpu,244
28896,yolo_x_cpu,245
28897,yolo_x_cpu,183
28898,yolo_x_cpu,151
28899,yolo_x_cpu,191
28900,yolo_x_cpu,185
28901,yolo_x_cpu,193
28902,yolo_x_cpu,143
28903,yolo_x_cpu,205
28904,yolo_x_cpu,193
28905,yolo_x_cpu,246
28906,yolo_x_cpu,189
28907,yolo_x_cpu,237
28908,yolo_x_cpu,217
28909,yolo_x_cpu,191
28910,yolo_x_cpu,236
28911,yolo_x_cpu,207
28912,yolo_x_cpu,217
28913,yolo_x_cpu,282
28914,yolo_x_cpu,267
28915,yolo_x_cpu,325
28916,yolo_x_cpu,348
28917,yolo_x_cpu,395
28918,yolo_x_cpu,288
28919,yolo_x_cpu,203
28920,yolo_x_cpu,194
28921,yolo_x_cpu,224
28922,yolo_x_cpu,248
28923,yolo_x_cpu,208
28924,yolo_x_cpu,229
28925,yolo_x_cpu,202
28926,yolo_x_cpu,234
28927,yolo_x_cpu,294
28928,yolo_x_cpu,285
28929,yolo_x_cpu,257
28930,yolo_x_cpu,291
28931,yolo_x_cpu,238
28932,yolo_x_cpu,267
28933,yolo_x_cpu,325
28934,yolo_x_cpu,418
28935,yolo_x_cpu,358
28936,yolo_x_cpu,171
28937,yolo_x_cpu,191
28938,yolo_x_cpu,201
28939,yolo_x_cpu,188
28940,yolo_x_cpu,397
28941,yolo_x_cpu,300
28942,yolo_x_cpu,267
28943,yolo_x_cpu,154
28944,yolo_x_cpu,223
28945,yolo_x_cpu,190
28946,yolo_x_cpu,235
28947,yolo_x_cpu,232
28948,yolo_x_cpu,185
28949,yolo_x_cpu,204
28950,yolo_x_cpu,284
28951,yolo_x_cpu,240
28952,yolo_x_cpu,190
28953,yolo_x_cpu,163
28954,yolo_x_cpu,154
28955,yolo_x_cpu,176
28956,yolo_x_cpu,233
28957,yolo_x_cpu,285
28958,yolo_x_cpu,176
28959,yolo_x_cpu,151
28960,yolo_x_cpu,154
28961,yolo_x_cpu,218
28962,yolo_x_cpu,212
28963,yolo_x_cpu,194
28964,yolo_x_cpu,208
28965,yolo_x_cpu,268
28966,yolo_x_cpu,254
28967,yolo_x_cpu,207
28968,yolo_x_cpu,238
28969,yolo_x_cpu,206
28970,yolo_x_cpu,268
28971,yolo_x_cpu,206
28972,yolo_x_cpu,260
28973,yolo_x_cpu,366
28974,yolo_x_cpu,382
28975,yolo_x_cpu,258
28976,yolo_x_cpu,231
28977,yolo_x_cpu,215
28978,yolo_x_cpu,277
28979,yolo_x_cpu,277
28980,yolo_x_cpu,261
28981,yolo_x_cpu,242
28982,yolo_x_cpu,205
28983,yolo_x_cpu,174
28984,yolo_x_cpu,197
28985,yolo_x_cpu,215
28986,yolo_x_cpu,242
28987,yolo_x_cpu,255
28988,yolo_x_cpu,355
28989,yolo_x_cpu,266
28990,yolo_x_cpu,259
28991,yolo_x_cpu,282
28992,yolo_x_cpu,209
28993,yolo_x_cpu,218
28994,yolo_x_cpu,231
28995,yolo_x_cpu,222
28996,yolo_x_cpu,186
28997,yolo_x_cpu,168
28998,yolo_x_cpu,234
28999,yolo_x_cpu,162
29000,yolo_x_cpu,247
29001,yolo_x_cpu,237
29002,yolo_x_cpu,190
29003,yolo_x_cpu,183
29004,yolo_x_cpu,254
29005,yolo_x_cpu,262
29006,yolo_x_cpu,320
29007,yolo_x_cpu,163
29008,yolo_x_cpu,170
29009,yolo_x_cpu,201
29010,yolo_x_cpu,256
29011,yolo_x_cpu,211
29012,yolo_x_cpu,197
29013,yolo_x_cpu,200
29014,yolo_x_cpu,211
29015,yolo_x_cpu,166
29016,yolo_x_cpu,196
29017,yolo_x_cpu,161
29018,yolo_x_cpu,257
29019,yolo_x_cpu,230
29020,yolo_x_cpu,153
29021,yolo_x_cpu,229
29022,yolo_x_cpu,236
29023,yolo_x_cpu,157
29024,yolo_x_cpu,244
29025,yolo_x_cpu,369
29026,yolo_x_cpu,243
29027,yolo_x_cpu,342
29028,yolo_x_cpu,189
29029,yolo_x_cpu,202
29030,yolo_x_cpu,204
29031,yolo_x_cpu,180
29032,yolo_x_cpu,153
29033,yolo_x_cpu,168
29034,yolo_x_cpu,138
29035,yolo_x_cpu,174
29036,yolo_x_cpu,119
29037,yolo_x_cpu,147
29038,yolo_x_cpu,225
29039,yolo_x_cpu,144
29040,yolo_x_cpu,140
29041,yolo_x_cpu,192
29042,yolo_x_cpu,147
29043,yolo_x_cpu,169
29044,yolo_x_cpu,221
29045,yolo_x_cpu,190
29046,yolo_x_cpu,220
29047,yolo_x_cpu,241
29048,yolo_x_cpu,245
29049,yolo_x_cpu,235
29050,yolo_x_cpu,249
29051,yolo_x_cpu,217
29052,yolo_x_cpu,233
29053,yolo_x_cpu,184
29054,yolo_x_cpu,202
29055,yolo_x_cpu,148
29056,yolo_x_cpu,164
29057,yolo_x_cpu,205
29058,yolo_x_cpu,283
29059,yolo_x_cpu,237
29060,yolo_x_cpu,236
29061,yolo_x_cpu,233
29062,yolo_x_cpu,211
29063,yolo_x_cpu,207
29064,yolo_x_cpu,200
29065,yolo_x_cpu,219
29066,yolo_x_cpu,179
29067,yolo_x_cpu,175
29068,yolo_x_cpu,165
29069,yolo_x_cpu,190
29070,yolo_x_cpu,251
29071,yolo_x_cpu,285
29072,yolo_x_cpu,368
29073,yolo_x_cpu,248
29074,yolo_x_cpu,231
29075,yolo_x_cpu,242
29076,yolo_x_cpu,253
29077,yolo_x_cpu,232
29078,yolo_x_cpu,244
29079,yolo_x_cpu,287
29080,yolo_x_cpu,217
29081,yolo_x_cpu,213
29082,yolo_x_cpu,315
29083,yolo_x_cpu,303
29084,yolo_x_cpu,288
29085,yolo_x_cpu,186
29086,yolo_x_cpu,176
29087,yolo_x_cpu,184
29088,yolo_x_cpu,257
29089,yolo_x_cpu,278
29090,yolo_x_cpu,219
29091,yolo_x_cpu,236
29092,yolo_x_cpu,191
29093,yolo_x_cpu,319
29094,yolo_x_cpu,255
29095,yolo_x_cpu,193
29096,yolo_x_cpu,231
29097,yolo_x_cpu,205
29098,yolo_x_cpu,251
29099,yolo_x_cpu,237
29100,yolo_x_cpu,216
29101,yolo_x_cpu,193
29102,yolo_x_cpu,211
29103,yolo_x_cpu,209
29104,yolo_x_cpu,234
29105,yolo_x_cpu,189
29106,yolo_x_cpu,143
29107,yolo_x_cpu,178
29108,yolo_x_cpu,158
29109,yolo_x_cpu,196
29110,yolo_x_cpu,172
29111,yolo_x_cpu,160
29112,yolo_x_cpu,190
29113,yolo_x_cpu,166
29114,yolo_x_cpu,194
29115,yolo_x_cpu,158
29116,yolo_x_cpu,240
29117,yolo_x_cpu,160
29118,yolo_x_cpu,263
29119,yolo_x_cpu,256
29120,yolo_x_cpu,185
29121,yolo_x_cpu,227
29122,yolo_x_cpu,251
29123,yolo_x_cpu,249
29124,yolo_x_cpu,153
29125,yolo_x_cpu,311
29126,yolo_x_cpu,207
29127,yolo_x_cpu,202
29128,yolo_x_cpu,181
29129,yolo_x_cpu,328
29130,yolo_x_cpu,217
29131,yolo_x_cpu,237
29132,yolo_x_cpu,237
29133,yolo_x_cpu,184
29134,yolo_x_cpu,163
29135,yolo_x_cpu,124
29136,yolo_x_cpu,197
29137,yolo_x_cpu,179
29138,yolo_x_cpu,223
29139,yolo_x_cpu,161
29140,yolo_x_cpu,249
29141,yolo_x_cpu,155
29142,yolo_x_cpu,270
29143,yolo_x_cpu,225
29144,yolo_x_cpu,167
29145,yolo_x_cpu,124
29146,yolo_x_cpu,175
29147,yolo_x_cpu,212
29148,yolo_x_cpu,214
29149,yolo_x_cpu,191
29150,yolo_x_cpu,137
29151,yolo_x_cpu,165
29152,yolo_x_cpu,178
29153,yolo_x_cpu,199
29154,yolo_x_cpu,180
29155,yolo_x_cpu,238
29156,yolo_x_cpu,219
29157,yolo_x_cpu,223
29158,yolo_x_cpu,171
29159,yolo_x_cpu,178
29160,yolo_x_cpu,189
29161,yolo_x_cpu,161
29162,yolo_x_cpu,120
29163,yolo_x_cpu,133
29164,yolo_x_cpu,185
29165,yolo_x_cpu,142
29166,yolo_x_cpu,227
29167,yolo_x_cpu,212
29168,yolo_x_cpu,267
29169,yolo_x_cpu,259
29170,yolo_x_cpu,273
29171,yolo_x_cpu,217
29172,yolo_x_cpu,207
29173,yolo_x_cpu,258
29174,yolo_x_cpu,286
29175,yolo_x_cpu,348
29176,yolo_x_cpu,262
29177,yolo_x_cpu,287
29178,yolo_x_cpu,215
29179,yolo_x_cpu,223
29180,yolo_x_cpu,218
29181,yolo_x_cpu,301
29182,yolo_x_cpu,225
29183,yolo_x_cpu,193
29184,yolo_x_cpu,215
29185,yolo_x_cpu,217
29186,yolo_x_cpu,159
29187,yolo_x_cpu,191
29188,yolo_x_cpu,174
29189,yolo_x_cpu,162
29190,yolo_x_cpu,197
29191,yolo_x_cpu,224
29192,yolo_x_cpu,174
29193,yolo_x_cpu,131
29194,yolo_x_cpu,180
29195,yolo_x_cpu,160
29196,yolo_x_cpu,127
29197,yolo_x_cpu,119
29198,yolo_x_cpu,124
29199,yolo_x_cpu,184
29200,yolo_x_cpu,144
29201,yolo_x_cpu,147
29202,yolo_x_cpu,180
29203,yolo_x_cpu,125
29204,yolo_x_cpu,131
29205,yolo_x_cpu,119
29206,yolo_x_cpu,165
29207,yolo_x_cpu,181
29208,yolo_x_cpu,227
29209,yolo_x_cpu,209
29210,yolo_x_cpu,335
29211,yolo_x_cpu,505
29212,yolo_x_cpu,512
29213,yolo_x_cpu,306
29214,yolo_x_cpu,167
29215,yolo_x_cpu,276
29216,yolo_x_cpu,181
29217,yolo_x_cpu,190
29218,yolo_x_cpu,192
29219,yolo_x_cpu,229
29220,yolo_x_cpu,322
29221,yolo_x_cpu,235
29222,yolo_x_cpu,172
29223,yolo_x_cpu,164
29224,yolo_x_cpu,229
29225,yolo_x_cpu,187
29226,yolo_x_cpu,233
29227,yolo_x_cpu,207
29228,yolo_x_cpu,284
29229,yolo_x_cpu,234
29230,yolo_x_cpu,135
29231,yolo_x_cpu,186
29232,yolo_x_cpu,190
29233,yolo_x_cpu,305
29234,yolo_x_cpu,275
29235,yolo_x_cpu,203
29236,yolo_x_cpu,223
29237,yolo_x_cpu,233
29238,yolo_x_cpu,219
29239,yolo_x_cpu,251
29240,yolo_x_cpu,271
29241,yolo_x_cpu,203
29242,yolo_x_cpu,345
29243,yolo_x_cpu,295
29244,yolo_x_cpu,269
29245,yolo_x_cpu,248
29246,yolo_x_cpu,263
29247,yolo_x_cpu,141
29248,yolo_x_cpu,143
29249,yolo_x_cpu,183
29250,yolo_x_cpu,180
29251,yolo_x_cpu,171
29252,yolo_x_cpu,164
29253,yolo_x_cpu,171
29254,yolo_x_cpu,168
29255,yolo_x_cpu,208
29256,yolo_x_cpu,278
29257,yolo_x_cpu,301
29258,yolo_x_cpu,275
29259,yolo_x_cpu,253
29260,yolo_x_cpu,288
29261,yolo_x_cpu,186
29262,yolo_x_cpu,215
29263,yolo_x_cpu,180
29264,yolo_x_cpu,239
29265,yolo_x_cpu,267
29266,yolo_x_cpu,185
29267,yolo_x_cpu,194
29268,yolo_x_cpu,142
29269,yolo_x_cpu,134
29270,yolo_x_cpu,114
29271,yolo_x_cpu,191
29272,yolo_x_cpu,169
29273,yolo_x_cpu,186
29274,yolo_x_cpu,170
29275,yolo_x_cpu,258
29276,yolo_x_cpu,177
29277,yolo_x_cpu,174
29278,yolo_x_cpu,193
29279,yolo_x_cpu,298
29280,yolo_x_cpu,226
29281,yolo_x_cpu,241
29282,yolo_x_cpu,281
29283,yolo_x_cpu,205
29284,yolo_x_cpu,228
29285,yolo_x_cpu,284
29286,yolo_x_cpu,247
29287,yolo_x_cpu,198
29288,yolo_x_cpu,266
29289,yolo_x_cpu,339
29290,yolo_x_cpu,235
29291,yolo_x_cpu,166
29292,yolo_x_cpu,266
29293,yolo_x_cpu,199
29294,yolo_x_cpu,143
29295,yolo_x_cpu,197
29296,yolo_x_cpu,178
29297,yolo_x_cpu,367
29298,yolo_x_cpu,255
29299,yolo_x_cpu,298
29300,yolo_x_cpu,220
29301,yolo_x_cpu,295
29302,yolo_x_cpu,253
29303,yolo_x_cpu,291
29304,yolo_x_cpu,200
29305,yolo_x_cpu,208
29306,yolo_x_cpu,247
29307,yolo_x_cpu,228
29308,yolo_x_cpu,270
29309,yolo_x_cpu,220
29310,yolo_x_cpu,253
29311,yolo_x_cpu,260
29312,yolo_x_cpu,267
29313,yolo_x_cpu,252
29314,yolo_x_cpu,202
29315,yolo_x_cpu,259
29316,yolo_x_cpu,225
29317,yolo_x_cpu,241
29318,yolo_x_cpu,198
29319,yolo_x_cpu,247
29320,yolo_x_cpu,279
29321,yolo_x_cpu,313
29322,yolo_x_cpu,234
29323,yolo_x_cpu,254
29324,yolo_x_cpu,188
29325,yolo_x_cpu,226
29326,yolo_x_cpu,226
29327,yolo_x_cpu,312
29328,yolo_x_cpu,127
29329,yolo_x_cpu,248
29330,yolo_x_cpu,262
29331,yolo_x_cpu,298
29332,yolo_x_cpu,283
29333,yolo_x_cpu,443
29334,yolo_x_cpu,299
29335,yolo_x_cpu,229
29336,yolo_x_cpu,242
29337,yolo_x_cpu,259
29338,yolo_x_cpu,273
29339,yolo_x_cpu,209
29340,yolo_x_cpu,293
29341,yolo_x_cpu,305
29342,yolo_x_cpu,330
29343,yolo_x_cpu,309
29344,yolo_x_cpu,391
29345,yolo_x_cpu,267
29346,yolo_x_cpu,341
29347,yolo_x_cpu,325
29348,yolo_x_cpu,235
29349,yolo_x_cpu,272
29350,yolo_x_cpu,306
29351,yolo_x_cpu,302
29352,yolo_x_cpu,280
29353,yolo_x_cpu,313
29354,yolo_x_cpu,359
29355,yolo_x_cpu,343
29356,yolo_x_cpu,239
29357,yolo_x_cpu,183
29358,yolo_x_cpu,203
29359,yolo_x_cpu,196
29360,yolo_x_cpu,259
29361,yolo_x_cpu,234
29362,yolo_x_cpu,264
29363,yolo_x_cpu,251
29364,yolo_x_cpu,226
29365,yolo_x_cpu,189
29366,yolo_x_cpu,306
29367,yolo_x_cpu,275
29368,yolo_x_cpu,279
29369,yolo_x_cpu,168
29370,yolo_x_cpu,217
29371,yolo_x_cpu,258
29372,yolo_x_cpu,154
29373,yolo_x_cpu,200
29374,yolo_x_cpu,192
29375,yolo_x_cpu,260
29376,yolo_x_cpu,199
29377,yolo_x_cpu,268
29378,yolo_x_cpu,226
29379,yolo_x_cpu,223
29380,yolo_x_cpu,189
29381,yolo_x_cpu,125
29382,yolo_x_cpu,178
29383,yolo_x_cpu,178
29384,yolo_x_cpu,199
29385,yolo_x_cpu,147
29386,yolo_x_cpu,202
29387,yolo_x_cpu,206
29388,yolo_x_cpu,333
29389,yolo_x_cpu,235
29390,yolo_x_cpu,212
29391,yolo_x_cpu,325
29392,yolo_x_cpu,332
29393,yolo_x_cpu,279
29394,yolo_x_cpu,235
29395,yolo_x_cpu,285
29396,yolo_x_cpu,235
29397,yolo_x_cpu,278
29398,yolo_x_cpu,230
29399,yolo_x_cpu,232
29400,yolo_x_cpu,176
29401,yolo_x_cpu,201
29402,yolo_x_cpu,408
29403,yolo_x_cpu,411
29404,yolo_x_cpu,356
29405,yolo_x_cpu,265
29406,yolo_x_cpu,391
29407,yolo_x_cpu,431
29408,yolo_x_cpu,326
29409,yolo_x_cpu,331
29410,yolo_x_cpu,218
29411,yolo_x_cpu,257
29412,yolo_x_cpu,200
29413,yolo_x_cpu,263
29414,yolo_x_cpu,323
29415,yolo_x_cpu,264
29416,yolo_x_cpu,288
29417,yolo_x_cpu,313
29418,yolo_x_cpu,300
29419,yolo_x_cpu,198
29420,yolo_x_cpu,190
29421,yolo_x_cpu,230
29422,yolo_x_cpu,329
29423,yolo_x_cpu,418
29424,yolo_x_cpu,381
29425,yolo_x_cpu,212
29426,yolo_x_cpu,230
29427,yolo_x_cpu,196
29428,yolo_x_cpu,231
29429,yolo_x_cpu,181
29430,yolo_x_cpu,182
29431,yolo_x_cpu,224
29432,yolo_x_cpu,195
29433,yolo_x_cpu,293
29434,yolo_x_cpu,363
29435,yolo_x_cpu,231
29436,yolo_x_cpu,268
29437,yolo_x_cpu,253
29438,yolo_x_cpu,278
29439,yolo_x_cpu,210
29440,yolo_x_cpu,339
29441,yolo_x_cpu,277
29442,yolo_x_cpu,245
29443,yolo_x_cpu,220
29444,yolo_x_cpu,195
29445,yolo_x_cpu,188
29446,yolo_x_cpu,191
29447,yolo_x_cpu,261
29448,yolo_x_cpu,221
29449,yolo_x_cpu,222
29450,yolo_x_cpu,264
29451,yolo_x_cpu,183
29452,yolo_x_cpu,184
29453,yolo_x_cpu,170
29454,yolo_x_cpu,204
29455,yolo_x_cpu,273
29456,yolo_x_cpu,302
29457,yolo_x_cpu,382
29458,yolo_x_cpu,300
29459,yolo_x_cpu,290
29460,yolo_x_cpu,252
29461,yolo_x_cpu,320
29462,yolo_x_cpu,258
29463,yolo_x_cpu,193
29464,yolo_x_cpu,253
29465,yolo_x_cpu,269
29466,yolo_x_cpu,309
29467,yolo_x_cpu,367
29468,yolo_x_cpu,282
29469,yolo_x_cpu,294
29470,yolo_x_cpu,262
29471,yolo_x_cpu,245
29472,yolo_x_cpu,246
29473,yolo_x_cpu,351
29474,yolo_x_cpu,251
29475,yolo_x_cpu,377
29476,yolo_x_cpu,284
29477,yolo_x_cpu,344
29478,yolo_x_cpu,281
29479,yolo_x_cpu,352
29480,yolo_x_cpu,344
29481,yolo_x_cpu,322
29482,yolo_x_cpu,339
29483,yolo_x_cpu,275
29484,yolo_x_cpu,325
29485,yolo_x_cpu,326
29486,yolo_x_cpu,348
29487,yolo_x_cpu,482
29488,yolo_x_cpu,376
29489,yolo_x_cpu,506
29490,yolo_x_cpu,498
29491,yolo_x_cpu,354
29492,yolo_x_cpu,272
29493,yolo_x_cpu,297
29494,yolo_x_cpu,339
29495,yolo_x_cpu,330
29496,yolo_x_cpu,361
29497,yolo_x_cpu,307
29498,yolo_x_cpu,275
29499,yolo_x_cpu,315
29500,yolo_x_cpu,318
29501,yolo_x_cpu,339
29502,yolo_x_cpu,377
29503,yolo_x_cpu,280
29504,yolo_x_cpu,333
29505,yolo_x_cpu,291
29506,yolo_x_cpu,258
29507,yolo_x_cpu,273
29508,yolo_x_cpu,409
29509,yolo_x_cpu,325
29510,yolo_x_cpu,294
29511,yolo_x_cpu,423
29512,yolo_x_cpu,410
29513,yolo_x_cpu,432
29514,yolo_x_cpu,458
29515,yolo_x_cpu,365
29516,yolo_x_cpu,341
29517,yolo_x_cpu,304
29518,yolo_x_cpu,285
29519,yolo_x_cpu,325
29520,yolo_x_cpu,240
29521,yolo_x_cpu,309
29522,yolo_x_cpu,330
29523,yolo_x_cpu,361
29524,yolo_x_cpu,355
29525,yolo_x_cpu,343
29526,yolo_x_cpu,331
29527,yolo_x_cpu,392
29528,yolo_x_cpu,460
29529,yolo_x_cpu,374
29530,yolo_x_cpu,403
29531,yolo_x_cpu,456
29532,yolo_x_cpu,464
29533,yolo_x_cpu,390
29534,yolo_x_cpu,293
29535,yolo_x_cpu,348
29536,yolo_x_cpu,312
29537,yolo_x_cpu,460
29538,yolo_x_cpu,321
29539,yolo_x_cpu,326
29540,yolo_x_cpu,335
29541,yolo_x_cpu,330
29542,yolo_x_cpu,336
29543,yolo_x_cpu,377
29544,yolo_x_cpu,306
29545,yolo_x_cpu,448
29546,yolo_x_cpu,328
29547,yolo_x_cpu,349
29548,yolo_x_cpu,279
29549,yolo_x_cpu,275
29550,yolo_x_cpu,377
29551,yolo_x_cpu,539
29552,yolo_x_cpu,496
29553,yolo_x_cpu,404
29554,yolo_x_cpu,574
29555,yolo_x_cpu,453
29556,yolo_x_cpu,346
29557,yolo_x_cpu,490
29558,yolo_x_cpu,433
29559,yolo_x_cpu,573
29560,yolo_x_cpu,520
29561,yolo_x_cpu,490
29562,yolo_x_cpu,531
29563,yolo_x_cpu,404
29564,yolo_x_cpu,395
29565,yolo_x_cpu,434
29566,yolo_x_cpu,389
29567,yolo_x_cpu,360
29568,yolo_x_cpu,521
29569,yolo_x_cpu,536
29570,yolo_x_cpu,413
29571,yolo_x_cpu,466
29572,yolo_x_cpu,476
29573,yolo_x_cpu,273
29574,yolo_x_cpu,292
29575,yolo_x_cpu,383
29576,yolo_x_cpu,364
29577,yolo_x_cpu,355
29578,yolo_x_cpu,469
29579,yolo_x_cpu,421
29580,yolo_x_cpu,367
29581,yolo_x_cpu,338
29582,yolo_x_cpu,397
29583,yolo_x_cpu,328
29584,yolo_x_cpu,343
29585,yolo_x_cpu,270
29586,yolo_x_cpu,266
29587,yolo_x_cpu,367
29588,yolo_x_cpu,360
29589,yolo_x_cpu,383
29590,yolo_x_cpu,328
29591,yolo_x_cpu,403
29592,yolo_x_cpu,441
29593,yolo_x_cpu,443
29594,yolo_x_cpu,499
29595,yolo_x_cpu,353
29596,yolo_x_cpu,412
29597,yolo_x_cpu,363
29598,yolo_x_cpu,413
29599,yolo_x_cpu,352
29600,yolo_x_cpu,473
29601,yolo_x_cpu,400
29602,yolo_x_cpu,452
29603,yolo_x_cpu,369
29604,yolo_x_cpu,418
29605,yolo_x_cpu,410
29606,yolo_x_cpu,423
29607,yolo_x_cpu,362
29608,yolo_x_cpu,464
29609,yolo_x_cpu,484
29610,yolo_x_cpu,426
29611,yolo_x_cpu,301
29612,yolo_x_cpu,454
29613,yolo_x_cpu,437
29614,yolo_x_cpu,378
29615,yolo_x_cpu,396
29616,yolo_x_cpu,389
29617,yolo_x_cpu,320
29618,yolo_x_cpu,406
29619,yolo_x_cpu,388
29620,yolo_x_cpu,470
29621,yolo_x_cpu,398
29622,yolo_x_cpu,408
29623,yolo_x_cpu,451
29624,yolo_x_cpu,507
29625,yolo_x_cpu,311
29626,yolo_x_cpu,327
29627,yolo_x_cpu,373
29628,yolo_x_cpu,357
29629,yolo_x_cpu,358
29630,yolo_x_cpu,422
29631,yolo_x_cpu,416
29632,yolo_x_cpu,399
29633,yolo_x_cpu,364
29634,yolo_x_cpu,337
29635,yolo_x_cpu,383
29636,yolo_x_cpu,312
29637,yolo_x_cpu,487
29638,yolo_x_cpu,379
29639,yolo_x_cpu,538
29640,yolo_x_cpu,343
29641,yolo_x_cpu,327
29642,yolo_x_cpu,324
29643,yolo_x_cpu,399
29644,yolo_x_cpu,364
29645,yolo_x_cpu,363
29646,yolo_x_cpu,373
29647,yolo_x_cpu,447
29648,yolo_x_cpu,357
29649,yolo_x_cpu,308
29650,yolo_x_cpu,330
29651,yolo_x_cpu,377
29652,yolo_x_cpu,363
29653,yolo_x_cpu,367
29654,yolo_x_cpu,406
29655,yolo_x_cpu,416
29656,yolo_x_cpu,359
29657,yolo_x_cpu,287
29658,yolo_x_cpu,330
29659,yolo_x_cpu,344
29660,yolo_x_cpu,261
29661,yolo_x_cpu,312
29662,yolo_x_cpu,243
29663,yolo_x_cpu,253
29664,yolo_x_cpu,278
29665,yolo_x_cpu,232
29666,yolo_x_cpu,226
29667,yolo_x_cpu,301
29668,yolo_x_cpu,323
29669,yolo_x_cpu,259
29670,yolo_x_cpu,202
29671,yolo_x_cpu,145
29672,yolo_x_cpu,186
29673,yolo_x_cpu,154
29674,yolo_x_cpu,241
29675,yolo_x_cpu,236
29676,yolo_x_cpu,247
29677,yolo_x_cpu,204
29678,yolo_x_cpu,143
29679,yolo_x_cpu,199
29680,yolo_x_cpu,167
29681,yolo_x_cpu,175
29682,yolo_x_cpu,200
29683,yolo_x_cpu,238
29684,yolo_x_cpu,211
29685,yolo_x_cpu,237
29686,yolo_x_cpu,234
29687,yolo_x_cpu,267
29688,yolo_x_cpu,240
29689,yolo_x_cpu,231
29690,yolo_x_cpu,197
29691,yolo_x_cpu,135
29692,yolo_x_cpu,155
29693,yolo_x_cpu,181
29694,yolo_x_cpu,163
29695,yolo_x_cpu,284
29696,yolo_x_cpu,192
29697,yolo_x_cpu,202
29698,yolo_x_cpu,177
29699,yolo_x_cpu,243
29700,yolo_x_cpu,165
29701,yolo_x_cpu,267
29702,yolo_x_cpu,174
29703,yolo_x_cpu,172
29704,yolo_x_cpu,198
29705,yolo_x_cpu,211
29706,yolo_x_cpu,276
29707,yolo_x_cpu,232
29708,yolo_x_cpu,224
29709,yolo_x_cpu,180
29710,yolo_x_cpu,158
29711,yolo_x_cpu,199
29712,yolo_x_cpu,157
29713,yolo_x_cpu,235
29714,yolo_x_cpu,150
29715,yolo_x_cpu,165
29716,yolo_x_cpu,210
29717,yolo_x_cpu,161
29718,yolo_x_cpu,235
29719,yolo_x_cpu,318
29720,yolo_x_cpu,168
29721,yolo_x_cpu,150
29722,yolo_x_cpu,161
29723,yolo_x_cpu,222
29724,yolo_x_cpu,180
29725,yolo_x_cpu,282
29726,yolo_x_cpu,260
29727,yolo_x_cpu,206
29728,yolo_x_cpu,188
29729,yolo_x_cpu,225
29730,yolo_x_cpu,194
29731,yolo_x_cpu,149
29732,yolo_x_cpu,178
29733,yolo_x_cpu,232
29734,yolo_x_cpu,163
29735,yolo_x_cpu,168
29736,yolo_x_cpu,235
29737,yolo_x_cpu,140
29738,yolo_x_cpu,146
29739,yolo_x_cpu,190
29740,yolo_x_cpu,296
29741,yolo_x_cpu,239
29742,yolo_x_cpu,143
29743,yolo_x_cpu,80
29744,yolo_x_cpu,216
29745,yolo_x_cpu,197
29746,yolo_x_cpu,226
29747,yolo_x_cpu,155
29748,yolo_x_cpu,129
29749,yolo_x_cpu,175
29750,yolo_x_cpu,131
29751,yolo_x_cpu,134
29752,yolo_x_cpu,109
29753,yolo_x_cpu,104
29754,yolo_x_cpu,138
29755,yolo_x_cpu,138
29756,yolo_x_cpu,145
29757,yolo_x_cpu,162
29758,yolo_x_cpu,91
29759,yolo_x_cpu,81
29760,yolo_x_cpu,60
29761,yolo_x_cpu,76
29762,yolo_x_cpu,72
29763,yolo_x_cpu,72
29764,yolo_x_cpu,79
29765,yolo_x_cpu,59
29766,yolo_x_cpu,80
29767,yolo_x_cpu,68
29768,yolo_x_cpu,98
29769,yolo_x_cpu,100
29770,yolo_x_cpu,84
29771,yolo_x_cpu,127
29772,yolo_x_cpu,90
29773,yolo_x_cpu,91
29774,yolo_x_cpu,60
29775,yolo_x_cpu,55
29776,yolo_x_cpu,53
29777,yolo_x_cpu,85
29778,yolo_x_cpu,86
29779,yolo_x_cpu,99
29780,yolo_x_cpu,135
29781,yolo_x_cpu,75
29782,yolo_x_cpu,48
29783,yolo_x_cpu,78
29784,yolo_x_cpu,66
29785,yolo_x_cpu,76
29786,yolo_x_cpu,63
29787,yolo_x_cpu,52
29788,yolo_x_cpu,91
29789,yolo_x_cpu,77
29790,yolo_x_cpu,60
29791,yolo_x_cpu,54
29792,yolo_x_cpu,48
29793,yolo_x_cpu,43
29794,yolo_x_cpu,53
29795,yolo_x_cpu,36
29796,yolo_x_cpu,114
29797,yolo_x_cpu,39
29798,yolo_x_cpu,48
29799,yolo_x_cpu,48
29800,yolo_x_cpu,39
29801,yolo_x_cpu,57
29802,yolo_x_cpu,66
29803,yolo_x_cpu,60
29804,yolo_x_cpu,61
29805,yolo_x_cpu,57
29806,yolo_x_cpu,63
29807,yolo_x_cpu,71
29808,yolo_x_cpu,72
29809,yolo_x_cpu,73
29810,yolo_x_cpu,34
29811,yolo_x_cpu,41
29812,yolo_x_cpu,53
29813,yolo_x_cpu,24
29814,yolo_x_cpu,30
29815,yolo_x_cpu,11
29816,yolo_x_cpu,9
29817,yolo_x_cpu,43
29818,yolo_x_cpu,18
29819,yolo_x_cpu,42
29820,yolo_x_cpu,11
29821,yolo_x_cpu,22
29822,yolo_x_cpu,25
29823,yolo_x_cpu,22
29824,yolo_x_cpu,26
29825,yolo_x_cpu,40
29826,yolo_x_cpu,21
29827,yolo_x_cpu,16
29828,yolo_x_cpu,36
29829,yolo_x_cpu,23
29830,yolo_x_cpu,30
29831,yolo_x_cpu,80
29832,yolo_x_cpu,22
29833,yolo_x_cpu,13
29834,yolo_x_cpu,22
29835,yolo_x_cpu,28
29836,yolo_x_cpu,30
29837,yolo_x_cpu,28
29838,yolo_x_cpu,16
29839,yolo_x_cpu,23
29840,yolo_x_cpu,33
29841,yolo_x_cpu,18
29842,yolo_x_cpu,59
29843,yolo_x_cpu,61
29844,yolo_x_cpu,51
29845,yolo_x_cpu,17
29846,yolo_x_cpu,52
29847,yolo_x_cpu,37
29848,yolo_x_cpu,31
29849,yolo_x_cpu,28
29850,yolo_x_cpu,31
29851,yolo_x_cpu,51
29852,yolo_x_cpu,30
29853,yolo_x_cpu,38
29854,yolo_x_cpu,21
29855,yolo_x_cpu,25
29856,yolo_x_cpu,28
29857,yolo_x_cpu,30
29858,yolo_x_cpu,15
29859,yolo_x_cpu,1
29860,yolo_x_cpu,16
29861,yolo_x_cpu,36
29862,yolo_x_cpu,81
29863,yolo_x_cpu,32
29864,yolo_x_cpu,97
29865,yolo_x_cpu,132
29866,yolo_x_cpu,17
29867,yolo_x_cpu,17
29868,yolo_x_cpu,11
29869,yolo_x_cpu,26
29870,yolo_x_cpu,10
29871,yolo_x_cpu,48
29872,yolo_x_cpu,13
29873,yolo_x_cpu,19
29874,yolo_x_cpu,8
29875,yolo_x_cpu,15
29876,yolo_x_cpu,17
29877,yolo_x_cpu,23
29878,yolo_x_cpu,7
29879,yolo_x_cpu,9
29880,yolo_x_cpu,14
29881,yolo_x_cpu,6
29882,yolo_x_cpu,3
29883,yolo_x_cpu,19
29884,yolo_x_cpu,6
29885,yolo_x_cpu,11
29886,yolo_x_cpu,9
29887,yolo_x_cpu,71
29888,yolo_x_cpu,19
29889,yolo_x_cpu,51
29890,yolo_x_cpu,33
29891,yolo_x_cpu,47
29892,yolo_x_cpu,26
29893,yolo_x_cpu,49
29894,yolo_x_cpu,15
29895,yolo_x_cpu,26
29896,yolo_x_cpu,13
29897,yolo_x_cpu,9
29898,yolo_x_cpu,2
29899,yolo_x_cpu,18
29900,yolo_x_cpu,43
29901,yolo_x_cpu,33
29902,yolo_x_cpu,45
29903,yolo_x_cpu,29
29904,yolo_x_cpu,16
29905,yolo_x_cpu,12
29906,yolo_x_cpu,3
29907,yolo_x_cpu,8
29908,yolo_x_cpu,6
29909,yolo_x_cpu,8
29910,yolo_x_cpu,7
29911,yolo_x_cpu,7
29912,yolo_x_cpu,13
29913,yolo_x_cpu,11
29914,yolo_x_cpu,19
29915,yolo_x_cpu,10
29916,yolo_x_cpu,26
29917,yolo_x_cpu,8
29918,yolo_x_cpu,15
29919,yolo_x_cpu,6
29920,yolo_x_cpu,8
29921,yolo_x_cpu,10
29922,yolo_x_cpu,11
29923,yolo_x_cpu,6
29924,yolo_x_cpu,10
29925,yolo_x_cpu,28
29926,yolo_x_cpu,8
29927,yolo_x_cpu,3
29928,yolo_x_cpu,8
29929,yolo_x_cpu,16
29930,yolo_x_cpu,8
29931,yolo_x_cpu,6
29932,yolo_x_cpu,11
29933,yolo_x_cpu,7
29934,yolo_x_cpu,4
29935,yolo_x_cpu,15
29936,yolo_x_cpu,26
29937,yolo_x_cpu,12
29938,yolo_x_cpu,15
29939,yolo_x_cpu,6
29940,yolo_x_cpu,3
29941,yolo_x_cpu,84
29942,yolo_x_cpu,31
29943,yolo_x_cpu,6
29944,yolo_x_cpu,4
29945,yolo_x_cpu,1
29946,yolo_x_cpu,4
29947,yolo_x_cpu,6
29948,yolo_x_cpu,1
29949,yolo_x_cpu,2
29950,yolo_x_cpu,31
29951,yolo_x_cpu,21
29952,yolo_x_cpu,10
29953,yolo_x_cpu,19
29954,yolo_x_cpu,3
29955,yolo_x_cpu,9
29956,yolo_x_cpu,6
29957,yolo_x_cpu,16
29958,yolo_x_cpu,10
29959,yolo_x_cpu,6
29960,yolo_x_cpu,7
29961,yolo_x_cpu,17
29962,yolo_x_cpu,54
29963,yolo_x_cpu,117
29964,yolo_x_cpu,115
29965,yolo_x_cpu,115
29966,yolo_x_cpu,121
29967,yolo_x_cpu,47
29968,yolo_x_cpu,1
29969,yolo_x_cpu,2
29970,yolo_x_cpu,4
29971,yolo_x_cpu,4
29972,yolo_x_cpu,5
29973,yolo_x_cpu,11
29974,yolo_x_cpu,5
29975,yolo_x_cpu,7
29976,yolo_x_cpu,27
29977,yolo_x_cpu,32
29978,yolo_x_cpu,17
29979,yolo_x_cpu,2
29980,yolo_x_cpu,8
29981,yolo_x_cpu,12
29982,yolo_x_cpu,12
29983,yolo_x_cpu,13
29984,yolo_x_cpu,8
29985,yolo_x_cpu,7
29986,yolo_x_cpu,8
29987,yolo_x_cpu,8
29988,yolo_x_cpu,5
29989,yolo_x_cpu,4
29990,yolo_x_cpu,5
29991,yolo_x_cpu,16
29992,yolo_x_cpu,8
29993,yolo_x_cpu,8
29994,yolo_x_cpu,12
29995,yolo_x_cpu,15
29996,yolo_x_cpu,9
29997,yolo_x_cpu,5
29998,yolo_x_cpu,4
29999,yolo_x_cpu,0
30000,yolo_x_cpu,1
30001,yolo_x_cpu,13
30002,yolo_x_cpu,9
30003,yolo_x_cpu,5
30004,yolo_x_cpu,7
30005,yolo_x_cpu,25
30006,yolo_x_cpu,6
30007,yolo_x_cpu,11
30008,yolo_x_cpu,10
30009,yolo_x_cpu,15
30010,yolo_x_cpu,6
30011,yolo_x_cpu,23
30012,yolo_x_cpu,7
30013,yolo_x_cpu,3
30014,yolo_x_cpu,6
30015,yolo_x_cpu,7
30016,yolo_x_cpu,10
30017,yolo_x_cpu,23
30018,yolo_x_cpu,18
30019,yolo_x_cpu,7
30020,yolo_x_cpu,16
30021,yolo_x_cpu,20
30022,yolo_x_cpu,8
30023,yolo_x_cpu,4
30024,yolo_x_cpu,38
30025,yolo_x_cpu,8
30026,yolo_x_cpu,4
30027,yolo_x_cpu,3
30028,yolo_x_cpu,3
30029,yolo_x_cpu,18
30030,yolo_x_cpu,14
30031,yolo_x_cpu,2
30032,yolo_x_cpu,12
30033,yolo_x_cpu,22
30034,yolo_x_cpu,31
30035,yolo_x_cpu,24
30036,yolo_x_cpu,2
30037,yolo_x_cpu,8
30038,yolo_x_cpu,3
30039,yolo_x_cpu,11
30040,yolo_x_cpu,21
30041,yolo_x_cpu,23
30042,yolo_x_cpu,4
30043,yolo_x_cpu,6
30044,yolo_x_cpu,5
30045,yolo_x_cpu,5
30046,yolo_x_cpu,3
30047,yolo_x_cpu,5
30048,yolo_x_cpu,4
30049,yolo_x_cpu,18
30050,yolo_x_cpu,17
30051,yolo_x_cpu,6
30052,yolo_x_cpu,2
30053,yolo_x_cpu,7
30054,yolo_x_cpu,5
30055,yolo_x_cpu,5
30056,yolo_x_cpu,2
30057,yolo_x_cpu,3
30058,yolo_x_cpu,5
30059,yolo_x_cpu,4
30060,yolo_x_cpu,17
30061,yolo_x_cpu,25
30062,yolo_x_cpu,5
30063,yolo_x_cpu,5
30064,yolo_x_cpu,3
30065,yolo_x_cpu,9
30066,yolo_x_cpu,1
30067,yolo_x_cpu,3
30068,yolo_x_cpu,23
30069,yolo_x_cpu,14
30070,yolo_x_cpu,5
30071,yolo_x_cpu,23
30072,yolo_x_cpu,17
30073,yolo_x_cpu,15
30074,yolo_x_cpu,11
30075,yolo_x_cpu,19
30076,yolo_x_cpu,8
30077,yolo_x_cpu,15
30078,yolo_x_cpu,31
30079,yolo_x_cpu,10
30080,yolo_x_cpu,9
30081,yolo_x_cpu,7
30082,yolo_x_cpu,28
30083,yolo_x_cpu,15
30084,yolo_x_cpu,31
30085,yolo_x_cpu,18
30086,yolo_x_cpu,10
30087,yolo_x_cpu,10
30088,yolo_x_cpu,2
30089,yolo_x_cpu,7
30090,yolo_x_cpu,20
30091,yolo_x_cpu,6
30092,yolo_x_cpu,9
30093,yolo_x_cpu,7
30094,yolo_x_cpu,1
30095,yolo_x_cpu,22
30096,yolo_x_cpu,22
30097,yolo_x_cpu,28
30098,yolo_x_cpu,23
30099,yolo_x_cpu,11
30100,yolo_x_cpu,19
30101,yolo_x_cpu,40
30102,yolo_x_cpu,4
30103,yolo_x_cpu,7
30104,yolo_x_cpu,27
30105,yolo_x_cpu,25
30106,yolo_x_cpu,13
30107,yolo_x_cpu,18
30108,yolo_x_cpu,35
30109,yolo_x_cpu,33
30110,yolo_x_cpu,24
30111,yolo_x_cpu,12
30112,yolo_x_cpu,23
30113,yolo_x_cpu,25
30114,yolo_x_cpu,58
30115,yolo_x_cpu,56
30116,yolo_x_cpu,46
30117,yolo_x_cpu,30
30118,yolo_x_cpu,35
30119,yolo_x_cpu,48
30120,yolo_x_cpu,24
30121,yolo_x_cpu,65
30122,yolo_x_cpu,69
30123,yolo_x_cpu,27
30124,yolo_x_cpu,55
30125,yolo_x_cpu,52
30126,yolo_x_cpu,15
30127,yolo_x_cpu,12
30128,yolo_x_cpu,12
30129,yolo_x_cpu,43
30130,yolo_x_cpu,22
30131,yolo_x_cpu,23
30132,yolo_x_cpu,19
30133,yolo_x_cpu,48
30134,yolo_x_cpu,7
30135,yolo_x_cpu,20
30136,yolo_x_cpu,19
30137,yolo_x_cpu,9
30138,yolo_x_cpu,31
30139,yolo_x_cpu,34
30140,yolo_x_cpu,51
30141,yolo_x_cpu,27
30142,yolo_x_cpu,70
30143,yolo_x_cpu,43
30144,yolo_x_cpu,74
30145,yolo_x_cpu,84
30146,yolo_x_cpu,55
30147,yolo_x_cpu,50
30148,yolo_x_cpu,107
30149,yolo_x_cpu,35
30150,yolo_x_cpu,23
30151,yolo_x_cpu,41
30152,yolo_x_cpu,38
30153,yolo_x_cpu,30
30154,yolo_x_cpu,26
30155,yolo_x_cpu,33
30156,yolo_x_cpu,40
30157,yolo_x_cpu,115
30158,yolo_x_cpu,59
30159,yolo_x_cpu,45
30160,yolo_x_cpu,35
30161,yolo_x_cpu,56
30162,yolo_x_cpu,73
30163,yolo_x_cpu,48
30164,yolo_x_cpu,87
30165,yolo_x_cpu,62
30166,yolo_x_cpu,55
30167,yolo_x_cpu,73
30168,yolo_x_cpu,57
30169,yolo_x_cpu,51
30170,yolo_x_cpu,75
30171,yolo_x_cpu,112
30172,yolo_x_cpu,43
30173,yolo_x_cpu,101
30174,yolo_x_cpu,51
30175,yolo_x_cpu,71
30176,yolo_x_cpu,56
30177,yolo_x_cpu,138
30178,yolo_x_cpu,68
30179,yolo_x_cpu,125
30180,yolo_x_cpu,37
30181,yolo_x_cpu,49
30182,yolo_x_cpu,67
30183,yolo_x_cpu,90
30184,yolo_x_cpu,68
30185,yolo_x_cpu,53
30186,yolo_x_cpu,70
30187,yolo_x_cpu,79
30188,yolo_x_cpu,62
30189,yolo_x_cpu,64
30190,yolo_x_cpu,91
30191,yolo_x_cpu,78
30192,yolo_x_cpu,46
30193,yolo_x_cpu,78
30194,yolo_x_cpu,115
30195,yolo_x_cpu,85
30196,yolo_x_cpu,109
30197,yolo_x_cpu,132
30198,yolo_x_cpu,82
30199,yolo_x_cpu,72
30200,yolo_x_cpu,95
30201,yolo_x_cpu,71
30202,yolo_x_cpu,66
30203,yolo_x_cpu,88
30204,yolo_x_cpu,55
30205,yolo_x_cpu,40
30206,yolo_x_cpu,67
30207,yolo_x_cpu,93
30208,yolo_x_cpu,95
30209,yolo_x_cpu,82
30210,yolo_x_cpu,78
30211,yolo_x_cpu,68
30212,yolo_x_cpu,127
30213,yolo_x_cpu,89
30214,yolo_x_cpu,86
30215,yolo_x_cpu,68
30216,yolo_x_cpu,117
30217,yolo_x_cpu,108
30218,yolo_x_cpu,82
30219,yolo_x_cpu,93
30220,yolo_x_cpu,120
30221,yolo_x_cpu,191
30222,yolo_x_cpu,108
30223,yolo_x_cpu,160
30224,yolo_x_cpu,111
30225,yolo_x_cpu,106
30226,yolo_x_cpu,91
30227,yolo_x_cpu,144
30228,yolo_x_cpu,95
30229,yolo_x_cpu,88
30230,yolo_x_cpu,105
30231,yolo_x_cpu,94
30232,yolo_x_cpu,77
30233,yolo_x_cpu,106
30234,yolo_x_cpu,105
30235,yolo_x_cpu,95
30236,yolo_x_cpu,151
30237,yolo_x_cpu,105
30238,yolo_x_cpu,162
30239,yolo_x_cpu,130
30240,yolo_x_cpu,167
30241,yolo_x_cpu,189
30242,yolo_x_cpu,127
30243,yolo_x_cpu,201
30244,yolo_x_cpu,229
30245,yolo_x_cpu,204
30246,yolo_x_cpu,155
30247,yolo_x_cpu,120
30248,yolo_x_cpu,99
30249,yolo_x_cpu,162
30250,yolo_x_cpu,154
30251,yolo_x_cpu,141
30252,yolo_x_cpu,144
30253,yolo_x_cpu,162
30254,yolo_x_cpu,111
30255,yolo_x_cpu,145
30256,yolo_x_cpu,127
30257,yolo_x_cpu,88
30258,yolo_x_cpu,95
30259,yolo_x_cpu,173
30260,yolo_x_cpu,124
30261,yolo_x_cpu,83
30262,yolo_x_cpu,126
30263,yolo_x_cpu,153
30264,yolo_x_cpu,148
30265,yolo_x_cpu,173
30266,yolo_x_cpu,175
30267,yolo_x_cpu,236
30268,yolo_x_cpu,302
30269,yolo_x_cpu,162
30270,yolo_x_cpu,170
30271,yolo_x_cpu,118
30272,yolo_x_cpu,93
30273,yolo_x_cpu,204
30274,yolo_x_cpu,152
30275,yolo_x_cpu,191
30276,yolo_x_cpu,170
30277,yolo_x_cpu,152
30278,yolo_x_cpu,170
30279,yolo_x_cpu,125
30280,yolo_x_cpu,133
30281,yolo_x_cpu,185
30282,yolo_x_cpu,299
30283,yolo_x_cpu,116
30284,yolo_x_cpu,149
30285,yolo_x_cpu,166
30286,yolo_x_cpu,131
30287,yolo_x_cpu,236
30288,yolo_x_cpu,147
30289,yolo_x_cpu,155
30290,yolo_x_cpu,115
30291,yolo_x_cpu,188
30292,yolo_x_cpu,237
30293,yolo_x_cpu,196
30294,yolo_x_cpu,202
30295,yolo_x_cpu,117
30296,yolo_x_cpu,221
30297,yolo_x_cpu,254
30298,yolo_x_cpu,245
30299,yolo_x_cpu,319
30300,yolo_x_cpu,203
30301,yolo_x_cpu,221
30302,yolo_x_cpu,214
30303,yolo_x_cpu,233
30304,yolo_x_cpu,189
30305,yolo_x_cpu,360
30306,yolo_x_cpu,304
30307,yolo_x_cpu,306
30308,yolo_x_cpu,243
30309,yolo_x_cpu,189
30310,yolo_x_cpu,256
30311,yolo_x_cpu,175
30312,yolo_x_cpu,132
30313,yolo_x_cpu,171
30314,yolo_x_cpu,276
30315,yolo_x_cpu,203
30316,yolo_x_cpu,174
30317,yolo_x_cpu,274
30318,yolo_x_cpu,148
30319,yolo_x_cpu,235
30320,yolo_x_cpu,261
30321,yolo_x_cpu,239
30322,yolo_x_cpu,161
30323,yolo_x_cpu,194
30324,yolo_x_cpu,152
30325,yolo_x_cpu,285
30326,yolo_x_cpu,261
30327,yolo_x_cpu,172
30328,yolo_x_cpu,205
30329,yolo_x_cpu,246
30330,yolo_x_cpu,248
30331,yolo_x_cpu,220
30332,yolo_x_cpu,268
30333,yolo_x_cpu,314
30334,yolo_x_cpu,348
30335,yolo_x_cpu,368
30336,yolo_x_cpu,389
30337,yolo_x_cpu,356
30338,yolo_x_cpu,277
30339,yolo_x_cpu,272
30340,yolo_x_cpu,220
30341,yolo_x_cpu,270
30342,yolo_x_cpu,238
30343,yolo_x_cpu,180
30344,yolo_x_cpu,301
30345,yolo_x_cpu,387
30346,yolo_x_cpu,442
30347,yolo_x_cpu,453
30348,yolo_x_cpu,403
30349,yolo_x_cpu,302
30350,yolo_x_cpu,347
30351,yolo_x_cpu,219
30352,yolo_x_cpu,285
30353,yolo_x_cpu,387
30354,yolo_x_cpu,305
30355,yolo_x_cpu,358
30356,yolo_x_cpu,271
30357,yolo_x_cpu,223
30358,yolo_x_cpu,296
30359,yolo_x_cpu,331
30360,yolo_x_cpu,279
30361,yolo_x_cpu,228
30362,yolo_x_cpu,298
30363,yolo_x_cpu,389
30364,yolo_x_cpu,284
30365,yolo_x_cpu,272
30366,yolo_x_cpu,448
30367,yolo_x_cpu,428
30368,yolo_x_cpu,305
30369,yolo_x_cpu,372
30370,yolo_x_cpu,369
30371,yolo_x_cpu,387
30372,yolo_x_cpu,375
30373,yolo_x_cpu,289
30374,yolo_x_cpu,255
30375,yolo_x_cpu,267
30376,yolo_x_cpu,242
30377,yolo_x_cpu,327
30378,yolo_x_cpu,285
30379,yolo_x_cpu,258
30380,yolo_x_cpu,222
30381,yolo_x_cpu,339
30382,yolo_x_cpu,335
30383,yolo_x_cpu,214
30384,yolo_x_cpu,577
30385,yolo_x_cpu,400
30386,yolo_x_cpu,390
30387,yolo_x_cpu,350
30388,yolo_x_cpu,344
30389,yolo_x_cpu,416
30390,yolo_x_cpu,406
30391,yolo_x_cpu,285
30392,yolo_x_cpu,375
30393,yolo_x_cpu,330
30394,yolo_x_cpu,357
30395,yolo_x_cpu,352
30396,yolo_x_cpu,305
30397,yolo_x_cpu,379
30398,yolo_x_cpu,469
30399,yolo_x_cpu,358
30400,yolo_x_cpu,423
30401,yolo_x_cpu,282
30402,yolo_x_cpu,328
30403,yolo_x_cpu,372
30404,yolo_x_cpu,495
30405,yolo_x_cpu,438
30406,yolo_x_cpu,485
30407,yolo_x_cpu,302
30408,yolo_x_cpu,301
30409,yolo_x_cpu,309
30410,yolo_x_cpu,348
30411,yolo_x_cpu,378
30412,yolo_x_cpu,445
30413,yolo_x_cpu,412
30414,yolo_x_cpu,468
30415,yolo_x_cpu,434
30416,yolo_x_cpu,297
30417,yolo_x_cpu,366
30418,yolo_x_cpu,423
30419,yolo_x_cpu,466
30420,yolo_x_cpu,386
30421,yolo_x_cpu,324
30422,yolo_x_cpu,320
30423,yolo_x_cpu,315
30424,yolo_x_cpu,359
30425,yolo_x_cpu,383
30426,yolo_x_cpu,346
30427,yolo_x_cpu,255
30428,yolo_x_cpu,279
30429,yolo_x_cpu,293
30430,yolo_x_cpu,312
30431,yolo_x_cpu,294
30432,yolo_x_cpu,350
30433,yolo_x_cpu,301
30434,yolo_x_cpu,306
30435,yolo_x_cpu,402
30436,yolo_x_cpu,468
30437,yolo_x_cpu,460
30438,yolo_x_cpu,354
30439,yolo_x_cpu,203
30440,yolo_x_cpu,316
30441,yolo_x_cpu,277
30442,yolo_x_cpu,285
30443,yolo_x_cpu,334
30444,yolo_x_cpu,298
30445,yolo_x_cpu,419
30446,yolo_x_cpu,310
30447,yolo_x_cpu,233
30448,yolo_x_cpu,347
30449,yolo_x_cpu,364
30450,yolo_x_cpu,398
30451,yolo_x_cpu,329
30452,yolo_x_cpu,340
30453,yolo_x_cpu,281
30454,yolo_x_cpu,263
30455,yolo_x_cpu,325
30456,yolo_x_cpu,241
30457,yolo_x_cpu,365
30458,yolo_x_cpu,434
30459,yolo_x_cpu,252
30460,yolo_x_cpu,305
30461,yolo_x_cpu,271
30462,yolo_x_cpu,309
30463,yolo_x_cpu,305
30464,yolo_x_cpu,292
30465,yolo_x_cpu,394
30466,yolo_x_cpu,372
30467,yolo_x_cpu,280
30468,yolo_x_cpu,363
30469,yolo_x_cpu,364
30470,yolo_x_cpu,405
30471,yolo_x_cpu,267
30472,yolo_x_cpu,200
30473,yolo_x_cpu,277
30474,yolo_x_cpu,239
30475,yolo_x_cpu,258
30476,yolo_x_cpu,303
30477,yolo_x_cpu,309
30478,yolo_x_cpu,253
30479,yolo_x_cpu,389
30480,yolo_x_cpu,278
30481,yolo_x_cpu,204
30482,yolo_x_cpu,222
30483,yolo_x_cpu,267
30484,yolo_x_cpu,287
30485,yolo_x_cpu,224
30486,yolo_x_cpu,200
30487,yolo_x_cpu,258
30488,yolo_x_cpu,256
30489,yolo_x_cpu,258
30490,yolo_x_cpu,266
30491,yolo_x_cpu,241
30492,yolo_x_cpu,287
30493,yolo_x_cpu,236
30494,yolo_x_cpu,289
30495,yolo_x_cpu,275
30496,yolo_x_cpu,292
30497,yolo_x_cpu,304
30498,yolo_x_cpu,353
30499,yolo_x_cpu,413
30500,yolo_x_cpu,441
30501,yolo_x_cpu,395
30502,yolo_x_cpu,460
30503,yolo_x_cpu,346
30504,yolo_x_cpu,258
30505,yolo_x_cpu,294
30506,yolo_x_cpu,319
30507,yolo_x_cpu,340
30508,yolo_x_cpu,277
30509,yolo_x_cpu,390
30510,yolo_x_cpu,325
30511,yolo_x_cpu,416
30512,yolo_x_cpu,451
30513,yolo_x_cpu,308
30514,yolo_x_cpu,363
30515,yolo_x_cpu,304
30516,yolo_x_cpu,348
30517,yolo_x_cpu,301
30518,yolo_x_cpu,237
30519,yolo_x_cpu,258
30520,yolo_x_cpu,257
30521,yolo_x_cpu,340
30522,yolo_x_cpu,270
30523,yolo_x_cpu,229
30524,yolo_x_cpu,259
30525,yolo_x_cpu,259
30526,yolo_x_cpu,283
30527,yolo_x_cpu,264
30528,yolo_x_cpu,242
30529,yolo_x_cpu,216
30530,yolo_x_cpu,269
30531,yolo_x_cpu,275
30532,yolo_x_cpu,307
30533,yolo_x_cpu,259
30534,yolo_x_cpu,219
30535,yolo_x_cpu,221
30536,yolo_x_cpu,258
30537,yolo_x_cpu,234
30538,yolo_x_cpu,223
30539,yolo_x_cpu,246
30540,yolo_x_cpu,253
30541,yolo_x_cpu,297
30542,yolo_x_cpu,284
30543,yolo_x_cpu,332
30544,yolo_x_cpu,233
30545,yolo_x_cpu,238
30546,yolo_x_cpu,285
30547,yolo_x_cpu,278
30548,yolo_x_cpu,256
30549,yolo_x_cpu,207
30550,yolo_x_cpu,245
30551,yolo_x_cpu,290
30552,yolo_x_cpu,288
30553,yolo_x_cpu,232
30554,yolo_x_cpu,341
30555,yolo_x_cpu,276
30556,yolo_x_cpu,428
30557,yolo_x_cpu,285
30558,yolo_x_cpu,309
30559,yolo_x_cpu,315
30560,yolo_x_cpu,289
30561,yolo_x_cpu,214
30562,yolo_x_cpu,162
30563,yolo_x_cpu,273
30564,yolo_x_cpu,245
30565,yolo_x_cpu,308
30566,yolo_x_cpu,200
30567,yolo_x_cpu,233
30568,yolo_x_cpu,215
30569,yolo_x_cpu,192
30570,yolo_x_cpu,220
30571,yolo_x_cpu,220
30572,yolo_x_cpu,247
30573,yolo_x_cpu,250
30574,yolo_x_cpu,242
30575,yolo_x_cpu,292
30576,yolo_x_cpu,250
30577,yolo_x_cpu,326
30578,yolo_x_cpu,259
30579,yolo_x_cpu,259
30580,yolo_x_cpu,311
30581,yolo_x_cpu,264
30582,yolo_x_cpu,282
30583,yolo_x_cpu,288
30584,yolo_x_cpu,241
30585,yolo_x_cpu,256
30586,yolo_x_cpu,317
30587,yolo_x_cpu,292
30588,yolo_x_cpu,260
30589,yolo_x_cpu,240
30590,yolo_x_cpu,238
30591,yolo_x_cpu,274
30592,yolo_x_cpu,260
30593,yolo_x_cpu,355
30594,yolo_x_cpu,186
30595,yolo_x_cpu,201
30596,yolo_x_cpu,202
30597,yolo_x_cpu,230
30598,yolo_x_cpu,179
30599,yolo_x_cpu,291
30600,yolo_x_cpu,293
30601,yolo_x_cpu,274
30602,yolo_x_cpu,318
30603,yolo_x_cpu,421
30604,yolo_x_cpu,291
30605,yolo_x_cpu,317
30606,yolo_x_cpu,312
30607,yolo_x_cpu,259
30608,yolo_x_cpu,259
30609,yolo_x_cpu,295
30610,yolo_x_cpu,242
30611,yolo_x_cpu,223
30612,yolo_x_cpu,256
30613,yolo_x_cpu,242
30614,yolo_x_cpu,213
30615,yolo_x_cpu,166
30616,yolo_x_cpu,183
30617,yolo_x_cpu,199
30618,yolo_x_cpu,267
30619,yolo_x_cpu,296
30620,yolo_x_cpu,365
30621,yolo_x_cpu,263
30622,yolo_x_cpu,379
30623,yolo_x_cpu,328
30624,yolo_x_cpu,267
30625,yolo_x_cpu,308
30626,yolo_x_cpu,295
30627,yolo_x_cpu,302
30628,yolo_x_cpu,174
30629,yolo_x_cpu,205
30630,yolo_x_cpu,196
30631,yolo_x_cpu,181
30632,yolo_x_cpu,315
30633,yolo_x_cpu,212
30634,yolo_x_cpu,300
30635,yolo_x_cpu,278
30636,yolo_x_cpu,275
30637,yolo_x_cpu,195
30638,yolo_x_cpu,350
30639,yolo_x_cpu,213
30640,yolo_x_cpu,364
30641,yolo_x_cpu,248
30642,yolo_x_cpu,272
30643,yolo_x_cpu,286
30644,yolo_x_cpu,302
30645,yolo_x_cpu,243
30646,yolo_x_cpu,192
30647,yolo_x_cpu,277
30648,yolo_x_cpu,355
30649,yolo_x_cpu,355
30650,yolo_x_cpu,367
30651,yolo_x_cpu,351
30652,yolo_x_cpu,333
30653,yolo_x_cpu,306
30654,yolo_x_cpu,325
30655,yolo_x_cpu,357
30656,yolo_x_cpu,312
30657,yolo_x_cpu,339
30658,yolo_x_cpu,268
30659,yolo_x_cpu,300
30660,yolo_x_cpu,215
30661,yolo_x_cpu,253
30662,yolo_x_cpu,217
30663,yolo_x_cpu,228
30664,yolo_x_cpu,277
30665,yolo_x_cpu,243
30666,yolo_x_cpu,232
30667,yolo_x_cpu,224
30668,yolo_x_cpu,182
30669,yolo_x_cpu,200
30670,yolo_x_cpu,184
30671,yolo_x_cpu,346
30672,yolo_x_cpu,262
30673,yolo_x_cpu,218
30674,yolo_x_cpu,291
30675,yolo_x_cpu,242
30676,yolo_x_cpu,315
30677,yolo_x_cpu,219
30678,yolo_x_cpu,385
30679,yolo_x_cpu,291
30680,yolo_x_cpu,323
30681,yolo_x_cpu,368
30682,yolo_x_cpu,291
30683,yolo_x_cpu,244
30684,yolo_x_cpu,337
30685,yolo_x_cpu,317
30686,yolo_x_cpu,251
30687,yolo_x_cpu,239
30688,yolo_x_cpu,260
30689,yolo_x_cpu,255
30690,yolo_x_cpu,222
30691,yolo_x_cpu,283
30692,yolo_x_cpu,320
30693,yolo_x_cpu,247
30694,yolo_x_cpu,275
30695,yolo_x_cpu,295
30696,yolo_x_cpu,287
30697,yolo_x_cpu,275
30698,yolo_x_cpu,283
30699,yolo_x_cpu,319
30700,yolo_x_cpu,296
30701,yolo_x_cpu,314
30702,yolo_x_cpu,250
30703,yolo_x_cpu,257
30704,yolo_x_cpu,257
30705,yolo_x_cpu,245
30706,yolo_x_cpu,270
30707,yolo_x_cpu,279
30708,yolo_x_cpu,433
30709,yolo_x_cpu,419
30710,yolo_x_cpu,230
30711,yolo_x_cpu,267
30712,yolo_x_cpu,258
30713,yolo_x_cpu,249
30714,yolo_x_cpu,319
30715,yolo_x_cpu,258
30716,yolo_x_cpu,279
30717,yolo_x_cpu,297
30718,yolo_x_cpu,370
30719,yolo_x_cpu,270
30720,yolo_x_cpu,177
30721,yolo_x_cpu,248
30722,yolo_x_cpu,310
30723,yolo_x_cpu,285
30724,yolo_x_cpu,243
30725,yolo_x_cpu,247
30726,yolo_x_cpu,278
30727,yolo_x_cpu,251
30728,yolo_x_cpu,194
30729,yolo_x_cpu,309
30730,yolo_x_cpu,343
30731,yolo_x_cpu,273
30732,yolo_x_cpu,201
30733,yolo_x_cpu,233
30734,yolo_x_cpu,224
30735,yolo_x_cpu,213
30736,yolo_x_cpu,296
30737,yolo_x_cpu,338
30738,yolo_x_cpu,284
30739,yolo_x_cpu,252
30740,yolo_x_cpu,251
30741,yolo_x_cpu,225
30742,yolo_x_cpu,352
30743,yolo_x_cpu,320
30744,yolo_x_cpu,293
30745,yolo_x_cpu,328
30746,yolo_x_cpu,299
30747,yolo_x_cpu,275
30748,yolo_x_cpu,259
30749,yolo_x_cpu,279
30750,yolo_x_cpu,312
30751,yolo_x_cpu,316
30752,yolo_x_cpu,285
30753,yolo_x_cpu,359
30754,yolo_x_cpu,414
30755,yolo_x_cpu,407
30756,yolo_x_cpu,340
30757,yolo_x_cpu,357
30758,yolo_x_cpu,298
30759,yolo_x_cpu,320
30760,yolo_x_cpu,307
30761,yolo_x_cpu,287
30762,yolo_x_cpu,360
30763,yolo_x_cpu,343
30764,yolo_x_cpu,349
30765,yolo_x_cpu,291
30766,yolo_x_cpu,361
30767,yolo_x_cpu,288
30768,yolo_x_cpu,403
30769,yolo_x_cpu,372
30770,yolo_x_cpu,427
30771,yolo_x_cpu,554
30772,yolo_x_cpu,365
30773,yolo_x_cpu,332
30774,yolo_x_cpu,417
30775,yolo_x_cpu,314
30776,yolo_x_cpu,355
30777,yolo_x_cpu,311
30778,yolo_x_cpu,337
30779,yolo_x_cpu,438
30780,yolo_x_cpu,373
30781,yolo_x_cpu,405
30782,yolo_x_cpu,335
30783,yolo_x_cpu,367
30784,yolo_x_cpu,346
30785,yolo_x_cpu,292
30786,yolo_x_cpu,233
30787,yolo_x_cpu,302
30788,yolo_x_cpu,415
30789,yolo_x_cpu,378
30790,yolo_x_cpu,394
30791,yolo_x_cpu,386
30792,yolo_x_cpu,324
30793,yolo_x_cpu,347
30794,yolo_x_cpu,269
30795,yolo_x_cpu,287
30796,yolo_x_cpu,312
30797,yolo_x_cpu,381
30798,yolo_x_cpu,349
30799,yolo_x_cpu,332
30800,yolo_x_cpu,346
30801,yolo_x_cpu,410
30802,yolo_x_cpu,308
30803,yolo_x_cpu,312
30804,yolo_x_cpu,293
30805,yolo_x_cpu,332
30806,yolo_x_cpu,279
30807,yolo_x_cpu,367
30808,yolo_x_cpu,348
30809,yolo_x_cpu,319
30810,yolo_x_cpu,369
30811,yolo_x_cpu,277
30812,yolo_x_cpu,380
30813,yolo_x_cpu,255
30814,yolo_x_cpu,286
30815,yolo_x_cpu,302
30816,yolo_x_cpu,267
30817,yolo_x_cpu,278
30818,yolo_x_cpu,249
30819,yolo_x_cpu,263
30820,yolo_x_cpu,249
30821,yolo_x_cpu,286
30822,yolo_x_cpu,310
30823,yolo_x_cpu,274
30824,yolo_x_cpu,290
30825,yolo_x_cpu,274
30826,yolo_x_cpu,245
30827,yolo_x_cpu,297
30828,yolo_x_cpu,270
30829,yolo_x_cpu,292
30830,yolo_x_cpu,333
30831,yolo_x_cpu,193
30832,yolo_x_cpu,202
30833,yolo_x_cpu,375
30834,yolo_x_cpu,291
30835,yolo_x_cpu,268
30836,yolo_x_cpu,340
30837,yolo_x_cpu,364
30838,yolo_x_cpu,300
30839,yolo_x_cpu,339
30840,yolo_x_cpu,363
30841,yolo_x_cpu,329
30842,yolo_x_cpu,353
30843,yolo_x_cpu,300
30844,yolo_x_cpu,332
30845,yolo_x_cpu,268
30846,yolo_x_cpu,470
30847,yolo_x_cpu,284
30848,yolo_x_cpu,511
30849,yolo_x_cpu,342
30850,yolo_x_cpu,314
30851,yolo_x_cpu,234
30852,yolo_x_cpu,273
30853,yolo_x_cpu,402
30854,yolo_x_cpu,280
30855,yolo_x_cpu,243
30856,yolo_x_cpu,304
30857,yolo_x_cpu,301
30858,yolo_x_cpu,364
30859,yolo_x_cpu,299
30860,yolo_x_cpu,341
30861,yolo_x_cpu,448
30862,yolo_x_cpu,396
30863,yolo_x_cpu,330
30864,yolo_x_cpu,290
30865,yolo_x_cpu,306
30866,yolo_x_cpu,350
30867,yolo_x_cpu,404
30868,yolo_x_cpu,296
30869,yolo_x_cpu,331
30870,yolo_x_cpu,325
30871,yolo_x_cpu,370
30872,yolo_x_cpu,456
30873,yolo_x_cpu,376
30874,yolo_x_cpu,355
30875,yolo_x_cpu,317
30876,yolo_x_cpu,306
30877,yolo_x_cpu,349
30878,yolo_x_cpu,301
30879,yolo_x_cpu,251
30880,yolo_x_cpu,299
30881,yolo_x_cpu,331
30882,yolo_x_cpu,353
30883,yolo_x_cpu,415
30884,yolo_x_cpu,404
30885,yolo_x_cpu,442
30886,yolo_x_cpu,383
30887,yolo_x_cpu,370
30888,yolo_x_cpu,422
30889,yolo_x_cpu,456
30890,yolo_x_cpu,322
30891,yolo_x_cpu,337
30892,yolo_x_cpu,360
30893,yolo_x_cpu,333
30894,yolo_x_cpu,277
30895,yolo_x_cpu,354
30896,yolo_x_cpu,301
30897,yolo_x_cpu,319
30898,yolo_x_cpu,381
30899,yolo_x_cpu,248
30900,yolo_x_cpu,241
30901,yolo_x_cpu,319
30902,yolo_x_cpu,396
30903,yolo_x_cpu,406
30904,yolo_x_cpu,346
30905,yolo_x_cpu,441
30906,yolo_x_cpu,454
30907,yolo_x_cpu,442
30908,yolo_x_cpu,456
30909,yolo_x_cpu,439
30910,yolo_x_cpu,539
30911,yolo_x_cpu,463
30912,yolo_x_cpu,456
30913,yolo_x_cpu,362
30914,yolo_x_cpu,442
30915,yolo_x_cpu,316
30916,yolo_x_cpu,379
30917,yolo_x_cpu,370
30918,yolo_x_cpu,475
30919,yolo_x_cpu,375
30920,yolo_x_cpu,462
30921,yolo_x_cpu,498
30922,yolo_x_cpu,472
30923,yolo_x_cpu,477
30924,yolo_x_cpu,437
30925,yolo_x_cpu,444
30926,yolo_x_cpu,449
30927,yolo_x_cpu,390
30928,yolo_x_cpu,472
30929,yolo_x_cpu,338
30930,yolo_x_cpu,405
30931,yolo_x_cpu,508
30932,yolo_x_cpu,373
30933,yolo_x_cpu,358
30934,yolo_x_cpu,563
30935,yolo_x_cpu,445
30936,yolo_x_cpu,584
30937,yolo_x_cpu,576
30938,yolo_x_cpu,481
30939,yolo_x_cpu,490
30940,yolo_x_cpu,509
30941,yolo_x_cpu,569
30942,yolo_x_cpu,456
30943,yolo_x_cpu,378
30944,yolo_x_cpu,382
30945,yolo_x_cpu,420
30946,yolo_x_cpu,323
30947,yolo_x_cpu,346
30948,yolo_x_cpu,377
30949,yolo_x_cpu,462
30950,yolo_x_cpu,404
30951,yolo_x_cpu,519
30952,yolo_x_cpu,627
30953,yolo_x_cpu,543
30954,yolo_x_cpu,434
30955,yolo_x_cpu,406
30956,yolo_x_cpu,436
30957,yolo_x_cpu,417
30958,yolo_x_cpu,415
30959,yolo_x_cpu,418
30960,yolo_x_cpu,531
30961,yolo_x_cpu,432
30962,yolo_x_cpu,486
30963,yolo_x_cpu,546
30964,yolo_x_cpu,446
30965,yolo_x_cpu,485
30966,yolo_x_cpu,539
30967,yolo_x_cpu,479
30968,yolo_x_cpu,542
30969,yolo_x_cpu,478
30970,yolo_x_cpu,427
30971,yolo_x_cpu,539
30972,yolo_x_cpu,515
30973,yolo_x_cpu,574
30974,yolo_x_cpu,491
30975,yolo_x_cpu,480
30976,yolo_x_cpu,423
30977,yolo_x_cpu,544
30978,yolo_x_cpu,391
30979,yolo_x_cpu,450
30980,yolo_x_cpu,512
30981,yolo_x_cpu,462
30982,yolo_x_cpu,506
30983,yolo_x_cpu,461
30984,yolo_x_cpu,493
30985,yolo_x_cpu,541
30986,yolo_x_cpu,503
30987,yolo_x_cpu,553
30988,yolo_x_cpu,661
30989,yolo_x_cpu,563
30990,yolo_x_cpu,732
30991,yolo_x_cpu,732
30992,yolo_x_cpu,597
30993,yolo_x_cpu,516
30994,yolo_x_cpu,447
30995,yolo_x_cpu,571
30996,yolo_x_cpu,610
30997,yolo_x_cpu,545
30998,yolo_x_cpu,543
30999,yolo_x_cpu,622
31000,yolo_x_cpu,591
31001,yolo_x_cpu,579
31002,yolo_x_cpu,570
31003,yolo_x_cpu,723
31004,yolo_x_cpu,682
31005,yolo_x_cpu,647
31006,yolo_x_cpu,676
31007,yolo_x_cpu,500
31008,yolo_x_cpu,512
31009,yolo_x_cpu,532
31010,yolo_x_cpu,551
31011,yolo_x_cpu,553
31012,yolo_x_cpu,478
31013,yolo_x_cpu,642
31014,yolo_x_cpu,601
31015,yolo_x_cpu,673
31016,yolo_x_cpu,620
31017,yolo_x_cpu,718
31018,yolo_x_cpu,648
31019,yolo_x_cpu,669
31020,yolo_x_cpu,609
31021,yolo_x_cpu,721
31022,yolo_x_cpu,799
31023,yolo_x_cpu,576
31024,yolo_x_cpu,749
31025,yolo_x_cpu,496
31026,yolo_x_cpu,569
31027,yolo_x_cpu,622
31028,yolo_x_cpu,522
31029,yolo_x_cpu,523
31030,yolo_x_cpu,445
31031,yolo_x_cpu,475
31032,yolo_x_cpu,474
31033,yolo_x_cpu,615
31034,yolo_x_cpu,632
31035,yolo_x_cpu,438
31036,yolo_x_cpu,437
31037,yolo_x_cpu,512
31038,yolo_x_cpu,451
31039,yolo_x_cpu,542
31040,yolo_x_cpu,485
31041,yolo_x_cpu,440
31042,yolo_x_cpu,477
31043,yolo_x_cpu,398
31044,yolo_x_cpu,493
31045,yolo_x_cpu,449
31046,yolo_x_cpu,449
31047,yolo_x_cpu,387
31048,yolo_x_cpu,410
31049,yolo_x_cpu,437
31050,yolo_x_cpu,426
31051,yolo_x_cpu,387
31052,yolo_x_cpu,433
31053,yolo_x_cpu,491
31054,yolo_x_cpu,465
31055,yolo_x_cpu,435
31056,yolo_x_cpu,501
31057,yolo_x_cpu,492
31058,yolo_x_cpu,559
31059,yolo_x_cpu,374
31060,yolo_x_cpu,458
31061,yolo_x_cpu,442
31062,yolo_x_cpu,397
31063,yolo_x_cpu,373
31064,yolo_x_cpu,477
31065,yolo_x_cpu,525
31066,yolo_x_cpu,398
31067,yolo_x_cpu,549
31068,yolo_x_cpu,675
31069,yolo_x_cpu,570
31070,yolo_x_cpu,478
31071,yolo_x_cpu,392
31072,yolo_x_cpu,530
31073,yolo_x_cpu,531
31074,yolo_x_cpu,391
31075,yolo_x_cpu,374
31076,yolo_x_cpu,415
31077,yolo_x_cpu,395
31078,yolo_x_cpu,461
31079,yolo_x_cpu,558
31080,yolo_x_cpu,506
31081,yolo_x_cpu,535
31082,yolo_x_cpu,468
31083,yolo_x_cpu,434
31084,yolo_x_cpu,388
31085,yolo_x_cpu,359
31086,yolo_x_cpu,359
31087,yolo_x_cpu,360
31088,yolo_x_cpu,469
31089,yolo_x_cpu,473
31090,yolo_x_cpu,344
31091,yolo_x_cpu,325
31092,yolo_x_cpu,303
31093,yolo_x_cpu,302
31094,yolo_x_cpu,332
31095,yolo_x_cpu,375
31096,yolo_x_cpu,305
31097,yolo_x_cpu,372
31098,yolo_x_cpu,447
31099,yolo_x_cpu,375
31100,yolo_x_cpu,369
31101,yolo_x_cpu,324
31102,yolo_x_cpu,345
31103,yolo_x_cpu,327
31104,yolo_x_cpu,282
31105,yolo_x_cpu,235
31106,yolo_x_cpu,302
31107,yolo_x_cpu,239
31108,yolo_x_cpu,249
31109,yolo_x_cpu,325
31110,yolo_x_cpu,335
31111,yolo_x_cpu,355
31112,yolo_x_cpu,309
31113,yolo_x_cpu,349
31114,yolo_x_cpu,298
31115,yolo_x_cpu,322
31116,yolo_x_cpu,305
31117,yolo_x_cpu,327
31118,yolo_x_cpu,295
31119,yolo_x_cpu,372
31120,yolo_x_cpu,213
31121,yolo_x_cpu,277
31122,yolo_x_cpu,307
31123,yolo_x_cpu,365
31124,yolo_x_cpu,270
31125,yolo_x_cpu,240
31126,yolo_x_cpu,232
31127,yolo_x_cpu,294
31128,yolo_x_cpu,234
31129,yolo_x_cpu,362
31130,yolo_x_cpu,355
31131,yolo_x_cpu,304
31132,yolo_x_cpu,412
31133,yolo_x_cpu,354
31134,yolo_x_cpu,339
31135,yolo_x_cpu,334
31136,yolo_x_cpu,344
31137,yolo_x_cpu,239
31138,yolo_x_cpu,291
31139,yolo_x_cpu,289
31140,yolo_x_cpu,324
31141,yolo_x_cpu,289
31142,yolo_x_cpu,237
31143,yolo_x_cpu,221
31144,yolo_x_cpu,264
31145,yolo_x_cpu,232
31146,yolo_x_cpu,236
31147,yolo_x_cpu,210
31148,yolo_x_cpu,263
31149,yolo_x_cpu,282
31150,yolo_x_cpu,277
31151,yolo_x_cpu,213
31152,yolo_x_cpu,185
31153,yolo_x_cpu,190
31154,yolo_x_cpu,270
31155,yolo_x_cpu,202
31156,yolo_x_cpu,209
31157,yolo_x_cpu,159
31158,yolo_x_cpu,171
31159,yolo_x_cpu,194
31160,yolo_x_cpu,179
31161,yolo_x_cpu,213
31162,yolo_x_cpu,192
31163,yolo_x_cpu,275
31164,yolo_x_cpu,207
31165,yolo_x_cpu,240
31166,yolo_x_cpu,208
31167,yolo_x_cpu,137
31168,yolo_x_cpu,197
31169,yolo_x_cpu,180
31170,yolo_x_cpu,173
31171,yolo_x_cpu,245
31172,yolo_x_cpu,142
31173,yolo_x_cpu,113
31174,yolo_x_cpu,217
31175,yolo_x_cpu,176
31176,yolo_x_cpu,130
31177,yolo_x_cpu,119
31178,yolo_x_cpu,183
31179,yolo_x_cpu,218
31180,yolo_x_cpu,200
31181,yolo_x_cpu,168
31182,yolo_x_cpu,200
31183,yolo_x_cpu,182
31184,yolo_x_cpu,195
31185,yolo_x_cpu,157
31186,yolo_x_cpu,149
31187,yolo_x_cpu,169
31188,yolo_x_cpu,138
31189,yolo_x_cpu,168
31190,yolo_x_cpu,180
31191,yolo_x_cpu,174
31192,yolo_x_cpu,135
31193,yolo_x_cpu,142
31194,yolo_x_cpu,123
31195,yolo_x_cpu,130
31196,yolo_x_cpu,168
31197,yolo_x_cpu,126
31198,yolo_x_cpu,82
31199,yolo_x_cpu,126
31200,yolo_x_cpu,153
31201,yolo_x_cpu,151
31202,yolo_x_cpu,90
31203,yolo_x_cpu,109
31204,yolo_x_cpu,110
31205,yolo_x_cpu,109
31206,yolo_x_cpu,75
31207,yolo_x_cpu,123
31208,yolo_x_cpu,97
31209,yolo_x_cpu,106
31210,yolo_x_cpu,127
31211,yolo_x_cpu,112
31212,yolo_x_cpu,127
31213,yolo_x_cpu,100
31214,yolo_x_cpu,102
31215,yolo_x_cpu,43
31216,yolo_x_cpu,112
31217,yolo_x_cpu,51
31218,yolo_x_cpu,42
31219,yolo_x_cpu,42
31220,yolo_x_cpu,104
31221,yolo_x_cpu,65
31222,yolo_x_cpu,50
31223,yolo_x_cpu,84
31224,yolo_x_cpu,73
31225,yolo_x_cpu,79
31226,yolo_x_cpu,94
31227,yolo_x_cpu,76
31228,yolo_x_cpu,83
31229,yolo_x_cpu,91
31230,yolo_x_cpu,73
31231,yolo_x_cpu,85
31232,yolo_x_cpu,72
31233,yolo_x_cpu,77
31234,yolo_x_cpu,96
31235,yolo_x_cpu,77
31236,yolo_x_cpu,189
31237,yolo_x_cpu,94
31238,yolo_x_cpu,117
31239,yolo_x_cpu,79
31240,yolo_x_cpu,54
31241,yolo_x_cpu,80
31242,yolo_x_cpu,74
31243,yolo_x_cpu,84
31244,yolo_x_cpu,62
31245,yolo_x_cpu,39
31246,yolo_x_cpu,79
31247,yolo_x_cpu,86
31248,yolo_x_cpu,52
31249,yolo_x_cpu,63
31250,yolo_x_cpu,57
31251,yolo_x_cpu,84
31252,yolo_x_cpu,82
31253,yolo_x_cpu,68
31254,yolo_x_cpu,93
31255,yolo_x_cpu,75
31256,yolo_x_cpu,61
31257,yolo_x_cpu,69
31258,yolo_x_cpu,92
31259,yolo_x_cpu,74
31260,yolo_x_cpu,141
31261,yolo_x_cpu,63
31262,yolo_x_cpu,70
31263,yolo_x_cpu,61
31264,yolo_x_cpu,61
31265,yolo_x_cpu,99
31266,yolo_x_cpu,87
31267,yolo_x_cpu,29
31268,yolo_x_cpu,90
31269,yolo_x_cpu,62
31270,yolo_x_cpu,55
31271,yolo_x_cpu,40
31272,yolo_x_cpu,63
31273,yolo_x_cpu,69
31274,yolo_x_cpu,52
31275,yolo_x_cpu,44
31276,yolo_x_cpu,59
31277,yolo_x_cpu,144
31278,yolo_x_cpu,92
31279,yolo_x_cpu,48
31280,yolo_x_cpu,27
31281,yolo_x_cpu,49
31282,yolo_x_cpu,52
31283,yolo_x_cpu,64
31284,yolo_x_cpu,35
31285,yolo_x_cpu,50
31286,yolo_x_cpu,26
31287,yolo_x_cpu,27
31288,yolo_x_cpu,69
31289,yolo_x_cpu,80
31290,yolo_x_cpu,41
31291,yolo_x_cpu,62
31292,yolo_x_cpu,67
31293,yolo_x_cpu,45
31294,yolo_x_cpu,34
31295,yolo_x_cpu,36
31296,yolo_x_cpu,58
31297,yolo_x_cpu,36
31298,yolo_x_cpu,52
31299,yolo_x_cpu,45
31300,yolo_x_cpu,37
31301,yolo_x_cpu,28
31302,yolo_x_cpu,30
31303,yolo_x_cpu,39
31304,yolo_x_cpu,41
31305,yolo_x_cpu,25
31306,yolo_x_cpu,35
31307,yolo_x_cpu,46
31308,yolo_x_cpu,35
31309,yolo_x_cpu,43
31310,yolo_x_cpu,34
31311,yolo_x_cpu,48
31312,yolo_x_cpu,39
31313,yolo_x_cpu,50
31314,yolo_x_cpu,66
31315,yolo_x_cpu,74
31316,yolo_x_cpu,63
31317,yolo_x_cpu,31
31318,yolo_x_cpu,72
31319,yolo_x_cpu,69
31320,yolo_x_cpu,43
31321,yolo_x_cpu,6
31322,yolo_x_cpu,34
31323,yolo_x_cpu,74
31324,yolo_x_cpu,52
31325,yolo_x_cpu,63
31326,yolo_x_cpu,17
31327,yolo_x_cpu,21
31328,yolo_x_cpu,35
31329,yolo_x_cpu,49
31330,yolo_x_cpu,41
31331,yolo_x_cpu,32
31332,yolo_x_cpu,77
31333,yolo_x_cpu,39
31334,yolo_x_cpu,42
31335,yolo_x_cpu,45
31336,yolo_x_cpu,38
31337,yolo_x_cpu,28
31338,yolo_x_cpu,10
31339,yolo_x_cpu,36
31340,yolo_x_cpu,26
31341,yolo_x_cpu,28
31342,yolo_x_cpu,18
31343,yolo_x_cpu,23
31344,yolo_x_cpu,13
31345,yolo_x_cpu,19
31346,yolo_x_cpu,24
31347,yolo_x_cpu,21
31348,yolo_x_cpu,12
31349,yolo_x_cpu,19
31350,yolo_x_cpu,31
31351,yolo_x_cpu,20
31352,yolo_x_cpu,41
31353,yolo_x_cpu,25
31354,yolo_x_cpu,21
31355,yolo_x_cpu,36
31356,yolo_x_cpu,22
31357,yolo_x_cpu,10
31358,yolo_x_cpu,20
31359,yolo_x_cpu,15
31360,yolo_x_cpu,11
31361,yolo_x_cpu,24
31362,yolo_x_cpu,7
31363,yolo_x_cpu,7
31364,yolo_x_cpu,15
31365,yolo_x_cpu,13
31366,yolo_x_cpu,13
31367,yolo_x_cpu,5
31368,yolo_x_cpu,1
31369,yolo_x_cpu,2
31370,yolo_x_cpu,9
31371,yolo_x_cpu,5
31372,yolo_x_cpu,5
31373,yolo_x_cpu,11
31374,yolo_x_cpu,5
31375,yolo_x_cpu,3
31376,yolo_x_cpu,8
31377,yolo_x_cpu,27
31378,yolo_x_cpu,19
31379,yolo_x_cpu,42
31380,yolo_x_cpu,5
31381,yolo_x_cpu,1
31382,yolo_x_cpu,5
31383,yolo_x_cpu,44
31384,yolo_x_cpu,17
31385,yolo_x_cpu,16
31386,yolo_x_cpu,21
31387,yolo_x_cpu,18
31388,yolo_x_cpu,4
31389,yolo_x_cpu,5
31390,yolo_x_cpu,7
31391,yolo_x_cpu,2
31392,yolo_x_cpu,9
31393,yolo_x_cpu,7
31394,yolo_x_cpu,9
31395,yolo_x_cpu,10
31396,yolo_x_cpu,4
31397,yolo_x_cpu,43
31398,yolo_x_cpu,5
31399,yolo_x_cpu,5
31400,yolo_x_cpu,6
31401,yolo_x_cpu,25
31402,yolo_x_cpu,4
31403,yolo_x_cpu,7
31404,yolo_x_cpu,3
31405,yolo_x_cpu,12
31406,yolo_x_cpu,13
31407,yolo_x_cpu,20
31408,yolo_x_cpu,7
31409,yolo_x_cpu,14
31410,yolo_x_cpu,19
31411,yolo_x_cpu,3
31412,yolo_x_cpu,11
31413,yolo_x_cpu,5
31414,yolo_x_cpu,5
31415,yolo_x_cpu,18
31416,yolo_x_cpu,18
31417,yolo_x_cpu,32
31418,yolo_x_cpu,45
31419,yolo_x_cpu,22
31420,yolo_x_cpu,37
31421,yolo_x_cpu,14
31422,yolo_x_cpu,3
31423,yolo_x_cpu,4
31424,yolo_x_cpu,8
31425,yolo_x_cpu,12
31426,yolo_x_cpu,16
31427,yolo_x_cpu,26
31428,yolo_x_cpu,7
31429,yolo_x_cpu,25
31430,yolo_x_cpu,50
31431,yolo_x_cpu,26
31432,yolo_x_cpu,41
31433,yolo_x_cpu,19
31434,yolo_x_cpu,5
31435,yolo_x_cpu,7
31436,yolo_x_cpu,31
31437,yolo_x_cpu,29
31438,yolo_x_cpu,6
31439,yolo_x_cpu,39
31440,yolo_x_cpu,39
31441,yolo_x_cpu,6
31442,yolo_x_cpu,8
31443,yolo_x_cpu,25
31444,yolo_x_cpu,30
31445,yolo_x_cpu,33
31446,yolo_x_cpu,55
31447,yolo_x_cpu,78
31448,yolo_x_cpu,57
31449,yolo_x_cpu,9
31450,yolo_x_cpu,5
31451,yolo_x_cpu,11
31452,yolo_x_cpu,15
31453,yolo_x_cpu,9
31454,yolo_x_cpu,6
31455,yolo_x_cpu,13
31456,yolo_x_cpu,39
31457,yolo_x_cpu,39
31458,yolo_x_cpu,18
31459,yolo_x_cpu,24
31460,yolo_x_cpu,22
31461,yolo_x_cpu,6
31462,yolo_x_cpu,24
31463,yolo_x_cpu,8
31464,yolo_x_cpu,26
31465,yolo_x_cpu,4
31466,yolo_x_cpu,18
31467,yolo_x_cpu,1
31468,yolo_x_cpu,21
31469,yolo_x_cpu,35
31470,yolo_x_cpu,61
31471,yolo_x_cpu,9
31472,yolo_x_cpu,7
31473,yolo_x_cpu,7
31474,yolo_x_cpu,3
31475,yolo_x_cpu,21
31476,yolo_x_cpu,3
31477,yolo_x_cpu,6
31478,yolo_x_cpu,13
31479,yolo_x_cpu,22
31480,yolo_x_cpu,26
31481,yolo_x_cpu,24
31482,yolo_x_cpu,14
31483,yolo_x_cpu,24
31484,yolo_x_cpu,13
31485,yolo_x_cpu,17
31486,yolo_x_cpu,27
31487,yolo_x_cpu,15
31488,yolo_x_cpu,17
31489,yolo_x_cpu,8
31490,yolo_x_cpu,5
31491,yolo_x_cpu,20
31492,yolo_x_cpu,5
31493,yolo_x_cpu,23
31494,yolo_x_cpu,21
31495,yolo_x_cpu,27
31496,yolo_x_cpu,12
31497,yolo_x_cpu,10
31498,yolo_x_cpu,24
31499,yolo_x_cpu,19
31500,yolo_x_cpu,7
31501,yolo_x_cpu,9
31502,yolo_x_cpu,10
31503,yolo_x_cpu,4
31504,yolo_x_cpu,9
31505,yolo_x_cpu,23
31506,yolo_x_cpu,6
31507,yolo_x_cpu,9
31508,yolo_x_cpu,10
31509,yolo_x_cpu,13
31510,yolo_x_cpu,14
31511,yolo_x_cpu,24
31512,yolo_x_cpu,42
31513,yolo_x_cpu,12
31514,yolo_x_cpu,3
31515,yolo_x_cpu,5
31516,yolo_x_cpu,12
31517,yolo_x_cpu,10
31518,yolo_x_cpu,23
31519,yolo_x_cpu,14
31520,yolo_x_cpu,51
31521,yolo_x_cpu,3
31522,yolo_x_cpu,7
31523,yolo_x_cpu,11
31524,yolo_x_cpu,28
31525,yolo_x_cpu,13
31526,yolo_x_cpu,14
31527,yolo_x_cpu,6
31528,yolo_x_cpu,10
31529,yolo_x_cpu,4
31530,yolo_x_cpu,10
31531,yolo_x_cpu,14
31532,yolo_x_cpu,28
31533,yolo_x_cpu,23
31534,yolo_x_cpu,35
31535,yolo_x_cpu,21
31536,yolo_x_cpu,11
31537,yolo_x_cpu,11
31538,yolo_x_cpu,21
31539,yolo_x_cpu,25
31540,yolo_x_cpu,35
31541,yolo_x_cpu,34
31542,yolo_x_cpu,27
31543,yolo_x_cpu,36
31544,yolo_x_cpu,24
31545,yolo_x_cpu,6
31546,yolo_x_cpu,19
31547,yolo_x_cpu,14
31548,yolo_x_cpu,7
31549,yolo_x_cpu,19
31550,yolo_x_cpu,20
31551,yolo_x_cpu,15
31552,yolo_x_cpu,31
31553,yolo_x_cpu,22
31554,yolo_x_cpu,44
31555,yolo_x_cpu,60
31556,yolo_x_cpu,56
31557,yolo_x_cpu,57
31558,yolo_x_cpu,26
31559,yolo_x_cpu,20
31560,yolo_x_cpu,21
31561,yolo_x_cpu,59
31562,yolo_x_cpu,71
31563,yolo_x_cpu,75
31564,yolo_x_cpu,51
31565,yolo_x_cpu,57
31566,yolo_x_cpu,61
31567,yolo_x_cpu,38
31568,yolo_x_cpu,29
31569,yolo_x_cpu,42
31570,yolo_x_cpu,69
31571,yolo_x_cpu,57
31572,yolo_x_cpu,45
31573,yolo_x_cpu,54
31574,yolo_x_cpu,26
31575,yolo_x_cpu,41
31576,yolo_x_cpu,67
31577,yolo_x_cpu,32
31578,yolo_x_cpu,24
31579,yolo_x_cpu,34
31580,yolo_x_cpu,72
31581,yolo_x_cpu,121
31582,yolo_x_cpu,113
31583,yolo_x_cpu,78
31584,yolo_x_cpu,73
31585,yolo_x_cpu,85
31586,yolo_x_cpu,68
31587,yolo_x_cpu,95
31588,yolo_x_cpu,77
31589,yolo_x_cpu,100
31590,yolo_x_cpu,52
31591,yolo_x_cpu,95
31592,yolo_x_cpu,89
31593,yolo_x_cpu,90
31594,yolo_x_cpu,82
31595,yolo_x_cpu,76
31596,yolo_x_cpu,78
31597,yolo_x_cpu,85
31598,yolo_x_cpu,67
31599,yolo_x_cpu,87
31600,yolo_x_cpu,89
31601,yolo_x_cpu,76
31602,yolo_x_cpu,97
31603,yolo_x_cpu,74
31604,yolo_x_cpu,143
31605,yolo_x_cpu,123
31606,yolo_x_cpu,147
31607,yolo_x_cpu,105
31608,yolo_x_cpu,95
31609,yolo_x_cpu,130
31610,yolo_x_cpu,150
31611,yolo_x_cpu,163
31612,yolo_x_cpu,131
31613,yolo_x_cpu,132
31614,yolo_x_cpu,116
31615,yolo_x_cpu,148
31616,yolo_x_cpu,174
31617,yolo_x_cpu,140
31618,yolo_x_cpu,96
31619,yolo_x_cpu,114
31620,yolo_x_cpu,104
31621,yolo_x_cpu,127
31622,yolo_x_cpu,134
31623,yolo_x_cpu,119
31624,yolo_x_cpu,174
31625,yolo_x_cpu,178
31626,yolo_x_cpu,199
31627,yolo_x_cpu,218
31628,yolo_x_cpu,176
31629,yolo_x_cpu,153
31630,yolo_x_cpu,149
31631,yolo_x_cpu,135
31632,yolo_x_cpu,211
31633,yolo_x_cpu,253
31634,yolo_x_cpu,183
31635,yolo_x_cpu,172
31636,yolo_x_cpu,234
31637,yolo_x_cpu,227
31638,yolo_x_cpu,187
31639,yolo_x_cpu,199
31640,yolo_x_cpu,209
31641,yolo_x_cpu,178
31642,yolo_x_cpu,166
31643,yolo_x_cpu,217
31644,yolo_x_cpu,185
31645,yolo_x_cpu,196
31646,yolo_x_cpu,162
31647,yolo_x_cpu,221
31648,yolo_x_cpu,266
31649,yolo_x_cpu,259
31650,yolo_x_cpu,222
31651,yolo_x_cpu,349
31652,yolo_x_cpu,264
31653,yolo_x_cpu,211
31654,yolo_x_cpu,245
31655,yolo_x_cpu,253
31656,yolo_x_cpu,277
31657,yolo_x_cpu,408
31658,yolo_x_cpu,440
31659,yolo_x_cpu,336
31660,yolo_x_cpu,278
31661,yolo_x_cpu,417
31662,yolo_x_cpu,280
31663,yolo_x_cpu,285
31664,yolo_x_cpu,363
31665,yolo_x_cpu,547
31666,yolo_x_cpu,569
31667,yolo_x_cpu,448
31668,yolo_x_cpu,435
31669,yolo_x_cpu,430
31670,yolo_x_cpu,359
31671,yolo_x_cpu,500
31672,yolo_x_cpu,417
31673,yolo_x_cpu,383
31674,yolo_x_cpu,507
31675,yolo_x_cpu,582
31676,yolo_x_cpu,409
31677,yolo_x_cpu,386
31678,yolo_x_cpu,416
31679,yolo_x_cpu,405
31680,yolo_x_cpu,487
31681,yolo_x_cpu,468
31682,yolo_x_cpu,543
31683,yolo_x_cpu,507
31684,yolo_x_cpu,584
31685,yolo_x_cpu,505
31686,yolo_x_cpu,527
31687,yolo_x_cpu,551
31688,yolo_x_cpu,594
31689,yolo_x_cpu,751
31690,yolo_x_cpu,539
31691,yolo_x_cpu,850
31692,yolo_x_cpu,664
31693,yolo_x_cpu,617
31694,yolo_x_cpu,545
31695,yolo_x_cpu,578
31696,yolo_x_cpu,524
31697,yolo_x_cpu,661
31698,yolo_x_cpu,599
31699,yolo_x_cpu,644
31700,yolo_x_cpu,662
31701,yolo_x_cpu,617
31702,yolo_x_cpu,512
31703,yolo_x_cpu,589
31704,yolo_x_cpu,589
31705,yolo_x_cpu,603
31706,yolo_x_cpu,559
31707,yolo_x_cpu,551
31708,yolo_x_cpu,498
31709,yolo_x_cpu,614
31710,yolo_x_cpu,759
31711,yolo_x_cpu,676
31712,yolo_x_cpu,689
31713,yolo_x_cpu,725
31714,yolo_x_cpu,704
31715,yolo_x_cpu,717
31716,yolo_x_cpu,579
31717,yolo_x_cpu,600
31718,yolo_x_cpu,591
31719,yolo_x_cpu,742
31720,yolo_x_cpu,773
31721,yolo_x_cpu,800
31722,yolo_x_cpu,673
31723,yolo_x_cpu,640
31724,yolo_x_cpu,673
31725,yolo_x_cpu,634
31726,yolo_x_cpu,597
31727,yolo_x_cpu,641
31728,yolo_x_cpu,583
31729,yolo_x_cpu,580
31730,yolo_x_cpu,692
31731,yolo_x_cpu,599
31732,yolo_x_cpu,671
31733,yolo_x_cpu,603
31734,yolo_x_cpu,559
31735,yolo_x_cpu,620
31736,yolo_x_cpu,576
31737,yolo_x_cpu,757
31738,yolo_x_cpu,658
31739,yolo_x_cpu,740
31740,yolo_x_cpu,673
31741,yolo_x_cpu,613
31742,yolo_x_cpu,767
31743,yolo_x_cpu,742
31744,yolo_x_cpu,686
31745,yolo_x_cpu,551
31746,yolo_x_cpu,533
31747,yolo_x_cpu,634
31748,yolo_x_cpu,728
31749,yolo_x_cpu,832
31750,yolo_x_cpu,781
31751,yolo_x_cpu,676
31752,yolo_x_cpu,724
31753,yolo_x_cpu,662
31754,yolo_x_cpu,596
31755,yolo_x_cpu,608
31756,yolo_x_cpu,639
31757,yolo_x_cpu,614
31758,yolo_x_cpu,632
31759,yolo_x_cpu,577
31760,yolo_x_cpu,619
31761,yolo_x_cpu,611
31762,yolo_x_cpu,633
31763,yolo_x_cpu,610
31764,yolo_x_cpu,683
31765,yolo_x_cpu,556
31766,yolo_x_cpu,581
31767,yolo_x_cpu,624
31768,yolo_x_cpu,716
31769,yolo_x_cpu,592
31770,yolo_x_cpu,716
31771,yolo_x_cpu,709
31772,yolo_x_cpu,698
31773,yolo_x_cpu,625
31774,yolo_x_cpu,784
31775,yolo_x_cpu,637
31776,yolo_x_cpu,769
31777,yolo_x_cpu,758
31778,yolo_x_cpu,572
31779,yolo_x_cpu,601
31780,yolo_x_cpu,693
31781,yolo_x_cpu,754
31782,yolo_x_cpu,715
31783,yolo_x_cpu,621
31784,yolo_x_cpu,693
31785,yolo_x_cpu,830
31786,yolo_x_cpu,781
31787,yolo_x_cpu,827
31788,yolo_x_cpu,871
31789,yolo_x_cpu,665
31790,yolo_x_cpu,729
31791,yolo_x_cpu,923
31792,yolo_x_cpu,1049
31793,yolo_x_cpu,802
31794,yolo_x_cpu,678
31795,yolo_x_cpu,697
31796,yolo_x_cpu,753
31797,yolo_x_cpu,662
31798,yolo_x_cpu,715
31799,yolo_x_cpu,771
31800,yolo_x_cpu,610
31801,yolo_x_cpu,787
31802,yolo_x_cpu,689
31803,yolo_x_cpu,826
31804,yolo_x_cpu,688
31805,yolo_x_cpu,786
31806,yolo_x_cpu,742
31807,yolo_x_cpu,742
31808,yolo_x_cpu,827
31809,yolo_x_cpu,1084
31810,yolo_x_cpu,902
31811,yolo_x_cpu,920
31812,yolo_x_cpu,909
31813,yolo_x_cpu,769
31814,yolo_x_cpu,744
31815,yolo_x_cpu,728
31816,yolo_x_cpu,675
31817,yolo_x_cpu,708
31818,yolo_x_cpu,798
31819,yolo_x_cpu,761
31820,yolo_x_cpu,609
31821,yolo_x_cpu,703
31822,yolo_x_cpu,592
31823,yolo_x_cpu,647
31824,yolo_x_cpu,607
31825,yolo_x_cpu,595
31826,yolo_x_cpu,620
31827,yolo_x_cpu,690
31828,yolo_x_cpu,634
31829,yolo_x_cpu,685
31830,yolo_x_cpu,653
31831,yolo_x_cpu,601
31832,yolo_x_cpu,624
31833,yolo_x_cpu,592
31834,yolo_x_cpu,637
31835,yolo_x_cpu,661
31836,yolo_x_cpu,667
31837,yolo_x_cpu,705
31838,yolo_x_cpu,639
31839,yolo_x_cpu,740
31840,yolo_x_cpu,751
31841,yolo_x_cpu,679
31842,yolo_x_cpu,719
31843,yolo_x_cpu,780
31844,yolo_x_cpu,622
31845,yolo_x_cpu,644
31846,yolo_x_cpu,660
31847,yolo_x_cpu,559
31848,yolo_x_cpu,720
31849,yolo_x_cpu,730
31850,yolo_x_cpu,821
31851,yolo_x_cpu,856
31852,yolo_x_cpu,719
31853,yolo_x_cpu,743
31854,yolo_x_cpu,699
31855,yolo_x_cpu,759
31856,yolo_x_cpu,775
31857,yolo_x_cpu,858
31858,yolo_x_cpu,725
31859,yolo_x_cpu,813
31860,yolo_x_cpu,765
31861,yolo_x_cpu,691
31862,yolo_x_cpu,597
31863,yolo_x_cpu,610
31864,yolo_x_cpu,724
31865,yolo_x_cpu,709
31866,yolo_x_cpu,751
31867,yolo_x_cpu,796
31868,yolo_x_cpu,831
31869,yolo_x_cpu,684
31870,yolo_x_cpu,635
31871,yolo_x_cpu,643
31872,yolo_x_cpu,746
31873,yolo_x_cpu,721
31874,yolo_x_cpu,692
31875,yolo_x_cpu,703
31876,yolo_x_cpu,695
31877,yolo_x_cpu,665
31878,yolo_x_cpu,708
31879,yolo_x_cpu,725
31880,yolo_x_cpu,817
31881,yolo_x_cpu,730
31882,yolo_x_cpu,578
31883,yolo_x_cpu,637
31884,yolo_x_cpu,643
31885,yolo_x_cpu,647
31886,yolo_x_cpu,767
31887,yolo_x_cpu,777
31888,yolo_x_cpu,852
31889,yolo_x_cpu,644
31890,yolo_x_cpu,656
31891,yolo_x_cpu,596
31892,yolo_x_cpu,583
31893,yolo_x_cpu,577
31894,yolo_x_cpu,529
31895,yolo_x_cpu,503
31896,yolo_x_cpu,567
31897,yolo_x_cpu,607
31898,yolo_x_cpu,605
31899,yolo_x_cpu,617
31900,yolo_x_cpu,578
31901,yolo_x_cpu,721
31902,yolo_x_cpu,726
31903,yolo_x_cpu,687
31904,yolo_x_cpu,756
31905,yolo_x_cpu,681
31906,yolo_x_cpu,733
31907,yolo_x_cpu,701
31908,yolo_x_cpu,638
31909,yolo_x_cpu,827
31910,yolo_x_cpu,740
31911,yolo_x_cpu,766
31912,yolo_x_cpu,620
31913,yolo_x_cpu,702
31914,yolo_x_cpu,920
31915,yolo_x_cpu,1150
31916,yolo_x_cpu,837
31917,yolo_x_cpu,649
31918,yolo_x_cpu,874
31919,yolo_x_cpu,903
31920,yolo_x_cpu,823
31921,yolo_x_cpu,925
31922,yolo_x_cpu,805
31923,yolo_x_cpu,844
31924,yolo_x_cpu,1183
31925,yolo_x_cpu,957
31926,yolo_x_cpu,931
31927,yolo_x_cpu,829
31928,yolo_x_cpu,855
31929,yolo_x_cpu,876
31930,yolo_x_cpu,855
31931,yolo_x_cpu,1011
31932,yolo_x_cpu,1039
31933,yolo_x_cpu,925
31934,yolo_x_cpu,991
31935,yolo_x_cpu,1254
31936,yolo_x_cpu,1236
31937,yolo_x_cpu,1340
31938,yolo_x_cpu,1325
31939,yolo_x_cpu,1252
31940,yolo_x_cpu,1284
31941,yolo_x_cpu,1662
31942,yolo_x_cpu,1314
31943,yolo_x_cpu,1196
31944,yolo_x_cpu,1310
31945,yolo_x_cpu,1179
31946,yolo_x_cpu,1353
31947,yolo_x_cpu,1325
31948,yolo_x_cpu,1331
31949,yolo_x_cpu,1449
31950,yolo_x_cpu,1856
31951,yolo_x_cpu,1627
31952,yolo_x_cpu,1689
31953,yolo_x_cpu,1614
31954,yolo_x_cpu,1399
31955,yolo_x_cpu,1421
31956,yolo_x_cpu,1499
31957,yolo_x_cpu,1727
31958,yolo_x_cpu,1771
31959,yolo_x_cpu,1779
31960,yolo_x_cpu,1606
31961,yolo_x_cpu,1590
31962,yolo_x_cpu,1697
31963,yolo_x_cpu,1656
31964,yolo_x_cpu,1579
31965,yolo_x_cpu,1429
31966,yolo_x_cpu,1337
31967,yolo_x_cpu,1535
31968,yolo_x_cpu,1413
31969,yolo_x_cpu,1472
31970,yolo_x_cpu,1562
31971,yolo_x_cpu,1535
31972,yolo_x_cpu,1572
31973,yolo_x_cpu,1485
31974,yolo_x_cpu,1552
31975,yolo_x_cpu,1474
31976,yolo_x_cpu,1619
31977,yolo_x_cpu,1727
31978,yolo_x_cpu,1500
31979,yolo_x_cpu,1431
31980,yolo_x_cpu,1552
31981,yolo_x_cpu,1443
31982,yolo_x_cpu,1515
31983,yolo_x_cpu,1536
31984,yolo_x_cpu,1464
31985,yolo_x_cpu,1683
31986,yolo_x_cpu,1550
31987,yolo_x_cpu,1434
31988,yolo_x_cpu,1264
31989,yolo_x_cpu,1284
31990,yolo_x_cpu,1382
31991,yolo_x_cpu,1378
31992,yolo_x_cpu,1348
31993,yolo_x_cpu,1313
31994,yolo_x_cpu,1353
31995,yolo_x_cpu,1464
31996,yolo_x_cpu,1349
31997,yolo_x_cpu,1303
31998,yolo_x_cpu,1325
31999,yolo_x_cpu,1218
32000,yolo_x_cpu,1246
32001,yolo_x_cpu,1236
32002,yolo_x_cpu,1132
32003,yolo_x_cpu,1194
32004,yolo_x_cpu,1137
32005,yolo_x_cpu,1179
32006,yolo_x_cpu,1239
32007,yolo_x_cpu,1162
32008,yolo_x_cpu,996
32009,yolo_x_cpu,1116
32010,yolo_x_cpu,1057
32011,yolo_x_cpu,1164
32012,yolo_x_cpu,1245
32013,yolo_x_cpu,1271
32014,yolo_x_cpu,1190
32015,yolo_x_cpu,1146
32016,yolo_x_cpu,1375
32017,yolo_x_cpu,1283
32018,yolo_x_cpu,1240
32019,yolo_x_cpu,1033
32020,yolo_x_cpu,974
32021,yolo_x_cpu,1142
32022,yolo_x_cpu,999
32023,yolo_x_cpu,863
32024,yolo_x_cpu,1072
32025,yolo_x_cpu,950
32026,yolo_x_cpu,1058
32027,yolo_x_cpu,859
32028,yolo_x_cpu,1000
32029,yolo_x_cpu,893
32030,yolo_x_cpu,817
32031,yolo_x_cpu,951
32032,yolo_x_cpu,906
32033,yolo_x_cpu,744
32034,yolo_x_cpu,892
32035,yolo_x_cpu,976
32036,yolo_x_cpu,1088
32037,yolo_x_cpu,855
32038,yolo_x_cpu,802
32039,yolo_x_cpu,900
32040,yolo_x_cpu,907
32041,yolo_x_cpu,851
32042,yolo_x_cpu,1058
32043,yolo_x_cpu,947
32044,yolo_x_cpu,858
32045,yolo_x_cpu,894
32046,yolo_x_cpu,953
32047,yolo_x_cpu,961
32048,yolo_x_cpu,854
32049,yolo_x_cpu,941
32050,yolo_x_cpu,855
32051,yolo_x_cpu,931
32052,yolo_x_cpu,946
32053,yolo_x_cpu,824
32054,yolo_x_cpu,864
32055,yolo_x_cpu,741
32056,yolo_x_cpu,927
32057,yolo_x_cpu,826
32058,yolo_x_cpu,764
32059,yolo_x_cpu,741
32060,yolo_x_cpu,894
32061,yolo_x_cpu,896
32062,yolo_x_cpu,811
32063,yolo_x_cpu,762
32064,yolo_x_cpu,801
32065,yolo_x_cpu,761
32066,yolo_x_cpu,792
32067,yolo_x_cpu,864
32068,yolo_x_cpu,739
32069,yolo_x_cpu,757
32070,yolo_x_cpu,741
32071,yolo_x_cpu,621
32072,yolo_x_cpu,683
32073,yolo_x_cpu,608
32074,yolo_x_cpu,741
32075,yolo_x_cpu,617
32076,yolo_x_cpu,768
32077,yolo_x_cpu,766
32078,yolo_x_cpu,610
32079,yolo_x_cpu,632
32080,yolo_x_cpu,829
32081,yolo_x_cpu,661
32082,yolo_x_cpu,648
32083,yolo_x_cpu,689
32084,yolo_x_cpu,701
32085,yolo_x_cpu,595
32086,yolo_x_cpu,659
32087,yolo_x_cpu,634
32088,yolo_x_cpu,653
32089,yolo_x_cpu,654
32090,yolo_x_cpu,628
32091,yolo_x_cpu,520
32092,yolo_x_cpu,570
32093,yolo_x_cpu,628
32094,yolo_x_cpu,752
32095,yolo_x_cpu,620
32096,yolo_x_cpu,597
32097,yolo_x_cpu,650
32098,yolo_x_cpu,759
32099,yolo_x_cpu,958
32100,yolo_x_cpu,730
32101,yolo_x_cpu,656
32102,yolo_x_cpu,801
32103,yolo_x_cpu,710
32104,yolo_x_cpu,820
32105,yolo_x_cpu,908
32106,yolo_x_cpu,881
32107,yolo_x_cpu,890
32108,yolo_x_cpu,910
32109,yolo_x_cpu,971
32110,yolo_x_cpu,763
32111,yolo_x_cpu,813
32112,yolo_x_cpu,791
32113,yolo_x_cpu,924
32114,yolo_x_cpu,805
32115,yolo_x_cpu,700
32116,yolo_x_cpu,768
32117,yolo_x_cpu,680
32118,yolo_x_cpu,865
32119,yolo_x_cpu,750
32120,yolo_x_cpu,755
32121,yolo_x_cpu,817
32122,yolo_x_cpu,663
32123,yolo_x_cpu,811
32124,yolo_x_cpu,702
32125,yolo_x_cpu,665
32126,yolo_x_cpu,719
32127,yolo_x_cpu,941
32128,yolo_x_cpu,886
32129,yolo_x_cpu,704
32130,yolo_x_cpu,762
32131,yolo_x_cpu,769
32132,yolo_x_cpu,815
32133,yolo_x_cpu,619
32134,yolo_x_cpu,637
32135,yolo_x_cpu,692
32136,yolo_x_cpu,704
32137,yolo_x_cpu,738
32138,yolo_x_cpu,724
32139,yolo_x_cpu,734
32140,yolo_x_cpu,768
32141,yolo_x_cpu,681
32142,yolo_x_cpu,808
32143,yolo_x_cpu,789
32144,yolo_x_cpu,838
32145,yolo_x_cpu,755
32146,yolo_x_cpu,731
32147,yolo_x_cpu,707
32148,yolo_x_cpu,675
32149,yolo_x_cpu,604
32150,yolo_x_cpu,763
32151,yolo_x_cpu,785
32152,yolo_x_cpu,786
32153,yolo_x_cpu,973
32154,yolo_x_cpu,983
32155,yolo_x_cpu,889
32156,yolo_x_cpu,766
32157,yolo_x_cpu,980
32158,yolo_x_cpu,811
32159,yolo_x_cpu,717
32160,yolo_x_cpu,1016
32161,yolo_x_cpu,1081
32162,yolo_x_cpu,1061
32163,yolo_x_cpu,1024
32164,yolo_x_cpu,1062
32165,yolo_x_cpu,948
32166,yolo_x_cpu,946
32167,yolo_x_cpu,970
32168,yolo_x_cpu,1151
32169,yolo_x_cpu,1032
32170,yolo_x_cpu,1007
32171,yolo_x_cpu,1092
32172,yolo_x_cpu,992
32173,yolo_x_cpu,1021
32174,yolo_x_cpu,1000
32175,yolo_x_cpu,1040
32176,yolo_x_cpu,969
32177,yolo_x_cpu,966
32178,yolo_x_cpu,1118
32179,yolo_x_cpu,972
32180,yolo_x_cpu,1050
32181,yolo_x_cpu,946
32182,yolo_x_cpu,1101
32183,yolo_x_cpu,1234
32184,yolo_x_cpu,1095
32185,yolo_x_cpu,1146
32186,yolo_x_cpu,1112
32187,yolo_x_cpu,1166
32188,yolo_x_cpu,1124
32189,yolo_x_cpu,1088
32190,yolo_x_cpu,1102
32191,yolo_x_cpu,1035
32192,yolo_x_cpu,1160
32193,yolo_x_cpu,1155
32194,yolo_x_cpu,1312
32195,yolo_x_cpu,1208
32196,yolo_x_cpu,1135
32197,yolo_x_cpu,1156
32198,yolo_x_cpu,1187
32199,yolo_x_cpu,1173
32200,yolo_x_cpu,1379
32201,yolo_x_cpu,1246
32202,yolo_x_cpu,1244
32203,yolo_x_cpu,1262
32204,yolo_x_cpu,1217
32205,yolo_x_cpu,1489
32206,yolo_x_cpu,1535
32207,yolo_x_cpu,1330
32208,yolo_x_cpu,1258
32209,yolo_x_cpu,1415
32210,yolo_x_cpu,1369
32211,yolo_x_cpu,1386
32212,yolo_x_cpu,1382
32213,yolo_x_cpu,1349
32214,yolo_x_cpu,1528
32215,yolo_x_cpu,1464
32216,yolo_x_cpu,1654
32217,yolo_x_cpu,1688
32218,yolo_x_cpu,1661
32219,yolo_x_cpu,1582
32220,yolo_x_cpu,1726
32221,yolo_x_cpu,1751
32222,yolo_x_cpu,1729
32223,yolo_x_cpu,1726
32224,yolo_x_cpu,1724
32225,yolo_x_cpu,1734
32226,yolo_x_cpu,1791
32227,yolo_x_cpu,1666
32228,yolo_x_cpu,1673
32229,yolo_x_cpu,1679
32230,yolo_x_cpu,2067
32231,yolo_x_cpu,1917
32232,yolo_x_cpu,1805
32233,yolo_x_cpu,1660
32234,yolo_x_cpu,1823
32235,yolo_x_cpu,1847
32236,yolo_x_cpu,2013
32237,yolo_x_cpu,2007
32238,yolo_x_cpu,1892
32239,yolo_x_cpu,1883
32240,yolo_x_cpu,2032
32241,yolo_x_cpu,1783
32242,yolo_x_cpu,1800
32243,yolo_x_cpu,1904
32244,yolo_x_cpu,1742
32245,yolo_x_cpu,1634
32246,yolo_x_cpu,1643
32247,yolo_x_cpu,1841
32248,yolo_x_cpu,1780
32249,yolo_x_cpu,1819
32250,yolo_x_cpu,1664
32251,yolo_x_cpu,1733
32252,yolo_x_cpu,1671
32253,yolo_x_cpu,1843
32254,yolo_x_cpu,1621
32255,yolo_x_cpu,1845
32256,yolo_x_cpu,1971
32257,yolo_x_cpu,1849
32258,yolo_x_cpu,1685
32259,yolo_x_cpu,1861
32260,yolo_x_cpu,1723
32261,yolo_x_cpu,1748
32262,yolo_x_cpu,1888
32263,yolo_x_cpu,1819
32264,yolo_x_cpu,1579
32265,yolo_x_cpu,1682
32266,yolo_x_cpu,1819
32267,yolo_x_cpu,1790
32268,yolo_x_cpu,1782
32269,yolo_x_cpu,1841
32270,yolo_x_cpu,1829
32271,yolo_x_cpu,1934
32272,yolo_x_cpu,1818
32273,yolo_x_cpu,1706
32274,yolo_x_cpu,1779
32275,yolo_x_cpu,1908
32276,yolo_x_cpu,1854
32277,yolo_x_cpu,1898
32278,yolo_x_cpu,1896
32279,yolo_x_cpu,1893
32280,yolo_x_cpu,1847
32281,yolo_x_cpu,1866
32282,yolo_x_cpu,2034
32283,yolo_x_cpu,1958
32284,yolo_x_cpu,1896
32285,yolo_x_cpu,1842
32286,yolo_x_cpu,1925
32287,yolo_x_cpu,1889
32288,yolo_x_cpu,1796
32289,yolo_x_cpu,1725
32290,yolo_x_cpu,1834
32291,yolo_x_cpu,1843
32292,yolo_x_cpu,1768
32293,yolo_x_cpu,1786
32294,yolo_x_cpu,1951
32295,yolo_x_cpu,2101
32296,yolo_x_cpu,1926
32297,yolo_x_cpu,1860
32298,yolo_x_cpu,1803
32299,yolo_x_cpu,1650
32300,yolo_x_cpu,1662
32301,yolo_x_cpu,1578
32302,yolo_x_cpu,2021
32303,yolo_x_cpu,1940
32304,yolo_x_cpu,2076
32305,yolo_x_cpu,1798
32306,yolo_x_cpu,1979
32307,yolo_x_cpu,1847
32308,yolo_x_cpu,1799
32309,yolo_x_cpu,1947
32310,yolo_x_cpu,1961
32311,yolo_x_cpu,1854
32312,yolo_x_cpu,2222
32313,yolo_x_cpu,1780
32314,yolo_x_cpu,1784
32315,yolo_x_cpu,1903
32316,yolo_x_cpu,1949
32317,yolo_x_cpu,1942
32318,yolo_x_cpu,1850
32319,yolo_x_cpu,1833
32320,yolo_x_cpu,1943
32321,yolo_x_cpu,1840
32322,yolo_x_cpu,1911
32323,yolo_x_cpu,1904
32324,yolo_x_cpu,1942
32325,yolo_x_cpu,1893
32326,yolo_x_cpu,2261
32327,yolo_x_cpu,2301
32328,yolo_x_cpu,2056
32329,yolo_x_cpu,2018
32330,yolo_x_cpu,1830
32331,yolo_x_cpu,2087
32332,yolo_x_cpu,2114
32333,yolo_x_cpu,1843
32334,yolo_x_cpu,2022
32335,yolo_x_cpu,2094
32336,yolo_x_cpu,1941
32337,yolo_x_cpu,2107
32338,yolo_x_cpu,1942
32339,yolo_x_cpu,1974
32340,yolo_x_cpu,1901
32341,yolo_x_cpu,2170
32342,yolo_x_cpu,1980
32343,yolo_x_cpu,1888
32344,yolo_x_cpu,2183
32345,yolo_x_cpu,2139
32346,yolo_x_cpu,2131
32347,yolo_x_cpu,2355
32348,yolo_x_cpu,2246
32349,yolo_x_cpu,2464
32350,yolo_x_cpu,2164
32351,yolo_x_cpu,2199
32352,yolo_x_cpu,2164
32353,yolo_x_cpu,2317
32354,yolo_x_cpu,2170
32355,yolo_x_cpu,2203
32356,yolo_x_cpu,2049
32357,yolo_x_cpu,2347
32358,yolo_x_cpu,2322
32359,yolo_x_cpu,2104
32360,yolo_x_cpu,2224
32361,yolo_x_cpu,2035
32362,yolo_x_cpu,2174
32363,yolo_x_cpu,2200
32364,yolo_x_cpu,2363
32365,yolo_x_cpu,2183
32366,yolo_x_cpu,2454
32367,yolo_x_cpu,2130
32368,yolo_x_cpu,2407
32369,yolo_x_cpu,2434
32370,yolo_x_cpu,2113
32371,yolo_x_cpu,2296
32372,yolo_x_cpu,2134
32373,yolo_x_cpu,1989
32374,yolo_x_cpu,2326
32375,yolo_x_cpu,2083
32376,yolo_x_cpu,2417
32377,yolo_x_cpu,2462
32378,yolo_x_cpu,2162
32379,yolo_x_cpu,2233
32380,yolo_x_cpu,2117
32381,yolo_x_cpu,2113
32382,yolo_x_cpu,2223
32383,yolo_x_cpu,2163
32384,yolo_x_cpu,2075
32385,yolo_x_cpu,2196
32386,yolo_x_cpu,2185
32387,yolo_x_cpu,2185
32388,yolo_x_cpu,2037
32389,yolo_x_cpu,2055
32390,yolo_x_cpu,2116
32391,yolo_x_cpu,2097
32392,yolo_x_cpu,2067
32393,yolo_x_cpu,2037
32394,yolo_x_cpu,1942
32395,yolo_x_cpu,1957
32396,yolo_x_cpu,1975
32397,yolo_x_cpu,1948
32398,yolo_x_cpu,1963
32399,yolo_x_cpu,2000
32400,yolo_x_cpu,1810
32401,yolo_x_cpu,1969
32402,yolo_x_cpu,1891
32403,yolo_x_cpu,2168
32404,yolo_x_cpu,2255
32405,yolo_x_cpu,2128
32406,yolo_x_cpu,2044
32407,yolo_x_cpu,1995
32408,yolo_x_cpu,2151
32409,yolo_x_cpu,1935
32410,yolo_x_cpu,2065
32411,yolo_x_cpu,2135
32412,yolo_x_cpu,2213
32413,yolo_x_cpu,2127
32414,yolo_x_cpu,2081
32415,yolo_x_cpu,2100
32416,yolo_x_cpu,2287
32417,yolo_x_cpu,2225
32418,yolo_x_cpu,2252
32419,yolo_x_cpu,2313
32420,yolo_x_cpu,2167
32421,yolo_x_cpu,2067
32422,yolo_x_cpu,1885
32423,yolo_x_cpu,1925
32424,yolo_x_cpu,1738
32425,yolo_x_cpu,1940
32426,yolo_x_cpu,1853
32427,yolo_x_cpu,1892
32428,yolo_x_cpu,1950
32429,yolo_x_cpu,2029
32430,yolo_x_cpu,2132
32431,yolo_x_cpu,2081
32432,yolo_x_cpu,2079
32433,yolo_x_cpu,2158
32434,yolo_x_cpu,2040
32435,yolo_x_cpu,2243
32436,yolo_x_cpu,2129
32437,yolo_x_cpu,1949
32438,yolo_x_cpu,2070
32439,yolo_x_cpu,1948
32440,yolo_x_cpu,2182
32441,yolo_x_cpu,1917
32442,yolo_x_cpu,1994
32443,yolo_x_cpu,1815
32444,yolo_x_cpu,1958
32445,yolo_x_cpu,1765
32446,yolo_x_cpu,2032
32447,yolo_x_cpu,1848
32448,yolo_x_cpu,1633
32449,yolo_x_cpu,1912
32450,yolo_x_cpu,1986
32451,yolo_x_cpu,1830
32452,yolo_x_cpu,1873
32453,yolo_x_cpu,1871
32454,yolo_x_cpu,1866
32455,yolo_x_cpu,1673
32456,yolo_x_cpu,1888
32457,yolo_x_cpu,1761
32458,yolo_x_cpu,1778
32459,yolo_x_cpu,1869
32460,yolo_x_cpu,1893
32461,yolo_x_cpu,1675
32462,yolo_x_cpu,1879
32463,yolo_x_cpu,1567
32464,yolo_x_cpu,1681
32465,yolo_x_cpu,1852
32466,yolo_x_cpu,1626
32467,yolo_x_cpu,1756
32468,yolo_x_cpu,1627
32469,yolo_x_cpu,1655
32470,yolo_x_cpu,1619
32471,yolo_x_cpu,1612
32472,yolo_x_cpu,1495
32473,yolo_x_cpu,1609
32474,yolo_x_cpu,1553
32475,yolo_x_cpu,1591
32476,yolo_x_cpu,1615
32477,yolo_x_cpu,1549
32478,yolo_x_cpu,1679
32479,yolo_x_cpu,1509
32480,yolo_x_cpu,1635
32481,yolo_x_cpu,1842
32482,yolo_x_cpu,1690
32483,yolo_x_cpu,1647
32484,yolo_x_cpu,1535
32485,yolo_x_cpu,1608
32486,yolo_x_cpu,1330
32487,yolo_x_cpu,1390
32488,yolo_x_cpu,1535
32489,yolo_x_cpu,1484
32490,yolo_x_cpu,1635
32491,yolo_x_cpu,1642
32492,yolo_x_cpu,1571
32493,yolo_x_cpu,1468
32494,yolo_x_cpu,1614
32495,yolo_x_cpu,1566
32496,yolo_x_cpu,1493
32497,yolo_x_cpu,1741
32498,yolo_x_cpu,1700
32499,yolo_x_cpu,1296
32500,yolo_x_cpu,1251
32501,yolo_x_cpu,1565
32502,yolo_x_cpu,1427
32503,yolo_x_cpu,1375
32504,yolo_x_cpu,1158
32505,yolo_x_cpu,1214
32506,yolo_x_cpu,1381
32507,yolo_x_cpu,1544
32508,yolo_x_cpu,1188
32509,yolo_x_cpu,1394
32510,yolo_x_cpu,1388
32511,yolo_x_cpu,1383
32512,yolo_x_cpu,1384
32513,yolo_x_cpu,1315
32514,yolo_x_cpu,1178
32515,yolo_x_cpu,1352
32516,yolo_x_cpu,1249
32517,yolo_x_cpu,1274
32518,yolo_x_cpu,1344
32519,yolo_x_cpu,1221
32520,yolo_x_cpu,1225
32521,yolo_x_cpu,1287
32522,yolo_x_cpu,1199
32523,yolo_x_cpu,1210
32524,yolo_x_cpu,1141
32525,yolo_x_cpu,1063
32526,yolo_x_cpu,1134
32527,yolo_x_cpu,1135
32528,yolo_x_cpu,1074
32529,yolo_x_cpu,1042
32530,yolo_x_cpu,1087
32531,yolo_x_cpu,1091
32532,yolo_x_cpu,1064
32533,yolo_x_cpu,1066
32534,yolo_x_cpu,1051
32535,yolo_x_cpu,1264
32536,yolo_x_cpu,1379
32537,yolo_x_cpu,1287
32538,yolo_x_cpu,1079
32539,yolo_x_cpu,1168
32540,yolo_x_cpu,1225
32541,yolo_x_cpu,1022
32542,yolo_x_cpu,1078
32543,yolo_x_cpu,860
32544,yolo_x_cpu,1071
32545,yolo_x_cpu,1021
32546,yolo_x_cpu,941
32547,yolo_x_cpu,906
32548,yolo_x_cpu,947
32549,yolo_x_cpu,893
32550,yolo_x_cpu,834
32551,yolo_x_cpu,804
32552,yolo_x_cpu,827
32553,yolo_x_cpu,771
32554,yolo_x_cpu,860
32555,yolo_x_cpu,728
32556,yolo_x_cpu,769
32557,yolo_x_cpu,767
32558,yolo_x_cpu,889
32559,yolo_x_cpu,826
32560,yolo_x_cpu,782
32561,yolo_x_cpu,708
32562,yolo_x_cpu,689
32563,yolo_x_cpu,732
32564,yolo_x_cpu,717
32565,yolo_x_cpu,659
32566,yolo_x_cpu,686
32567,yolo_x_cpu,642
32568,yolo_x_cpu,681
32569,yolo_x_cpu,796
32570,yolo_x_cpu,684
32571,yolo_x_cpu,686
32572,yolo_x_cpu,533
32573,yolo_x_cpu,505
32574,yolo_x_cpu,544
32575,yolo_x_cpu,517
32576,yolo_x_cpu,512
32577,yolo_x_cpu,615
32578,yolo_x_cpu,605
32579,yolo_x_cpu,608
32580,yolo_x_cpu,515
32581,yolo_x_cpu,510
32582,yolo_x_cpu,566
32583,yolo_x_cpu,640
32584,yolo_x_cpu,464
32585,yolo_x_cpu,458
32586,yolo_x_cpu,512
32587,yolo_x_cpu,543
32588,yolo_x_cpu,428
32589,yolo_x_cpu,441
32590,yolo_x_cpu,442
32591,yolo_x_cpu,483
32592,yolo_x_cpu,394
32593,yolo_x_cpu,397
32594,yolo_x_cpu,432
32595,yolo_x_cpu,576
32596,yolo_x_cpu,505
32597,yolo_x_cpu,537
32598,yolo_x_cpu,434
32599,yolo_x_cpu,481
32600,yolo_x_cpu,380
32601,yolo_x_cpu,351
32602,yolo_x_cpu,511
32603,yolo_x_cpu,466
32604,yolo_x_cpu,341
32605,yolo_x_cpu,359
32606,yolo_x_cpu,313
32607,yolo_x_cpu,342
32608,yolo_x_cpu,342
32609,yolo_x_cpu,302
32610,yolo_x_cpu,288
32611,yolo_x_cpu,256
32612,yolo_x_cpu,309
32613,yolo_x_cpu,340
32614,yolo_x_cpu,380
32615,yolo_x_cpu,413
32616,yolo_x_cpu,463
32617,yolo_x_cpu,428
32618,yolo_x_cpu,405
32619,yolo_x_cpu,356
32620,yolo_x_cpu,272
32621,yolo_x_cpu,313
32622,yolo_x_cpu,358
32623,yolo_x_cpu,429
32624,yolo_x_cpu,262
32625,yolo_x_cpu,251
32626,yolo_x_cpu,209
32627,yolo_x_cpu,279
32628,yolo_x_cpu,293
32629,yolo_x_cpu,211
32630,yolo_x_cpu,196
32631,yolo_x_cpu,240
32632,yolo_x_cpu,267
32633,yolo_x_cpu,264
32634,yolo_x_cpu,254
32635,yolo_x_cpu,234
32636,yolo_x_cpu,231
32637,yolo_x_cpu,262
32638,yolo_x_cpu,246
32639,yolo_x_cpu,296
32640,yolo_x_cpu,250
32641,yolo_x_cpu,265
32642,yolo_x_cpu,309
32643,yolo_x_cpu,294
32644,yolo_x_cpu,221
32645,yolo_x_cpu,179
32646,yolo_x_cpu,153
32647,yolo_x_cpu,209
32648,yolo_x_cpu,279
32649,yolo_x_cpu,224
32650,yolo_x_cpu,235
32651,yolo_x_cpu,195
32652,yolo_x_cpu,167
32653,yolo_x_cpu,162
32654,yolo_x_cpu,145
32655,yolo_x_cpu,167
32656,yolo_x_cpu,178
32657,yolo_x_cpu,163
32658,yolo_x_cpu,182
32659,yolo_x_cpu,161
32660,yolo_x_cpu,167
32661,yolo_x_cpu,179
32662,yolo_x_cpu,83
32663,yolo_x_cpu,74
32664,yolo_x_cpu,100
32665,yolo_x_cpu,104
32666,yolo_x_cpu,110
32667,yolo_x_cpu,92
32668,yolo_x_cpu,119
32669,yolo_x_cpu,91
32670,yolo_x_cpu,85
32671,yolo_x_cpu,91
32672,yolo_x_cpu,152
32673,yolo_x_cpu,95
32674,yolo_x_cpu,116
32675,yolo_x_cpu,105
32676,yolo_x_cpu,105
32677,yolo_x_cpu,99
32678,yolo_x_cpu,95
32679,yolo_x_cpu,114
32680,yolo_x_cpu,70
32681,yolo_x_cpu,104
32682,yolo_x_cpu,87
32683,yolo_x_cpu,112
32684,yolo_x_cpu,71
32685,yolo_x_cpu,106
32686,yolo_x_cpu,69
32687,yolo_x_cpu,82
32688,yolo_x_cpu,81
32689,yolo_x_cpu,92
32690,yolo_x_cpu,47
32691,yolo_x_cpu,64
32692,yolo_x_cpu,101
32693,yolo_x_cpu,101
32694,yolo_x_cpu,69
32695,yolo_x_cpu,52
32696,yolo_x_cpu,80
32697,yolo_x_cpu,109
32698,yolo_x_cpu,64
32699,yolo_x_cpu,59
32700,yolo_x_cpu,53
32701,yolo_x_cpu,55
32702,yolo_x_cpu,55
32703,yolo_x_cpu,45
32704,yolo_x_cpu,64
32705,yolo_x_cpu,51
32706,yolo_x_cpu,87
32707,yolo_x_cpu,76
32708,yolo_x_cpu,122
32709,yolo_x_cpu,69
32710,yolo_x_cpu,50
32711,yolo_x_cpu,71
32712,yolo_x_cpu,181
32713,yolo_x_cpu,152
32714,yolo_x_cpu,161
32715,yolo_x_cpu,236
32716,yolo_x_cpu,67
32717,yolo_x_cpu,103
32718,yolo_x_cpu,59
32719,yolo_x_cpu,45
32720,yolo_x_cpu,47
32721,yolo_x_cpu,45
32722,yolo_x_cpu,37
32723,yolo_x_cpu,26
32724,yolo_x_cpu,42
32725,yolo_x_cpu,42
32726,yolo_x_cpu,52
32727,yolo_x_cpu,51
32728,yolo_x_cpu,68
32729,yolo_x_cpu,47
32730,yolo_x_cpu,58
32731,yolo_x_cpu,57
32732,yolo_x_cpu,56
32733,yolo_x_cpu,71
32734,yolo_x_cpu,83
32735,yolo_x_cpu,88
32736,yolo_x_cpu,78
32737,yolo_x_cpu,58
32738,yolo_x_cpu,87
32739,yolo_x_cpu,41
32740,yolo_x_cpu,33
32741,yolo_x_cpu,62
32742,yolo_x_cpu,48
32743,yolo_x_cpu,53
32744,yolo_x_cpu,28
32745,yolo_x_cpu,45
32746,yolo_x_cpu,25
32747,yolo_x_cpu,54
32748,yolo_x_cpu,104
32749,yolo_x_cpu,54
32750,yolo_x_cpu,59
32751,yolo_x_cpu,48
32752,yolo_x_cpu,44
32753,yolo_x_cpu,62
32754,yolo_x_cpu,70
32755,yolo_x_cpu,35
32756,yolo_x_cpu,34
32757,yolo_x_cpu,40
32758,yolo_x_cpu,79
32759,yolo_x_cpu,31
32760,yolo_x_cpu,42
32761,yolo_x_cpu,78
32762,yolo_x_cpu,39
32763,yolo_x_cpu,36
32764,yolo_x_cpu,38
32765,yolo_x_cpu,26
32766,yolo_x_cpu,22
32767,yolo_x_cpu,22
32768,yolo_x_cpu,20
32769,yolo_x_cpu,21
32770,yolo_x_cpu,36
32771,yolo_x_cpu,51
32772,yolo_x_cpu,84
32773,yolo_x_cpu,27
32774,yolo_x_cpu,42
32775,yolo_x_cpu,36
32776,yolo_x_cpu,36
32777,yolo_x_cpu,42
32778,yolo_x_cpu,38
32779,yolo_x_cpu,46
32780,yolo_x_cpu,20
32781,yolo_x_cpu,31
32782,yolo_x_cpu,20
32783,yolo_x_cpu,28
32784,yolo_x_cpu,8
32785,yolo_x_cpu,16
32786,yolo_x_cpu,36
32787,yolo_x_cpu,44
32788,yolo_x_cpu,70
32789,yolo_x_cpu,32
32790,yolo_x_cpu,28
32791,yolo_x_cpu,6
32792,yolo_x_cpu,20
32793,yolo_x_cpu,42
32794,yolo_x_cpu,30
32795,yolo_x_cpu,28
32796,yolo_x_cpu,27
32797,yolo_x_cpu,10
32798,yolo_x_cpu,32
32799,yolo_x_cpu,68
32800,yolo_x_cpu,23
32801,yolo_x_cpu,38
32802,yolo_x_cpu,41
32803,yolo_x_cpu,68
32804,yolo_x_cpu,49
32805,yolo_x_cpu,27
32806,yolo_x_cpu,23
32807,yolo_x_cpu,19
32808,yolo_x_cpu,35
32809,yolo_x_cpu,32
32810,yolo_x_cpu,50
32811,yolo_x_cpu,33
32812,yolo_x_cpu,26
32813,yolo_x_cpu,18
32814,yolo_x_cpu,10
32815,yolo_x_cpu,19
32816,yolo_x_cpu,13
32817,yolo_x_cpu,16
32818,yolo_x_cpu,42
32819,yolo_x_cpu,33
32820,yolo_x_cpu,22
32821,yolo_x_cpu,23
32822,yolo_x_cpu,21
32823,yolo_x_cpu,22
32824,yolo_x_cpu,34
32825,yolo_x_cpu,17
32826,yolo_x_cpu,25
32827,yolo_x_cpu,45
32828,yolo_x_cpu,41
32829,yolo_x_cpu,37
32830,yolo_x_cpu,47
32831,yolo_x_cpu,24
32832,yolo_x_cpu,14
32833,yolo_x_cpu,27
32834,yolo_x_cpu,16
32835,yolo_x_cpu,33
32836,yolo_x_cpu,39
32837,yolo_x_cpu,21
32838,yolo_x_cpu,7
32839,yolo_x_cpu,16
32840,yolo_x_cpu,12
32841,yolo_x_cpu,14
32842,yolo_x_cpu,18
32843,yolo_x_cpu,10
32844,yolo_x_cpu,14
32845,yolo_x_cpu,14
32846,yolo_x_cpu,72
32847,yolo_x_cpu,9
32848,yolo_x_cpu,19
32849,yolo_x_cpu,5
32850,yolo_x_cpu,27
32851,yolo_x_cpu,7
32852,yolo_x_cpu,9
32853,yolo_x_cpu,5
32854,yolo_x_cpu,26
32855,yolo_x_cpu,13
32856,yolo_x_cpu,23
32857,yolo_x_cpu,7
32858,yolo_x_cpu,22
32859,yolo_x_cpu,20
32860,yolo_x_cpu,13
32861,yolo_x_cpu,24
32862,yolo_x_cpu,39
32863,yolo_x_cpu,17
32864,yolo_x_cpu,38
32865,yolo_x_cpu,68
32866,yolo_x_cpu,15
32867,yolo_x_cpu,80
32868,yolo_x_cpu,50
32869,yolo_x_cpu,71
32870,yolo_x_cpu,39
32871,yolo_x_cpu,36
32872,yolo_x_cpu,34
32873,yolo_x_cpu,13
32874,yolo_x_cpu,10
32875,yolo_x_cpu,36
32876,yolo_x_cpu,41
32877,yolo_x_cpu,38
32878,yolo_x_cpu,17
32879,yolo_x_cpu,25
32880,yolo_x_cpu,58
32881,yolo_x_cpu,61
32882,yolo_x_cpu,41
32883,yolo_x_cpu,24
32884,yolo_x_cpu,22
32885,yolo_x_cpu,21
32886,yolo_x_cpu,10
32887,yolo_x_cpu,15
32888,yolo_x_cpu,19
32889,yolo_x_cpu,35
32890,yolo_x_cpu,17
32891,yolo_x_cpu,23
32892,yolo_x_cpu,21
32893,yolo_x_cpu,6
32894,yolo_x_cpu,6
32895,yolo_x_cpu,22
32896,yolo_x_cpu,32
32897,yolo_x_cpu,25
32898,yolo_x_cpu,40
32899,yolo_x_cpu,45
32900,yolo_x_cpu,20
32901,yolo_x_cpu,30
32902,yolo_x_cpu,20
32903,yolo_x_cpu,20
32904,yolo_x_cpu,10
32905,yolo_x_cpu,17
32906,yolo_x_cpu,21
32907,yolo_x_cpu,16
32908,yolo_x_cpu,11
32909,yolo_x_cpu,23
32910,yolo_x_cpu,27
32911,yolo_x_cpu,12
32912,yolo_x_cpu,44
32913,yolo_x_cpu,29
32914,yolo_x_cpu,47
32915,yolo_x_cpu,23
32916,yolo_x_cpu,18
32917,yolo_x_cpu,10
32918,yolo_x_cpu,19
32919,yolo_x_cpu,20
32920,yolo_x_cpu,17
32921,yolo_x_cpu,19
32922,yolo_x_cpu,18
32923,yolo_x_cpu,27
32924,yolo_x_cpu,14
32925,yolo_x_cpu,19
32926,yolo_x_cpu,28
32927,yolo_x_cpu,20
32928,yolo_x_cpu,13
32929,yolo_x_cpu,211
32930,yolo_x_cpu,11
32931,yolo_x_cpu,36
32932,yolo_x_cpu,39
32933,yolo_x_cpu,18
32934,yolo_x_cpu,26
32935,yolo_x_cpu,11
32936,yolo_x_cpu,22
32937,yolo_x_cpu,17
32938,yolo_x_cpu,13
32939,yolo_x_cpu,28
32940,yolo_x_cpu,47
32941,yolo_x_cpu,37
32942,yolo_x_cpu,20
32943,yolo_x_cpu,15
32944,yolo_x_cpu,12
32945,yolo_x_cpu,29
32946,yolo_x_cpu,17
32947,yolo_x_cpu,25
32948,yolo_x_cpu,31
32949,yolo_x_cpu,9
32950,yolo_x_cpu,32
32951,yolo_x_cpu,47
32952,yolo_x_cpu,19
32953,yolo_x_cpu,12
32954,yolo_x_cpu,73
32955,yolo_x_cpu,32
32956,yolo_x_cpu,42
32957,yolo_x_cpu,19
32958,yolo_x_cpu,27
32959,yolo_x_cpu,48
32960,yolo_x_cpu,30
32961,yolo_x_cpu,45
32962,yolo_x_cpu,46
32963,yolo_x_cpu,67
32964,yolo_x_cpu,22
32965,yolo_x_cpu,39
32966,yolo_x_cpu,39
32967,yolo_x_cpu,18
32968,yolo_x_cpu,33
32969,yolo_x_cpu,20
32970,yolo_x_cpu,42
32971,yolo_x_cpu,41
32972,yolo_x_cpu,32
32973,yolo_x_cpu,22
32974,yolo_x_cpu,20
32975,yolo_x_cpu,32
32976,yolo_x_cpu,29
32977,yolo_x_cpu,34
32978,yolo_x_cpu,25
32979,yolo_x_cpu,42
32980,yolo_x_cpu,35
32981,yolo_x_cpu,16
32982,yolo_x_cpu,45
32983,yolo_x_cpu,53
32984,yolo_x_cpu,46
32985,yolo_x_cpu,55
32986,yolo_x_cpu,60
32987,yolo_x_cpu,39
32988,yolo_x_cpu,51
32989,yolo_x_cpu,35
32990,yolo_x_cpu,59
32991,yolo_x_cpu,49
32992,yolo_x_cpu,51
32993,yolo_x_cpu,52
32994,yolo_x_cpu,69
32995,yolo_x_cpu,61
32996,yolo_x_cpu,34
32997,yolo_x_cpu,77
32998,yolo_x_cpu,45
32999,yolo_x_cpu,81
33000,yolo_x_cpu,55
33001,yolo_x_cpu,61
33002,yolo_x_cpu,93
33003,yolo_x_cpu,73
33004,yolo_x_cpu,99
33005,yolo_x_cpu,85
33006,yolo_x_cpu,63
33007,yolo_x_cpu,50
33008,yolo_x_cpu,80
33009,yolo_x_cpu,91
33010,yolo_x_cpu,115
33011,yolo_x_cpu,117
33012,yolo_x_cpu,101
33013,yolo_x_cpu,121
33014,yolo_x_cpu,127
33015,yolo_x_cpu,142
33016,yolo_x_cpu,180
33017,yolo_x_cpu,129
33018,yolo_x_cpu,134
33019,yolo_x_cpu,95
33020,yolo_x_cpu,71
33021,yolo_x_cpu,121
33022,yolo_x_cpu,121
33023,yolo_x_cpu,153
33024,yolo_x_cpu,132
33025,yolo_x_cpu,162
33026,yolo_x_cpu,135
33027,yolo_x_cpu,131
33028,yolo_x_cpu,132
33029,yolo_x_cpu,178
33030,yolo_x_cpu,229
33031,yolo_x_cpu,202
33032,yolo_x_cpu,129
33033,yolo_x_cpu,222
33034,yolo_x_cpu,170
33035,yolo_x_cpu,150
33036,yolo_x_cpu,170
33037,yolo_x_cpu,216
33038,yolo_x_cpu,194
33039,yolo_x_cpu,182
33040,yolo_x_cpu,201
33041,yolo_x_cpu,132
33042,yolo_x_cpu,172
33043,yolo_x_cpu,173
33044,yolo_x_cpu,158
33045,yolo_x_cpu,187
33046,yolo_x_cpu,156
33047,yolo_x_cpu,190
33048,yolo_x_cpu,180
33049,yolo_x_cpu,307
33050,yolo_x_cpu,284
33051,yolo_x_cpu,237
33052,yolo_x_cpu,182
33053,yolo_x_cpu,180
33054,yolo_x_cpu,221
33055,yolo_x_cpu,186
33056,yolo_x_cpu,264
33057,yolo_x_cpu,230
33058,yolo_x_cpu,216
33059,yolo_x_cpu,304
33060,yolo_x_cpu,269
33061,yolo_x_cpu,320
33062,yolo_x_cpu,241
33063,yolo_x_cpu,258
33064,yolo_x_cpu,225
33065,yolo_x_cpu,195
33066,yolo_x_cpu,253
33067,yolo_x_cpu,261
33068,yolo_x_cpu,282
33069,yolo_x_cpu,282
33070,yolo_x_cpu,346
33071,yolo_x_cpu,253
33072,yolo_x_cpu,259
33073,yolo_x_cpu,253
33074,yolo_x_cpu,281
33075,yolo_x_cpu,263
33076,yolo_x_cpu,293
33077,yolo_x_cpu,324
33078,yolo_x_cpu,330
33079,yolo_x_cpu,373
33080,yolo_x_cpu,319
33081,yolo_x_cpu,362
33082,yolo_x_cpu,239
33083,yolo_x_cpu,298
33084,yolo_x_cpu,362
33085,yolo_x_cpu,312
33086,yolo_x_cpu,358
33087,yolo_x_cpu,445
33088,yolo_x_cpu,539
33089,yolo_x_cpu,629
33090,yolo_x_cpu,339
33091,yolo_x_cpu,289
33092,yolo_x_cpu,304
33093,yolo_x_cpu,328
33094,yolo_x_cpu,300
33095,yolo_x_cpu,354
33096,yolo_x_cpu,315
33097,yolo_x_cpu,352
33098,yolo_x_cpu,398
33099,yolo_x_cpu,332
33100,yolo_x_cpu,427
33101,yolo_x_cpu,387
33102,yolo_x_cpu,377
33103,yolo_x_cpu,389
33104,yolo_x_cpu,403
33105,yolo_x_cpu,357
33106,yolo_x_cpu,447
33107,yolo_x_cpu,445
33108,yolo_x_cpu,476
33109,yolo_x_cpu,441
33110,yolo_x_cpu,449
33111,yolo_x_cpu,570
33112,yolo_x_cpu,520
33113,yolo_x_cpu,477
33114,yolo_x_cpu,462
33115,yolo_x_cpu,567
33116,yolo_x_cpu,495
33117,yolo_x_cpu,495
33118,yolo_x_cpu,460
33119,yolo_x_cpu,453
33120,yolo_x_cpu,526
33121,yolo_x_cpu,467
33122,yolo_x_cpu,630
33123,yolo_x_cpu,583
33124,yolo_x_cpu,581
33125,yolo_x_cpu,614
33126,yolo_x_cpu,572
33127,yolo_x_cpu,588
33128,yolo_x_cpu,680
33129,yolo_x_cpu,588
33130,yolo_x_cpu,590
33131,yolo_x_cpu,581
33132,yolo_x_cpu,610
33133,yolo_x_cpu,630
33134,yolo_x_cpu,718
33135,yolo_x_cpu,656
33136,yolo_x_cpu,547
33137,yolo_x_cpu,583
33138,yolo_x_cpu,563
33139,yolo_x_cpu,605
33140,yolo_x_cpu,599
33141,yolo_x_cpu,576
33142,yolo_x_cpu,613
33143,yolo_x_cpu,597
33144,yolo_x_cpu,670
33145,yolo_x_cpu,687
33146,yolo_x_cpu,580
33147,yolo_x_cpu,588
33148,yolo_x_cpu,527
33149,yolo_x_cpu,604
33150,yolo_x_cpu,557
33151,yolo_x_cpu,609
33152,yolo_x_cpu,665
33153,yolo_x_cpu,596
33154,yolo_x_cpu,689
33155,yolo_x_cpu,655
33156,yolo_x_cpu,746
33157,yolo_x_cpu,736
33158,yolo_x_cpu,548
33159,yolo_x_cpu,649
33160,yolo_x_cpu,703
33161,yolo_x_cpu,601
33162,yolo_x_cpu,677
33163,yolo_x_cpu,700
33164,yolo_x_cpu,539
33165,yolo_x_cpu,648
33166,yolo_x_cpu,741
33167,yolo_x_cpu,639
33168,yolo_x_cpu,540
33169,yolo_x_cpu,643
33170,yolo_x_cpu,727
33171,yolo_x_cpu,747
33172,yolo_x_cpu,617
33173,yolo_x_cpu,652
33174,yolo_x_cpu,679
33175,yolo_x_cpu,518
33176,yolo_x_cpu,600
33177,yolo_x_cpu,672
33178,yolo_x_cpu,624
33179,yolo_x_cpu,606
33180,yolo_x_cpu,678
33181,yolo_x_cpu,698
33182,yolo_x_cpu,664
33183,yolo_x_cpu,635
33184,yolo_x_cpu,662
33185,yolo_x_cpu,704
33186,yolo_x_cpu,747
33187,yolo_x_cpu,735
33188,yolo_x_cpu,722
33189,yolo_x_cpu,740
33190,yolo_x_cpu,1010
33191,yolo_x_cpu,891
33192,yolo_x_cpu,793
33193,yolo_x_cpu,788
33194,yolo_x_cpu,863
33195,yolo_x_cpu,714
33196,yolo_x_cpu,768
33197,yolo_x_cpu,611
33198,yolo_x_cpu,768
33199,yolo_x_cpu,648
33200,yolo_x_cpu,816
33201,yolo_x_cpu,833
33202,yolo_x_cpu,722
33203,yolo_x_cpu,711
33204,yolo_x_cpu,750
33205,yolo_x_cpu,799
33206,yolo_x_cpu,817
33207,yolo_x_cpu,888
33208,yolo_x_cpu,708
33209,yolo_x_cpu,965
33210,yolo_x_cpu,794
33211,yolo_x_cpu,548
33212,yolo_x_cpu,641
33213,yolo_x_cpu,694
33214,yolo_x_cpu,759
33215,yolo_x_cpu,899
33216,yolo_x_cpu,772
33217,yolo_x_cpu,733
33218,yolo_x_cpu,724
33219,yolo_x_cpu,626
33220,yolo_x_cpu,641
33221,yolo_x_cpu,771
33222,yolo_x_cpu,800
33223,yolo_x_cpu,916
33224,yolo_x_cpu,779
33225,yolo_x_cpu,707
33226,yolo_x_cpu,714
33227,yolo_x_cpu,732
33228,yolo_x_cpu,791
33229,yolo_x_cpu,697
33230,yolo_x_cpu,858
33231,yolo_x_cpu,727
33232,yolo_x_cpu,620
33233,yolo_x_cpu,705
33234,yolo_x_cpu,791
33235,yolo_x_cpu,904
33236,yolo_x_cpu,792
33237,yolo_x_cpu,701
33238,yolo_x_cpu,784
33239,yolo_x_cpu,790
33240,yolo_x_cpu,789
33241,yolo_x_cpu,911
33242,yolo_x_cpu,964
33243,yolo_x_cpu,1061
33244,yolo_x_cpu,958
33245,yolo_x_cpu,904
33246,yolo_x_cpu,968
33247,yolo_x_cpu,956
33248,yolo_x_cpu,889
33249,yolo_x_cpu,938
33250,yolo_x_cpu,957
33251,yolo_x_cpu,881
33252,yolo_x_cpu,898
33253,yolo_x_cpu,1045
33254,yolo_x_cpu,868
33255,yolo_x_cpu,612
33256,yolo_x_cpu,690
33257,yolo_x_cpu,731
33258,yolo_x_cpu,761
33259,yolo_x_cpu,856
33260,yolo_x_cpu,800
33261,yolo_x_cpu,936
33262,yolo_x_cpu,999
33263,yolo_x_cpu,966
33264,yolo_x_cpu,869
33265,yolo_x_cpu,874
33266,yolo_x_cpu,704
33267,yolo_x_cpu,848
33268,yolo_x_cpu,755
33269,yolo_x_cpu,869
33270,yolo_x_cpu,830
33271,yolo_x_cpu,743
33272,yolo_x_cpu,845
33273,yolo_x_cpu,774
33274,yolo_x_cpu,635
33275,yolo_x_cpu,787
33276,yolo_x_cpu,713
33277,yolo_x_cpu,739
33278,yolo_x_cpu,901
33279,yolo_x_cpu,878
33280,yolo_x_cpu,737
33281,yolo_x_cpu,944
33282,yolo_x_cpu,693
33283,yolo_x_cpu,887
33284,yolo_x_cpu,707
33285,yolo_x_cpu,793
33286,yolo_x_cpu,793
33287,yolo_x_cpu,768
33288,yolo_x_cpu,1136
33289,yolo_x_cpu,883
33290,yolo_x_cpu,858
33291,yolo_x_cpu,727
33292,yolo_x_cpu,739
33293,yolo_x_cpu,679
33294,yolo_x_cpu,771
33295,yolo_x_cpu,770
33296,yolo_x_cpu,898
33297,yolo_x_cpu,734
33298,yolo_x_cpu,648
33299,yolo_x_cpu,872
33300,yolo_x_cpu,883
33301,yolo_x_cpu,938
33302,yolo_x_cpu,792
33303,yolo_x_cpu,839
33304,yolo_x_cpu,863
33305,yolo_x_cpu,958
33306,yolo_x_cpu,867
33307,yolo_x_cpu,782
33308,yolo_x_cpu,821
33309,yolo_x_cpu,775
33310,yolo_x_cpu,798
33311,yolo_x_cpu,876
33312,yolo_x_cpu,953
33313,yolo_x_cpu,874
33314,yolo_x_cpu,864
33315,yolo_x_cpu,910
33316,yolo_x_cpu,1110
33317,yolo_x_cpu,876
33318,yolo_x_cpu,837
33319,yolo_x_cpu,828
33320,yolo_x_cpu,860
33321,yolo_x_cpu,967
33322,yolo_x_cpu,888
33323,yolo_x_cpu,778
33324,yolo_x_cpu,892
33325,yolo_x_cpu,656
33326,yolo_x_cpu,802
33327,yolo_x_cpu,698
33328,yolo_x_cpu,699
33329,yolo_x_cpu,766
33330,yolo_x_cpu,808
33331,yolo_x_cpu,771
33332,yolo_x_cpu,650
33333,yolo_x_cpu,583
33334,yolo_x_cpu,583
33335,yolo_x_cpu,733
33336,yolo_x_cpu,754
33337,yolo_x_cpu,851
33338,yolo_x_cpu,639
33339,yolo_x_cpu,669
33340,yolo_x_cpu,685
33341,yolo_x_cpu,678
33342,yolo_x_cpu,797
33343,yolo_x_cpu,708
33344,yolo_x_cpu,672
33345,yolo_x_cpu,625
33346,yolo_x_cpu,735
33347,yolo_x_cpu,725
33348,yolo_x_cpu,635
33349,yolo_x_cpu,592
33350,yolo_x_cpu,614
33351,yolo_x_cpu,771
33352,yolo_x_cpu,713
33353,yolo_x_cpu,831
33354,yolo_x_cpu,775
33355,yolo_x_cpu,712
33356,yolo_x_cpu,679
33357,yolo_x_cpu,640
33358,yolo_x_cpu,679
33359,yolo_x_cpu,765
33360,yolo_x_cpu,784
33361,yolo_x_cpu,789
33362,yolo_x_cpu,890
33363,yolo_x_cpu,914
33364,yolo_x_cpu,779
33365,yolo_x_cpu,832
33366,yolo_x_cpu,857
33367,yolo_x_cpu,1049
33368,yolo_x_cpu,885
33369,yolo_x_cpu,1039
33370,yolo_x_cpu,1079
33371,yolo_x_cpu,1058
33372,yolo_x_cpu,1049
33373,yolo_x_cpu,1006
33374,yolo_x_cpu,1066
33375,yolo_x_cpu,1136
33376,yolo_x_cpu,1165
33377,yolo_x_cpu,1188
33378,yolo_x_cpu,1154
33379,yolo_x_cpu,1255
33380,yolo_x_cpu,1092
33381,yolo_x_cpu,1099
33382,yolo_x_cpu,1126
33383,yolo_x_cpu,1124
33384,yolo_x_cpu,1129
33385,yolo_x_cpu,1238
33386,yolo_x_cpu,1113
33387,yolo_x_cpu,1235
33388,yolo_x_cpu,1236
33389,yolo_x_cpu,1201
33390,yolo_x_cpu,1315
33391,yolo_x_cpu,1706
33392,yolo_x_cpu,1778
33393,yolo_x_cpu,1656
33394,yolo_x_cpu,1704
33395,yolo_x_cpu,1717
33396,yolo_x_cpu,1458
33397,yolo_x_cpu,1428
33398,yolo_x_cpu,1599
33399,yolo_x_cpu,1304
33400,yolo_x_cpu,1291
33401,yolo_x_cpu,1603
33402,yolo_x_cpu,1562
33403,yolo_x_cpu,1483
33404,yolo_x_cpu,1571
33405,yolo_x_cpu,1553
33406,yolo_x_cpu,1567
33407,yolo_x_cpu,1532
33408,yolo_x_cpu,1549
33409,yolo_x_cpu,1525
33410,yolo_x_cpu,1529
33411,yolo_x_cpu,1488
33412,yolo_x_cpu,1477
33413,yolo_x_cpu,1449
33414,yolo_x_cpu,1453
33415,yolo_x_cpu,1450
33416,yolo_x_cpu,1476
33417,yolo_x_cpu,1431
33418,yolo_x_cpu,1466
33419,yolo_x_cpu,1518
33420,yolo_x_cpu,1388
33421,yolo_x_cpu,1488
33422,yolo_x_cpu,1458
33423,yolo_x_cpu,1243
33424,yolo_x_cpu,1262
33425,yolo_x_cpu,1224
33426,yolo_x_cpu,1556
33427,yolo_x_cpu,1531
33428,yolo_x_cpu,1332
33429,yolo_x_cpu,1150
33430,yolo_x_cpu,1222
33431,yolo_x_cpu,1284
33432,yolo_x_cpu,1278
33433,yolo_x_cpu,1273
33434,yolo_x_cpu,1330
33435,yolo_x_cpu,1146
33436,yolo_x_cpu,1048
33437,yolo_x_cpu,1184
33438,yolo_x_cpu,1184
33439,yolo_x_cpu,1347
33440,yolo_x_cpu,1010
33441,yolo_x_cpu,1087
33442,yolo_x_cpu,1131
33443,yolo_x_cpu,1031
33444,yolo_x_cpu,957
33445,yolo_x_cpu,1094
33446,yolo_x_cpu,1286
33447,yolo_x_cpu,1109
33448,yolo_x_cpu,1172
33449,yolo_x_cpu,1259
33450,yolo_x_cpu,1031
33451,yolo_x_cpu,1305
33452,yolo_x_cpu,1237
33453,yolo_x_cpu,1155
33454,yolo_x_cpu,1093
33455,yolo_x_cpu,953
33456,yolo_x_cpu,932
33457,yolo_x_cpu,1094
33458,yolo_x_cpu,1020
33459,yolo_x_cpu,1136
33460,yolo_x_cpu,936
33461,yolo_x_cpu,1041
33462,yolo_x_cpu,1170
33463,yolo_x_cpu,1036
33464,yolo_x_cpu,989
33465,yolo_x_cpu,853
33466,yolo_x_cpu,967
33467,yolo_x_cpu,1022
33468,yolo_x_cpu,953
33469,yolo_x_cpu,969
33470,yolo_x_cpu,1132
33471,yolo_x_cpu,996
33472,yolo_x_cpu,996
33473,yolo_x_cpu,1116
33474,yolo_x_cpu,1059
33475,yolo_x_cpu,1073
33476,yolo_x_cpu,1174
33477,yolo_x_cpu,982
33478,yolo_x_cpu,1055
33479,yolo_x_cpu,1038
33480,yolo_x_cpu,1073
33481,yolo_x_cpu,841
33482,yolo_x_cpu,826
33483,yolo_x_cpu,807
33484,yolo_x_cpu,887
33485,yolo_x_cpu,786
33486,yolo_x_cpu,846
33487,yolo_x_cpu,784
33488,yolo_x_cpu,857
33489,yolo_x_cpu,942
33490,yolo_x_cpu,931
33491,yolo_x_cpu,760
33492,yolo_x_cpu,863
33493,yolo_x_cpu,854
33494,yolo_x_cpu,801
33495,yolo_x_cpu,1014
33496,yolo_x_cpu,868
33497,yolo_x_cpu,957
33498,yolo_x_cpu,886
33499,yolo_x_cpu,820
33500,yolo_x_cpu,817
33501,yolo_x_cpu,760
33502,yolo_x_cpu,869
33503,yolo_x_cpu,767
33504,yolo_x_cpu,812
33505,yolo_x_cpu,840
33506,yolo_x_cpu,817
33507,yolo_x_cpu,698
33508,yolo_x_cpu,754
33509,yolo_x_cpu,627
33510,yolo_x_cpu,651
33511,yolo_x_cpu,660
33512,yolo_x_cpu,571
33513,yolo_x_cpu,617
33514,yolo_x_cpu,589
33515,yolo_x_cpu,591
33516,yolo_x_cpu,625
33517,yolo_x_cpu,549
33518,yolo_x_cpu,522
33519,yolo_x_cpu,527
33520,yolo_x_cpu,606
33521,yolo_x_cpu,709
33522,yolo_x_cpu,556
33523,yolo_x_cpu,599
33524,yolo_x_cpu,513
33525,yolo_x_cpu,456
33526,yolo_x_cpu,497
33527,yolo_x_cpu,486
33528,yolo_x_cpu,552
33529,yolo_x_cpu,461
33530,yolo_x_cpu,480
33531,yolo_x_cpu,626
33532,yolo_x_cpu,655
33533,yolo_x_cpu,652
33534,yolo_x_cpu,590
33535,yolo_x_cpu,580
33536,yolo_x_cpu,638
33537,yolo_x_cpu,476
33538,yolo_x_cpu,516
33539,yolo_x_cpu,445
33540,yolo_x_cpu,528
33541,yolo_x_cpu,610
33542,yolo_x_cpu,494
33543,yolo_x_cpu,588
33544,yolo_x_cpu,524
33545,yolo_x_cpu,649
33546,yolo_x_cpu,596
33547,yolo_x_cpu,613
33548,yolo_x_cpu,633
33549,yolo_x_cpu,784
33550,yolo_x_cpu,568
33551,yolo_x_cpu,538
33552,yolo_x_cpu,614
33553,yolo_x_cpu,594
33554,yolo_x_cpu,556
33555,yolo_x_cpu,629
33556,yolo_x_cpu,586
33557,yolo_x_cpu,697
33558,yolo_x_cpu,784
33559,yolo_x_cpu,737
33560,yolo_x_cpu,939
33561,yolo_x_cpu,883
33562,yolo_x_cpu,809
33563,yolo_x_cpu,796
33564,yolo_x_cpu,630
33565,yolo_x_cpu,718
33566,yolo_x_cpu,552
33567,yolo_x_cpu,795
33568,yolo_x_cpu,691
33569,yolo_x_cpu,759
33570,yolo_x_cpu,765
33571,yolo_x_cpu,807
33572,yolo_x_cpu,595
33573,yolo_x_cpu,715
33574,yolo_x_cpu,622
33575,yolo_x_cpu,605
33576,yolo_x_cpu,670
33577,yolo_x_cpu,741
33578,yolo_x_cpu,784
33579,yolo_x_cpu,922
33580,yolo_x_cpu,790
33581,yolo_x_cpu,665
33582,yolo_x_cpu,822
33583,yolo_x_cpu,700
33584,yolo_x_cpu,663
33585,yolo_x_cpu,707
33586,yolo_x_cpu,701
33587,yolo_x_cpu,646
33588,yolo_x_cpu,809
33589,yolo_x_cpu,756
33590,yolo_x_cpu,803
33591,yolo_x_cpu,737
33592,yolo_x_cpu,799
33593,yolo_x_cpu,729
33594,yolo_x_cpu,669
33595,yolo_x_cpu,809
33596,yolo_x_cpu,769
33597,yolo_x_cpu,730
33598,yolo_x_cpu,764
33599,yolo_x_cpu,943
33600,yolo_x_cpu,916
33601,yolo_x_cpu,757
33602,yolo_x_cpu,788
33603,yolo_x_cpu,893
33604,yolo_x_cpu,857
33605,yolo_x_cpu,954
33606,yolo_x_cpu,894
33607,yolo_x_cpu,809
33608,yolo_x_cpu,972
33609,yolo_x_cpu,1388
33610,yolo_x_cpu,1064
33611,yolo_x_cpu,1020
33612,yolo_x_cpu,1150
33613,yolo_x_cpu,775
33614,yolo_x_cpu,853
33615,yolo_x_cpu,998
33616,yolo_x_cpu,1000
33617,yolo_x_cpu,1018
33618,yolo_x_cpu,950
33619,yolo_x_cpu,1002
33620,yolo_x_cpu,909
33621,yolo_x_cpu,940
33622,yolo_x_cpu,1065
33623,yolo_x_cpu,967
33624,yolo_x_cpu,1049
33625,yolo_x_cpu,1128
33626,yolo_x_cpu,1057
33627,yolo_x_cpu,1042
33628,yolo_x_cpu,870
33629,yolo_x_cpu,932
33630,yolo_x_cpu,1198
33631,yolo_x_cpu,1110
33632,yolo_x_cpu,1234
33633,yolo_x_cpu,1135
33634,yolo_x_cpu,1260
33635,yolo_x_cpu,1121
33636,yolo_x_cpu,1115
33637,yolo_x_cpu,1231
33638,yolo_x_cpu,1562
33639,yolo_x_cpu,1329
33640,yolo_x_cpu,1532
33641,yolo_x_cpu,1447
33642,yolo_x_cpu,1322
33643,yolo_x_cpu,1417
33644,yolo_x_cpu,1522
33645,yolo_x_cpu,1487
33646,yolo_x_cpu,1433
33647,yolo_x_cpu,1444
33648,yolo_x_cpu,1559
33649,yolo_x_cpu,1566
33650,yolo_x_cpu,1708
33651,yolo_x_cpu,1666
33652,yolo_x_cpu,1651
33653,yolo_x_cpu,1667
33654,yolo_x_cpu,1730
33655,yolo_x_cpu,1669
33656,yolo_x_cpu,1545
33657,yolo_x_cpu,1673
33658,yolo_x_cpu,1699
33659,yolo_x_cpu,1639
33660,yolo_x_cpu,1949
33661,yolo_x_cpu,1784
33662,yolo_x_cpu,1534
33663,yolo_x_cpu,1771
33664,yolo_x_cpu,1920
33665,yolo_x_cpu,1830
33666,yolo_x_cpu,1750
33667,yolo_x_cpu,1710
33668,yolo_x_cpu,1974
33669,yolo_x_cpu,1895
33670,yolo_x_cpu,1642
33671,yolo_x_cpu,1691
33672,yolo_x_cpu,1743
33673,yolo_x_cpu,1897
33674,yolo_x_cpu,1793
33675,yolo_x_cpu,1840
33676,yolo_x_cpu,1941
33677,yolo_x_cpu,1837
33678,yolo_x_cpu,1711
33679,yolo_x_cpu,1841
33680,yolo_x_cpu,1986
33681,yolo_x_cpu,2077
33682,yolo_x_cpu,2058
33683,yolo_x_cpu,1873
33684,yolo_x_cpu,2023
33685,yolo_x_cpu,2196
33686,yolo_x_cpu,1913
33687,yolo_x_cpu,1870
33688,yolo_x_cpu,1787
33689,yolo_x_cpu,1821
33690,yolo_x_cpu,1788
33691,yolo_x_cpu,1738
33692,yolo_x_cpu,1777
33693,yolo_x_cpu,1799
33694,yolo_x_cpu,1862
33695,yolo_x_cpu,1762
33696,yolo_x_cpu,1818
33697,yolo_x_cpu,1792
33698,yolo_x_cpu,1830
33699,yolo_x_cpu,1914
33700,yolo_x_cpu,1725
33701,yolo_x_cpu,1806
33702,yolo_x_cpu,1904
33703,yolo_x_cpu,1855
33704,yolo_x_cpu,1897
33705,yolo_x_cpu,1668
33706,yolo_x_cpu,1688
33707,yolo_x_cpu,1763
33708,yolo_x_cpu,1871
33709,yolo_x_cpu,2030
33710,yolo_x_cpu,2034
33711,yolo_x_cpu,1950
33712,yolo_x_cpu,2015
33713,yolo_x_cpu,1755
33714,yolo_x_cpu,1860
33715,yolo_x_cpu,1950
33716,yolo_x_cpu,1780
33717,yolo_x_cpu,1840
33718,yolo_x_cpu,1821
33719,yolo_x_cpu,1972
33720,yolo_x_cpu,1643
33721,yolo_x_cpu,1868
33722,yolo_x_cpu,1888
33723,yolo_x_cpu,1819
33724,yolo_x_cpu,1896
33725,yolo_x_cpu,1718
33726,yolo_x_cpu,1980
33727,yolo_x_cpu,2012
33728,yolo_x_cpu,1948
33729,yolo_x_cpu,1904
33730,yolo_x_cpu,1958
33731,yolo_x_cpu,1985
33732,yolo_x_cpu,1914
33733,yolo_x_cpu,1750
33734,yolo_x_cpu,1832
33735,yolo_x_cpu,1944
33736,yolo_x_cpu,1827
33737,yolo_x_cpu,1779
33738,yolo_x_cpu,1905
33739,yolo_x_cpu,1955
33740,yolo_x_cpu,1859
33741,yolo_x_cpu,1927
33742,yolo_x_cpu,2162
33743,yolo_x_cpu,1948
33744,yolo_x_cpu,2039
33745,yolo_x_cpu,1997
33746,yolo_x_cpu,2350
33747,yolo_x_cpu,2261
33748,yolo_x_cpu,2211
33749,yolo_x_cpu,2361
33750,yolo_x_cpu,2330
33751,yolo_x_cpu,2474
33752,yolo_x_cpu,2089
33753,yolo_x_cpu,2068
33754,yolo_x_cpu,2386
33755,yolo_x_cpu,2544
33756,yolo_x_cpu,2125
33757,yolo_x_cpu,2257
33758,yolo_x_cpu,2109
33759,yolo_x_cpu,2224
33760,yolo_x_cpu,2255
33761,yolo_x_cpu,2271
33762,yolo_x_cpu,2067
33763,yolo_x_cpu,1921
33764,yolo_x_cpu,2120
33765,yolo_x_cpu,2450
33766,yolo_x_cpu,2250
33767,yolo_x_cpu,2206
33768,yolo_x_cpu,2136
33769,yolo_x_cpu,2185
33770,yolo_x_cpu,2272
33771,yolo_x_cpu,2479
33772,yolo_x_cpu,2263
33773,yolo_x_cpu,2273
33774,yolo_x_cpu,2259
33775,yolo_x_cpu,2608
33776,yolo_x_cpu,2311
33777,yolo_x_cpu,2122
33778,yolo_x_cpu,2145
33779,yolo_x_cpu,2248
33780,yolo_x_cpu,2462
33781,yolo_x_cpu,2523
33782,yolo_x_cpu,2234
33783,yolo_x_cpu,2457
33784,yolo_x_cpu,2203
33785,yolo_x_cpu,2200
33786,yolo_x_cpu,2186
33787,yolo_x_cpu,2269
33788,yolo_x_cpu,2015
33789,yolo_x_cpu,2162
33790,yolo_x_cpu,2099
33791,yolo_x_cpu,2153
33792,yolo_x_cpu,2287
33793,yolo_x_cpu,2233
33794,yolo_x_cpu,2176
33795,yolo_x_cpu,2285
33796,yolo_x_cpu,2317
33797,yolo_x_cpu,2250
33798,yolo_x_cpu,2206
33799,yolo_x_cpu,2411
33800,yolo_x_cpu,2450
33801,yolo_x_cpu,2439
33802,yolo_x_cpu,2227
33803,yolo_x_cpu,2506
33804,yolo_x_cpu,2310
33805,yolo_x_cpu,2282
33806,yolo_x_cpu,2303
33807,yolo_x_cpu,2270
33808,yolo_x_cpu,2134
33809,yolo_x_cpu,2306
33810,yolo_x_cpu,2138
33811,yolo_x_cpu,2133
33812,yolo_x_cpu,2496
33813,yolo_x_cpu,2400
33814,yolo_x_cpu,2294
33815,yolo_x_cpu,2426
33816,yolo_x_cpu,2131
33817,yolo_x_cpu,2342
33818,yolo_x_cpu,2553
33819,yolo_x_cpu,2282
33820,yolo_x_cpu,2348
33821,yolo_x_cpu,2227
33822,yolo_x_cpu,2220
33823,yolo_x_cpu,2329
33824,yolo_x_cpu,2345
33825,yolo_x_cpu,2190
33826,yolo_x_cpu,2232
33827,yolo_x_cpu,2257
33828,yolo_x_cpu,2350
33829,yolo_x_cpu,2237
33830,yolo_x_cpu,2230
33831,yolo_x_cpu,2335
33832,yolo_x_cpu,2206
33833,yolo_x_cpu,2232
33834,yolo_x_cpu,2245
33835,yolo_x_cpu,2215
33836,yolo_x_cpu,2233
33837,yolo_x_cpu,2322
33838,yolo_x_cpu,2429
33839,yolo_x_cpu,2377
33840,yolo_x_cpu,2233
33841,yolo_x_cpu,2249
33842,yolo_x_cpu,2060
33843,yolo_x_cpu,2067
33844,yolo_x_cpu,2132
33845,yolo_x_cpu,2236
33846,yolo_x_cpu,2298
33847,yolo_x_cpu,2323
33848,yolo_x_cpu,2098
33849,yolo_x_cpu,2103
33850,yolo_x_cpu,2238
33851,yolo_x_cpu,1997
33852,yolo_x_cpu,2112
33853,yolo_x_cpu,2191
33854,yolo_x_cpu,2130
33855,yolo_x_cpu,2092
33856,yolo_x_cpu,1929
33857,yolo_x_cpu,1858
33858,yolo_x_cpu,1968
33859,yolo_x_cpu,1865
33860,yolo_x_cpu,1958
33861,yolo_x_cpu,2230
33862,yolo_x_cpu,2116
33863,yolo_x_cpu,2109
33864,yolo_x_cpu,2149
33865,yolo_x_cpu,1916
33866,yolo_x_cpu,2216
33867,yolo_x_cpu,2314
33868,yolo_x_cpu,2082
33869,yolo_x_cpu,2031
33870,yolo_x_cpu,2373
33871,yolo_x_cpu,2251
33872,yolo_x_cpu,2186
33873,yolo_x_cpu,2232
33874,yolo_x_cpu,2022
33875,yolo_x_cpu,1917
33876,yolo_x_cpu,1902
33877,yolo_x_cpu,1998
33878,yolo_x_cpu,2106
33879,yolo_x_cpu,2034
33880,yolo_x_cpu,1942
33881,yolo_x_cpu,1868
33882,yolo_x_cpu,1886
33883,yolo_x_cpu,1865
33884,yolo_x_cpu,1784
33885,yolo_x_cpu,1942
33886,yolo_x_cpu,1849
33887,yolo_x_cpu,2054
33888,yolo_x_cpu,2043
33889,yolo_x_cpu,1951
33890,yolo_x_cpu,2076
33891,yolo_x_cpu,1846
33892,yolo_x_cpu,1833
33893,yolo_x_cpu,1839
33894,yolo_x_cpu,1871
33895,yolo_x_cpu,1929
33896,yolo_x_cpu,2073
33897,yolo_x_cpu,1781
33898,yolo_x_cpu,1720
33899,yolo_x_cpu,1911
33900,yolo_x_cpu,1957
33901,yolo_x_cpu,1984
33902,yolo_x_cpu,1921
33903,yolo_x_cpu,1877
33904,yolo_x_cpu,1755
33905,yolo_x_cpu,1689
33906,yolo_x_cpu,1641
33907,yolo_x_cpu,1754
33908,yolo_x_cpu,1982
33909,yolo_x_cpu,1650
33910,yolo_x_cpu,1628
33911,yolo_x_cpu,1666
33912,yolo_x_cpu,1590
33913,yolo_x_cpu,1834
33914,yolo_x_cpu,1754
33915,yolo_x_cpu,2065
33916,yolo_x_cpu,1909
33917,yolo_x_cpu,1751
33918,yolo_x_cpu,1631
33919,yolo_x_cpu,1893
33920,yolo_x_cpu,2004
33921,yolo_x_cpu,1863
33922,yolo_x_cpu,1753
33923,yolo_x_cpu,1765
33924,yolo_x_cpu,1694
33925,yolo_x_cpu,1801
33926,yolo_x_cpu,1581
33927,yolo_x_cpu,1485
33928,yolo_x_cpu,1674
33929,yolo_x_cpu,1687
33930,yolo_x_cpu,1569
33931,yolo_x_cpu,1541
33932,yolo_x_cpu,1618
33933,yolo_x_cpu,1699
33934,yolo_x_cpu,1925
33935,yolo_x_cpu,1589
33936,yolo_x_cpu,1715
33937,yolo_x_cpu,1507
33938,yolo_x_cpu,1666
33939,yolo_x_cpu,1561
33940,yolo_x_cpu,1744
33941,yolo_x_cpu,1544
33942,yolo_x_cpu,1542
33943,yolo_x_cpu,1628
33944,yolo_x_cpu,1506
33945,yolo_x_cpu,1561
33946,yolo_x_cpu,1406
33947,yolo_x_cpu,1538
33948,yolo_x_cpu,1349
33949,yolo_x_cpu,1555
33950,yolo_x_cpu,1490
33951,yolo_x_cpu,1423
33952,yolo_x_cpu,1525
33953,yolo_x_cpu,1461
33954,yolo_x_cpu,1384
33955,yolo_x_cpu,1403
33956,yolo_x_cpu,1444
33957,yolo_x_cpu,1534
33958,yolo_x_cpu,1492
33959,yolo_x_cpu,1309
33960,yolo_x_cpu,1272
33961,yolo_x_cpu,1225
33962,yolo_x_cpu,1506
33963,yolo_x_cpu,1310
33964,yolo_x_cpu,1437
33965,yolo_x_cpu,1366
33966,yolo_x_cpu,1289
33967,yolo_x_cpu,1030
33968,yolo_x_cpu,1164
33969,yolo_x_cpu,1298
33970,yolo_x_cpu,1186
33971,yolo_x_cpu,1162
33972,yolo_x_cpu,1242
33973,yolo_x_cpu,1282
33974,yolo_x_cpu,1169
33975,yolo_x_cpu,1381
33976,yolo_x_cpu,1282
33977,yolo_x_cpu,1203
33978,yolo_x_cpu,1177
33979,yolo_x_cpu,1185
33980,yolo_x_cpu,1309
33981,yolo_x_cpu,1125
33982,yolo_x_cpu,1243
33983,yolo_x_cpu,1177
33984,yolo_x_cpu,1072
33985,yolo_x_cpu,1043
33986,yolo_x_cpu,1202
33987,yolo_x_cpu,1011
33988,yolo_x_cpu,1196
33989,yolo_x_cpu,1148
33990,yolo_x_cpu,991
33991,yolo_x_cpu,1027
33992,yolo_x_cpu,945
33993,yolo_x_cpu,1094
33994,yolo_x_cpu,1034
33995,yolo_x_cpu,1080
33996,yolo_x_cpu,897
33997,yolo_x_cpu,917
33998,yolo_x_cpu,965
33999,yolo_x_cpu,868
34000,yolo_x_cpu,1060
34001,yolo_x_cpu,1266
34002,yolo_x_cpu,1178
34003,yolo_x_cpu,897
34004,yolo_x_cpu,1031
34005,yolo_x_cpu,1026
34006,yolo_x_cpu,841
34007,yolo_x_cpu,794
34008,yolo_x_cpu,805
34009,yolo_x_cpu,838
34010,yolo_x_cpu,880
34011,yolo_x_cpu,837
34012,yolo_x_cpu,789
34013,yolo_x_cpu,773
34014,yolo_x_cpu,649
34015,yolo_x_cpu,559
34016,yolo_x_cpu,608
34017,yolo_x_cpu,578
34018,yolo_x_cpu,624
34019,yolo_x_cpu,550
34020,yolo_x_cpu,596
34021,yolo_x_cpu,479
34022,yolo_x_cpu,612
34023,yolo_x_cpu,617
34024,yolo_x_cpu,621
34025,yolo_x_cpu,539
34026,yolo_x_cpu,596
34027,yolo_x_cpu,637
34028,yolo_x_cpu,530
34029,yolo_x_cpu,575
34030,yolo_x_cpu,527
34031,yolo_x_cpu,549
34032,yolo_x_cpu,497
34033,yolo_x_cpu,415
34034,yolo_x_cpu,523
34035,yolo_x_cpu,431
34036,yolo_x_cpu,415
34037,yolo_x_cpu,532
34038,yolo_x_cpu,409
34039,yolo_x_cpu,342
34040,yolo_x_cpu,446
34041,yolo_x_cpu,486
34042,yolo_x_cpu,468
34043,yolo_x_cpu,473
34044,yolo_x_cpu,425
34045,yolo_x_cpu,435
34046,yolo_x_cpu,490
34047,yolo_x_cpu,491
34048,yolo_x_cpu,386
34049,yolo_x_cpu,262
34050,yolo_x_cpu,337
34051,yolo_x_cpu,316
34052,yolo_x_cpu,332
34053,yolo_x_cpu,375
34054,yolo_x_cpu,480
34055,yolo_x_cpu,296
34056,yolo_x_cpu,372
34057,yolo_x_cpu,447
34058,yolo_x_cpu,340
34059,yolo_x_cpu,295
34060,yolo_x_cpu,409
34061,yolo_x_cpu,323
34062,yolo_x_cpu,302
34063,yolo_x_cpu,269
34064,yolo_x_cpu,309
34065,yolo_x_cpu,330
34066,yolo_x_cpu,262
34067,yolo_x_cpu,325
34068,yolo_x_cpu,175
34069,yolo_x_cpu,269
34070,yolo_x_cpu,244
34071,yolo_x_cpu,248
34072,yolo_x_cpu,236
34073,yolo_x_cpu,282
34074,yolo_x_cpu,248
34075,yolo_x_cpu,244
34076,yolo_x_cpu,259
34077,yolo_x_cpu,225
34078,yolo_x_cpu,204
34079,yolo_x_cpu,223
34080,yolo_x_cpu,217
34081,yolo_x_cpu,260
34082,yolo_x_cpu,184
34083,yolo_x_cpu,303
34084,yolo_x_cpu,194
34085,yolo_x_cpu,172
34086,yolo_x_cpu,188
34087,yolo_x_cpu,227
34088,yolo_x_cpu,241
34089,yolo_x_cpu,117
34090,yolo_x_cpu,189
34091,yolo_x_cpu,191
34092,yolo_x_cpu,173
34093,yolo_x_cpu,174
34094,yolo_x_cpu,197
34095,yolo_x_cpu,148
34096,yolo_x_cpu,160
34097,yolo_x_cpu,188
34098,yolo_x_cpu,221
34099,yolo_x_cpu,195
34100,yolo_x_cpu,262
34101,yolo_x_cpu,125
34102,yolo_x_cpu,179
34103,yolo_x_cpu,173
34104,yolo_x_cpu,159
34105,yolo_x_cpu,167
34106,yolo_x_cpu,160
34107,yolo_x_cpu,166
34108,yolo_x_cpu,146
34109,yolo_x_cpu,143
34110,yolo_x_cpu,182
34111,yolo_x_cpu,138
34112,yolo_x_cpu,154
34113,yolo_x_cpu,108
34114,yolo_x_cpu,108
34115,yolo_x_cpu,122
34116,yolo_x_cpu,102
34117,yolo_x_cpu,183
34118,yolo_x_cpu,187
34119,yolo_x_cpu,162
34120,yolo_x_cpu,168
34121,yolo_x_cpu,108
34122,yolo_x_cpu,148
34123,yolo_x_cpu,142
34124,yolo_x_cpu,159
34125,yolo_x_cpu,188
34126,yolo_x_cpu,121
34127,yolo_x_cpu,103
34128,yolo_x_cpu,103
34129,yolo_x_cpu,126
34130,yolo_x_cpu,125
34131,yolo_x_cpu,120
34132,yolo_x_cpu,108
34133,yolo_x_cpu,68
34134,yolo_x_cpu,105
34135,yolo_x_cpu,115
34136,yolo_x_cpu,129
34137,yolo_x_cpu,155
34138,yolo_x_cpu,162
34139,yolo_x_cpu,109
34140,yolo_x_cpu,61
34141,yolo_x_cpu,78
34142,yolo_x_cpu,94
34143,yolo_x_cpu,81
34144,yolo_x_cpu,88
34145,yolo_x_cpu,102
34146,yolo_x_cpu,57
34147,yolo_x_cpu,102
34148,yolo_x_cpu,111
34149,yolo_x_cpu,90
34150,yolo_x_cpu,54
34151,yolo_x_cpu,53
34152,yolo_x_cpu,90
34153,yolo_x_cpu,69
34154,yolo_x_cpu,84
34155,yolo_x_cpu,75
34156,yolo_x_cpu,63
34157,yolo_x_cpu,50
34158,yolo_x_cpu,72
34159,yolo_x_cpu,99
34160,yolo_x_cpu,73
34161,yolo_x_cpu,58
34162,yolo_x_cpu,37
34163,yolo_x_cpu,63
34164,yolo_x_cpu,56
34165,yolo_x_cpu,80
34166,yolo_x_cpu,74
34167,yolo_x_cpu,66
34168,yolo_x_cpu,57
34169,yolo_x_cpu,61
34170,yolo_x_cpu,72
34171,yolo_x_cpu,53
34172,yolo_x_cpu,60
34173,yolo_x_cpu,53
34174,yolo_x_cpu,57
34175,yolo_x_cpu,54
34176,yolo_x_cpu,43
34177,yolo_x_cpu,66
34178,yolo_x_cpu,62
34179,yolo_x_cpu,48
34180,yolo_x_cpu,48
34181,yolo_x_cpu,39
34182,yolo_x_cpu,39
34183,yolo_x_cpu,57
34184,yolo_x_cpu,52
34185,yolo_x_cpu,32
34186,yolo_x_cpu,25
34187,yolo_x_cpu,49
34188,yolo_x_cpu,17
34189,yolo_x_cpu,93
34190,yolo_x_cpu,57
34191,yolo_x_cpu,63
34192,yolo_x_cpu,67
34193,yolo_x_cpu,108
34194,yolo_x_cpu,40
34195,yolo_x_cpu,45
34196,yolo_x_cpu,72
34197,yolo_x_cpu,43
34198,yolo_x_cpu,53
34199,yolo_x_cpu,42
34200,yolo_x_cpu,54
34201,yolo_x_cpu,84
34202,yolo_x_cpu,78
34203,yolo_x_cpu,79
34204,yolo_x_cpu,75
34205,yolo_x_cpu,63
34206,yolo_x_cpu,108
34207,yolo_x_cpu,65
34208,yolo_x_cpu,55
34209,yolo_x_cpu,44
34210,yolo_x_cpu,65
34211,yolo_x_cpu,82
34212,yolo_x_cpu,54
34213,yolo_x_cpu,66
34214,yolo_x_cpu,47
34215,yolo_x_cpu,61
34216,yolo_x_cpu,41
34217,yolo_x_cpu,90
34218,yolo_x_cpu,61
34219,yolo_x_cpu,62
34220,yolo_x_cpu,25
34221,yolo_x_cpu,26
34222,yolo_x_cpu,35
34223,yolo_x_cpu,24
34224,yolo_x_cpu,36
34225,yolo_x_cpu,63
34226,yolo_x_cpu,77
34227,yolo_x_cpu,70
34228,yolo_x_cpu,30
34229,yolo_x_cpu,18
34230,yolo_x_cpu,27
34231,yolo_x_cpu,23
34232,yolo_x_cpu,29
34233,yolo_x_cpu,33
34234,yolo_x_cpu,22
34235,yolo_x_cpu,35
34236,yolo_x_cpu,39
34237,yolo_x_cpu,11
34238,yolo_x_cpu,24
34239,yolo_x_cpu,23
34240,yolo_x_cpu,30
34241,yolo_x_cpu,13
34242,yolo_x_cpu,32
34243,yolo_x_cpu,18
34244,yolo_x_cpu,9
34245,yolo_x_cpu,23
34246,yolo_x_cpu,23
34247,yolo_x_cpu,15
34248,yolo_x_cpu,25
34249,yolo_x_cpu,23
34250,yolo_x_cpu,22
34251,yolo_x_cpu,23
34252,yolo_x_cpu,24
34253,yolo_x_cpu,17
34254,yolo_x_cpu,14
34255,yolo_x_cpu,19
34256,yolo_x_cpu,45
34257,yolo_x_cpu,19
34258,yolo_x_cpu,26
34259,yolo_x_cpu,27
34260,yolo_x_cpu,48
34261,yolo_x_cpu,48
34262,yolo_x_cpu,26
34263,yolo_x_cpu,29
34264,yolo_x_cpu,24
34265,yolo_x_cpu,41
34266,yolo_x_cpu,21
34267,yolo_x_cpu,61
34268,yolo_x_cpu,19
34269,yolo_x_cpu,20
34270,yolo_x_cpu,17
34271,yolo_x_cpu,19
34272,yolo_x_cpu,7
34273,yolo_x_cpu,22
34274,yolo_x_cpu,17
34275,yolo_x_cpu,20
34276,yolo_x_cpu,14
34277,yolo_x_cpu,25
34278,yolo_x_cpu,26
34279,yolo_x_cpu,19
34280,yolo_x_cpu,30
34281,yolo_x_cpu,23
34282,yolo_x_cpu,33
34283,yolo_x_cpu,54
34284,yolo_x_cpu,53
34285,yolo_x_cpu,66
34286,yolo_x_cpu,67
34287,yolo_x_cpu,53
34288,yolo_x_cpu,36
34289,yolo_x_cpu,24
34290,yolo_x_cpu,30
34291,yolo_x_cpu,23
34292,yolo_x_cpu,46
34293,yolo_x_cpu,47
34294,yolo_x_cpu,24
34295,yolo_x_cpu,17
34296,yolo_x_cpu,21
34297,yolo_x_cpu,10
34298,yolo_x_cpu,15
34299,yolo_x_cpu,29
34300,yolo_x_cpu,14
34301,yolo_x_cpu,16
34302,yolo_x_cpu,20
34303,yolo_x_cpu,15
34304,yolo_x_cpu,17
34305,yolo_x_cpu,13
34306,yolo_x_cpu,19
34307,yolo_x_cpu,28
34308,yolo_x_cpu,25
34309,yolo_x_cpu,26
34310,yolo_x_cpu,22
34311,yolo_x_cpu,18
34312,yolo_x_cpu,28
34313,yolo_x_cpu,37
34314,yolo_x_cpu,31
34315,yolo_x_cpu,17
34316,yolo_x_cpu,18
34317,yolo_x_cpu,15
34318,yolo_x_cpu,19
34319,yolo_x_cpu,20
34320,yolo_x_cpu,20
34321,yolo_x_cpu,18
34322,yolo_x_cpu,37
34323,yolo_x_cpu,13
34324,yolo_x_cpu,37
34325,yolo_x_cpu,15
34326,yolo_x_cpu,12
34327,yolo_x_cpu,15
34328,yolo_x_cpu,19
34329,yolo_x_cpu,32
34330,yolo_x_cpu,51
34331,yolo_x_cpu,15
34332,yolo_x_cpu,42
34333,yolo_x_cpu,13
34334,yolo_x_cpu,26
34335,yolo_x_cpu,27
34336,yolo_x_cpu,13
34337,yolo_x_cpu,37
34338,yolo_x_cpu,26
34339,yolo_x_cpu,14
34340,yolo_x_cpu,14
34341,yolo_x_cpu,29
34342,yolo_x_cpu,18
34343,yolo_x_cpu,16
34344,yolo_x_cpu,32
34345,yolo_x_cpu,30
34346,yolo_x_cpu,10
34347,yolo_x_cpu,9
34348,yolo_x_cpu,22
34349,yolo_x_cpu,22
34350,yolo_x_cpu,13
34351,yolo_x_cpu,25
34352,yolo_x_cpu,18
34353,yolo_x_cpu,34
34354,yolo_x_cpu,27
34355,yolo_x_cpu,17
34356,yolo_x_cpu,36
34357,yolo_x_cpu,21
34358,yolo_x_cpu,32
34359,yolo_x_cpu,16
34360,yolo_x_cpu,12
34361,yolo_x_cpu,22
34362,yolo_x_cpu,47
34363,yolo_x_cpu,50
34364,yolo_x_cpu,16
34365,yolo_x_cpu,15
34366,yolo_x_cpu,25
34367,yolo_x_cpu,27
34368,yolo_x_cpu,82
34369,yolo_x_cpu,52
34370,yolo_x_cpu,65
34371,yolo_x_cpu,106
34372,yolo_x_cpu,47
34373,yolo_x_cpu,44
34374,yolo_x_cpu,35
34375,yolo_x_cpu,21
34376,yolo_x_cpu,32
34377,yolo_x_cpu,42
34378,yolo_x_cpu,46
34379,yolo_x_cpu,60
34380,yolo_x_cpu,53
34381,yolo_x_cpu,54
34382,yolo_x_cpu,39
34383,yolo_x_cpu,44
34384,yolo_x_cpu,30
34385,yolo_x_cpu,21
34386,yolo_x_cpu,30
34387,yolo_x_cpu,28
34388,yolo_x_cpu,19
34389,yolo_x_cpu,16
34390,yolo_x_cpu,35
34391,yolo_x_cpu,29
34392,yolo_x_cpu,39
34393,yolo_x_cpu,26
34394,yolo_x_cpu,38
34395,yolo_x_cpu,27
34396,yolo_x_cpu,16
34397,yolo_x_cpu,16
34398,yolo_x_cpu,40
34399,yolo_x_cpu,48
34400,yolo_x_cpu,57
34401,yolo_x_cpu,33
34402,yolo_x_cpu,28
34403,yolo_x_cpu,13
34404,yolo_x_cpu,21
34405,yolo_x_cpu,24
34406,yolo_x_cpu,53
34407,yolo_x_cpu,15
34408,yolo_x_cpu,29
34409,yolo_x_cpu,57
34410,yolo_x_cpu,51
34411,yolo_x_cpu,49
34412,yolo_x_cpu,40
34413,yolo_x_cpu,44
34414,yolo_x_cpu,31
34415,yolo_x_cpu,75
34416,yolo_x_cpu,44
34417,yolo_x_cpu,68
34418,yolo_x_cpu,77
34419,yolo_x_cpu,76
34420,yolo_x_cpu,61
34421,yolo_x_cpu,38
34422,yolo_x_cpu,51
34423,yolo_x_cpu,46
34424,yolo_x_cpu,55
34425,yolo_x_cpu,128
34426,yolo_x_cpu,35
34427,yolo_x_cpu,49
34428,yolo_x_cpu,28
34429,yolo_x_cpu,54
34430,yolo_x_cpu,76
34431,yolo_x_cpu,68
34432,yolo_x_cpu,43
34433,yolo_x_cpu,63
34434,yolo_x_cpu,49
34435,yolo_x_cpu,133
34436,yolo_x_cpu,75
34437,yolo_x_cpu,57
34438,yolo_x_cpu,53
34439,yolo_x_cpu,106
34440,yolo_x_cpu,91
34441,yolo_x_cpu,81
34442,yolo_x_cpu,91
34443,yolo_x_cpu,114
34444,yolo_x_cpu,99
34445,yolo_x_cpu,103
34446,yolo_x_cpu,97
34447,yolo_x_cpu,92
34448,yolo_x_cpu,80
34449,yolo_x_cpu,151
34450,yolo_x_cpu,107
34451,yolo_x_cpu,87
34452,yolo_x_cpu,109
34453,yolo_x_cpu,97
34454,yolo_x_cpu,171
34455,yolo_x_cpu,173
34456,yolo_x_cpu,77
34457,yolo_x_cpu,114
34458,yolo_x_cpu,102
34459,yolo_x_cpu,89
34460,yolo_x_cpu,123
34461,yolo_x_cpu,104
34462,yolo_x_cpu,90
34463,yolo_x_cpu,127
34464,yolo_x_cpu,119
34465,yolo_x_cpu,85
34466,yolo_x_cpu,147
34467,yolo_x_cpu,124
34468,yolo_x_cpu,129
34469,yolo_x_cpu,110
34470,yolo_x_cpu,145
34471,yolo_x_cpu,147
34472,yolo_x_cpu,207
34473,yolo_x_cpu,227
34474,yolo_x_cpu,189
34475,yolo_x_cpu,161
34476,yolo_x_cpu,154
34477,yolo_x_cpu,169
34478,yolo_x_cpu,182
34479,yolo_x_cpu,229
34480,yolo_x_cpu,234
34481,yolo_x_cpu,240
34482,yolo_x_cpu,185
34483,yolo_x_cpu,230
34484,yolo_x_cpu,171
34485,yolo_x_cpu,198
34486,yolo_x_cpu,288
34487,yolo_x_cpu,197
34488,yolo_x_cpu,232
34489,yolo_x_cpu,196
34490,yolo_x_cpu,246
34491,yolo_x_cpu,371
34492,yolo_x_cpu,362
34493,yolo_x_cpu,299
34494,yolo_x_cpu,199
34495,yolo_x_cpu,176
34496,yolo_x_cpu,208
34497,yolo_x_cpu,215
34498,yolo_x_cpu,187
34499,yolo_x_cpu,266
34500,yolo_x_cpu,294
34501,yolo_x_cpu,311
34502,yolo_x_cpu,258
34503,yolo_x_cpu,241
34504,yolo_x_cpu,269
34505,yolo_x_cpu,313
34506,yolo_x_cpu,239
34507,yolo_x_cpu,211
34508,yolo_x_cpu,308
34509,yolo_x_cpu,272
34510,yolo_x_cpu,242
34511,yolo_x_cpu,333
34512,yolo_x_cpu,331
34513,yolo_x_cpu,253
34514,yolo_x_cpu,253
34515,yolo_x_cpu,300
34516,yolo_x_cpu,317
34517,yolo_x_cpu,274
34518,yolo_x_cpu,316
34519,yolo_x_cpu,349
34520,yolo_x_cpu,327
34521,yolo_x_cpu,313
34522,yolo_x_cpu,318
34523,yolo_x_cpu,329
34524,yolo_x_cpu,244
34525,yolo_x_cpu,322
34526,yolo_x_cpu,336
34527,yolo_x_cpu,354
34528,yolo_x_cpu,349
34529,yolo_x_cpu,370
34530,yolo_x_cpu,358
34531,yolo_x_cpu,440
34532,yolo_x_cpu,409
34533,yolo_x_cpu,404
34534,yolo_x_cpu,411
34535,yolo_x_cpu,369
34536,yolo_x_cpu,347
34537,yolo_x_cpu,353
34538,yolo_x_cpu,330
34539,yolo_x_cpu,363
34540,yolo_x_cpu,444
34541,yolo_x_cpu,344
34542,yolo_x_cpu,379
34543,yolo_x_cpu,415
34544,yolo_x_cpu,443
34545,yolo_x_cpu,438
34546,yolo_x_cpu,406
34547,yolo_x_cpu,499
34548,yolo_x_cpu,486
34549,yolo_x_cpu,553
34550,yolo_x_cpu,448
34551,yolo_x_cpu,407
34552,yolo_x_cpu,508
34553,yolo_x_cpu,792
34554,yolo_x_cpu,546
34555,yolo_x_cpu,493
34556,yolo_x_cpu,465
34557,yolo_x_cpu,508
34558,yolo_x_cpu,596
34559,yolo_x_cpu,508
34560,yolo_x_cpu,527
34561,yolo_x_cpu,551
34562,yolo_x_cpu,600
34563,yolo_x_cpu,725
34564,yolo_x_cpu,624
34565,yolo_x_cpu,590
34566,yolo_x_cpu,585
34567,yolo_x_cpu,735
34568,yolo_x_cpu,719
34569,yolo_x_cpu,629
34570,yolo_x_cpu,616
34571,yolo_x_cpu,664
34572,yolo_x_cpu,656
34573,yolo_x_cpu,501
34574,yolo_x_cpu,636
34575,yolo_x_cpu,637
34576,yolo_x_cpu,696
34577,yolo_x_cpu,625
34578,yolo_x_cpu,629
34579,yolo_x_cpu,600
34580,yolo_x_cpu,548
34581,yolo_x_cpu,631
34582,yolo_x_cpu,533
34583,yolo_x_cpu,642
34584,yolo_x_cpu,667
34585,yolo_x_cpu,642
34586,yolo_x_cpu,561
34587,yolo_x_cpu,597
34588,yolo_x_cpu,675
34589,yolo_x_cpu,752
34590,yolo_x_cpu,685
34591,yolo_x_cpu,559
34592,yolo_x_cpu,563
34593,yolo_x_cpu,665
34594,yolo_x_cpu,612
34595,yolo_x_cpu,666
34596,yolo_x_cpu,684
34597,yolo_x_cpu,681
34598,yolo_x_cpu,678
34599,yolo_x_cpu,713
34600,yolo_x_cpu,743
34601,yolo_x_cpu,641
34602,yolo_x_cpu,603
34603,yolo_x_cpu,664
34604,yolo_x_cpu,727
34605,yolo_x_cpu,637
34606,yolo_x_cpu,563
34607,yolo_x_cpu,490
34608,yolo_x_cpu,692
34609,yolo_x_cpu,642
34610,yolo_x_cpu,628
34611,yolo_x_cpu,694
34612,yolo_x_cpu,622
34613,yolo_x_cpu,643
34614,yolo_x_cpu,615
34615,yolo_x_cpu,696
34616,yolo_x_cpu,857
34617,yolo_x_cpu,703
34618,yolo_x_cpu,521
34619,yolo_x_cpu,565
34620,yolo_x_cpu,576
34621,yolo_x_cpu,721
34622,yolo_x_cpu,611
34623,yolo_x_cpu,723
34624,yolo_x_cpu,788
34625,yolo_x_cpu,779
34626,yolo_x_cpu,745
34627,yolo_x_cpu,787
34628,yolo_x_cpu,658
34629,yolo_x_cpu,844
34630,yolo_x_cpu,742
34631,yolo_x_cpu,785
34632,yolo_x_cpu,682
34633,yolo_x_cpu,627
34634,yolo_x_cpu,592
34635,yolo_x_cpu,573
34636,yolo_x_cpu,597
34637,yolo_x_cpu,632
34638,yolo_x_cpu,616
34639,yolo_x_cpu,690
34640,yolo_x_cpu,668
34641,yolo_x_cpu,793
34642,yolo_x_cpu,774
34643,yolo_x_cpu,698
34644,yolo_x_cpu,635
34645,yolo_x_cpu,656
34646,yolo_x_cpu,744
34647,yolo_x_cpu,672
34648,yolo_x_cpu,620
34649,yolo_x_cpu,617
34650,yolo_x_cpu,708
34651,yolo_x_cpu,792
34652,yolo_x_cpu,821
34653,yolo_x_cpu,597
34654,yolo_x_cpu,648
34655,yolo_x_cpu,762
34656,yolo_x_cpu,850
34657,yolo_x_cpu,754
34658,yolo_x_cpu,685
34659,yolo_x_cpu,681
34660,yolo_x_cpu,678
34661,yolo_x_cpu,795
34662,yolo_x_cpu,873
34663,yolo_x_cpu,787
34664,yolo_x_cpu,962
34665,yolo_x_cpu,1046
34666,yolo_x_cpu,880
34667,yolo_x_cpu,823
34668,yolo_x_cpu,731
34669,yolo_x_cpu,807
34670,yolo_x_cpu,706
34671,yolo_x_cpu,799
34672,yolo_x_cpu,714
34673,yolo_x_cpu,675
34674,yolo_x_cpu,653
34675,yolo_x_cpu,833
34676,yolo_x_cpu,1001
34677,yolo_x_cpu,731
34678,yolo_x_cpu,809
34679,yolo_x_cpu,764
34680,yolo_x_cpu,738
34681,yolo_x_cpu,734
34682,yolo_x_cpu,879
34683,yolo_x_cpu,793
34684,yolo_x_cpu,972
34685,yolo_x_cpu,907
34686,yolo_x_cpu,691
34687,yolo_x_cpu,742
34688,yolo_x_cpu,824
34689,yolo_x_cpu,825
34690,yolo_x_cpu,737
34691,yolo_x_cpu,714
34692,yolo_x_cpu,664
34693,yolo_x_cpu,762
34694,yolo_x_cpu,785
34695,yolo_x_cpu,741
34696,yolo_x_cpu,664
34697,yolo_x_cpu,632
34698,yolo_x_cpu,686
34699,yolo_x_cpu,681
34700,yolo_x_cpu,686
34701,yolo_x_cpu,750
34702,yolo_x_cpu,990
34703,yolo_x_cpu,818
34704,yolo_x_cpu,849
34705,yolo_x_cpu,808
34706,yolo_x_cpu,726
34707,yolo_x_cpu,801
34708,yolo_x_cpu,910
34709,yolo_x_cpu,750
34710,yolo_x_cpu,755
34711,yolo_x_cpu,633
34712,yolo_x_cpu,662
34713,yolo_x_cpu,582
34714,yolo_x_cpu,606
34715,yolo_x_cpu,752
34716,yolo_x_cpu,811
34717,yolo_x_cpu,795
34718,yolo_x_cpu,735
34719,yolo_x_cpu,858
34720,yolo_x_cpu,741
34721,yolo_x_cpu,845
34722,yolo_x_cpu,736
34723,yolo_x_cpu,845
34724,yolo_x_cpu,770
34725,yolo_x_cpu,860
34726,yolo_x_cpu,1028
34727,yolo_x_cpu,849
34728,yolo_x_cpu,772
34729,yolo_x_cpu,816
34730,yolo_x_cpu,889
34731,yolo_x_cpu,846
34732,yolo_x_cpu,846
34733,yolo_x_cpu,881
34734,yolo_x_cpu,955
34735,yolo_x_cpu,999
34736,yolo_x_cpu,832
34737,yolo_x_cpu,923
34738,yolo_x_cpu,815
34739,yolo_x_cpu,730
34740,yolo_x_cpu,796
34741,yolo_x_cpu,879
34742,yolo_x_cpu,734
34743,yolo_x_cpu,689
34744,yolo_x_cpu,862
34745,yolo_x_cpu,706
34746,yolo_x_cpu,692
34747,yolo_x_cpu,839
34748,yolo_x_cpu,792
34749,yolo_x_cpu,742
34750,yolo_x_cpu,858
34751,yolo_x_cpu,811
34752,yolo_x_cpu,675
34753,yolo_x_cpu,752
34754,yolo_x_cpu,760
34755,yolo_x_cpu,729
34756,yolo_x_cpu,914
34757,yolo_x_cpu,814
34758,yolo_x_cpu,813
34759,yolo_x_cpu,790
34760,yolo_x_cpu,828
34761,yolo_x_cpu,848
34762,yolo_x_cpu,890
34763,yolo_x_cpu,980
34764,yolo_x_cpu,945
34765,yolo_x_cpu,858
34766,yolo_x_cpu,903
34767,yolo_x_cpu,881
34768,yolo_x_cpu,798
34769,yolo_x_cpu,771
34770,yolo_x_cpu,703
34771,yolo_x_cpu,733
34772,yolo_x_cpu,749
34773,yolo_x_cpu,1025
34774,yolo_x_cpu,795
34775,yolo_x_cpu,662
34776,yolo_x_cpu,642
34777,yolo_x_cpu,678
34778,yolo_x_cpu,664
34779,yolo_x_cpu,768
34780,yolo_x_cpu,633
34781,yolo_x_cpu,821
34782,yolo_x_cpu,776
34783,yolo_x_cpu,644
34784,yolo_x_cpu,711
34785,yolo_x_cpu,761
34786,yolo_x_cpu,739
34787,yolo_x_cpu,686
34788,yolo_x_cpu,795
34789,yolo_x_cpu,775
34790,yolo_x_cpu,733
34791,yolo_x_cpu,690
34792,yolo_x_cpu,752
34793,yolo_x_cpu,734
34794,yolo_x_cpu,732
34795,yolo_x_cpu,750
34796,yolo_x_cpu,937
34797,yolo_x_cpu,872
34798,yolo_x_cpu,1127
34799,yolo_x_cpu,1046
34800,yolo_x_cpu,830
34801,yolo_x_cpu,818
34802,yolo_x_cpu,816
34803,yolo_x_cpu,865
34804,yolo_x_cpu,892
34805,yolo_x_cpu,880
34806,yolo_x_cpu,879
34807,yolo_x_cpu,1186
34808,yolo_x_cpu,958
34809,yolo_x_cpu,1033
34810,yolo_x_cpu,965
34811,yolo_x_cpu,1159
34812,yolo_x_cpu,1306
34813,yolo_x_cpu,1217
34814,yolo_x_cpu,1167
34815,yolo_x_cpu,1158
34816,yolo_x_cpu,1148
34817,yolo_x_cpu,1241
34818,yolo_x_cpu,1308
34819,yolo_x_cpu,1211
34820,yolo_x_cpu,1364
34821,yolo_x_cpu,1289
34822,yolo_x_cpu,1466
34823,yolo_x_cpu,1476
34824,yolo_x_cpu,1375
34825,yolo_x_cpu,1274
34826,yolo_x_cpu,1391
34827,yolo_x_cpu,1426
34828,yolo_x_cpu,1396
34829,yolo_x_cpu,1409
34830,yolo_x_cpu,1655
34831,yolo_x_cpu,1743
34832,yolo_x_cpu,1684
34833,yolo_x_cpu,1993
34834,yolo_x_cpu,1958
34835,yolo_x_cpu,1670
34836,yolo_x_cpu,1764
34837,yolo_x_cpu,1638
34838,yolo_x_cpu,1738
34839,yolo_x_cpu,1607
34840,yolo_x_cpu,1321
34841,yolo_x_cpu,1604
34842,yolo_x_cpu,1742
34843,yolo_x_cpu,1627
34844,yolo_x_cpu,1746
34845,yolo_x_cpu,1499
34846,yolo_x_cpu,1607
34847,yolo_x_cpu,1526
34848,yolo_x_cpu,1668
34849,yolo_x_cpu,1633
34850,yolo_x_cpu,1600
34851,yolo_x_cpu,1575
34852,yolo_x_cpu,1509
34853,yolo_x_cpu,1573
34854,yolo_x_cpu,1591
34855,yolo_x_cpu,1507
34856,yolo_x_cpu,1769
34857,yolo_x_cpu,1607
34858,yolo_x_cpu,1686
34859,yolo_x_cpu,1445
34860,yolo_x_cpu,1321
34861,yolo_x_cpu,1628
34862,yolo_x_cpu,1606
34863,yolo_x_cpu,1622
34864,yolo_x_cpu,1794
34865,yolo_x_cpu,1721
34866,yolo_x_cpu,1598
34867,yolo_x_cpu,1528
34868,yolo_x_cpu,1694
34869,yolo_x_cpu,1696
34870,yolo_x_cpu,1672
34871,yolo_x_cpu,1542
34872,yolo_x_cpu,1383
34873,yolo_x_cpu,1368
34874,yolo_x_cpu,1527
34875,yolo_x_cpu,1488
34876,yolo_x_cpu,1324
34877,yolo_x_cpu,1310
34878,yolo_x_cpu,1176
34879,yolo_x_cpu,1521
34880,yolo_x_cpu,1258
34881,yolo_x_cpu,1336
34882,yolo_x_cpu,1250
34883,yolo_x_cpu,1375
34884,yolo_x_cpu,1256
34885,yolo_x_cpu,1219
34886,yolo_x_cpu,1245
34887,yolo_x_cpu,1431
34888,yolo_x_cpu,1067
34889,yolo_x_cpu,1312
34890,yolo_x_cpu,1159
34891,yolo_x_cpu,1183
34892,yolo_x_cpu,1206
34893,yolo_x_cpu,1101
34894,yolo_x_cpu,1207
34895,yolo_x_cpu,1206
34896,yolo_x_cpu,1060
34897,yolo_x_cpu,1113
34898,yolo_x_cpu,1139
34899,yolo_x_cpu,1103
34900,yolo_x_cpu,1098
34901,yolo_x_cpu,1182
34902,yolo_x_cpu,1102
34903,yolo_x_cpu,1066
34904,yolo_x_cpu,1053
34905,yolo_x_cpu,1274
34906,yolo_x_cpu,1059
34907,yolo_x_cpu,910
34908,yolo_x_cpu,972
34909,yolo_x_cpu,1010
34910,yolo_x_cpu,853
34911,yolo_x_cpu,952
34912,yolo_x_cpu,1012
34913,yolo_x_cpu,1022
34914,yolo_x_cpu,1059
34915,yolo_x_cpu,950
34916,yolo_x_cpu,941
34917,yolo_x_cpu,882
34918,yolo_x_cpu,892
34919,yolo_x_cpu,804
34920,yolo_x_cpu,900
34921,yolo_x_cpu,860
34922,yolo_x_cpu,933
34923,yolo_x_cpu,976
34924,yolo_x_cpu,938
34925,yolo_x_cpu,931
34926,yolo_x_cpu,745
34927,yolo_x_cpu,920
34928,yolo_x_cpu,1019
34929,yolo_x_cpu,999
34930,yolo_x_cpu,1014
34931,yolo_x_cpu,939
34932,yolo_x_cpu,1034
34933,yolo_x_cpu,947
34934,yolo_x_cpu,883
34935,yolo_x_cpu,879
34936,yolo_x_cpu,730
34937,yolo_x_cpu,941
34938,yolo_x_cpu,822
34939,yolo_x_cpu,808
34940,yolo_x_cpu,971
34941,yolo_x_cpu,1045
34942,yolo_x_cpu,865
34943,yolo_x_cpu,959
34944,yolo_x_cpu,886
34945,yolo_x_cpu,1089
34946,yolo_x_cpu,1049
34947,yolo_x_cpu,1177
34948,yolo_x_cpu,984
34949,yolo_x_cpu,939
34950,yolo_x_cpu,1068
34951,yolo_x_cpu,666
34952,yolo_x_cpu,605
34953,yolo_x_cpu,705
34954,yolo_x_cpu,748
34955,yolo_x_cpu,598
34956,yolo_x_cpu,544
34957,yolo_x_cpu,657
34958,yolo_x_cpu,807
34959,yolo_x_cpu,728
34960,yolo_x_cpu,665
34961,yolo_x_cpu,528
34962,yolo_x_cpu,567
34963,yolo_x_cpu,550
34964,yolo_x_cpu,756
34965,yolo_x_cpu,748
34966,yolo_x_cpu,717
34967,yolo_x_cpu,806
34968,yolo_x_cpu,741
34969,yolo_x_cpu,673
34970,yolo_x_cpu,663
34971,yolo_x_cpu,779
34972,yolo_x_cpu,842
34973,yolo_x_cpu,684
34974,yolo_x_cpu,611
34975,yolo_x_cpu,734
34976,yolo_x_cpu,569
34977,yolo_x_cpu,702
34978,yolo_x_cpu,785
34979,yolo_x_cpu,787
34980,yolo_x_cpu,736
34981,yolo_x_cpu,912
34982,yolo_x_cpu,832
34983,yolo_x_cpu,685
34984,yolo_x_cpu,679
34985,yolo_x_cpu,764
34986,yolo_x_cpu,697
34987,yolo_x_cpu,737
34988,yolo_x_cpu,680
34989,yolo_x_cpu,591
34990,yolo_x_cpu,700
34991,yolo_x_cpu,607
34992,yolo_x_cpu,611
34993,yolo_x_cpu,686
34994,yolo_x_cpu,658
34995,yolo_x_cpu,697
34996,yolo_x_cpu,685
34997,yolo_x_cpu,736
34998,yolo_x_cpu,726
34999,yolo_x_cpu,653
35000,yolo_x_cpu,822
35001,yolo_x_cpu,851
35002,yolo_x_cpu,821
35003,yolo_x_cpu,723
35004,yolo_x_cpu,649
35005,yolo_x_cpu,754
35006,yolo_x_cpu,752
35007,yolo_x_cpu,607
35008,yolo_x_cpu,601
35009,yolo_x_cpu,766
35010,yolo_x_cpu,875
35011,yolo_x_cpu,763
35012,yolo_x_cpu,667
35013,yolo_x_cpu,732
35014,yolo_x_cpu,734
35015,yolo_x_cpu,849
35016,yolo_x_cpu,890
35017,yolo_x_cpu,792
35018,yolo_x_cpu,747
35019,yolo_x_cpu,844
35020,yolo_x_cpu,702
35021,yolo_x_cpu,810
35022,yolo_x_cpu,666
35023,yolo_x_cpu,649
35024,yolo_x_cpu,736
35025,yolo_x_cpu,780
35026,yolo_x_cpu,700
35027,yolo_x_cpu,857
35028,yolo_x_cpu,825
35029,yolo_x_cpu,794
35030,yolo_x_cpu,638
35031,yolo_x_cpu,666
35032,yolo_x_cpu,968
35033,yolo_x_cpu,882
35034,yolo_x_cpu,856
35035,yolo_x_cpu,812
35036,yolo_x_cpu,823
35037,yolo_x_cpu,795
35038,yolo_x_cpu,853
35039,yolo_x_cpu,777
35040,yolo_x_cpu,803
35041,yolo_x_cpu,716
35042,yolo_x_cpu,907
35043,yolo_x_cpu,991
35044,yolo_x_cpu,797
35045,yolo_x_cpu,1074
35046,yolo_x_cpu,1025
35047,yolo_x_cpu,990
35048,yolo_x_cpu,906
35049,yolo_x_cpu,922
35050,yolo_x_cpu,1017
35051,yolo_x_cpu,1010
35052,yolo_x_cpu,945
35053,yolo_x_cpu,1093
35054,yolo_x_cpu,947
35055,yolo_x_cpu,975
35056,yolo_x_cpu,944
35057,yolo_x_cpu,932
35058,yolo_x_cpu,1141
35059,yolo_x_cpu,962
35060,yolo_x_cpu,1099
35061,yolo_x_cpu,982
35062,yolo_x_cpu,1008
35063,yolo_x_cpu,992
35064,yolo_x_cpu,923
35065,yolo_x_cpu,1096
35066,yolo_x_cpu,1141
35067,yolo_x_cpu,1171
35068,yolo_x_cpu,1117
35069,yolo_x_cpu,1257
35070,yolo_x_cpu,1057
35071,yolo_x_cpu,1167
35072,yolo_x_cpu,1273
35073,yolo_x_cpu,1364
35074,yolo_x_cpu,1274
35075,yolo_x_cpu,1092
35076,yolo_x_cpu,1070
35077,yolo_x_cpu,1169
35078,yolo_x_cpu,1251
35079,yolo_x_cpu,1302
35080,yolo_x_cpu,1404
35081,yolo_x_cpu,1402
35082,yolo_x_cpu,1390
35083,yolo_x_cpu,1245
35084,yolo_x_cpu,1408
35085,yolo_x_cpu,1332
35086,yolo_x_cpu,1616
35087,yolo_x_cpu,1646
35088,yolo_x_cpu,1557
35089,yolo_x_cpu,1681
35090,yolo_x_cpu,1433
35091,yolo_x_cpu,1653
35092,yolo_x_cpu,1525
35093,yolo_x_cpu,1514
35094,yolo_x_cpu,1738
35095,yolo_x_cpu,1701
35096,yolo_x_cpu,1753
35097,yolo_x_cpu,1655
35098,yolo_x_cpu,1775
35099,yolo_x_cpu,1652
35100,yolo_x_cpu,1911
35101,yolo_x_cpu,1818
35102,yolo_x_cpu,2074
35103,yolo_x_cpu,1904
35104,yolo_x_cpu,1919
35105,yolo_x_cpu,1893
35106,yolo_x_cpu,1906
35107,yolo_x_cpu,1847
35108,yolo_x_cpu,1962
35109,yolo_x_cpu,1737
35110,yolo_x_cpu,1931
35111,yolo_x_cpu,1785
35112,yolo_x_cpu,1793
35113,yolo_x_cpu,2027
35114,yolo_x_cpu,1861
35115,yolo_x_cpu,1914
35116,yolo_x_cpu,1960
35117,yolo_x_cpu,1926
35118,yolo_x_cpu,1935
35119,yolo_x_cpu,2075
35120,yolo_x_cpu,2042
35121,yolo_x_cpu,2020
35122,yolo_x_cpu,2114
35123,yolo_x_cpu,2139
35124,yolo_x_cpu,2052
35125,yolo_x_cpu,1998
35126,yolo_x_cpu,2244
35127,yolo_x_cpu,2137
35128,yolo_x_cpu,2130
35129,yolo_x_cpu,2178
35130,yolo_x_cpu,2057
35131,yolo_x_cpu,1931
35132,yolo_x_cpu,1978
35133,yolo_x_cpu,2139
35134,yolo_x_cpu,2270
35135,yolo_x_cpu,2094
35136,yolo_x_cpu,2075
35137,yolo_x_cpu,1935
35138,yolo_x_cpu,1925
35139,yolo_x_cpu,2063
35140,yolo_x_cpu,1924
35141,yolo_x_cpu,1840
35142,yolo_x_cpu,2117
35143,yolo_x_cpu,1925
35144,yolo_x_cpu,1787
35145,yolo_x_cpu,2061
35146,yolo_x_cpu,2158
35147,yolo_x_cpu,1952
35148,yolo_x_cpu,1966
35149,yolo_x_cpu,2189
35150,yolo_x_cpu,1923
35151,yolo_x_cpu,2231
35152,yolo_x_cpu,1986
35153,yolo_x_cpu,1999
35154,yolo_x_cpu,2125
35155,yolo_x_cpu,1932
35156,yolo_x_cpu,2066
35157,yolo_x_cpu,1921
35158,yolo_x_cpu,1895
35159,yolo_x_cpu,2071
35160,yolo_x_cpu,1960
35161,yolo_x_cpu,2100
35162,yolo_x_cpu,2049
35163,yolo_x_cpu,2045
35164,yolo_x_cpu,2052
35165,yolo_x_cpu,2138
35166,yolo_x_cpu,2004
35167,yolo_x_cpu,1933
35168,yolo_x_cpu,2087
35169,yolo_x_cpu,2105
35170,yolo_x_cpu,2266
35171,yolo_x_cpu,1737
35172,yolo_x_cpu,1982
35173,yolo_x_cpu,2055
35174,yolo_x_cpu,2215
35175,yolo_x_cpu,2020
35176,yolo_x_cpu,1952
35177,yolo_x_cpu,2119
35178,yolo_x_cpu,2040
35179,yolo_x_cpu,2022
35180,yolo_x_cpu,2093
35181,yolo_x_cpu,2278
35182,yolo_x_cpu,2096
35183,yolo_x_cpu,1979
35184,yolo_x_cpu,1952
35185,yolo_x_cpu,2088
35186,yolo_x_cpu,1930
35187,yolo_x_cpu,1993
35188,yolo_x_cpu,2125
35189,yolo_x_cpu,2238
35190,yolo_x_cpu,2174
35191,yolo_x_cpu,2266
35192,yolo_x_cpu,2198
35193,yolo_x_cpu,2140
35194,yolo_x_cpu,1989
35195,yolo_x_cpu,2035
35196,yolo_x_cpu,2209
35197,yolo_x_cpu,1976
35198,yolo_x_cpu,2311
35199,yolo_x_cpu,2314
35200,yolo_x_cpu,2179
35201,yolo_x_cpu,2304
35202,yolo_x_cpu,2282
35203,yolo_x_cpu,2220
35204,yolo_x_cpu,2319
35205,yolo_x_cpu,2155
35206,yolo_x_cpu,2304
35207,yolo_x_cpu,2194
35208,yolo_x_cpu,2283
35209,yolo_x_cpu,2101
35210,yolo_x_cpu,2398
35211,yolo_x_cpu,2232
35212,yolo_x_cpu,2353
35213,yolo_x_cpu,2419
35214,yolo_x_cpu,2265
35215,yolo_x_cpu,2488
35216,yolo_x_cpu,2395
35217,yolo_x_cpu,2230
35218,yolo_x_cpu,2091
35219,yolo_x_cpu,2254
35220,yolo_x_cpu,2546
35221,yolo_x_cpu,2408
35222,yolo_x_cpu,2296
35223,yolo_x_cpu,2467
35224,yolo_x_cpu,2443
35225,yolo_x_cpu,2428
35226,yolo_x_cpu,2500
35227,yolo_x_cpu,2520
35228,yolo_x_cpu,2295
35229,yolo_x_cpu,2548
35230,yolo_x_cpu,2612
35231,yolo_x_cpu,2574
35232,yolo_x_cpu,2706
35233,yolo_x_cpu,2594
35234,yolo_x_cpu,2761
35235,yolo_x_cpu,2885
35236,yolo_x_cpu,2556
35237,yolo_x_cpu,2491
35238,yolo_x_cpu,2375
35239,yolo_x_cpu,2447
35240,yolo_x_cpu,2345
35241,yolo_x_cpu,2393
35242,yolo_x_cpu,2395
35243,yolo_x_cpu,2393
35244,yolo_x_cpu,2510
35245,yolo_x_cpu,2341
35246,yolo_x_cpu,2249
35247,yolo_x_cpu,2191
35248,yolo_x_cpu,2258
35249,yolo_x_cpu,2278
35250,yolo_x_cpu,2366
35251,yolo_x_cpu,2249
35252,yolo_x_cpu,2424
35253,yolo_x_cpu,2564
35254,yolo_x_cpu,2817
35255,yolo_x_cpu,2718
35256,yolo_x_cpu,2667
35257,yolo_x_cpu,2676
35258,yolo_x_cpu,2427
35259,yolo_x_cpu,2371
35260,yolo_x_cpu,2390
35261,yolo_x_cpu,2342
35262,yolo_x_cpu,2492
35263,yolo_x_cpu,2310
35264,yolo_x_cpu,2352
35265,yolo_x_cpu,2549
35266,yolo_x_cpu,2536
35267,yolo_x_cpu,2563
35268,yolo_x_cpu,2265
35269,yolo_x_cpu,2394
35270,yolo_x_cpu,2343
35271,yolo_x_cpu,2345
35272,yolo_x_cpu,2727
35273,yolo_x_cpu,2700
35274,yolo_x_cpu,2659
35275,yolo_x_cpu,2890
35276,yolo_x_cpu,2690
35277,yolo_x_cpu,2828
35278,yolo_x_cpu,2423
35279,yolo_x_cpu,2279
35280,yolo_x_cpu,2279
35281,yolo_x_cpu,2371
35282,yolo_x_cpu,2529
35283,yolo_x_cpu,2485
35284,yolo_x_cpu,2551
35285,yolo_x_cpu,2281
35286,yolo_x_cpu,2364
35287,yolo_x_cpu,2413
35288,yolo_x_cpu,2335
35289,yolo_x_cpu,2440
35290,yolo_x_cpu,2431
35291,yolo_x_cpu,2274
35292,yolo_x_cpu,2191
35293,yolo_x_cpu,2331
35294,yolo_x_cpu,2132
35295,yolo_x_cpu,2360
35296,yolo_x_cpu,2340
35297,yolo_x_cpu,2697
35298,yolo_x_cpu,2375
35299,yolo_x_cpu,2256
35300,yolo_x_cpu,2584
35301,yolo_x_cpu,2458
35302,yolo_x_cpu,2503
35303,yolo_x_cpu,2414
35304,yolo_x_cpu,2470
35305,yolo_x_cpu,2303
35306,yolo_x_cpu,2565
35307,yolo_x_cpu,2439
35308,yolo_x_cpu,2419
35309,yolo_x_cpu,2217
35310,yolo_x_cpu,2388
35311,yolo_x_cpu,2527
35312,yolo_x_cpu,2313
35313,yolo_x_cpu,2398
35314,yolo_x_cpu,2285
35315,yolo_x_cpu,2090
35316,yolo_x_cpu,2261
35317,yolo_x_cpu,2088
35318,yolo_x_cpu,2035
35319,yolo_x_cpu,2281
35320,yolo_x_cpu,2421
35321,yolo_x_cpu,2336
35322,yolo_x_cpu,2275
35323,yolo_x_cpu,2117
35324,yolo_x_cpu,2308
35325,yolo_x_cpu,2258
35326,yolo_x_cpu,2358
35327,yolo_x_cpu,2111
35328,yolo_x_cpu,2112
35329,yolo_x_cpu,2067
35330,yolo_x_cpu,2022
35331,yolo_x_cpu,1984
35332,yolo_x_cpu,2182
35333,yolo_x_cpu,2064
35334,yolo_x_cpu,1953
35335,yolo_x_cpu,2041
35336,yolo_x_cpu,2254
35337,yolo_x_cpu,2168
35338,yolo_x_cpu,2015
35339,yolo_x_cpu,2000
35340,yolo_x_cpu,2124
35341,yolo_x_cpu,1929
35342,yolo_x_cpu,2001
35343,yolo_x_cpu,1906
35344,yolo_x_cpu,1973
35345,yolo_x_cpu,2038
35346,yolo_x_cpu,2134
35347,yolo_x_cpu,1932
35348,yolo_x_cpu,2008
35349,yolo_x_cpu,1950
35350,yolo_x_cpu,2043
35351,yolo_x_cpu,2061
35352,yolo_x_cpu,2047
35353,yolo_x_cpu,1892
35354,yolo_x_cpu,2187
35355,yolo_x_cpu,2139
35356,yolo_x_cpu,2006
35357,yolo_x_cpu,1997
35358,yolo_x_cpu,1946
35359,yolo_x_cpu,1943
35360,yolo_x_cpu,2176
35361,yolo_x_cpu,2398
35362,yolo_x_cpu,2105
35363,yolo_x_cpu,2056
35364,yolo_x_cpu,2193
35365,yolo_x_cpu,2119
35366,yolo_x_cpu,1765
35367,yolo_x_cpu,1564
35368,yolo_x_cpu,1925
35369,yolo_x_cpu,1817
35370,yolo_x_cpu,1782
35371,yolo_x_cpu,1779
35372,yolo_x_cpu,1847
35373,yolo_x_cpu,1805
35374,yolo_x_cpu,1735
35375,yolo_x_cpu,1875
35376,yolo_x_cpu,1953
35377,yolo_x_cpu,1938
35378,yolo_x_cpu,1799
35379,yolo_x_cpu,1746
35380,yolo_x_cpu,1709
35381,yolo_x_cpu,1810
35382,yolo_x_cpu,1782
35383,yolo_x_cpu,1785
35384,yolo_x_cpu,1685
35385,yolo_x_cpu,1833
35386,yolo_x_cpu,1667
35387,yolo_x_cpu,1780
35388,yolo_x_cpu,1667
35389,yolo_x_cpu,1617
35390,yolo_x_cpu,1595
35391,yolo_x_cpu,1620
35392,yolo_x_cpu,1594
35393,yolo_x_cpu,1469
35394,yolo_x_cpu,1504
35395,yolo_x_cpu,1506
35396,yolo_x_cpu,1494
35397,yolo_x_cpu,1357
35398,yolo_x_cpu,1669
35399,yolo_x_cpu,1442
35400,yolo_x_cpu,1409
35401,yolo_x_cpu,1398
35402,yolo_x_cpu,1512
35403,yolo_x_cpu,1649
35404,yolo_x_cpu,1457
35405,yolo_x_cpu,1480
35406,yolo_x_cpu,1557
35407,yolo_x_cpu,1546
35408,yolo_x_cpu,1576
35409,yolo_x_cpu,1574
35410,yolo_x_cpu,1591
35411,yolo_x_cpu,1481
35412,yolo_x_cpu,1376
35413,yolo_x_cpu,1186
35414,yolo_x_cpu,1241
35415,yolo_x_cpu,1235
35416,yolo_x_cpu,1212
35417,yolo_x_cpu,1174
35418,yolo_x_cpu,1233
35419,yolo_x_cpu,1195
35420,yolo_x_cpu,1218
35421,yolo_x_cpu,1350
35422,yolo_x_cpu,1043
35423,yolo_x_cpu,1239
35424,yolo_x_cpu,1267
35425,yolo_x_cpu,1093
35426,yolo_x_cpu,1068
35427,yolo_x_cpu,1209
35428,yolo_x_cpu,1249
35429,yolo_x_cpu,1083
35430,yolo_x_cpu,1183
35431,yolo_x_cpu,1312
35432,yolo_x_cpu,1134
35433,yolo_x_cpu,1072
35434,yolo_x_cpu,975
35435,yolo_x_cpu,1056
35436,yolo_x_cpu,986
35437,yolo_x_cpu,934
35438,yolo_x_cpu,1034
35439,yolo_x_cpu,943
35440,yolo_x_cpu,910
35441,yolo_x_cpu,842
35442,yolo_x_cpu,887
35443,yolo_x_cpu,885
35444,yolo_x_cpu,805
35445,yolo_x_cpu,830
35446,yolo_x_cpu,823
35447,yolo_x_cpu,903
35448,yolo_x_cpu,769
35449,yolo_x_cpu,902
35450,yolo_x_cpu,780
35451,yolo_x_cpu,791
35452,yolo_x_cpu,900
35453,yolo_x_cpu,893
35454,yolo_x_cpu,889
35455,yolo_x_cpu,660
35456,yolo_x_cpu,757
35457,yolo_x_cpu,758
35458,yolo_x_cpu,722
35459,yolo_x_cpu,665
35460,yolo_x_cpu,525
35461,yolo_x_cpu,695
35462,yolo_x_cpu,586
35463,yolo_x_cpu,732
35464,yolo_x_cpu,720
35465,yolo_x_cpu,792
35466,yolo_x_cpu,685
35467,yolo_x_cpu,658
35468,yolo_x_cpu,694
35469,yolo_x_cpu,704
35470,yolo_x_cpu,695
35471,yolo_x_cpu,604
35472,yolo_x_cpu,525
35473,yolo_x_cpu,562
35474,yolo_x_cpu,646
35475,yolo_x_cpu,556
35476,yolo_x_cpu,590
35477,yolo_x_cpu,506
35478,yolo_x_cpu,542
35479,yolo_x_cpu,595
35480,yolo_x_cpu,482
35481,yolo_x_cpu,499
35482,yolo_x_cpu,492
35483,yolo_x_cpu,459
35484,yolo_x_cpu,457
35485,yolo_x_cpu,468
35486,yolo_x_cpu,449
35487,yolo_x_cpu,475
35488,yolo_x_cpu,434
35489,yolo_x_cpu,440
35490,yolo_x_cpu,449
35491,yolo_x_cpu,399
35492,yolo_x_cpu,430
35493,yolo_x_cpu,302
35494,yolo_x_cpu,415
35495,yolo_x_cpu,419
35496,yolo_x_cpu,326
35497,yolo_x_cpu,315
35498,yolo_x_cpu,364
35499,yolo_x_cpu,409
35500,yolo_x_cpu,295
35501,yolo_x_cpu,270
35502,yolo_x_cpu,338
35503,yolo_x_cpu,309
35504,yolo_x_cpu,299
35505,yolo_x_cpu,339
35506,yolo_x_cpu,255
35507,yolo_x_cpu,312
35508,yolo_x_cpu,361
35509,yolo_x_cpu,268
35510,yolo_x_cpu,344
35511,yolo_x_cpu,299
35512,yolo_x_cpu,305
35513,yolo_x_cpu,413
35514,yolo_x_cpu,329
35515,yolo_x_cpu,262
35516,yolo_x_cpu,278
35517,yolo_x_cpu,365
35518,yolo_x_cpu,239
35519,yolo_x_cpu,218
35520,yolo_x_cpu,259
35521,yolo_x_cpu,191
35522,yolo_x_cpu,181
35523,yolo_x_cpu,199
35524,yolo_x_cpu,207
35525,yolo_x_cpu,239
35526,yolo_x_cpu,246
35527,yolo_x_cpu,163
35528,yolo_x_cpu,147
35529,yolo_x_cpu,184
35530,yolo_x_cpu,225
35531,yolo_x_cpu,267
35532,yolo_x_cpu,171
35533,yolo_x_cpu,167
35534,yolo_x_cpu,132
35535,yolo_x_cpu,183
35536,yolo_x_cpu,141
35537,yolo_x_cpu,155
35538,yolo_x_cpu,161
35539,yolo_x_cpu,161
35540,yolo_x_cpu,106
35541,yolo_x_cpu,122
35542,yolo_x_cpu,142
35543,yolo_x_cpu,243
35544,yolo_x_cpu,173
35545,yolo_x_cpu,142
35546,yolo_x_cpu,128
35547,yolo_x_cpu,164
35548,yolo_x_cpu,214
35549,yolo_x_cpu,192
35550,yolo_x_cpu,126
35551,yolo_x_cpu,127
35552,yolo_x_cpu,105
35553,yolo_x_cpu,218
35554,yolo_x_cpu,118
35555,yolo_x_cpu,77
35556,yolo_x_cpu,148
35557,yolo_x_cpu,204
35558,yolo_x_cpu,183
35559,yolo_x_cpu,116
35560,yolo_x_cpu,92
35561,yolo_x_cpu,98
35562,yolo_x_cpu,96
35563,yolo_x_cpu,93
35564,yolo_x_cpu,105
35565,yolo_x_cpu,100
35566,yolo_x_cpu,148
35567,yolo_x_cpu,229
35568,yolo_x_cpu,97
35569,yolo_x_cpu,126
35570,yolo_x_cpu,79
35571,yolo_x_cpu,141
35572,yolo_x_cpu,178
35573,yolo_x_cpu,191
35574,yolo_x_cpu,142
35575,yolo_x_cpu,160
35576,yolo_x_cpu,90
35577,yolo_x_cpu,85
35578,yolo_x_cpu,154
35579,yolo_x_cpu,94
35580,yolo_x_cpu,150
35581,yolo_x_cpu,129
35582,yolo_x_cpu,103
35583,yolo_x_cpu,85
35584,yolo_x_cpu,114
35585,yolo_x_cpu,105
35586,yolo_x_cpu,89
35587,yolo_x_cpu,78
35588,yolo_x_cpu,79
35589,yolo_x_cpu,102
35590,yolo_x_cpu,70
35591,yolo_x_cpu,79
35592,yolo_x_cpu,61
35593,yolo_x_cpu,52
35594,yolo_x_cpu,69
35595,yolo_x_cpu,89
35596,yolo_x_cpu,136
35597,yolo_x_cpu,115
35598,yolo_x_cpu,140
35599,yolo_x_cpu,155
35600,yolo_x_cpu,184
35601,yolo_x_cpu,149
35602,yolo_x_cpu,137
35603,yolo_x_cpu,108
35604,yolo_x_cpu,84
35605,yolo_x_cpu,84
35606,yolo_x_cpu,52
35607,yolo_x_cpu,42
35608,yolo_x_cpu,93
35609,yolo_x_cpu,115
35610,yolo_x_cpu,61
35611,yolo_x_cpu,41
35612,yolo_x_cpu,54
35613,yolo_x_cpu,69
35614,yolo_x_cpu,44
35615,yolo_x_cpu,66
35616,yolo_x_cpu,32
35617,yolo_x_cpu,45
35618,yolo_x_cpu,40
35619,yolo_x_cpu,55
35620,yolo_x_cpu,29
35621,yolo_x_cpu,35
35622,yolo_x_cpu,58
35623,yolo_x_cpu,50
35624,yolo_x_cpu,87
35625,yolo_x_cpu,33
35626,yolo_x_cpu,36
35627,yolo_x_cpu,40
35628,yolo_x_cpu,31
35629,yolo_x_cpu,33
35630,yolo_x_cpu,89
35631,yolo_x_cpu,33
35632,yolo_x_cpu,53
35633,yolo_x_cpu,33
35634,yolo_x_cpu,17
35635,yolo_x_cpu,27
35636,yolo_x_cpu,64
35637,yolo_x_cpu,100
35638,yolo_x_cpu,39
35639,yolo_x_cpu,37
35640,yolo_x_cpu,66
35641,yolo_x_cpu,57
35642,yolo_x_cpu,54
35643,yolo_x_cpu,52
35644,yolo_x_cpu,40
35645,yolo_x_cpu,53
35646,yolo_x_cpu,38
35647,yolo_x_cpu,31
35648,yolo_x_cpu,126
35649,yolo_x_cpu,42
35650,yolo_x_cpu,22
35651,yolo_x_cpu,42
35652,yolo_x_cpu,38
35653,yolo_x_cpu,77
35654,yolo_x_cpu,116
35655,yolo_x_cpu,54
35656,yolo_x_cpu,90
35657,yolo_x_cpu,24
35658,yolo_x_cpu,44
35659,yolo_x_cpu,78
35660,yolo_x_cpu,65
35661,yolo_x_cpu,84
35662,yolo_x_cpu,48
35663,yolo_x_cpu,38
35664,yolo_x_cpu,51
35665,yolo_x_cpu,41
35666,yolo_x_cpu,38
35667,yolo_x_cpu,26
35668,yolo_x_cpu,35
35669,yolo_x_cpu,34
35670,yolo_x_cpu,17
35671,yolo_x_cpu,28
35672,yolo_x_cpu,43
35673,yolo_x_cpu,58
35674,yolo_x_cpu,34
35675,yolo_x_cpu,17
35676,yolo_x_cpu,75
35677,yolo_x_cpu,35
35678,yolo_x_cpu,39
35679,yolo_x_cpu,33
35680,yolo_x_cpu,35
35681,yolo_x_cpu,37
35682,yolo_x_cpu,31
35683,yolo_x_cpu,36
35684,yolo_x_cpu,26
35685,yolo_x_cpu,19
35686,yolo_x_cpu,15
35687,yolo_x_cpu,26
35688,yolo_x_cpu,22
35689,yolo_x_cpu,21
35690,yolo_x_cpu,13
35691,yolo_x_cpu,28
35692,yolo_x_cpu,33
35693,yolo_x_cpu,39
35694,yolo_x_cpu,43
35695,yolo_x_cpu,10
35696,yolo_x_cpu,24
35697,yolo_x_cpu,88
35698,yolo_x_cpu,77
35699,yolo_x_cpu,37
35700,yolo_x_cpu,79
35701,yolo_x_cpu,65
35702,yolo_x_cpu,74
35703,yolo_x_cpu,45
35704,yolo_x_cpu,49
35705,yolo_x_cpu,41
35706,yolo_x_cpu,30
35707,yolo_x_cpu,40
35708,yolo_x_cpu,21
35709,yolo_x_cpu,23
35710,yolo_x_cpu,27
35711,yolo_x_cpu,22
35712,yolo_x_cpu,18
35713,yolo_x_cpu,66
35714,yolo_x_cpu,59
35715,yolo_x_cpu,47
35716,yolo_x_cpu,51
35717,yolo_x_cpu,8
35718,yolo_x_cpu,25
35719,yolo_x_cpu,20
35720,yolo_x_cpu,24
35721,yolo_x_cpu,55
35722,yolo_x_cpu,42
35723,yolo_x_cpu,20
35724,yolo_x_cpu,38
35725,yolo_x_cpu,42
35726,yolo_x_cpu,18
35727,yolo_x_cpu,39
35728,yolo_x_cpu,26
35729,yolo_x_cpu,34
35730,yolo_x_cpu,27
35731,yolo_x_cpu,24
35732,yolo_x_cpu,22
35733,yolo_x_cpu,13
35734,yolo_x_cpu,26
35735,yolo_x_cpu,25
35736,yolo_x_cpu,13
35737,yolo_x_cpu,138
35738,yolo_x_cpu,57
35739,yolo_x_cpu,14
35740,yolo_x_cpu,8
35741,yolo_x_cpu,20
35742,yolo_x_cpu,9
35743,yolo_x_cpu,20
35744,yolo_x_cpu,22
35745,yolo_x_cpu,45
35746,yolo_x_cpu,37
35747,yolo_x_cpu,60
35748,yolo_x_cpu,46
35749,yolo_x_cpu,27
35750,yolo_x_cpu,33
35751,yolo_x_cpu,13
35752,yolo_x_cpu,32
35753,yolo_x_cpu,22
35754,yolo_x_cpu,7
35755,yolo_x_cpu,8
35756,yolo_x_cpu,13
35757,yolo_x_cpu,18
35758,yolo_x_cpu,13
35759,yolo_x_cpu,18
35760,yolo_x_cpu,14
35761,yolo_x_cpu,47
35762,yolo_x_cpu,56
35763,yolo_x_cpu,14
35764,yolo_x_cpu,11
35765,yolo_x_cpu,8
35766,yolo_x_cpu,9
35767,yolo_x_cpu,11
35768,yolo_x_cpu,16
35769,yolo_x_cpu,15
35770,yolo_x_cpu,26
35771,yolo_x_cpu,22
35772,yolo_x_cpu,19
35773,yolo_x_cpu,7
35774,yolo_x_cpu,19
35775,yolo_x_cpu,18
35776,yolo_x_cpu,27
35777,yolo_x_cpu,8
35778,yolo_x_cpu,10
35779,yolo_x_cpu,18
35780,yolo_x_cpu,29
35781,yolo_x_cpu,66
35782,yolo_x_cpu,83
35783,yolo_x_cpu,18
35784,yolo_x_cpu,32
35785,yolo_x_cpu,26
35786,yolo_x_cpu,47
35787,yolo_x_cpu,38
35788,yolo_x_cpu,13
35789,yolo_x_cpu,9
35790,yolo_x_cpu,24
35791,yolo_x_cpu,48
35792,yolo_x_cpu,23
35793,yolo_x_cpu,25
35794,yolo_x_cpu,16
35795,yolo_x_cpu,17
35796,yolo_x_cpu,20
35797,yolo_x_cpu,34
35798,yolo_x_cpu,26
35799,yolo_x_cpu,18
35800,yolo_x_cpu,16
35801,yolo_x_cpu,11
35802,yolo_x_cpu,11
35803,yolo_x_cpu,14
35804,yolo_x_cpu,39
35805,yolo_x_cpu,44
35806,yolo_x_cpu,33
35807,yolo_x_cpu,44
35808,yolo_x_cpu,51
35809,yolo_x_cpu,30
35810,yolo_x_cpu,14
35811,yolo_x_cpu,12
35812,yolo_x_cpu,25
35813,yolo_x_cpu,20
35814,yolo_x_cpu,21
35815,yolo_x_cpu,15
35816,yolo_x_cpu,10
35817,yolo_x_cpu,13
35818,yolo_x_cpu,23
35819,yolo_x_cpu,31
35820,yolo_x_cpu,30
35821,yolo_x_cpu,23
35822,yolo_x_cpu,26
35823,yolo_x_cpu,39
35824,yolo_x_cpu,54
35825,yolo_x_cpu,46
35826,yolo_x_cpu,35
35827,yolo_x_cpu,47
35828,yolo_x_cpu,43
35829,yolo_x_cpu,28
35830,yolo_x_cpu,38
35831,yolo_x_cpu,21
35832,yolo_x_cpu,30
35833,yolo_x_cpu,49
35834,yolo_x_cpu,40
35835,yolo_x_cpu,34
35836,yolo_x_cpu,32
35837,yolo_x_cpu,65
35838,yolo_x_cpu,42
35839,yolo_x_cpu,35
35840,yolo_x_cpu,73
35841,yolo_x_cpu,55
35842,yolo_x_cpu,51
35843,yolo_x_cpu,27
35844,yolo_x_cpu,33
35845,yolo_x_cpu,54
35846,yolo_x_cpu,65
35847,yolo_x_cpu,52
35848,yolo_x_cpu,93
35849,yolo_x_cpu,49
35850,yolo_x_cpu,47
35851,yolo_x_cpu,30
35852,yolo_x_cpu,46
35853,yolo_x_cpu,58
35854,yolo_x_cpu,62
35855,yolo_x_cpu,64
35856,yolo_x_cpu,85
35857,yolo_x_cpu,95
35858,yolo_x_cpu,98
35859,yolo_x_cpu,75
35860,yolo_x_cpu,60
35861,yolo_x_cpu,39
35862,yolo_x_cpu,36
35863,yolo_x_cpu,50
35864,yolo_x_cpu,73
35865,yolo_x_cpu,42
35866,yolo_x_cpu,88
35867,yolo_x_cpu,94
35868,yolo_x_cpu,66
35869,yolo_x_cpu,52
35870,yolo_x_cpu,50
35871,yolo_x_cpu,49
35872,yolo_x_cpu,91
35873,yolo_x_cpu,63
35874,yolo_x_cpu,80
35875,yolo_x_cpu,84
35876,yolo_x_cpu,63
35877,yolo_x_cpu,85
35878,yolo_x_cpu,86
35879,yolo_x_cpu,103
35880,yolo_x_cpu,129
35881,yolo_x_cpu,77
35882,yolo_x_cpu,116
35883,yolo_x_cpu,88
35884,yolo_x_cpu,128
35885,yolo_x_cpu,107
35886,yolo_x_cpu,123
35887,yolo_x_cpu,106
35888,yolo_x_cpu,131
35889,yolo_x_cpu,112
35890,yolo_x_cpu,99
35891,yolo_x_cpu,68
35892,yolo_x_cpu,109
35893,yolo_x_cpu,97
35894,yolo_x_cpu,110
35895,yolo_x_cpu,124
35896,yolo_x_cpu,160
35897,yolo_x_cpu,142
35898,yolo_x_cpu,94
35899,yolo_x_cpu,203
35900,yolo_x_cpu,167
35901,yolo_x_cpu,185
35902,yolo_x_cpu,122
35903,yolo_x_cpu,160
35904,yolo_x_cpu,149
35905,yolo_x_cpu,121
35906,yolo_x_cpu,153
35907,yolo_x_cpu,185
35908,yolo_x_cpu,150
35909,yolo_x_cpu,338
35910,yolo_x_cpu,303
35911,yolo_x_cpu,221
35912,yolo_x_cpu,200
35913,yolo_x_cpu,302
35914,yolo_x_cpu,217
35915,yolo_x_cpu,259
35916,yolo_x_cpu,300
35917,yolo_x_cpu,239
35918,yolo_x_cpu,314
35919,yolo_x_cpu,252
35920,yolo_x_cpu,184
35921,yolo_x_cpu,226
35922,yolo_x_cpu,270
35923,yolo_x_cpu,238
35924,yolo_x_cpu,211
35925,yolo_x_cpu,190
35926,yolo_x_cpu,198
35927,yolo_x_cpu,260
35928,yolo_x_cpu,270
35929,yolo_x_cpu,347
35930,yolo_x_cpu,309
35931,yolo_x_cpu,275
35932,yolo_x_cpu,283
35933,yolo_x_cpu,310
35934,yolo_x_cpu,330
35935,yolo_x_cpu,405
35936,yolo_x_cpu,388
35937,yolo_x_cpu,248
35938,yolo_x_cpu,265
35939,yolo_x_cpu,251
35940,yolo_x_cpu,322
35941,yolo_x_cpu,237
35942,yolo_x_cpu,257
35943,yolo_x_cpu,238
35944,yolo_x_cpu,324
35945,yolo_x_cpu,320
35946,yolo_x_cpu,370
35947,yolo_x_cpu,408
35948,yolo_x_cpu,331
35949,yolo_x_cpu,350
35950,yolo_x_cpu,252
35951,yolo_x_cpu,264
35952,yolo_x_cpu,324
35953,yolo_x_cpu,388
35954,yolo_x_cpu,282
35955,yolo_x_cpu,298
35956,yolo_x_cpu,333
35957,yolo_x_cpu,356
35958,yolo_x_cpu,498
35959,yolo_x_cpu,378
35960,yolo_x_cpu,324
35961,yolo_x_cpu,345
35962,yolo_x_cpu,302
35963,yolo_x_cpu,363
35964,yolo_x_cpu,443
35965,yolo_x_cpu,501
35966,yolo_x_cpu,441
35967,yolo_x_cpu,451
35968,yolo_x_cpu,444
35969,yolo_x_cpu,367
35970,yolo_x_cpu,334
35971,yolo_x_cpu,387
35972,yolo_x_cpu,328
35973,yolo_x_cpu,333
35974,yolo_x_cpu,389
35975,yolo_x_cpu,398
35976,yolo_x_cpu,437
35977,yolo_x_cpu,338
35978,yolo_x_cpu,358
35979,yolo_x_cpu,377
35980,yolo_x_cpu,499
35981,yolo_x_cpu,438
35982,yolo_x_cpu,446
35983,yolo_x_cpu,386
35984,yolo_x_cpu,443
35985,yolo_x_cpu,396
35986,yolo_x_cpu,491
35987,yolo_x_cpu,391
35988,yolo_x_cpu,502
35989,yolo_x_cpu,491
35990,yolo_x_cpu,406
35991,yolo_x_cpu,406
35992,yolo_x_cpu,476
35993,yolo_x_cpu,444
35994,yolo_x_cpu,652
35995,yolo_x_cpu,537
35996,yolo_x_cpu,446
35997,yolo_x_cpu,565
35998,yolo_x_cpu,542
35999,yolo_x_cpu,569
36000,yolo_x_cpu,547
36001,yolo_x_cpu,619
36002,yolo_x_cpu,519
36003,yolo_x_cpu,610
36004,yolo_x_cpu,497
36005,yolo_x_cpu,571
36006,yolo_x_cpu,545
36007,yolo_x_cpu,642
36008,yolo_x_cpu,545
36009,yolo_x_cpu,617
36010,yolo_x_cpu,548
36011,yolo_x_cpu,684
36012,yolo_x_cpu,572
36013,yolo_x_cpu,557
36014,yolo_x_cpu,668
36015,yolo_x_cpu,562
36016,yolo_x_cpu,749
36017,yolo_x_cpu,675
36018,yolo_x_cpu,677
36019,yolo_x_cpu,617
36020,yolo_x_cpu,598
36021,yolo_x_cpu,644
36022,yolo_x_cpu,762
36023,yolo_x_cpu,766
36024,yolo_x_cpu,756
36025,yolo_x_cpu,673
36026,yolo_x_cpu,585
36027,yolo_x_cpu,805
36028,yolo_x_cpu,701
36029,yolo_x_cpu,616
36030,yolo_x_cpu,669
36031,yolo_x_cpu,643
36032,yolo_x_cpu,797
36033,yolo_x_cpu,734
36034,yolo_x_cpu,619
36035,yolo_x_cpu,641
36036,yolo_x_cpu,661
36037,yolo_x_cpu,681
36038,yolo_x_cpu,732
36039,yolo_x_cpu,727
36040,yolo_x_cpu,660
36041,yolo_x_cpu,719
36042,yolo_x_cpu,613
36043,yolo_x_cpu,654
36044,yolo_x_cpu,708
36045,yolo_x_cpu,624
36046,yolo_x_cpu,761
36047,yolo_x_cpu,700
36048,yolo_x_cpu,607
36049,yolo_x_cpu,738
36050,yolo_x_cpu,725
36051,yolo_x_cpu,695
36052,yolo_x_cpu,515
36053,yolo_x_cpu,502
36054,yolo_x_cpu,605
36055,yolo_x_cpu,648
36056,yolo_x_cpu,742
36057,yolo_x_cpu,657
36058,yolo_x_cpu,655
36059,yolo_x_cpu,619
36060,yolo_x_cpu,640
36061,yolo_x_cpu,634
36062,yolo_x_cpu,701
36063,yolo_x_cpu,811
36064,yolo_x_cpu,655
36065,yolo_x_cpu,719
36066,yolo_x_cpu,760
36067,yolo_x_cpu,780
36068,yolo_x_cpu,698
36069,yolo_x_cpu,719
36070,yolo_x_cpu,653
36071,yolo_x_cpu,808
36072,yolo_x_cpu,576
36073,yolo_x_cpu,795
36074,yolo_x_cpu,793
36075,yolo_x_cpu,715
36076,yolo_x_cpu,863
36077,yolo_x_cpu,667
36078,yolo_x_cpu,689
36079,yolo_x_cpu,686
36080,yolo_x_cpu,764
36081,yolo_x_cpu,765
36082,yolo_x_cpu,652
36083,yolo_x_cpu,707
36084,yolo_x_cpu,620
36085,yolo_x_cpu,536
36086,yolo_x_cpu,498
36087,yolo_x_cpu,659
36088,yolo_x_cpu,715
36089,yolo_x_cpu,742
36090,yolo_x_cpu,690
36091,yolo_x_cpu,676
36092,yolo_x_cpu,715
36093,yolo_x_cpu,721
36094,yolo_x_cpu,633
36095,yolo_x_cpu,785
36096,yolo_x_cpu,709
36097,yolo_x_cpu,610
36098,yolo_x_cpu,660
36099,yolo_x_cpu,704
36100,yolo_x_cpu,739
36101,yolo_x_cpu,748
36102,yolo_x_cpu,645
36103,yolo_x_cpu,685
36104,yolo_x_cpu,721
36105,yolo_x_cpu,708
36106,yolo_x_cpu,713
36107,yolo_x_cpu,873
36108,yolo_x_cpu,772
36109,yolo_x_cpu,879
36110,yolo_x_cpu,813
36111,yolo_x_cpu,699
36112,yolo_x_cpu,654
36113,yolo_x_cpu,721
36114,yolo_x_cpu,757
36115,yolo_x_cpu,716
36116,yolo_x_cpu,775
36117,yolo_x_cpu,601
36118,yolo_x_cpu,607
36119,yolo_x_cpu,606
36120,yolo_x_cpu,562
36121,yolo_x_cpu,609
36122,yolo_x_cpu,635
36123,yolo_x_cpu,628
36124,yolo_x_cpu,771
36125,yolo_x_cpu,653
36126,yolo_x_cpu,569
36127,yolo_x_cpu,606
36128,yolo_x_cpu,632
36129,yolo_x_cpu,728
36130,yolo_x_cpu,779
36131,yolo_x_cpu,855
36132,yolo_x_cpu,681
36133,yolo_x_cpu,744
36134,yolo_x_cpu,603
36135,yolo_x_cpu,633
36136,yolo_x_cpu,737
36137,yolo_x_cpu,689
36138,yolo_x_cpu,681
36139,yolo_x_cpu,818
36140,yolo_x_cpu,830
36141,yolo_x_cpu,672
36142,yolo_x_cpu,728
36143,yolo_x_cpu,717
36144,yolo_x_cpu,967
36145,yolo_x_cpu,812
36146,yolo_x_cpu,791
36147,yolo_x_cpu,742
36148,yolo_x_cpu,773
36149,yolo_x_cpu,753
36150,yolo_x_cpu,591
36151,yolo_x_cpu,630
36152,yolo_x_cpu,744
36153,yolo_x_cpu,900
36154,yolo_x_cpu,851
36155,yolo_x_cpu,781
36156,yolo_x_cpu,752
36157,yolo_x_cpu,723
36158,yolo_x_cpu,818
36159,yolo_x_cpu,709
36160,yolo_x_cpu,647
36161,yolo_x_cpu,621
36162,yolo_x_cpu,684
36163,yolo_x_cpu,855
36164,yolo_x_cpu,790
36165,yolo_x_cpu,716
36166,yolo_x_cpu,621
36167,yolo_x_cpu,645
36168,yolo_x_cpu,737
36169,yolo_x_cpu,667
36170,yolo_x_cpu,669
36171,yolo_x_cpu,710
36172,yolo_x_cpu,741
36173,yolo_x_cpu,765
36174,yolo_x_cpu,765
36175,yolo_x_cpu,679
36176,yolo_x_cpu,586
36177,yolo_x_cpu,731
36178,yolo_x_cpu,704
36179,yolo_x_cpu,808
36180,yolo_x_cpu,826
36181,yolo_x_cpu,681
36182,yolo_x_cpu,766
36183,yolo_x_cpu,723
36184,yolo_x_cpu,715
36185,yolo_x_cpu,644
36186,yolo_x_cpu,778
36187,yolo_x_cpu,724
36188,yolo_x_cpu,720
36189,yolo_x_cpu,829
36190,yolo_x_cpu,810
36191,yolo_x_cpu,762
36192,yolo_x_cpu,572
36193,yolo_x_cpu,722
36194,yolo_x_cpu,798
36195,yolo_x_cpu,790
36196,yolo_x_cpu,701
36197,yolo_x_cpu,686
36198,yolo_x_cpu,711
36199,yolo_x_cpu,720
36200,yolo_x_cpu,609
36201,yolo_x_cpu,685
36202,yolo_x_cpu,756
36203,yolo_x_cpu,652
36204,yolo_x_cpu,642
36205,yolo_x_cpu,721
36206,yolo_x_cpu,585
36207,yolo_x_cpu,658
36208,yolo_x_cpu,596
36209,yolo_x_cpu,616
36210,yolo_x_cpu,656
36211,yolo_x_cpu,712
36212,yolo_x_cpu,570
36213,yolo_x_cpu,626
36214,yolo_x_cpu,790
36215,yolo_x_cpu,815
36216,yolo_x_cpu,678
36217,yolo_x_cpu,650
36218,yolo_x_cpu,800
36219,yolo_x_cpu,723
36220,yolo_x_cpu,828
36221,yolo_x_cpu,904
36222,yolo_x_cpu,867
36223,yolo_x_cpu,769
36224,yolo_x_cpu,692
36225,yolo_x_cpu,708
36226,yolo_x_cpu,700
36227,yolo_x_cpu,917
36228,yolo_x_cpu,843
36229,yolo_x_cpu,719
36230,yolo_x_cpu,703
36231,yolo_x_cpu,903
36232,yolo_x_cpu,702
36233,yolo_x_cpu,785
36234,yolo_x_cpu,735
36235,yolo_x_cpu,880
36236,yolo_x_cpu,744
36237,yolo_x_cpu,798
36238,yolo_x_cpu,850
36239,yolo_x_cpu,779
36240,yolo_x_cpu,902
36241,yolo_x_cpu,761
36242,yolo_x_cpu,1008
36243,yolo_x_cpu,867
36244,yolo_x_cpu,964
36245,yolo_x_cpu,1009
36246,yolo_x_cpu,953
36247,yolo_x_cpu,1000
36248,yolo_x_cpu,1011
36249,yolo_x_cpu,997
36250,yolo_x_cpu,1052
36251,yolo_x_cpu,1041
36252,yolo_x_cpu,1223
36253,yolo_x_cpu,1210
36254,yolo_x_cpu,1042
36255,yolo_x_cpu,1173
36256,yolo_x_cpu,1222
36257,yolo_x_cpu,1175
36258,yolo_x_cpu,1161
36259,yolo_x_cpu,1215
36260,yolo_x_cpu,1116
36261,yolo_x_cpu,1153
36262,yolo_x_cpu,1336
36263,yolo_x_cpu,1196
36264,yolo_x_cpu,1216
36265,yolo_x_cpu,1198
36266,yolo_x_cpu,1229
36267,yolo_x_cpu,1251
36268,yolo_x_cpu,1210
36269,yolo_x_cpu,1542
36270,yolo_x_cpu,1498
36271,yolo_x_cpu,1664
36272,yolo_x_cpu,1765
36273,yolo_x_cpu,1704
36274,yolo_x_cpu,1757
36275,yolo_x_cpu,1622
36276,yolo_x_cpu,1520
36277,yolo_x_cpu,1718
36278,yolo_x_cpu,1593
36279,yolo_x_cpu,1569
36280,yolo_x_cpu,1682
36281,yolo_x_cpu,1688
36282,yolo_x_cpu,1630
36283,yolo_x_cpu,1550
36284,yolo_x_cpu,1612
36285,yolo_x_cpu,1716
36286,yolo_x_cpu,1660
36287,yolo_x_cpu,1468
36288,yolo_x_cpu,1567
36289,yolo_x_cpu,1545
36290,yolo_x_cpu,1490
36291,yolo_x_cpu,1415
36292,yolo_x_cpu,1666
36293,yolo_x_cpu,1728
36294,yolo_x_cpu,1509
36295,yolo_x_cpu,1532
36296,yolo_x_cpu,1663
36297,yolo_x_cpu,1444
36298,yolo_x_cpu,1404
36299,yolo_x_cpu,1469
36300,yolo_x_cpu,1597
36301,yolo_x_cpu,1470
36302,yolo_x_cpu,1609
36303,yolo_x_cpu,1455
36304,yolo_x_cpu,1522
36305,yolo_x_cpu,1561
36306,yolo_x_cpu,1458
36307,yolo_x_cpu,1407
36308,yolo_x_cpu,1398
36309,yolo_x_cpu,1301
36310,yolo_x_cpu,1425
36311,yolo_x_cpu,1312
36312,yolo_x_cpu,1396
36313,yolo_x_cpu,1391
36314,yolo_x_cpu,1330
36315,yolo_x_cpu,1292
36316,yolo_x_cpu,1418
36317,yolo_x_cpu,1309
36318,yolo_x_cpu,1249
36319,yolo_x_cpu,1168
36320,yolo_x_cpu,1325
36321,yolo_x_cpu,1176
36322,yolo_x_cpu,1147
36323,yolo_x_cpu,1203
36324,yolo_x_cpu,1121
36325,yolo_x_cpu,1308
36326,yolo_x_cpu,1401
36327,yolo_x_cpu,1208
36328,yolo_x_cpu,1278
36329,yolo_x_cpu,1199
36330,yolo_x_cpu,1302
36331,yolo_x_cpu,1125
36332,yolo_x_cpu,1116
36333,yolo_x_cpu,1304
36334,yolo_x_cpu,1312
36335,yolo_x_cpu,1114
36336,yolo_x_cpu,1176
36337,yolo_x_cpu,1113
36338,yolo_x_cpu,1158
36339,yolo_x_cpu,1017
36340,yolo_x_cpu,1085
36341,yolo_x_cpu,1069
36342,yolo_x_cpu,1070
36343,yolo_x_cpu,1103
36344,yolo_x_cpu,1236
36345,yolo_x_cpu,1111
36346,yolo_x_cpu,1129
36347,yolo_x_cpu,1125
36348,yolo_x_cpu,1090
36349,yolo_x_cpu,1396
36350,yolo_x_cpu,1268
36351,yolo_x_cpu,1145
36352,yolo_x_cpu,1038
36353,yolo_x_cpu,1016
36354,yolo_x_cpu,993
36355,yolo_x_cpu,1002
36356,yolo_x_cpu,972
36357,yolo_x_cpu,953
36358,yolo_x_cpu,827
36359,yolo_x_cpu,989
36360,yolo_x_cpu,982
36361,yolo_x_cpu,825
36362,yolo_x_cpu,1076
36363,yolo_x_cpu,947
36364,yolo_x_cpu,986
36365,yolo_x_cpu,912
36366,yolo_x_cpu,976
36367,yolo_x_cpu,852
36368,yolo_x_cpu,881
36369,yolo_x_cpu,819
36370,yolo_x_cpu,877
36371,yolo_x_cpu,766
36372,yolo_x_cpu,667
36373,yolo_x_cpu,788
36374,yolo_x_cpu,846
36375,yolo_x_cpu,746
36376,yolo_x_cpu,726
36377,yolo_x_cpu,725
36378,yolo_x_cpu,749
36379,yolo_x_cpu,677
36380,yolo_x_cpu,770
36381,yolo_x_cpu,710
36382,yolo_x_cpu,689
36383,yolo_x_cpu,726
36384,yolo_x_cpu,706
36385,yolo_x_cpu,776
36386,yolo_x_cpu,678
36387,yolo_x_cpu,915
36388,yolo_x_cpu,829
36389,yolo_x_cpu,661
36390,yolo_x_cpu,764
36391,yolo_x_cpu,751
36392,yolo_x_cpu,780
36393,yolo_x_cpu,704
36394,yolo_x_cpu,618
36395,yolo_x_cpu,658
36396,yolo_x_cpu,664
36397,yolo_x_cpu,662
36398,yolo_x_cpu,731
36399,yolo_x_cpu,582
36400,yolo_x_cpu,572
36401,yolo_x_cpu,616
36402,yolo_x_cpu,637
36403,yolo_x_cpu,651
36404,yolo_x_cpu,594
36405,yolo_x_cpu,500
36406,yolo_x_cpu,561
36407,yolo_x_cpu,482
36408,yolo_x_cpu,626
36409,yolo_x_cpu,566
36410,yolo_x_cpu,639
36411,yolo_x_cpu,696
36412,yolo_x_cpu,698
36413,yolo_x_cpu,601
36414,yolo_x_cpu,650
36415,yolo_x_cpu,715
36416,yolo_x_cpu,602
36417,yolo_x_cpu,630
36418,yolo_x_cpu,642
36419,yolo_x_cpu,577
36420,yolo_x_cpu,708
36421,yolo_x_cpu,672
36422,yolo_x_cpu,751
36423,yolo_x_cpu,780
36424,yolo_x_cpu,815
36425,yolo_x_cpu,671
36426,yolo_x_cpu,683
36427,yolo_x_cpu,556
36428,yolo_x_cpu,554
36429,yolo_x_cpu,600
36430,yolo_x_cpu,588
36431,yolo_x_cpu,623
36432,yolo_x_cpu,636
36433,yolo_x_cpu,609
36434,yolo_x_cpu,679
36435,yolo_x_cpu,574
36436,yolo_x_cpu,677
36437,yolo_x_cpu,658
36438,yolo_x_cpu,667
36439,yolo_x_cpu,584
36440,yolo_x_cpu,745
36441,yolo_x_cpu,901
36442,yolo_x_cpu,716
36443,yolo_x_cpu,636
36444,yolo_x_cpu,674
36445,yolo_x_cpu,692
36446,yolo_x_cpu,696
36447,yolo_x_cpu,610
36448,yolo_x_cpu,679
36449,yolo_x_cpu,713
36450,yolo_x_cpu,708
36451,yolo_x_cpu,788
36452,yolo_x_cpu,670
36453,yolo_x_cpu,675
36454,yolo_x_cpu,711
36455,yolo_x_cpu,787
36456,yolo_x_cpu,1026
36457,yolo_x_cpu,717
36458,yolo_x_cpu,678
36459,yolo_x_cpu,757
36460,yolo_x_cpu,681
36461,yolo_x_cpu,637
36462,yolo_x_cpu,703
36463,yolo_x_cpu,720
36464,yolo_x_cpu,826
36465,yolo_x_cpu,729
36466,yolo_x_cpu,757
36467,yolo_x_cpu,642
36468,yolo_x_cpu,777
36469,yolo_x_cpu,752
36470,yolo_x_cpu,776
36471,yolo_x_cpu,713
36472,yolo_x_cpu,817
36473,yolo_x_cpu,892
36474,yolo_x_cpu,892
36475,yolo_x_cpu,813
36476,yolo_x_cpu,802
36477,yolo_x_cpu,732
36478,yolo_x_cpu,921
36479,yolo_x_cpu,753
36480,yolo_x_cpu,742
36481,yolo_x_cpu,701
36482,yolo_x_cpu,825
36483,yolo_x_cpu,798
36484,yolo_x_cpu,854
36485,yolo_x_cpu,850
36486,yolo_x_cpu,801
36487,yolo_x_cpu,943
36488,yolo_x_cpu,1071
36489,yolo_x_cpu,868
36490,yolo_x_cpu,1105
36491,yolo_x_cpu,974
36492,yolo_x_cpu,884
36493,yolo_x_cpu,949
36494,yolo_x_cpu,930
36495,yolo_x_cpu,1086
36496,yolo_x_cpu,967
36497,yolo_x_cpu,1053
36498,yolo_x_cpu,1110
36499,yolo_x_cpu,1074
36500,yolo_x_cpu,1158
36501,yolo_x_cpu,1161
36502,yolo_x_cpu,1055
36503,yolo_x_cpu,1084
36504,yolo_x_cpu,1260
36505,yolo_x_cpu,1127
36506,yolo_x_cpu,1082
36507,yolo_x_cpu,1088
36508,yolo_x_cpu,1007
36509,yolo_x_cpu,1169
36510,yolo_x_cpu,1109
36511,yolo_x_cpu,1116
36512,yolo_x_cpu,1062
36513,yolo_x_cpu,1107
36514,yolo_x_cpu,1112
36515,yolo_x_cpu,1105
36516,yolo_x_cpu,1175
36517,yolo_x_cpu,1403
36518,yolo_x_cpu,1395
36519,yolo_x_cpu,1616
36520,yolo_x_cpu,1606
36521,yolo_x_cpu,1439
36522,yolo_x_cpu,1335
36523,yolo_x_cpu,1405
36524,yolo_x_cpu,1351
36525,yolo_x_cpu,1378
36526,yolo_x_cpu,1534
36527,yolo_x_cpu,1470
36528,yolo_x_cpu,1388
36529,yolo_x_cpu,1507
36530,yolo_x_cpu,1676
36531,yolo_x_cpu,1690
36532,yolo_x_cpu,1711
36533,yolo_x_cpu,1647
36534,yolo_x_cpu,1495
36535,yolo_x_cpu,1637
36536,yolo_x_cpu,1720
36537,yolo_x_cpu,1822
36538,yolo_x_cpu,1783
36539,yolo_x_cpu,1535
36540,yolo_x_cpu,1824
36541,yolo_x_cpu,2126
36542,yolo_x_cpu,2097
36543,yolo_x_cpu,1925
36544,yolo_x_cpu,1847
36545,yolo_x_cpu,1825
36546,yolo_x_cpu,2073
36547,yolo_x_cpu,1897
36548,yolo_x_cpu,1789
36549,yolo_x_cpu,1854
36550,yolo_x_cpu,1755
36551,yolo_x_cpu,1885
36552,yolo_x_cpu,1844
36553,yolo_x_cpu,2065
36554,yolo_x_cpu,2229
36555,yolo_x_cpu,2026
36556,yolo_x_cpu,1980
36557,yolo_x_cpu,2066
36558,yolo_x_cpu,1960
36559,yolo_x_cpu,1987
36560,yolo_x_cpu,2168
36561,yolo_x_cpu,2179
36562,yolo_x_cpu,2223
36563,yolo_x_cpu,2065
36564,yolo_x_cpu,1966
36565,yolo_x_cpu,1878
36566,yolo_x_cpu,1969
36567,yolo_x_cpu,2091
36568,yolo_x_cpu,1983
36569,yolo_x_cpu,2100
36570,yolo_x_cpu,1934
36571,yolo_x_cpu,1941
36572,yolo_x_cpu,1908
36573,yolo_x_cpu,1927
36574,yolo_x_cpu,1914
36575,yolo_x_cpu,1829
36576,yolo_x_cpu,1657
36577,yolo_x_cpu,1809
36578,yolo_x_cpu,1924
36579,yolo_x_cpu,1888
36580,yolo_x_cpu,1844
36581,yolo_x_cpu,1800
36582,yolo_x_cpu,2008
36583,yolo_x_cpu,1976
36584,yolo_x_cpu,1869
36585,yolo_x_cpu,2044
36586,yolo_x_cpu,2030
36587,yolo_x_cpu,1951
36588,yolo_x_cpu,1841
36589,yolo_x_cpu,1782
36590,yolo_x_cpu,1828
36591,yolo_x_cpu,1787
36592,yolo_x_cpu,1874
36593,yolo_x_cpu,2090
36594,yolo_x_cpu,2031
36595,yolo_x_cpu,1922
36596,yolo_x_cpu,1987
36597,yolo_x_cpu,1970
36598,yolo_x_cpu,1960
36599,yolo_x_cpu,1889
36600,yolo_x_cpu,2049
36601,yolo_x_cpu,1878
36602,yolo_x_cpu,1808
36603,yolo_x_cpu,1855
36604,yolo_x_cpu,1878
36605,yolo_x_cpu,1913
36606,yolo_x_cpu,1813
36607,yolo_x_cpu,2057
36608,yolo_x_cpu,2022
36609,yolo_x_cpu,2011
36610,yolo_x_cpu,2151
36611,yolo_x_cpu,1880
36612,yolo_x_cpu,2016
36613,yolo_x_cpu,1933
36614,yolo_x_cpu,2059
36615,yolo_x_cpu,2094
36616,yolo_x_cpu,2173
36617,yolo_x_cpu,2030
36618,yolo_x_cpu,1972
36619,yolo_x_cpu,2017
36620,yolo_x_cpu,2021
36621,yolo_x_cpu,1962
36622,yolo_x_cpu,1983
36623,yolo_x_cpu,2075
36624,yolo_x_cpu,1740
36625,yolo_x_cpu,1910
36626,yolo_x_cpu,2052
36627,yolo_x_cpu,1971
36628,yolo_x_cpu,1932
36629,yolo_x_cpu,2210
36630,yolo_x_cpu,2237
36631,yolo_x_cpu,2259
36632,yolo_x_cpu,2096
36633,yolo_x_cpu,2061
36634,yolo_x_cpu,2201
36635,yolo_x_cpu,2149
36636,yolo_x_cpu,2159
36637,yolo_x_cpu,2101
36638,yolo_x_cpu,2233
36639,yolo_x_cpu,2090
36640,yolo_x_cpu,2163
36641,yolo_x_cpu,2191
36642,yolo_x_cpu,2282
36643,yolo_x_cpu,2262
36644,yolo_x_cpu,2371
36645,yolo_x_cpu,2202
36646,yolo_x_cpu,2340
36647,yolo_x_cpu,2293
36648,yolo_x_cpu,2442
36649,yolo_x_cpu,2377
36650,yolo_x_cpu,2290
36651,yolo_x_cpu,2453
36652,yolo_x_cpu,2413
36653,yolo_x_cpu,2299
36654,yolo_x_cpu,2292
36655,yolo_x_cpu,2395
36656,yolo_x_cpu,2491
36657,yolo_x_cpu,2550
36658,yolo_x_cpu,2291
36659,yolo_x_cpu,2398
36660,yolo_x_cpu,2302
36661,yolo_x_cpu,2468
36662,yolo_x_cpu,2598
36663,yolo_x_cpu,2489
36664,yolo_x_cpu,2648
36665,yolo_x_cpu,2399
36666,yolo_x_cpu,2322
36667,yolo_x_cpu,2273
36668,yolo_x_cpu,2532
36669,yolo_x_cpu,2503
36670,yolo_x_cpu,2574
36671,yolo_x_cpu,2667
36672,yolo_x_cpu,2607
36673,yolo_x_cpu,2480
36674,yolo_x_cpu,2561
36675,yolo_x_cpu,2627
36676,yolo_x_cpu,2456
36677,yolo_x_cpu,2663
36678,yolo_x_cpu,2317
36679,yolo_x_cpu,2272
36680,yolo_x_cpu,2264
36681,yolo_x_cpu,2174
36682,yolo_x_cpu,2299
36683,yolo_x_cpu,2302
36684,yolo_x_cpu,2377
36685,yolo_x_cpu,2511
36686,yolo_x_cpu,2687
36687,yolo_x_cpu,2670
36688,yolo_x_cpu,2461
36689,yolo_x_cpu,2339
36690,yolo_x_cpu,2407
36691,yolo_x_cpu,2508
36692,yolo_x_cpu,2540
36693,yolo_x_cpu,2449
36694,yolo_x_cpu,2577
36695,yolo_x_cpu,2486
36696,yolo_x_cpu,2467
36697,yolo_x_cpu,2346
36698,yolo_x_cpu,2413
36699,yolo_x_cpu,2376
36700,yolo_x_cpu,2183
36701,yolo_x_cpu,2438
36702,yolo_x_cpu,2429
36703,yolo_x_cpu,2584
36704,yolo_x_cpu,2571
36705,yolo_x_cpu,2301
36706,yolo_x_cpu,2358
36707,yolo_x_cpu,2446
36708,yolo_x_cpu,2462
36709,yolo_x_cpu,2461
36710,yolo_x_cpu,2167
36711,yolo_x_cpu,2541
36712,yolo_x_cpu,2301
36713,yolo_x_cpu,2626
36714,yolo_x_cpu,2338
36715,yolo_x_cpu,2457
36716,yolo_x_cpu,2419
36717,yolo_x_cpu,2348
36718,yolo_x_cpu,2452
36719,yolo_x_cpu,2381
36720,yolo_x_cpu,2322
36721,yolo_x_cpu,2377
36722,yolo_x_cpu,2294
36723,yolo_x_cpu,2287
36724,yolo_x_cpu,2382
36725,yolo_x_cpu,2369
36726,yolo_x_cpu,2473
36727,yolo_x_cpu,2348
36728,yolo_x_cpu,2553
36729,yolo_x_cpu,2356
36730,yolo_x_cpu,2387
36731,yolo_x_cpu,2250
36732,yolo_x_cpu,2270
36733,yolo_x_cpu,2246
36734,yolo_x_cpu,2256
36735,yolo_x_cpu,2457
36736,yolo_x_cpu,2573
36737,yolo_x_cpu,2248
36738,yolo_x_cpu,2223
36739,yolo_x_cpu,2323
36740,yolo_x_cpu,2139
36741,yolo_x_cpu,2288
36742,yolo_x_cpu,2191
36743,yolo_x_cpu,2294
36744,yolo_x_cpu,2101
36745,yolo_x_cpu,2281
36746,yolo_x_cpu,2375
36747,yolo_x_cpu,2313
36748,yolo_x_cpu,2344
36749,yolo_x_cpu,2464
36750,yolo_x_cpu,2354
36751,yolo_x_cpu,2526
36752,yolo_x_cpu,2375
36753,yolo_x_cpu,2161
36754,yolo_x_cpu,2448
36755,yolo_x_cpu,2248
36756,yolo_x_cpu,2215
36757,yolo_x_cpu,2258
36758,yolo_x_cpu,2127
36759,yolo_x_cpu,2081
36760,yolo_x_cpu,2198
36761,yolo_x_cpu,2180
36762,yolo_x_cpu,2191
36763,yolo_x_cpu,2253
36764,yolo_x_cpu,2071
36765,yolo_x_cpu,2158
36766,yolo_x_cpu,2076
36767,yolo_x_cpu,2246
36768,yolo_x_cpu,2186
36769,yolo_x_cpu,2110
36770,yolo_x_cpu,2091
36771,yolo_x_cpu,2260
36772,yolo_x_cpu,2205
36773,yolo_x_cpu,2212
36774,yolo_x_cpu,1931
36775,yolo_x_cpu,2139
36776,yolo_x_cpu,2239
36777,yolo_x_cpu,2115
36778,yolo_x_cpu,2174
36779,yolo_x_cpu,2196
36780,yolo_x_cpu,2091
36781,yolo_x_cpu,2275
36782,yolo_x_cpu,2205
36783,yolo_x_cpu,2122
36784,yolo_x_cpu,2074
36785,yolo_x_cpu,1940
36786,yolo_x_cpu,1892
36787,yolo_x_cpu,1996
36788,yolo_x_cpu,2223
36789,yolo_x_cpu,2271
36790,yolo_x_cpu,2005
36791,yolo_x_cpu,1883
36792,yolo_x_cpu,2158
36793,yolo_x_cpu,2098
36794,yolo_x_cpu,1884
36795,yolo_x_cpu,2032
36796,yolo_x_cpu,2031
36797,yolo_x_cpu,1939
36798,yolo_x_cpu,1971
36799,yolo_x_cpu,1906
36800,yolo_x_cpu,1804
36801,yolo_x_cpu,1821
36802,yolo_x_cpu,2138
36803,yolo_x_cpu,1921
36804,yolo_x_cpu,2095
36805,yolo_x_cpu,2183
36806,yolo_x_cpu,1969
36807,yolo_x_cpu,1906
36808,yolo_x_cpu,2000
36809,yolo_x_cpu,1912
36810,yolo_x_cpu,1963
36811,yolo_x_cpu,1872
36812,yolo_x_cpu,1837
36813,yolo_x_cpu,1858
36814,yolo_x_cpu,2059
36815,yolo_x_cpu,1902
36816,yolo_x_cpu,2103
36817,yolo_x_cpu,1973
36818,yolo_x_cpu,1746
36819,yolo_x_cpu,1871
36820,yolo_x_cpu,1946
36821,yolo_x_cpu,1971
36822,yolo_x_cpu,1915
36823,yolo_x_cpu,1858
36824,yolo_x_cpu,1844
36825,yolo_x_cpu,1664
36826,yolo_x_cpu,1797
36827,yolo_x_cpu,1666
36828,yolo_x_cpu,1783
36829,yolo_x_cpu,1809
36830,yolo_x_cpu,1892
36831,yolo_x_cpu,1692
36832,yolo_x_cpu,1596
36833,yolo_x_cpu,1722
36834,yolo_x_cpu,1788
36835,yolo_x_cpu,1563
36836,yolo_x_cpu,1604
36837,yolo_x_cpu,1440
36838,yolo_x_cpu,1424
36839,yolo_x_cpu,1451
36840,yolo_x_cpu,1510
36841,yolo_x_cpu,1333
36842,yolo_x_cpu,1676
36843,yolo_x_cpu,1552
36844,yolo_x_cpu,1430
36845,yolo_x_cpu,1433
36846,yolo_x_cpu,1643
36847,yolo_x_cpu,1570
36848,yolo_x_cpu,1584
36849,yolo_x_cpu,1430
36850,yolo_x_cpu,1444
36851,yolo_x_cpu,1243
36852,yolo_x_cpu,1163
36853,yolo_x_cpu,1281
36854,yolo_x_cpu,1330
36855,yolo_x_cpu,1346
36856,yolo_x_cpu,1213
36857,yolo_x_cpu,1291
36858,yolo_x_cpu,1221
36859,yolo_x_cpu,1269
36860,yolo_x_cpu,1247
36861,yolo_x_cpu,1127
36862,yolo_x_cpu,1193
36863,yolo_x_cpu,1277
36864,yolo_x_cpu,1251
36865,yolo_x_cpu,1208
36866,yolo_x_cpu,1164
36867,yolo_x_cpu,1108
36868,yolo_x_cpu,1229
36869,yolo_x_cpu,1180
36870,yolo_x_cpu,1111
36871,yolo_x_cpu,1109
36872,yolo_x_cpu,1036
36873,yolo_x_cpu,1061
36874,yolo_x_cpu,1024
36875,yolo_x_cpu,1220
36876,yolo_x_cpu,1152
36877,yolo_x_cpu,1141
36878,yolo_x_cpu,1139
36879,yolo_x_cpu,1169
36880,yolo_x_cpu,1008
36881,yolo_x_cpu,911
36882,yolo_x_cpu,833
36883,yolo_x_cpu,1012
36884,yolo_x_cpu,1133
36885,yolo_x_cpu,889
36886,yolo_x_cpu,967
36887,yolo_x_cpu,957
36888,yolo_x_cpu,815
36889,yolo_x_cpu,851
36890,yolo_x_cpu,721
36891,yolo_x_cpu,724
36892,yolo_x_cpu,781
36893,yolo_x_cpu,767
36894,yolo_x_cpu,721
36895,yolo_x_cpu,813
36896,yolo_x_cpu,800
36897,yolo_x_cpu,755
36898,yolo_x_cpu,747
36899,yolo_x_cpu,766
36900,yolo_x_cpu,752
36901,yolo_x_cpu,842
36902,yolo_x_cpu,796
36903,yolo_x_cpu,942
36904,yolo_x_cpu,727
36905,yolo_x_cpu,572
36906,yolo_x_cpu,708
36907,yolo_x_cpu,680
36908,yolo_x_cpu,606
36909,yolo_x_cpu,593
36910,yolo_x_cpu,649
36911,yolo_x_cpu,511
36912,yolo_x_cpu,588
36913,yolo_x_cpu,572
36914,yolo_x_cpu,523
36915,yolo_x_cpu,482
36916,yolo_x_cpu,577
36917,yolo_x_cpu,600
36918,yolo_x_cpu,538
36919,yolo_x_cpu,466
36920,yolo_x_cpu,473
36921,yolo_x_cpu,478
36922,yolo_x_cpu,486
36923,yolo_x_cpu,478
36924,yolo_x_cpu,485
36925,yolo_x_cpu,532
36926,yolo_x_cpu,470
36927,yolo_x_cpu,436
36928,yolo_x_cpu,397
36929,yolo_x_cpu,446
36930,yolo_x_cpu,397
36931,yolo_x_cpu,417
36932,yolo_x_cpu,455
36933,yolo_x_cpu,472
36934,yolo_x_cpu,424
36935,yolo_x_cpu,486
36936,yolo_x_cpu,472
36937,yolo_x_cpu,395
36938,yolo_x_cpu,286
36939,yolo_x_cpu,369
36940,yolo_x_cpu,364
36941,yolo_x_cpu,361
36942,yolo_x_cpu,370
36943,yolo_x_cpu,334
36944,yolo_x_cpu,385
36945,yolo_x_cpu,327
36946,yolo_x_cpu,321
36947,yolo_x_cpu,504
36948,yolo_x_cpu,523
36949,yolo_x_cpu,354
36950,yolo_x_cpu,289
36951,yolo_x_cpu,327
36952,yolo_x_cpu,299
36953,yolo_x_cpu,294
36954,yolo_x_cpu,262
36955,yolo_x_cpu,312
36956,yolo_x_cpu,308
36957,yolo_x_cpu,286
36958,yolo_x_cpu,284
36959,yolo_x_cpu,275
36960,yolo_x_cpu,273
36961,yolo_x_cpu,279
36962,yolo_x_cpu,251
36963,yolo_x_cpu,292
36964,yolo_x_cpu,307
36965,yolo_x_cpu,498
36966,yolo_x_cpu,275
36967,yolo_x_cpu,267
36968,yolo_x_cpu,224
36969,yolo_x_cpu,146
36970,yolo_x_cpu,218
36971,yolo_x_cpu,351
36972,yolo_x_cpu,197
36973,yolo_x_cpu,167
36974,yolo_x_cpu,185
36975,yolo_x_cpu,191
36976,yolo_x_cpu,162
36977,yolo_x_cpu,154
36978,yolo_x_cpu,178
36979,yolo_x_cpu,220
36980,yolo_x_cpu,235
36981,yolo_x_cpu,185
36982,yolo_x_cpu,160
36983,yolo_x_cpu,160
36984,yolo_x_cpu,121
36985,yolo_x_cpu,110
36986,yolo_x_cpu,143
36987,yolo_x_cpu,163
36988,yolo_x_cpu,120
36989,yolo_x_cpu,138
36990,yolo_x_cpu,122
36991,yolo_x_cpu,111
36992,yolo_x_cpu,110
36993,yolo_x_cpu,173
36994,yolo_x_cpu,95
36995,yolo_x_cpu,93
36996,yolo_x_cpu,111
36997,yolo_x_cpu,126
36998,yolo_x_cpu,126
36999,yolo_x_cpu,97
37000,yolo_x_cpu,100
37001,yolo_x_cpu,121
37002,yolo_x_cpu,134
37003,yolo_x_cpu,72
37004,yolo_x_cpu,113
37005,yolo_x_cpu,99
37006,yolo_x_cpu,77
37007,yolo_x_cpu,68
37008,yolo_x_cpu,173
37009,yolo_x_cpu,81
37010,yolo_x_cpu,75
37011,yolo_x_cpu,86
37012,yolo_x_cpu,92
37013,yolo_x_cpu,71
37014,yolo_x_cpu,73
37015,yolo_x_cpu,109
37016,yolo_x_cpu,146
37017,yolo_x_cpu,87
37018,yolo_x_cpu,101
37019,yolo_x_cpu,109
37020,yolo_x_cpu,97
37021,yolo_x_cpu,69
37022,yolo_x_cpu,91
37023,yolo_x_cpu,56
37024,yolo_x_cpu,73
37025,yolo_x_cpu,52
37026,yolo_x_cpu,94
37027,yolo_x_cpu,97
37028,yolo_x_cpu,90
37029,yolo_x_cpu,74
37030,yolo_x_cpu,70
37031,yolo_x_cpu,96
37032,yolo_x_cpu,97
37033,yolo_x_cpu,69
37034,yolo_x_cpu,118
37035,yolo_x_cpu,50
37036,yolo_x_cpu,75
37037,yolo_x_cpu,117
37038,yolo_x_cpu,88
37039,yolo_x_cpu,51
37040,yolo_x_cpu,89
37041,yolo_x_cpu,65
37042,yolo_x_cpu,91
37043,yolo_x_cpu,43
37044,yolo_x_cpu,72
37045,yolo_x_cpu,75
37046,yolo_x_cpu,136
37047,yolo_x_cpu,71
37048,yolo_x_cpu,51
37049,yolo_x_cpu,88
37050,yolo_x_cpu,71
37051,yolo_x_cpu,106
37052,yolo_x_cpu,78
37053,yolo_x_cpu,86
37054,yolo_x_cpu,63
37055,yolo_x_cpu,92
37056,yolo_x_cpu,66
37057,yolo_x_cpu,55
37058,yolo_x_cpu,81
37059,yolo_x_cpu,43
37060,yolo_x_cpu,68
37061,yolo_x_cpu,63
37062,yolo_x_cpu,60
37063,yolo_x_cpu,78
37064,yolo_x_cpu,77
37065,yolo_x_cpu,44
37066,yolo_x_cpu,26
37067,yolo_x_cpu,54
37068,yolo_x_cpu,51
37069,yolo_x_cpu,52
37070,yolo_x_cpu,52
37071,yolo_x_cpu,36
37072,yolo_x_cpu,41
37073,yolo_x_cpu,18
37074,yolo_x_cpu,39
37075,yolo_x_cpu,55
37076,yolo_x_cpu,42
37077,yolo_x_cpu,48
37078,yolo_x_cpu,47
37079,yolo_x_cpu,39
37080,yolo_x_cpu,39
37081,yolo_x_cpu,49
37082,yolo_x_cpu,47
37083,yolo_x_cpu,66
37084,yolo_x_cpu,95
37085,yolo_x_cpu,67
37086,yolo_x_cpu,59
37087,yolo_x_cpu,31
37088,yolo_x_cpu,40
37089,yolo_x_cpu,37
37090,yolo_x_cpu,12
37091,yolo_x_cpu,22
37092,yolo_x_cpu,35
37093,yolo_x_cpu,17
37094,yolo_x_cpu,54
37095,yolo_x_cpu,16
37096,yolo_x_cpu,33
37097,yolo_x_cpu,52
37098,yolo_x_cpu,24
37099,yolo_x_cpu,21
37100,yolo_x_cpu,22
37101,yolo_x_cpu,34
37102,yolo_x_cpu,17
37103,yolo_x_cpu,28
37104,yolo_x_cpu,45
37105,yolo_x_cpu,35
37106,yolo_x_cpu,58
37107,yolo_x_cpu,40
37108,yolo_x_cpu,34
37109,yolo_x_cpu,27
37110,yolo_x_cpu,52
37111,yolo_x_cpu,49
37112,yolo_x_cpu,50
37113,yolo_x_cpu,32
37114,yolo_x_cpu,38
37115,yolo_x_cpu,14
37116,yolo_x_cpu,34
37117,yolo_x_cpu,45
37118,yolo_x_cpu,59
37119,yolo_x_cpu,47
37120,yolo_x_cpu,27
37121,yolo_x_cpu,10
37122,yolo_x_cpu,31
37123,yolo_x_cpu,38
37124,yolo_x_cpu,35
37125,yolo_x_cpu,19
37126,yolo_x_cpu,31
37127,yolo_x_cpu,26
37128,yolo_x_cpu,42
37129,yolo_x_cpu,35
37130,yolo_x_cpu,39
37131,yolo_x_cpu,59
37132,yolo_x_cpu,47
37133,yolo_x_cpu,30
37134,yolo_x_cpu,46
37135,yolo_x_cpu,22
37136,yolo_x_cpu,18
37137,yolo_x_cpu,29
37138,yolo_x_cpu,60
37139,yolo_x_cpu,37
37140,yolo_x_cpu,39
37141,yolo_x_cpu,14
37142,yolo_x_cpu,17
37143,yolo_x_cpu,16
37144,yolo_x_cpu,38
37145,yolo_x_cpu,15
37146,yolo_x_cpu,18
37147,yolo_x_cpu,34
37148,yolo_x_cpu,41
37149,yolo_x_cpu,12
37150,yolo_x_cpu,18
37151,yolo_x_cpu,32
37152,yolo_x_cpu,21
37153,yolo_x_cpu,19
37154,yolo_x_cpu,37
37155,yolo_x_cpu,29
37156,yolo_x_cpu,39
37157,yolo_x_cpu,64
37158,yolo_x_cpu,28
37159,yolo_x_cpu,27
37160,yolo_x_cpu,24
37161,yolo_x_cpu,45
37162,yolo_x_cpu,8
37163,yolo_x_cpu,19
37164,yolo_x_cpu,12
37165,yolo_x_cpu,24
37166,yolo_x_cpu,23
37167,yolo_x_cpu,34
37168,yolo_x_cpu,30
37169,yolo_x_cpu,32
37170,yolo_x_cpu,26
37171,yolo_x_cpu,13
37172,yolo_x_cpu,8
37173,yolo_x_cpu,23
37174,yolo_x_cpu,25
37175,yolo_x_cpu,17
37176,yolo_x_cpu,27
37177,yolo_x_cpu,31
37178,yolo_x_cpu,26
37179,yolo_x_cpu,25
37180,yolo_x_cpu,38
37181,yolo_x_cpu,13
37182,yolo_x_cpu,14
37183,yolo_x_cpu,6
37184,yolo_x_cpu,11
37185,yolo_x_cpu,11
37186,yolo_x_cpu,23
37187,yolo_x_cpu,4
37188,yolo_x_cpu,4
37189,yolo_x_cpu,10
37190,yolo_x_cpu,28
37191,yolo_x_cpu,14
37192,yolo_x_cpu,19
37193,yolo_x_cpu,77
37194,yolo_x_cpu,10
37195,yolo_x_cpu,31
37196,yolo_x_cpu,30
37197,yolo_x_cpu,18
37198,yolo_x_cpu,12
37199,yolo_x_cpu,26
37200,yolo_x_cpu,23
37201,yolo_x_cpu,45
37202,yolo_x_cpu,63
37203,yolo_x_cpu,49
37204,yolo_x_cpu,59
37205,yolo_x_cpu,8
37206,yolo_x_cpu,25
37207,yolo_x_cpu,26
37208,yolo_x_cpu,16
37209,yolo_x_cpu,13
37210,yolo_x_cpu,10
37211,yolo_x_cpu,21
37212,yolo_x_cpu,31
37213,yolo_x_cpu,8
37214,yolo_x_cpu,19
37215,yolo_x_cpu,34
37216,yolo_x_cpu,30
37217,yolo_x_cpu,34
37218,yolo_x_cpu,72
37219,yolo_x_cpu,102
37220,yolo_x_cpu,154
37221,yolo_x_cpu,162
37222,yolo_x_cpu,92
37223,yolo_x_cpu,35
37224,yolo_x_cpu,47
37225,yolo_x_cpu,34
37226,yolo_x_cpu,107
37227,yolo_x_cpu,128
37228,yolo_x_cpu,117
37229,yolo_x_cpu,98
37230,yolo_x_cpu,121
37231,yolo_x_cpu,116
37232,yolo_x_cpu,102
37233,yolo_x_cpu,84
37234,yolo_x_cpu,107
37235,yolo_x_cpu,83
37236,yolo_x_cpu,112
37237,yolo_x_cpu,109
37238,yolo_x_cpu,55
37239,yolo_x_cpu,72
37240,yolo_x_cpu,93
37241,yolo_x_cpu,75
37242,yolo_x_cpu,121
37243,yolo_x_cpu,48
37244,yolo_x_cpu,104
37245,yolo_x_cpu,124
37246,yolo_x_cpu,113
37247,yolo_x_cpu,112
37248,yolo_x_cpu,100
37249,yolo_x_cpu,86
37250,yolo_x_cpu,50
37251,yolo_x_cpu,68
37252,yolo_x_cpu,50
37253,yolo_x_cpu,60
37254,yolo_x_cpu,57
37255,yolo_x_cpu,68
37256,yolo_x_cpu,70
37257,yolo_x_cpu,73
37258,yolo_x_cpu,70
37259,yolo_x_cpu,98
37260,yolo_x_cpu,70
37261,yolo_x_cpu,53
37262,yolo_x_cpu,66
37263,yolo_x_cpu,69
37264,yolo_x_cpu,107
37265,yolo_x_cpu,64
37266,yolo_x_cpu,61
37267,yolo_x_cpu,69
37268,yolo_x_cpu,61
37269,yolo_x_cpu,63
37270,yolo_x_cpu,62
37271,yolo_x_cpu,65
37272,yolo_x_cpu,55
37273,yolo_x_cpu,47
37274,yolo_x_cpu,43
37275,yolo_x_cpu,59
37276,yolo_x_cpu,61
37277,yolo_x_cpu,58
37278,yolo_x_cpu,73
37279,yolo_x_cpu,106
37280,yolo_x_cpu,60
37281,yolo_x_cpu,86
37282,yolo_x_cpu,104
37283,yolo_x_cpu,77
37284,yolo_x_cpu,65
37285,yolo_x_cpu,72
37286,yolo_x_cpu,55
37287,yolo_x_cpu,85
37288,yolo_x_cpu,52
37289,yolo_x_cpu,130
37290,yolo_x_cpu,65
37291,yolo_x_cpu,69
37292,yolo_x_cpu,64
37293,yolo_x_cpu,86
37294,yolo_x_cpu,106
37295,yolo_x_cpu,58
37296,yolo_x_cpu,101
37297,yolo_x_cpu,111
37298,yolo_x_cpu,125
37299,yolo_x_cpu,103
37300,yolo_x_cpu,81
37301,yolo_x_cpu,86
37302,yolo_x_cpu,75
37303,yolo_x_cpu,78
37304,yolo_x_cpu,114
37305,yolo_x_cpu,97
37306,yolo_x_cpu,95
37307,yolo_x_cpu,87
37308,yolo_x_cpu,89
37309,yolo_x_cpu,87
37310,yolo_x_cpu,92
37311,yolo_x_cpu,71
37312,yolo_x_cpu,66
37313,yolo_x_cpu,82
37314,yolo_x_cpu,111
37315,yolo_x_cpu,107
37316,yolo_x_cpu,82
37317,yolo_x_cpu,100
37318,yolo_x_cpu,66
37319,yolo_x_cpu,107
37320,yolo_x_cpu,115
37321,yolo_x_cpu,116
37322,yolo_x_cpu,124
37323,yolo_x_cpu,175
37324,yolo_x_cpu,139
37325,yolo_x_cpu,185
37326,yolo_x_cpu,151
37327,yolo_x_cpu,132
37328,yolo_x_cpu,174
37329,yolo_x_cpu,119
37330,yolo_x_cpu,161
37331,yolo_x_cpu,181
37332,yolo_x_cpu,135
37333,yolo_x_cpu,88
37334,yolo_x_cpu,127
37335,yolo_x_cpu,126
37336,yolo_x_cpu,138
37337,yolo_x_cpu,158
37338,yolo_x_cpu,191
37339,yolo_x_cpu,142
37340,yolo_x_cpu,104
37341,yolo_x_cpu,124
37342,yolo_x_cpu,151
37343,yolo_x_cpu,175
37344,yolo_x_cpu,248
37345,yolo_x_cpu,232
37346,yolo_x_cpu,255
37347,yolo_x_cpu,178
37348,yolo_x_cpu,177
37349,yolo_x_cpu,151
37350,yolo_x_cpu,199
37351,yolo_x_cpu,224
37352,yolo_x_cpu,208
37353,yolo_x_cpu,149
37354,yolo_x_cpu,208
37355,yolo_x_cpu,182
37356,yolo_x_cpu,175
37357,yolo_x_cpu,177
37358,yolo_x_cpu,255
37359,yolo_x_cpu,206
37360,yolo_x_cpu,219
37361,yolo_x_cpu,293
37362,yolo_x_cpu,254
37363,yolo_x_cpu,134
37364,yolo_x_cpu,227
37365,yolo_x_cpu,250
37366,yolo_x_cpu,225
37367,yolo_x_cpu,230
37368,yolo_x_cpu,223
37369,yolo_x_cpu,244
37370,yolo_x_cpu,281
37371,yolo_x_cpu,272
37372,yolo_x_cpu,324
37373,yolo_x_cpu,313
37374,yolo_x_cpu,249
37375,yolo_x_cpu,310
37376,yolo_x_cpu,233
37377,yolo_x_cpu,226
37378,yolo_x_cpu,413
37379,yolo_x_cpu,276
37380,yolo_x_cpu,385
37381,yolo_x_cpu,376
37382,yolo_x_cpu,369
37383,yolo_x_cpu,392
37384,yolo_x_cpu,412
37385,yolo_x_cpu,331
37386,yolo_x_cpu,285
37387,yolo_x_cpu,370
37388,yolo_x_cpu,317
37389,yolo_x_cpu,331
37390,yolo_x_cpu,337
37391,yolo_x_cpu,298
37392,yolo_x_cpu,275
37393,yolo_x_cpu,297
37394,yolo_x_cpu,417
37395,yolo_x_cpu,477
37396,yolo_x_cpu,391
37397,yolo_x_cpu,421
37398,yolo_x_cpu,384
37399,yolo_x_cpu,344
37400,yolo_x_cpu,426
37401,yolo_x_cpu,355
37402,yolo_x_cpu,345
37403,yolo_x_cpu,325
37404,yolo_x_cpu,303
37405,yolo_x_cpu,347
37406,yolo_x_cpu,445
37407,yolo_x_cpu,316
37408,yolo_x_cpu,348
37409,yolo_x_cpu,433
37410,yolo_x_cpu,315
37411,yolo_x_cpu,419
37412,yolo_x_cpu,314
37413,yolo_x_cpu,353
37414,yolo_x_cpu,368
37415,yolo_x_cpu,377
37416,yolo_x_cpu,434
37417,yolo_x_cpu,402
37418,yolo_x_cpu,363
37419,yolo_x_cpu,454
37420,yolo_x_cpu,557
37421,yolo_x_cpu,504
37422,yolo_x_cpu,472
37423,yolo_x_cpu,435
37424,yolo_x_cpu,412
37425,yolo_x_cpu,449
37426,yolo_x_cpu,417
37427,yolo_x_cpu,447
37428,yolo_x_cpu,514
37429,yolo_x_cpu,422
37430,yolo_x_cpu,464
37431,yolo_x_cpu,483
37432,yolo_x_cpu,519
37433,yolo_x_cpu,502
37434,yolo_x_cpu,556
37435,yolo_x_cpu,693
37436,yolo_x_cpu,509
37437,yolo_x_cpu,548
37438,yolo_x_cpu,505
37439,yolo_x_cpu,588
37440,yolo_x_cpu,582
37441,yolo_x_cpu,555
37442,yolo_x_cpu,544
37443,yolo_x_cpu,541
37444,yolo_x_cpu,533
37445,yolo_x_cpu,542
37446,yolo_x_cpu,594
37447,yolo_x_cpu,685
37448,yolo_x_cpu,627
37449,yolo_x_cpu,587
37450,yolo_x_cpu,658
37451,yolo_x_cpu,628
37452,yolo_x_cpu,622
37453,yolo_x_cpu,607
37454,yolo_x_cpu,605
37455,yolo_x_cpu,589
37456,yolo_x_cpu,568
37457,yolo_x_cpu,701
37458,yolo_x_cpu,489
37459,yolo_x_cpu,718
37460,yolo_x_cpu,710
37461,yolo_x_cpu,717
37462,yolo_x_cpu,861
37463,yolo_x_cpu,756
37464,yolo_x_cpu,655
37465,yolo_x_cpu,633
37466,yolo_x_cpu,675
37467,yolo_x_cpu,643
37468,yolo_x_cpu,635
37469,yolo_x_cpu,532
37470,yolo_x_cpu,609
37471,yolo_x_cpu,581
37472,yolo_x_cpu,588
37473,yolo_x_cpu,548
37474,yolo_x_cpu,525
37475,yolo_x_cpu,722
37476,yolo_x_cpu,696
37477,yolo_x_cpu,627
37478,yolo_x_cpu,837
37479,yolo_x_cpu,766
37480,yolo_x_cpu,658
37481,yolo_x_cpu,721
37482,yolo_x_cpu,497
37483,yolo_x_cpu,640
37484,yolo_x_cpu,698
37485,yolo_x_cpu,637
37486,yolo_x_cpu,632
37487,yolo_x_cpu,579
37488,yolo_x_cpu,656
37489,yolo_x_cpu,664
37490,yolo_x_cpu,721
37491,yolo_x_cpu,633
37492,yolo_x_cpu,740
37493,yolo_x_cpu,813
37494,yolo_x_cpu,590
37495,yolo_x_cpu,768
37496,yolo_x_cpu,632
37497,yolo_x_cpu,642
37498,yolo_x_cpu,643
37499,yolo_x_cpu,652
37500,yolo_x_cpu,687
37501,yolo_x_cpu,662
37502,yolo_x_cpu,691
37503,yolo_x_cpu,766
37504,yolo_x_cpu,712
37505,yolo_x_cpu,819
37506,yolo_x_cpu,803
37507,yolo_x_cpu,793
37508,yolo_x_cpu,692
37509,yolo_x_cpu,649
37510,yolo_x_cpu,794
37511,yolo_x_cpu,773
37512,yolo_x_cpu,658
37513,yolo_x_cpu,607
37514,yolo_x_cpu,709
37515,yolo_x_cpu,717
37516,yolo_x_cpu,675
37517,yolo_x_cpu,765
37518,yolo_x_cpu,630
37519,yolo_x_cpu,703
37520,yolo_x_cpu,600
37521,yolo_x_cpu,630
37522,yolo_x_cpu,619
37523,yolo_x_cpu,610
37524,yolo_x_cpu,627
37525,yolo_x_cpu,706
37526,yolo_x_cpu,743
37527,yolo_x_cpu,645
37528,yolo_x_cpu,688
37529,yolo_x_cpu,649
37530,yolo_x_cpu,663
37531,yolo_x_cpu,741
37532,yolo_x_cpu,870
37533,yolo_x_cpu,637
37534,yolo_x_cpu,621
37535,yolo_x_cpu,642
37536,yolo_x_cpu,612
37537,yolo_x_cpu,646
37538,yolo_x_cpu,827
37539,yolo_x_cpu,742
37540,yolo_x_cpu,757
37541,yolo_x_cpu,656
37542,yolo_x_cpu,711
37543,yolo_x_cpu,628
37544,yolo_x_cpu,674
37545,yolo_x_cpu,565
37546,yolo_x_cpu,668
37547,yolo_x_cpu,686
37548,yolo_x_cpu,813
37549,yolo_x_cpu,588
37550,yolo_x_cpu,729
37551,yolo_x_cpu,631
37552,yolo_x_cpu,616
37553,yolo_x_cpu,610
37554,yolo_x_cpu,615
37555,yolo_x_cpu,671
37556,yolo_x_cpu,644
37557,yolo_x_cpu,844
37558,yolo_x_cpu,873
37559,yolo_x_cpu,664
37560,yolo_x_cpu,587
37561,yolo_x_cpu,641
37562,yolo_x_cpu,644
37563,yolo_x_cpu,624
37564,yolo_x_cpu,531
37565,yolo_x_cpu,711
37566,yolo_x_cpu,611
37567,yolo_x_cpu,630
37568,yolo_x_cpu,782
37569,yolo_x_cpu,679
37570,yolo_x_cpu,671
37571,yolo_x_cpu,713
37572,yolo_x_cpu,681
37573,yolo_x_cpu,770
37574,yolo_x_cpu,706
37575,yolo_x_cpu,749
37576,yolo_x_cpu,666
37577,yolo_x_cpu,661
37578,yolo_x_cpu,760
37579,yolo_x_cpu,716
37580,yolo_x_cpu,725
37581,yolo_x_cpu,781
37582,yolo_x_cpu,644
37583,yolo_x_cpu,713
37584,yolo_x_cpu,645
37585,yolo_x_cpu,669
37586,yolo_x_cpu,648
37587,yolo_x_cpu,656
37588,yolo_x_cpu,674
37589,yolo_x_cpu,756
37590,yolo_x_cpu,771
37591,yolo_x_cpu,700
37592,yolo_x_cpu,786
37593,yolo_x_cpu,618
37594,yolo_x_cpu,788
37595,yolo_x_cpu,705
37596,yolo_x_cpu,835
37597,yolo_x_cpu,891
37598,yolo_x_cpu,953
37599,yolo_x_cpu,760
37600,yolo_x_cpu,662
37601,yolo_x_cpu,900
37602,yolo_x_cpu,968
37603,yolo_x_cpu,878
37604,yolo_x_cpu,691
37605,yolo_x_cpu,676
37606,yolo_x_cpu,738
37607,yolo_x_cpu,792
37608,yolo_x_cpu,803
37609,yolo_x_cpu,758
37610,yolo_x_cpu,732
37611,yolo_x_cpu,817
37612,yolo_x_cpu,785
37613,yolo_x_cpu,720
37614,yolo_x_cpu,667
37615,yolo_x_cpu,698
37616,yolo_x_cpu,748
37617,yolo_x_cpu,783
37618,yolo_x_cpu,810
37619,yolo_x_cpu,882
37620,yolo_x_cpu,868
37621,yolo_x_cpu,799
37622,yolo_x_cpu,799
37623,yolo_x_cpu,680
37624,yolo_x_cpu,611
37625,yolo_x_cpu,774
37626,yolo_x_cpu,697
37627,yolo_x_cpu,813
37628,yolo_x_cpu,803
37629,yolo_x_cpu,626
37630,yolo_x_cpu,762
37631,yolo_x_cpu,715
37632,yolo_x_cpu,644
37633,yolo_x_cpu,837
37634,yolo_x_cpu,856
37635,yolo_x_cpu,747
37636,yolo_x_cpu,852
37637,yolo_x_cpu,767
37638,yolo_x_cpu,839
37639,yolo_x_cpu,795
37640,yolo_x_cpu,660
37641,yolo_x_cpu,795
37642,yolo_x_cpu,779
37643,yolo_x_cpu,764
37644,yolo_x_cpu,614
37645,yolo_x_cpu,695
37646,yolo_x_cpu,688
37647,yolo_x_cpu,708
37648,yolo_x_cpu,595
37649,yolo_x_cpu,695
37650,yolo_x_cpu,635
37651,yolo_x_cpu,608
37652,yolo_x_cpu,786
37653,yolo_x_cpu,684
37654,yolo_x_cpu,724
37655,yolo_x_cpu,641
37656,yolo_x_cpu,709
37657,yolo_x_cpu,929
37658,yolo_x_cpu,820
37659,yolo_x_cpu,702
37660,yolo_x_cpu,633
37661,yolo_x_cpu,856
37662,yolo_x_cpu,737
37663,yolo_x_cpu,719
37664,yolo_x_cpu,693
37665,yolo_x_cpu,848
37666,yolo_x_cpu,775
37667,yolo_x_cpu,636
37668,yolo_x_cpu,637
37669,yolo_x_cpu,556
37670,yolo_x_cpu,626
37671,yolo_x_cpu,706
37672,yolo_x_cpu,607
37673,yolo_x_cpu,599
37674,yolo_x_cpu,649
37675,yolo_x_cpu,807
37676,yolo_x_cpu,712
37677,yolo_x_cpu,738
37678,yolo_x_cpu,810
37679,yolo_x_cpu,707
37680,yolo_x_cpu,698
37681,yolo_x_cpu,726
37682,yolo_x_cpu,754
37683,yolo_x_cpu,622
37684,yolo_x_cpu,689
37685,yolo_x_cpu,808
37686,yolo_x_cpu,727
37687,yolo_x_cpu,735
37688,yolo_x_cpu,826
37689,yolo_x_cpu,1103
37690,yolo_x_cpu,927
37691,yolo_x_cpu,855
37692,yolo_x_cpu,976
37693,yolo_x_cpu,1021
37694,yolo_x_cpu,1015
37695,yolo_x_cpu,987
37696,yolo_x_cpu,1047
37697,yolo_x_cpu,993
37698,yolo_x_cpu,1075
37699,yolo_x_cpu,1256
37700,yolo_x_cpu,1212
37701,yolo_x_cpu,1137
37702,yolo_x_cpu,1338
37703,yolo_x_cpu,1196
37704,yolo_x_cpu,1332
37705,yolo_x_cpu,1276
37706,yolo_x_cpu,1328
37707,yolo_x_cpu,1346
37708,yolo_x_cpu,1336
37709,yolo_x_cpu,1549
37710,yolo_x_cpu,1414
37711,yolo_x_cpu,1577
37712,yolo_x_cpu,1650
37713,yolo_x_cpu,1831
37714,yolo_x_cpu,1774
37715,yolo_x_cpu,1688
37716,yolo_x_cpu,1505
37717,yolo_x_cpu,1582
37718,yolo_x_cpu,1509
37719,yolo_x_cpu,1511
37720,yolo_x_cpu,1604
37721,yolo_x_cpu,1644
37722,yolo_x_cpu,1532
37723,yolo_x_cpu,1878
37724,yolo_x_cpu,1613
37725,yolo_x_cpu,1892
37726,yolo_x_cpu,1556
37727,yolo_x_cpu,1696
37728,yolo_x_cpu,1571
37729,yolo_x_cpu,1568
37730,yolo_x_cpu,1570
37731,yolo_x_cpu,1585
37732,yolo_x_cpu,1458
37733,yolo_x_cpu,1552
37734,yolo_x_cpu,1633
37735,yolo_x_cpu,1649
37736,yolo_x_cpu,1587
37737,yolo_x_cpu,1442
37738,yolo_x_cpu,1500
37739,yolo_x_cpu,1422
37740,yolo_x_cpu,1349
37741,yolo_x_cpu,1400
37742,yolo_x_cpu,1339
37743,yolo_x_cpu,1380
37744,yolo_x_cpu,1386
37745,yolo_x_cpu,1381
37746,yolo_x_cpu,1334
37747,yolo_x_cpu,1367
37748,yolo_x_cpu,1431
37749,yolo_x_cpu,1313
37750,yolo_x_cpu,1351
37751,yolo_x_cpu,1382
37752,yolo_x_cpu,1445
37753,yolo_x_cpu,1471
37754,yolo_x_cpu,1404
37755,yolo_x_cpu,1215
37756,yolo_x_cpu,1293
37757,yolo_x_cpu,1298
37758,yolo_x_cpu,1292
37759,yolo_x_cpu,1086
37760,yolo_x_cpu,1324
37761,yolo_x_cpu,1251
37762,yolo_x_cpu,1108
37763,yolo_x_cpu,1166
37764,yolo_x_cpu,1146
37765,yolo_x_cpu,1018
37766,yolo_x_cpu,1268
37767,yolo_x_cpu,1181
37768,yolo_x_cpu,1117
37769,yolo_x_cpu,1290
37770,yolo_x_cpu,1236
37771,yolo_x_cpu,1228
37772,yolo_x_cpu,1272
37773,yolo_x_cpu,1222
37774,yolo_x_cpu,1213
37775,yolo_x_cpu,1184
37776,yolo_x_cpu,1063
37777,yolo_x_cpu,1037
37778,yolo_x_cpu,1226
37779,yolo_x_cpu,1069
37780,yolo_x_cpu,1032
37781,yolo_x_cpu,976
37782,yolo_x_cpu,895
37783,yolo_x_cpu,1013
37784,yolo_x_cpu,1048
37785,yolo_x_cpu,1012
37786,yolo_x_cpu,861
37787,yolo_x_cpu,995
37788,yolo_x_cpu,1018
37789,yolo_x_cpu,1004
37790,yolo_x_cpu,1119
37791,yolo_x_cpu,892
37792,yolo_x_cpu,952
37793,yolo_x_cpu,832
37794,yolo_x_cpu,1011
37795,yolo_x_cpu,881
37796,yolo_x_cpu,1087
37797,yolo_x_cpu,895
37798,yolo_x_cpu,863
37799,yolo_x_cpu,907
37800,yolo_x_cpu,876
37801,yolo_x_cpu,881
37802,yolo_x_cpu,1077
37803,yolo_x_cpu,871
37804,yolo_x_cpu,843
37805,yolo_x_cpu,873
37806,yolo_x_cpu,834
37807,yolo_x_cpu,1350
37808,yolo_x_cpu,989
37809,yolo_x_cpu,828
37810,yolo_x_cpu,948
37811,yolo_x_cpu,851
37812,yolo_x_cpu,726
37813,yolo_x_cpu,705
37814,yolo_x_cpu,787
37815,yolo_x_cpu,842
37816,yolo_x_cpu,841
37817,yolo_x_cpu,634
37818,yolo_x_cpu,679
37819,yolo_x_cpu,664
37820,yolo_x_cpu,566
37821,yolo_x_cpu,546
37822,yolo_x_cpu,687
37823,yolo_x_cpu,849
37824,yolo_x_cpu,852
37825,yolo_x_cpu,910
37826,yolo_x_cpu,774
37827,yolo_x_cpu,773
37828,yolo_x_cpu,778
37829,yolo_x_cpu,848
37830,yolo_x_cpu,741
37831,yolo_x_cpu,727
37832,yolo_x_cpu,594
37833,yolo_x_cpu,618
37834,yolo_x_cpu,627
37835,yolo_x_cpu,607
37836,yolo_x_cpu,611
37837,yolo_x_cpu,521
37838,yolo_x_cpu,526
37839,yolo_x_cpu,566
37840,yolo_x_cpu,620
37841,yolo_x_cpu,709
37842,yolo_x_cpu,643
37843,yolo_x_cpu,492
37844,yolo_x_cpu,603
37845,yolo_x_cpu,492
37846,yolo_x_cpu,553
37847,yolo_x_cpu,693
37848,yolo_x_cpu,629
37849,yolo_x_cpu,635
37850,yolo_x_cpu,565
37851,yolo_x_cpu,609
37852,yolo_x_cpu,741
37853,yolo_x_cpu,694
37854,yolo_x_cpu,684
37855,yolo_x_cpu,647
37856,yolo_x_cpu,650
37857,yolo_x_cpu,661
37858,yolo_x_cpu,538
37859,yolo_x_cpu,592
37860,yolo_x_cpu,630
37861,yolo_x_cpu,654
37862,yolo_x_cpu,574
37863,yolo_x_cpu,755
37864,yolo_x_cpu,678
37865,yolo_x_cpu,567
37866,yolo_x_cpu,669
37867,yolo_x_cpu,719
37868,yolo_x_cpu,580
37869,yolo_x_cpu,630
37870,yolo_x_cpu,651
37871,yolo_x_cpu,676
37872,yolo_x_cpu,667
37873,yolo_x_cpu,657
37874,yolo_x_cpu,625
37875,yolo_x_cpu,748
37876,yolo_x_cpu,636
37877,yolo_x_cpu,730
37878,yolo_x_cpu,630
37879,yolo_x_cpu,612
37880,yolo_x_cpu,682
37881,yolo_x_cpu,697
37882,yolo_x_cpu,786
37883,yolo_x_cpu,719
37884,yolo_x_cpu,746
37885,yolo_x_cpu,655
37886,yolo_x_cpu,622
37887,yolo_x_cpu,676
37888,yolo_x_cpu,800
37889,yolo_x_cpu,677
37890,yolo_x_cpu,727
37891,yolo_x_cpu,615
37892,yolo_x_cpu,701
37893,yolo_x_cpu,630
37894,yolo_x_cpu,675
37895,yolo_x_cpu,852
37896,yolo_x_cpu,913
37897,yolo_x_cpu,894
37898,yolo_x_cpu,905
37899,yolo_x_cpu,828
37900,yolo_x_cpu,822
37901,yolo_x_cpu,728
37902,yolo_x_cpu,747
37903,yolo_x_cpu,852
37904,yolo_x_cpu,843
37905,yolo_x_cpu,783
37906,yolo_x_cpu,736
37907,yolo_x_cpu,850
37908,yolo_x_cpu,914
37909,yolo_x_cpu,740
37910,yolo_x_cpu,655
37911,yolo_x_cpu,729
37912,yolo_x_cpu,798
37913,yolo_x_cpu,767
37914,yolo_x_cpu,652
37915,yolo_x_cpu,765
37916,yolo_x_cpu,732
37917,yolo_x_cpu,823
37918,yolo_x_cpu,794
37919,yolo_x_cpu,933
37920,yolo_x_cpu,1002
37921,yolo_x_cpu,987
37922,yolo_x_cpu,872
37923,yolo_x_cpu,1116
37924,yolo_x_cpu,837
37925,yolo_x_cpu,818
37926,yolo_x_cpu,953
37927,yolo_x_cpu,937
37928,yolo_x_cpu,890
37929,yolo_x_cpu,966
37930,yolo_x_cpu,1000
37931,yolo_x_cpu,907
37932,yolo_x_cpu,998
37933,yolo_x_cpu,1029
37934,yolo_x_cpu,1053
37935,yolo_x_cpu,1122
37936,yolo_x_cpu,1107
37937,yolo_x_cpu,1044
37938,yolo_x_cpu,1013
37939,yolo_x_cpu,1101
37940,yolo_x_cpu,1015
37941,yolo_x_cpu,1078
37942,yolo_x_cpu,1034
37943,yolo_x_cpu,1002
37944,yolo_x_cpu,1141
37945,yolo_x_cpu,1108
37946,yolo_x_cpu,1024
37947,yolo_x_cpu,1067
37948,yolo_x_cpu,1038
37949,yolo_x_cpu,1095
37950,yolo_x_cpu,1001
37951,yolo_x_cpu,1169
37952,yolo_x_cpu,1243
37953,yolo_x_cpu,1177
37954,yolo_x_cpu,1222
37955,yolo_x_cpu,1225
37956,yolo_x_cpu,1182
37957,yolo_x_cpu,1169
37958,yolo_x_cpu,1289
37959,yolo_x_cpu,1302
37960,yolo_x_cpu,1223
37961,yolo_x_cpu,1255
37962,yolo_x_cpu,1380
37963,yolo_x_cpu,1315
37964,yolo_x_cpu,1434
37965,yolo_x_cpu,1491
37966,yolo_x_cpu,1527
37967,yolo_x_cpu,1512
37968,yolo_x_cpu,1659
37969,yolo_x_cpu,1380
37970,yolo_x_cpu,1462
37971,yolo_x_cpu,1433
37972,yolo_x_cpu,1714
37973,yolo_x_cpu,1490
37974,yolo_x_cpu,1496
37975,yolo_x_cpu,1546
37976,yolo_x_cpu,1680
37977,yolo_x_cpu,1731
37978,yolo_x_cpu,1716
37979,yolo_x_cpu,1562
37980,yolo_x_cpu,1678
37981,yolo_x_cpu,1788
37982,yolo_x_cpu,2256
37983,yolo_x_cpu,2125
37984,yolo_x_cpu,1753
37985,yolo_x_cpu,1867
37986,yolo_x_cpu,1764
37987,yolo_x_cpu,1889
37988,yolo_x_cpu,1945
37989,yolo_x_cpu,1845
37990,yolo_x_cpu,1733
37991,yolo_x_cpu,1889
37992,yolo_x_cpu,1641
37993,yolo_x_cpu,1758
37994,yolo_x_cpu,1874
37995,yolo_x_cpu,1869
37996,yolo_x_cpu,1829
37997,yolo_x_cpu,1849
37998,yolo_x_cpu,1848
37999,yolo_x_cpu,1932
38000,yolo_x_cpu,2039
38001,yolo_x_cpu,1703
38002,yolo_x_cpu,2029
38003,yolo_x_cpu,1798
38004,yolo_x_cpu,1782
38005,yolo_x_cpu,1710
38006,yolo_x_cpu,1826
38007,yolo_x_cpu,1933
38008,yolo_x_cpu,2086
38009,yolo_x_cpu,1870
38010,yolo_x_cpu,1962
38011,yolo_x_cpu,2019
38012,yolo_x_cpu,1972
38013,yolo_x_cpu,2120
38014,yolo_x_cpu,2121
38015,yolo_x_cpu,2050
38016,yolo_x_cpu,2136
38017,yolo_x_cpu,1924
38018,yolo_x_cpu,2233
38019,yolo_x_cpu,2179
38020,yolo_x_cpu,2116
38021,yolo_x_cpu,2059
38022,yolo_x_cpu,1985
38023,yolo_x_cpu,2025
38024,yolo_x_cpu,2088
38025,yolo_x_cpu,2280
38026,yolo_x_cpu,2337
38027,yolo_x_cpu,2204
38028,yolo_x_cpu,1914
38029,yolo_x_cpu,2199
38030,yolo_x_cpu,1971
38031,yolo_x_cpu,2027
38032,yolo_x_cpu,1877
38033,yolo_x_cpu,2000
38034,yolo_x_cpu,2047
38035,yolo_x_cpu,1914
38036,yolo_x_cpu,1973
38037,yolo_x_cpu,1866
38038,yolo_x_cpu,1966
38039,yolo_x_cpu,1827
38040,yolo_x_cpu,2043
38041,yolo_x_cpu,2039
38042,yolo_x_cpu,1882
38043,yolo_x_cpu,2039
38044,yolo_x_cpu,1923
38045,yolo_x_cpu,1904
38046,yolo_x_cpu,1924
38047,yolo_x_cpu,1967
38048,yolo_x_cpu,2142
38049,yolo_x_cpu,2087
38050,yolo_x_cpu,1933
38051,yolo_x_cpu,2047
38052,yolo_x_cpu,2124
38053,yolo_x_cpu,1943
38054,yolo_x_cpu,1969
38055,yolo_x_cpu,2042
38056,yolo_x_cpu,2195
38057,yolo_x_cpu,2036
38058,yolo_x_cpu,2221
38059,yolo_x_cpu,1991
38060,yolo_x_cpu,2132
38061,yolo_x_cpu,1965
38062,yolo_x_cpu,2144
38063,yolo_x_cpu,2162
38064,yolo_x_cpu,2453
38065,yolo_x_cpu,2169
38066,yolo_x_cpu,2601
38067,yolo_x_cpu,2484
38068,yolo_x_cpu,2220
38069,yolo_x_cpu,2122
38070,yolo_x_cpu,2218
38071,yolo_x_cpu,2204
38072,yolo_x_cpu,2368
38073,yolo_x_cpu,1997
38074,yolo_x_cpu,2180
38075,yolo_x_cpu,2276
38076,yolo_x_cpu,2296
38077,yolo_x_cpu,2244
38078,yolo_x_cpu,2256
38079,yolo_x_cpu,2541
38080,yolo_x_cpu,2330
38081,yolo_x_cpu,2281
38082,yolo_x_cpu,2206
38083,yolo_x_cpu,2246
38084,yolo_x_cpu,2348
38085,yolo_x_cpu,2055
38086,yolo_x_cpu,2340
38087,yolo_x_cpu,2178
38088,yolo_x_cpu,2245
38089,yolo_x_cpu,2320
38090,yolo_x_cpu,2331
38091,yolo_x_cpu,2410
38092,yolo_x_cpu,2130
38093,yolo_x_cpu,2217
38094,yolo_x_cpu,2332
38095,yolo_x_cpu,2308
38096,yolo_x_cpu,2452
38097,yolo_x_cpu,2542
38098,yolo_x_cpu,2542
38099,yolo_x_cpu,2487
38100,yolo_x_cpu,2646
38101,yolo_x_cpu,2740
38102,yolo_x_cpu,2626
38103,yolo_x_cpu,2547
38104,yolo_x_cpu,2582
38105,yolo_x_cpu,2704
38106,yolo_x_cpu,2398
38107,yolo_x_cpu,2280
38108,yolo_x_cpu,2587
38109,yolo_x_cpu,2355
38110,yolo_x_cpu,2369
38111,yolo_x_cpu,2485
38112,yolo_x_cpu,2732
38113,yolo_x_cpu,2579
38114,yolo_x_cpu,2383
38115,yolo_x_cpu,2188
38116,yolo_x_cpu,2198
38117,yolo_x_cpu,2293
38118,yolo_x_cpu,2315
38119,yolo_x_cpu,2306
38120,yolo_x_cpu,2290
38121,yolo_x_cpu,2519
38122,yolo_x_cpu,2429
38123,yolo_x_cpu,2487
38124,yolo_x_cpu,2604
38125,yolo_x_cpu,2525
38126,yolo_x_cpu,2344
38127,yolo_x_cpu,2434
38128,yolo_x_cpu,2584
38129,yolo_x_cpu,2594
38130,yolo_x_cpu,2630
38131,yolo_x_cpu,2910
38132,yolo_x_cpu,2629
38133,yolo_x_cpu,2476
38134,yolo_x_cpu,2329
38135,yolo_x_cpu,2454
38136,yolo_x_cpu,2699
38137,yolo_x_cpu,2474
38138,yolo_x_cpu,2453
38139,yolo_x_cpu,2522
38140,yolo_x_cpu,2634
38141,yolo_x_cpu,2278
38142,yolo_x_cpu,2469
38143,yolo_x_cpu,2469
38144,yolo_x_cpu,2635
38145,yolo_x_cpu,2665
38146,yolo_x_cpu,2574
38147,yolo_x_cpu,2529
38148,yolo_x_cpu,2304
38149,yolo_x_cpu,2430
38150,yolo_x_cpu,2516
38151,yolo_x_cpu,2630
38152,yolo_x_cpu,2469
38153,yolo_x_cpu,2435
38154,yolo_x_cpu,2491
38155,yolo_x_cpu,2480
38156,yolo_x_cpu,2564
38157,yolo_x_cpu,2662
38158,yolo_x_cpu,2517
38159,yolo_x_cpu,2403
38160,yolo_x_cpu,2317
38161,yolo_x_cpu,2230
38162,yolo_x_cpu,2501
38163,yolo_x_cpu,2139
38164,yolo_x_cpu,2384
38165,yolo_x_cpu,2527
38166,yolo_x_cpu,2209
38167,yolo_x_cpu,2141
38168,yolo_x_cpu,2312
38169,yolo_x_cpu,2217
38170,yolo_x_cpu,2236
38171,yolo_x_cpu,2111
38172,yolo_x_cpu,2094
38173,yolo_x_cpu,2355
38174,yolo_x_cpu,2168
38175,yolo_x_cpu,2426
38176,yolo_x_cpu,2141
38177,yolo_x_cpu,2293
38178,yolo_x_cpu,2386
38179,yolo_x_cpu,2188
38180,yolo_x_cpu,2203
38181,yolo_x_cpu,2271
38182,yolo_x_cpu,2136
38183,yolo_x_cpu,2097
38184,yolo_x_cpu,2315
38185,yolo_x_cpu,2245
38186,yolo_x_cpu,2160
38187,yolo_x_cpu,2403
38188,yolo_x_cpu,2340
38189,yolo_x_cpu,2249
38190,yolo_x_cpu,2298
38191,yolo_x_cpu,2576
38192,yolo_x_cpu,2443
38193,yolo_x_cpu,2503
38194,yolo_x_cpu,2402
38195,yolo_x_cpu,2466
38196,yolo_x_cpu,2254
38197,yolo_x_cpu,2396
38198,yolo_x_cpu,2171
38199,yolo_x_cpu,2091
38200,yolo_x_cpu,2303
38201,yolo_x_cpu,2207
38202,yolo_x_cpu,2266
38203,yolo_x_cpu,2040
38204,yolo_x_cpu,2201
38205,yolo_x_cpu,2127
38206,yolo_x_cpu,2230
38207,yolo_x_cpu,2119
38208,yolo_x_cpu,2147
38209,yolo_x_cpu,2164
38210,yolo_x_cpu,2154
38211,yolo_x_cpu,2213
38212,yolo_x_cpu,2158
38213,yolo_x_cpu,2221
38214,yolo_x_cpu,2134
38215,yolo_x_cpu,2236
38216,yolo_x_cpu,2150
38217,yolo_x_cpu,2196
38218,yolo_x_cpu,2212
38219,yolo_x_cpu,2055
38220,yolo_x_cpu,2284
38221,yolo_x_cpu,2160
38222,yolo_x_cpu,2217
38223,yolo_x_cpu,2181
38224,yolo_x_cpu,2018
38225,yolo_x_cpu,2036
38226,yolo_x_cpu,1879
38227,yolo_x_cpu,1872
38228,yolo_x_cpu,1931
38229,yolo_x_cpu,2076
38230,yolo_x_cpu,2156
38231,yolo_x_cpu,2087
38232,yolo_x_cpu,1952
38233,yolo_x_cpu,1950
38234,yolo_x_cpu,2132
38235,yolo_x_cpu,2269
38236,yolo_x_cpu,2049
38237,yolo_x_cpu,2105
38238,yolo_x_cpu,2043
38239,yolo_x_cpu,1831
38240,yolo_x_cpu,2004
38241,yolo_x_cpu,1902
38242,yolo_x_cpu,1880
38243,yolo_x_cpu,1744
38244,yolo_x_cpu,1777
38245,yolo_x_cpu,1973
38246,yolo_x_cpu,1861
38247,yolo_x_cpu,1930
38248,yolo_x_cpu,2018
38249,yolo_x_cpu,1775
38250,yolo_x_cpu,1791
38251,yolo_x_cpu,1862
38252,yolo_x_cpu,1736
38253,yolo_x_cpu,1862
38254,yolo_x_cpu,1908
38255,yolo_x_cpu,2005
38256,yolo_x_cpu,1923
38257,yolo_x_cpu,1881
38258,yolo_x_cpu,1841
38259,yolo_x_cpu,1890
38260,yolo_x_cpu,1819
38261,yolo_x_cpu,1844
38262,yolo_x_cpu,1940
38263,yolo_x_cpu,1753
38264,yolo_x_cpu,1856
38265,yolo_x_cpu,1638
38266,yolo_x_cpu,1770
38267,yolo_x_cpu,1779
38268,yolo_x_cpu,1786
38269,yolo_x_cpu,1805
38270,yolo_x_cpu,1739
38271,yolo_x_cpu,1903
38272,yolo_x_cpu,1593
38273,yolo_x_cpu,1847
38274,yolo_x_cpu,1716
38275,yolo_x_cpu,1622
38276,yolo_x_cpu,1567
38277,yolo_x_cpu,1571
38278,yolo_x_cpu,1638
38279,yolo_x_cpu,1694
38280,yolo_x_cpu,1728
38281,yolo_x_cpu,1604
38282,yolo_x_cpu,1506
38283,yolo_x_cpu,1427
38284,yolo_x_cpu,1672
38285,yolo_x_cpu,1680
38286,yolo_x_cpu,1447
38287,yolo_x_cpu,1463
38288,yolo_x_cpu,1455
38289,yolo_x_cpu,1438
38290,yolo_x_cpu,1506
38291,yolo_x_cpu,1397
38292,yolo_x_cpu,1357
38293,yolo_x_cpu,1354
38294,yolo_x_cpu,1395
38295,yolo_x_cpu,1277
38296,yolo_x_cpu,1410
38297,yolo_x_cpu,1266
38298,yolo_x_cpu,1363
38299,yolo_x_cpu,1212
38300,yolo_x_cpu,1158
38301,yolo_x_cpu,1211
38302,yolo_x_cpu,1077
38303,yolo_x_cpu,1151
38304,yolo_x_cpu,1125
38305,yolo_x_cpu,1080
38306,yolo_x_cpu,1021
38307,yolo_x_cpu,1031
38308,yolo_x_cpu,1053
38309,yolo_x_cpu,990
38310,yolo_x_cpu,1012
38311,yolo_x_cpu,1200
38312,yolo_x_cpu,923
38313,yolo_x_cpu,1078
38314,yolo_x_cpu,918
38315,yolo_x_cpu,888
38316,yolo_x_cpu,883
38317,yolo_x_cpu,999
38318,yolo_x_cpu,936
38319,yolo_x_cpu,980
38320,yolo_x_cpu,1022
38321,yolo_x_cpu,1185
38322,yolo_x_cpu,1011
38323,yolo_x_cpu,873
38324,yolo_x_cpu,927
38325,yolo_x_cpu,983
38326,yolo_x_cpu,978
38327,yolo_x_cpu,1013
38328,yolo_x_cpu,862
38329,yolo_x_cpu,895
38330,yolo_x_cpu,869
38331,yolo_x_cpu,797
38332,yolo_x_cpu,713
38333,yolo_x_cpu,805
38334,yolo_x_cpu,800
38335,yolo_x_cpu,790
38336,yolo_x_cpu,638
38337,yolo_x_cpu,572
38338,yolo_x_cpu,605
38339,yolo_x_cpu,537
38340,yolo_x_cpu,521
38341,yolo_x_cpu,579
38342,yolo_x_cpu,719
38343,yolo_x_cpu,670
38344,yolo_x_cpu,667
38345,yolo_x_cpu,645
38346,yolo_x_cpu,575
38347,yolo_x_cpu,640
38348,yolo_x_cpu,712
38349,yolo_x_cpu,722
38350,yolo_x_cpu,616
38351,yolo_x_cpu,558
38352,yolo_x_cpu,578
38353,yolo_x_cpu,678
38354,yolo_x_cpu,534
38355,yolo_x_cpu,490
38356,yolo_x_cpu,507
38357,yolo_x_cpu,457
38358,yolo_x_cpu,516
38359,yolo_x_cpu,599
38360,yolo_x_cpu,511
38361,yolo_x_cpu,538
38362,yolo_x_cpu,557
38363,yolo_x_cpu,586
38364,yolo_x_cpu,474
38365,yolo_x_cpu,557
38366,yolo_x_cpu,633
38367,yolo_x_cpu,499
38368,yolo_x_cpu,428
38369,yolo_x_cpu,458
38370,yolo_x_cpu,477
38371,yolo_x_cpu,424
38372,yolo_x_cpu,532
38373,yolo_x_cpu,444
38374,yolo_x_cpu,586
38375,yolo_x_cpu,464
38376,yolo_x_cpu,502
38377,yolo_x_cpu,498
38378,yolo_x_cpu,324
38379,yolo_x_cpu,386
38380,yolo_x_cpu,395
38381,yolo_x_cpu,368
38382,yolo_x_cpu,333
38383,yolo_x_cpu,484
38384,yolo_x_cpu,342
38385,yolo_x_cpu,321
38386,yolo_x_cpu,377
38387,yolo_x_cpu,347
38388,yolo_x_cpu,345
38389,yolo_x_cpu,298
38390,yolo_x_cpu,314
38391,yolo_x_cpu,455
38392,yolo_x_cpu,409
38393,yolo_x_cpu,348
38394,yolo_x_cpu,327
38395,yolo_x_cpu,353
38396,yolo_x_cpu,320
38397,yolo_x_cpu,295
38398,yolo_x_cpu,318
38399,yolo_x_cpu,271
38400,yolo_x_cpu,235
38401,yolo_x_cpu,359
38402,yolo_x_cpu,266
38403,yolo_x_cpu,212
38404,yolo_x_cpu,299
38405,yolo_x_cpu,246
38406,yolo_x_cpu,363
38407,yolo_x_cpu,253
38408,yolo_x_cpu,245
38409,yolo_x_cpu,231
38410,yolo_x_cpu,283
38411,yolo_x_cpu,216
38412,yolo_x_cpu,249
38413,yolo_x_cpu,228
38414,yolo_x_cpu,265
38415,yolo_x_cpu,268
38416,yolo_x_cpu,193
38417,yolo_x_cpu,273
38418,yolo_x_cpu,337
38419,yolo_x_cpu,376
38420,yolo_x_cpu,269
38421,yolo_x_cpu,224
38422,yolo_x_cpu,781
38423,yolo_x_cpu,1006
38424,yolo_x_cpu,1325
38425,yolo_x_cpu,781
38426,yolo_x_cpu,175
38427,yolo_x_cpu,197
38428,yolo_x_cpu,191
38429,yolo_x_cpu,142
38430,yolo_x_cpu,86
38431,yolo_x_cpu,147
38432,yolo_x_cpu,146
38433,yolo_x_cpu,130
38434,yolo_x_cpu,129
38435,yolo_x_cpu,97
38436,yolo_x_cpu,138
38437,yolo_x_cpu,188
38438,yolo_x_cpu,127
38439,yolo_x_cpu,144
38440,yolo_x_cpu,159
38441,yolo_x_cpu,158
38442,yolo_x_cpu,62
38443,yolo_x_cpu,119
38444,yolo_x_cpu,108
38445,yolo_x_cpu,97
38446,yolo_x_cpu,113
38447,yolo_x_cpu,129
38448,yolo_x_cpu,81
38449,yolo_x_cpu,117
38450,yolo_x_cpu,105
38451,yolo_x_cpu,80
38452,yolo_x_cpu,68
38453,yolo_x_cpu,68
38454,yolo_x_cpu,71
38455,yolo_x_cpu,71
38456,yolo_x_cpu,62
38457,yolo_x_cpu,98
38458,yolo_x_cpu,136
38459,yolo_x_cpu,151
38460,yolo_x_cpu,101
38461,yolo_x_cpu,106
38462,yolo_x_cpu,151
38463,yolo_x_cpu,74
38464,yolo_x_cpu,102
38465,yolo_x_cpu,88
38466,yolo_x_cpu,91
38467,yolo_x_cpu,123
38468,yolo_x_cpu,114
38469,yolo_x_cpu,89
38470,yolo_x_cpu,204
38471,yolo_x_cpu,119
38472,yolo_x_cpu,164
38473,yolo_x_cpu,123
38474,yolo_x_cpu,89
38475,yolo_x_cpu,53
38476,yolo_x_cpu,89
38477,yolo_x_cpu,50
38478,yolo_x_cpu,129
38479,yolo_x_cpu,120
38480,yolo_x_cpu,84
38481,yolo_x_cpu,65
38482,yolo_x_cpu,115
38483,yolo_x_cpu,107
38484,yolo_x_cpu,119
38485,yolo_x_cpu,122
38486,yolo_x_cpu,101
38487,yolo_x_cpu,52
38488,yolo_x_cpu,41
38489,yolo_x_cpu,84
38490,yolo_x_cpu,67
38491,yolo_x_cpu,72
38492,yolo_x_cpu,103
38493,yolo_x_cpu,77
38494,yolo_x_cpu,155
38495,yolo_x_cpu,123
38496,yolo_x_cpu,70
38497,yolo_x_cpu,98
38498,yolo_x_cpu,67
38499,yolo_x_cpu,160
38500,yolo_x_cpu,126
38501,yolo_x_cpu,46
38502,yolo_x_cpu,71
38503,yolo_x_cpu,130
38504,yolo_x_cpu,113
38505,yolo_x_cpu,104
38506,yolo_x_cpu,101
38507,yolo_x_cpu,60
38508,yolo_x_cpu,62
38509,yolo_x_cpu,57
38510,yolo_x_cpu,60
38511,yolo_x_cpu,129
38512,yolo_x_cpu,116
38513,yolo_x_cpu,49
38514,yolo_x_cpu,104
38515,yolo_x_cpu,77
38516,yolo_x_cpu,101
38517,yolo_x_cpu,60
38518,yolo_x_cpu,109
38519,yolo_x_cpu,93
38520,yolo_x_cpu,51
38521,yolo_x_cpu,58
38522,yolo_x_cpu,93
38523,yolo_x_cpu,79
38524,yolo_x_cpu,81
38525,yolo_x_cpu,59
38526,yolo_x_cpu,61
38527,yolo_x_cpu,53
38528,yolo_x_cpu,26
38529,yolo_x_cpu,116
38530,yolo_x_cpu,37
38531,yolo_x_cpu,92
38532,yolo_x_cpu,41
38533,yolo_x_cpu,50
38534,yolo_x_cpu,90
38535,yolo_x_cpu,63
38536,yolo_x_cpu,48
38537,yolo_x_cpu,65
38538,yolo_x_cpu,26
38539,yolo_x_cpu,50
38540,yolo_x_cpu,35
38541,yolo_x_cpu,59
38542,yolo_x_cpu,77
38543,yolo_x_cpu,48
38544,yolo_x_cpu,65
38545,yolo_x_cpu,14
38546,yolo_x_cpu,36
38547,yolo_x_cpu,31
38548,yolo_x_cpu,58
38549,yolo_x_cpu,62
38550,yolo_x_cpu,71
38551,yolo_x_cpu,25
38552,yolo_x_cpu,34
38553,yolo_x_cpu,46
38554,yolo_x_cpu,45
38555,yolo_x_cpu,48
38556,yolo_x_cpu,82
38557,yolo_x_cpu,24
38558,yolo_x_cpu,20
38559,yolo_x_cpu,69
38560,yolo_x_cpu,40
38561,yolo_x_cpu,26
38562,yolo_x_cpu,32
38563,yolo_x_cpu,52
38564,yolo_x_cpu,26
38565,yolo_x_cpu,37
38566,yolo_x_cpu,39
38567,yolo_x_cpu,42
38568,yolo_x_cpu,69
38569,yolo_x_cpu,92
38570,yolo_x_cpu,104
38571,yolo_x_cpu,65
38572,yolo_x_cpu,72
38573,yolo_x_cpu,124
38574,yolo_x_cpu,92
38575,yolo_x_cpu,49
38576,yolo_x_cpu,68
38577,yolo_x_cpu,67
38578,yolo_x_cpu,30
38579,yolo_x_cpu,11
38580,yolo_x_cpu,16
38581,yolo_x_cpu,107
38582,yolo_x_cpu,8
38583,yolo_x_cpu,31
38584,yolo_x_cpu,38
38585,yolo_x_cpu,35
38586,yolo_x_cpu,62
38587,yolo_x_cpu,35
38588,yolo_x_cpu,40
38589,yolo_x_cpu,87
38590,yolo_x_cpu,28
38591,yolo_x_cpu,69
38592,yolo_x_cpu,47
38593,yolo_x_cpu,71
38594,yolo_x_cpu,108
38595,yolo_x_cpu,117
38596,yolo_x_cpu,107
38597,yolo_x_cpu,124
38598,yolo_x_cpu,100
38599,yolo_x_cpu,19
38600,yolo_x_cpu,21
38601,yolo_x_cpu,20
38602,yolo_x_cpu,27
38603,yolo_x_cpu,22
38604,yolo_x_cpu,34
38605,yolo_x_cpu,16
38606,yolo_x_cpu,15
38607,yolo_x_cpu,26
38608,yolo_x_cpu,29
38609,yolo_x_cpu,47
38610,yolo_x_cpu,116
38611,yolo_x_cpu,17
38612,yolo_x_cpu,41
38613,yolo_x_cpu,38
38614,yolo_x_cpu,14
38615,yolo_x_cpu,49
38616,yolo_x_cpu,14
38617,yolo_x_cpu,29
38618,yolo_x_cpu,94
38619,yolo_x_cpu,20
38620,yolo_x_cpu,30
38621,yolo_x_cpu,54
38622,yolo_x_cpu,32
38623,yolo_x_cpu,26
38624,yolo_x_cpu,35
38625,yolo_x_cpu,14
38626,yolo_x_cpu,8
38627,yolo_x_cpu,34
38628,yolo_x_cpu,21
38629,yolo_x_cpu,37
38630,yolo_x_cpu,35
38631,yolo_x_cpu,67
38632,yolo_x_cpu,50
38633,yolo_x_cpu,29
38634,yolo_x_cpu,26
38635,yolo_x_cpu,18
38636,yolo_x_cpu,33
38637,yolo_x_cpu,48
38638,yolo_x_cpu,52
38639,yolo_x_cpu,20
38640,yolo_x_cpu,39
38641,yolo_x_cpu,35
38642,yolo_x_cpu,19
38643,yolo_x_cpu,27
38644,yolo_x_cpu,14
38645,yolo_x_cpu,31
38646,yolo_x_cpu,28
38647,yolo_x_cpu,31
38648,yolo_x_cpu,53
38649,yolo_x_cpu,67
38650,yolo_x_cpu,61
38651,yolo_x_cpu,54
38652,yolo_x_cpu,31
38653,yolo_x_cpu,32
38654,yolo_x_cpu,32
38655,yolo_x_cpu,67
38656,yolo_x_cpu,106
38657,yolo_x_cpu,12
38658,yolo_x_cpu,17
38659,yolo_x_cpu,20
38660,yolo_x_cpu,63
38661,yolo_x_cpu,30
38662,yolo_x_cpu,25
38663,yolo_x_cpu,23
38664,yolo_x_cpu,10
38665,yolo_x_cpu,27
38666,yolo_x_cpu,50
38667,yolo_x_cpu,37
38668,yolo_x_cpu,62
38669,yolo_x_cpu,31
38670,yolo_x_cpu,37
38671,yolo_x_cpu,26
38672,yolo_x_cpu,26
38673,yolo_x_cpu,22
38674,yolo_x_cpu,11
38675,yolo_x_cpu,21
38676,yolo_x_cpu,40
38677,yolo_x_cpu,38
38678,yolo_x_cpu,49
38679,yolo_x_cpu,41
38680,yolo_x_cpu,23
38681,yolo_x_cpu,37
38682,yolo_x_cpu,35
38683,yolo_x_cpu,60
38684,yolo_x_cpu,37
38685,yolo_x_cpu,51
38686,yolo_x_cpu,50
38687,yolo_x_cpu,84
38688,yolo_x_cpu,73
38689,yolo_x_cpu,31
38690,yolo_x_cpu,41
38691,yolo_x_cpu,41
38692,yolo_x_cpu,34
38693,yolo_x_cpu,40
38694,yolo_x_cpu,37
38695,yolo_x_cpu,41
38696,yolo_x_cpu,48
38697,yolo_x_cpu,49
38698,yolo_x_cpu,30
38699,yolo_x_cpu,41
38700,yolo_x_cpu,76
38701,yolo_x_cpu,54
38702,yolo_x_cpu,35
38703,yolo_x_cpu,89
38704,yolo_x_cpu,70
38705,yolo_x_cpu,77
38706,yolo_x_cpu,65
38707,yolo_x_cpu,68
38708,yolo_x_cpu,72
38709,yolo_x_cpu,58
38710,yolo_x_cpu,82
38711,yolo_x_cpu,58
38712,yolo_x_cpu,27
38713,yolo_x_cpu,79
38714,yolo_x_cpu,64
38715,yolo_x_cpu,82
38716,yolo_x_cpu,44
38717,yolo_x_cpu,22
38718,yolo_x_cpu,21
38719,yolo_x_cpu,44
38720,yolo_x_cpu,31
38721,yolo_x_cpu,106
38722,yolo_x_cpu,36
38723,yolo_x_cpu,52
38724,yolo_x_cpu,40
38725,yolo_x_cpu,40
38726,yolo_x_cpu,37
38727,yolo_x_cpu,57
38728,yolo_x_cpu,33
38729,yolo_x_cpu,28
38730,yolo_x_cpu,73
38731,yolo_x_cpu,69
38732,yolo_x_cpu,42
38733,yolo_x_cpu,84
38734,yolo_x_cpu,107
38735,yolo_x_cpu,48
38736,yolo_x_cpu,69
38737,yolo_x_cpu,66
38738,yolo_x_cpu,46
38739,yolo_x_cpu,76
38740,yolo_x_cpu,105
38741,yolo_x_cpu,162
38742,yolo_x_cpu,43
38743,yolo_x_cpu,69
38744,yolo_x_cpu,116
38745,yolo_x_cpu,61
38746,yolo_x_cpu,65
38747,yolo_x_cpu,150
38748,yolo_x_cpu,48
38749,yolo_x_cpu,62
38750,yolo_x_cpu,95
38751,yolo_x_cpu,160
38752,yolo_x_cpu,204
38753,yolo_x_cpu,140
38754,yolo_x_cpu,76
38755,yolo_x_cpu,105
38756,yolo_x_cpu,162
38757,yolo_x_cpu,184
38758,yolo_x_cpu,149
38759,yolo_x_cpu,109
38760,yolo_x_cpu,76
38761,yolo_x_cpu,197
38762,yolo_x_cpu,164
38763,yolo_x_cpu,196
38764,yolo_x_cpu,143
38765,yolo_x_cpu,150
38766,yolo_x_cpu,147
38767,yolo_x_cpu,147
38768,yolo_x_cpu,179
38769,yolo_x_cpu,160
38770,yolo_x_cpu,170
38771,yolo_x_cpu,141
38772,yolo_x_cpu,217
38773,yolo_x_cpu,333
38774,yolo_x_cpu,209
38775,yolo_x_cpu,228
38776,yolo_x_cpu,307
38777,yolo_x_cpu,238
38778,yolo_x_cpu,252
38779,yolo_x_cpu,331
38780,yolo_x_cpu,233
38781,yolo_x_cpu,247
38782,yolo_x_cpu,261
38783,yolo_x_cpu,269
38784,yolo_x_cpu,240
38785,yolo_x_cpu,183
38786,yolo_x_cpu,285
38787,yolo_x_cpu,218
38788,yolo_x_cpu,291
38789,yolo_x_cpu,376
38790,yolo_x_cpu,340
38791,yolo_x_cpu,391
38792,yolo_x_cpu,273
38793,yolo_x_cpu,325
38794,yolo_x_cpu,392
38795,yolo_x_cpu,235
38796,yolo_x_cpu,251
38797,yolo_x_cpu,283
38798,yolo_x_cpu,315
38799,yolo_x_cpu,345
38800,yolo_x_cpu,321
38801,yolo_x_cpu,580
38802,yolo_x_cpu,297
38803,yolo_x_cpu,415
38804,yolo_x_cpu,426
38805,yolo_x_cpu,354
38806,yolo_x_cpu,307
38807,yolo_x_cpu,365
38808,yolo_x_cpu,467
38809,yolo_x_cpu,418
38810,yolo_x_cpu,318
38811,yolo_x_cpu,306
38812,yolo_x_cpu,502
38813,yolo_x_cpu,467
38814,yolo_x_cpu,496
38815,yolo_x_cpu,380
38816,yolo_x_cpu,345
38817,yolo_x_cpu,409
38818,yolo_x_cpu,443
38819,yolo_x_cpu,402
38820,yolo_x_cpu,434
38821,yolo_x_cpu,349
38822,yolo_x_cpu,496
38823,yolo_x_cpu,387
38824,yolo_x_cpu,431
38825,yolo_x_cpu,422
38826,yolo_x_cpu,438
38827,yolo_x_cpu,380
38828,yolo_x_cpu,416
38829,yolo_x_cpu,404
38830,yolo_x_cpu,441
38831,yolo_x_cpu,450
38832,yolo_x_cpu,605
38833,yolo_x_cpu,592
38834,yolo_x_cpu,498
38835,yolo_x_cpu,561
38836,yolo_x_cpu,454
38837,yolo_x_cpu,468
38838,yolo_x_cpu,561
38839,yolo_x_cpu,582
38840,yolo_x_cpu,588
38841,yolo_x_cpu,757
38842,yolo_x_cpu,553
38843,yolo_x_cpu,555
38844,yolo_x_cpu,632
38845,yolo_x_cpu,536
38846,yolo_x_cpu,596
38847,yolo_x_cpu,578
38848,yolo_x_cpu,509
38849,yolo_x_cpu,647
38850,yolo_x_cpu,596
38851,yolo_x_cpu,655
38852,yolo_x_cpu,645
38853,yolo_x_cpu,658
38854,yolo_x_cpu,688
38855,yolo_x_cpu,602
38856,yolo_x_cpu,759
38857,yolo_x_cpu,749
38858,yolo_x_cpu,617
38859,yolo_x_cpu,584
38860,yolo_x_cpu,613
38861,yolo_x_cpu,647
38862,yolo_x_cpu,657
38863,yolo_x_cpu,769
38864,yolo_x_cpu,681
38865,yolo_x_cpu,742
38866,yolo_x_cpu,849
38867,yolo_x_cpu,973
38868,yolo_x_cpu,808
38869,yolo_x_cpu,948
38870,yolo_x_cpu,794
38871,yolo_x_cpu,793
38872,yolo_x_cpu,815
38873,yolo_x_cpu,726
38874,yolo_x_cpu,868
38875,yolo_x_cpu,804
38876,yolo_x_cpu,936
38877,yolo_x_cpu,776
38878,yolo_x_cpu,850
38879,yolo_x_cpu,637
38880,yolo_x_cpu,832
38881,yolo_x_cpu,783
38882,yolo_x_cpu,965
38883,yolo_x_cpu,784
38884,yolo_x_cpu,739
38885,yolo_x_cpu,1012
38886,yolo_x_cpu,781
38887,yolo_x_cpu,841
38888,yolo_x_cpu,1075
38889,yolo_x_cpu,1187
38890,yolo_x_cpu,938
38891,yolo_x_cpu,942
38892,yolo_x_cpu,1065
38893,yolo_x_cpu,1070
38894,yolo_x_cpu,992
38895,yolo_x_cpu,1116
38896,yolo_x_cpu,956
38897,yolo_x_cpu,1029
38898,yolo_x_cpu,973
38899,yolo_x_cpu,903
38900,yolo_x_cpu,1005
38901,yolo_x_cpu,1003
38902,yolo_x_cpu,983
38903,yolo_x_cpu,1240
38904,yolo_x_cpu,1090
38905,yolo_x_cpu,1005
38906,yolo_x_cpu,1156
38907,yolo_x_cpu,1230
38908,yolo_x_cpu,906
38909,yolo_x_cpu,944
38910,yolo_x_cpu,1074
38911,yolo_x_cpu,999
38912,yolo_x_cpu,933
38913,yolo_x_cpu,1036
38914,yolo_x_cpu,1101
38915,yolo_x_cpu,955
38916,yolo_x_cpu,901
38917,yolo_x_cpu,1080
38918,yolo_x_cpu,1002
38919,yolo_x_cpu,1030
38920,yolo_x_cpu,868
38921,yolo_x_cpu,1009
38922,yolo_x_cpu,1107
38923,yolo_x_cpu,978
38924,yolo_x_cpu,854
38925,yolo_x_cpu,1049
38926,yolo_x_cpu,998
38927,yolo_x_cpu,913
38928,yolo_x_cpu,1011
38929,yolo_x_cpu,1043
38930,yolo_x_cpu,964
38931,yolo_x_cpu,1044
38932,yolo_x_cpu,1090
38933,yolo_x_cpu,1072
38934,yolo_x_cpu,967
38935,yolo_x_cpu,1041
38936,yolo_x_cpu,1149
38937,yolo_x_cpu,1143
38938,yolo_x_cpu,817
38939,yolo_x_cpu,1146
38940,yolo_x_cpu,974
38941,yolo_x_cpu,1127
38942,yolo_x_cpu,1030
38943,yolo_x_cpu,1012
38944,yolo_x_cpu,845
38945,yolo_x_cpu,1039
38946,yolo_x_cpu,1140
38947,yolo_x_cpu,996
38948,yolo_x_cpu,810
38949,yolo_x_cpu,1020
38950,yolo_x_cpu,1175
38951,yolo_x_cpu,1052
38952,yolo_x_cpu,908
38953,yolo_x_cpu,973
38954,yolo_x_cpu,755
38955,yolo_x_cpu,838
38956,yolo_x_cpu,968
38957,yolo_x_cpu,1167
38958,yolo_x_cpu,1198
38959,yolo_x_cpu,1443
38960,yolo_x_cpu,778
38961,yolo_x_cpu,763
38962,yolo_x_cpu,1020
38963,yolo_x_cpu,840
38964,yolo_x_cpu,685
38965,yolo_x_cpu,696
38966,yolo_x_cpu,752
38967,yolo_x_cpu,859
38968,yolo_x_cpu,973
38969,yolo_x_cpu,749
38970,yolo_x_cpu,904
38971,yolo_x_cpu,804
38972,yolo_x_cpu,591
38973,yolo_x_cpu,679
38974,yolo_x_cpu,724
38975,yolo_x_cpu,680
38976,yolo_x_cpu,600
38977,yolo_x_cpu,637
38978,yolo_x_cpu,696
38979,yolo_x_cpu,782
38980,yolo_x_cpu,784
38981,yolo_x_cpu,701
38982,yolo_x_cpu,641
38983,yolo_x_cpu,732
38984,yolo_x_cpu,653
38985,yolo_x_cpu,573
38986,yolo_x_cpu,614
38987,yolo_x_cpu,708
38988,yolo_x_cpu,671
38989,yolo_x_cpu,809
38990,yolo_x_cpu,781
38991,yolo_x_cpu,687
38992,yolo_x_cpu,835
38993,yolo_x_cpu,789
38994,yolo_x_cpu,872
38995,yolo_x_cpu,843
38996,yolo_x_cpu,715
38997,yolo_x_cpu,642
38998,yolo_x_cpu,613
38999,yolo_x_cpu,669
39000,yolo_x_cpu,657
39001,yolo_x_cpu,706
39002,yolo_x_cpu,874
39003,yolo_x_cpu,821
39004,yolo_x_cpu,1010
39005,yolo_x_cpu,715
39006,yolo_x_cpu,595
39007,yolo_x_cpu,795
39008,yolo_x_cpu,713
39009,yolo_x_cpu,681
39010,yolo_x_cpu,690
39011,yolo_x_cpu,658
39012,yolo_x_cpu,941
39013,yolo_x_cpu,834
39014,yolo_x_cpu,808
39015,yolo_x_cpu,820
39016,yolo_x_cpu,730
39017,yolo_x_cpu,737
39018,yolo_x_cpu,746
39019,yolo_x_cpu,843
39020,yolo_x_cpu,686
39021,yolo_x_cpu,826
39022,yolo_x_cpu,729
39023,yolo_x_cpu,628
39024,yolo_x_cpu,748
39025,yolo_x_cpu,709
39026,yolo_x_cpu,817
39027,yolo_x_cpu,725
39028,yolo_x_cpu,726
39029,yolo_x_cpu,637
39030,yolo_x_cpu,685
39031,yolo_x_cpu,611
39032,yolo_x_cpu,565
39033,yolo_x_cpu,706
39034,yolo_x_cpu,719
39035,yolo_x_cpu,763
39036,yolo_x_cpu,730
39037,yolo_x_cpu,714
39038,yolo_x_cpu,594
39039,yolo_x_cpu,662
39040,yolo_x_cpu,532
39041,yolo_x_cpu,665
39042,yolo_x_cpu,674
39043,yolo_x_cpu,722
39044,yolo_x_cpu,642
39045,yolo_x_cpu,674
39046,yolo_x_cpu,711
39047,yolo_x_cpu,673
39048,yolo_x_cpu,748
39049,yolo_x_cpu,742
39050,yolo_x_cpu,767
39051,yolo_x_cpu,667
39052,yolo_x_cpu,649
39053,yolo_x_cpu,658
39054,yolo_x_cpu,698
39055,yolo_x_cpu,606
39056,yolo_x_cpu,634
39057,yolo_x_cpu,534
39058,yolo_x_cpu,720
39059,yolo_x_cpu,565
39060,yolo_x_cpu,708
39061,yolo_x_cpu,931
39062,yolo_x_cpu,742
39063,yolo_x_cpu,639
39064,yolo_x_cpu,718
39065,yolo_x_cpu,708
39066,yolo_x_cpu,668
39067,yolo_x_cpu,754
39068,yolo_x_cpu,796
39069,yolo_x_cpu,669
39070,yolo_x_cpu,796
39071,yolo_x_cpu,766
39072,yolo_x_cpu,708
39073,yolo_x_cpu,724
39074,yolo_x_cpu,768
39075,yolo_x_cpu,644
39076,yolo_x_cpu,705
39077,yolo_x_cpu,733
39078,yolo_x_cpu,676
39079,yolo_x_cpu,639
39080,yolo_x_cpu,552
39081,yolo_x_cpu,573
39082,yolo_x_cpu,605
39083,yolo_x_cpu,703
39084,yolo_x_cpu,683
39085,yolo_x_cpu,626
39086,yolo_x_cpu,698
39087,yolo_x_cpu,730
39088,yolo_x_cpu,824
39089,yolo_x_cpu,826
39090,yolo_x_cpu,830
39091,yolo_x_cpu,851
39092,yolo_x_cpu,848
39093,yolo_x_cpu,755
39094,yolo_x_cpu,695
39095,yolo_x_cpu,630
39096,yolo_x_cpu,820
39097,yolo_x_cpu,745
39098,yolo_x_cpu,708
39099,yolo_x_cpu,738
39100,yolo_x_cpu,574
39101,yolo_x_cpu,703
39102,yolo_x_cpu,763
39103,yolo_x_cpu,589
39104,yolo_x_cpu,588
39105,yolo_x_cpu,655
39106,yolo_x_cpu,685
39107,yolo_x_cpu,689
39108,yolo_x_cpu,580
39109,yolo_x_cpu,628
39110,yolo_x_cpu,713
39111,yolo_x_cpu,717
39112,yolo_x_cpu,727
39113,yolo_x_cpu,678
39114,yolo_x_cpu,626
39115,yolo_x_cpu,535
39116,yolo_x_cpu,644
39117,yolo_x_cpu,647
39118,yolo_x_cpu,843
39119,yolo_x_cpu,814
39120,yolo_x_cpu,741
39121,yolo_x_cpu,812
39122,yolo_x_cpu,753
39123,yolo_x_cpu,813
39124,yolo_x_cpu,815
39125,yolo_x_cpu,925
39126,yolo_x_cpu,933
39127,yolo_x_cpu,1049
39128,yolo_x_cpu,982
39129,yolo_x_cpu,952
39130,yolo_x_cpu,1028
39131,yolo_x_cpu,1185
39132,yolo_x_cpu,1157
39133,yolo_x_cpu,900
39134,yolo_x_cpu,1079
39135,yolo_x_cpu,934
39136,yolo_x_cpu,1137
39137,yolo_x_cpu,1167
39138,yolo_x_cpu,991
39139,yolo_x_cpu,1076
39140,yolo_x_cpu,1199
39141,yolo_x_cpu,1196
39142,yolo_x_cpu,1211
39143,yolo_x_cpu,1148
39144,yolo_x_cpu,1223
39145,yolo_x_cpu,1368
39146,yolo_x_cpu,1326
39147,yolo_x_cpu,1272
39148,yolo_x_cpu,1131
39149,yolo_x_cpu,1260
39150,yolo_x_cpu,1564
39151,yolo_x_cpu,1585
39152,yolo_x_cpu,1763
39153,yolo_x_cpu,1668
39154,yolo_x_cpu,1752
39155,yolo_x_cpu,1719
39156,yolo_x_cpu,1627
39157,yolo_x_cpu,1649
39158,yolo_x_cpu,1509
39159,yolo_x_cpu,1540
39160,yolo_x_cpu,1465
39161,yolo_x_cpu,1527
39162,yolo_x_cpu,1497
39163,yolo_x_cpu,1619
39164,yolo_x_cpu,1632
39165,yolo_x_cpu,1654
39166,yolo_x_cpu,1761
39167,yolo_x_cpu,1435
39168,yolo_x_cpu,1562
39169,yolo_x_cpu,1536
39170,yolo_x_cpu,1416
39171,yolo_x_cpu,1553
39172,yolo_x_cpu,1453
39173,yolo_x_cpu,1340
39174,yolo_x_cpu,1498
39175,yolo_x_cpu,1464
39176,yolo_x_cpu,1364
39177,yolo_x_cpu,1314
39178,yolo_x_cpu,1657
39179,yolo_x_cpu,1445
39180,yolo_x_cpu,1502
39181,yolo_x_cpu,1465
39182,yolo_x_cpu,1476
39183,yolo_x_cpu,1562
39184,yolo_x_cpu,1517
39185,yolo_x_cpu,1343
39186,yolo_x_cpu,1483
39187,yolo_x_cpu,1302
39188,yolo_x_cpu,1200
39189,yolo_x_cpu,1201
39190,yolo_x_cpu,1373
39191,yolo_x_cpu,1478
39192,yolo_x_cpu,1038
39193,yolo_x_cpu,1258
39194,yolo_x_cpu,1175
39195,yolo_x_cpu,1292
39196,yolo_x_cpu,1269
39197,yolo_x_cpu,1242
39198,yolo_x_cpu,1128
39199,yolo_x_cpu,1148
39200,yolo_x_cpu,1210
39201,yolo_x_cpu,1208
39202,yolo_x_cpu,1351
39203,yolo_x_cpu,1268
39204,yolo_x_cpu,1240
39205,yolo_x_cpu,1292
39206,yolo_x_cpu,1262
39207,yolo_x_cpu,1547
39208,yolo_x_cpu,1250
39209,yolo_x_cpu,1093
39210,yolo_x_cpu,929
39211,yolo_x_cpu,964
39212,yolo_x_cpu,968
39213,yolo_x_cpu,980
39214,yolo_x_cpu,917
39215,yolo_x_cpu,907
39216,yolo_x_cpu,1017
39217,yolo_x_cpu,1060
39218,yolo_x_cpu,1174
39219,yolo_x_cpu,1041
39220,yolo_x_cpu,1009
39221,yolo_x_cpu,972
39222,yolo_x_cpu,950
39223,yolo_x_cpu,960
39224,yolo_x_cpu,1043
39225,yolo_x_cpu,905
39226,yolo_x_cpu,1004
39227,yolo_x_cpu,1103
39228,yolo_x_cpu,1135
39229,yolo_x_cpu,1071
39230,yolo_x_cpu,881
39231,yolo_x_cpu,1017
39232,yolo_x_cpu,900
39233,yolo_x_cpu,970
39234,yolo_x_cpu,967
39235,yolo_x_cpu,852
39236,yolo_x_cpu,826
39237,yolo_x_cpu,833
39238,yolo_x_cpu,939
39239,yolo_x_cpu,926
39240,yolo_x_cpu,857
39241,yolo_x_cpu,803
39242,yolo_x_cpu,792
39243,yolo_x_cpu,852
39244,yolo_x_cpu,1065
39245,yolo_x_cpu,861
39246,yolo_x_cpu,791
39247,yolo_x_cpu,836
39248,yolo_x_cpu,757
39249,yolo_x_cpu,781
39250,yolo_x_cpu,795
39251,yolo_x_cpu,704
39252,yolo_x_cpu,864
39253,yolo_x_cpu,803
39254,yolo_x_cpu,836
39255,yolo_x_cpu,752
39256,yolo_x_cpu,1003
39257,yolo_x_cpu,903
39258,yolo_x_cpu,883
39259,yolo_x_cpu,857
39260,yolo_x_cpu,771
39261,yolo_x_cpu,806
39262,yolo_x_cpu,877
39263,yolo_x_cpu,708
39264,yolo_x_cpu,713
39265,yolo_x_cpu,646
39266,yolo_x_cpu,648
39267,yolo_x_cpu,793
39268,yolo_x_cpu,723
39269,yolo_x_cpu,846
39270,yolo_x_cpu,889
39271,yolo_x_cpu,724
39272,yolo_x_cpu,575
39273,yolo_x_cpu,640
39274,yolo_x_cpu,754
39275,yolo_x_cpu,637
39276,yolo_x_cpu,638
39277,yolo_x_cpu,556
39278,yolo_x_cpu,610
39279,yolo_x_cpu,589
39280,yolo_x_cpu,562
39281,yolo_x_cpu,638
39282,yolo_x_cpu,601
39283,yolo_x_cpu,550
39284,yolo_x_cpu,687
39285,yolo_x_cpu,521
39286,yolo_x_cpu,550
39287,yolo_x_cpu,525
39288,yolo_x_cpu,630
39289,yolo_x_cpu,484
39290,yolo_x_cpu,697
39291,yolo_x_cpu,676
39292,yolo_x_cpu,634
39293,yolo_x_cpu,1083
39294,yolo_x_cpu,792
39295,yolo_x_cpu,745
39296,yolo_x_cpu,548
39297,yolo_x_cpu,656
39298,yolo_x_cpu,724
39299,yolo_x_cpu,533
39300,yolo_x_cpu,562
39301,yolo_x_cpu,722
39302,yolo_x_cpu,543
39303,yolo_x_cpu,670
39304,yolo_x_cpu,547
39305,yolo_x_cpu,711
39306,yolo_x_cpu,541
39307,yolo_x_cpu,572
39308,yolo_x_cpu,754
39309,yolo_x_cpu,788
39310,yolo_x_cpu,853
39311,yolo_x_cpu,843
39312,yolo_x_cpu,800
39313,yolo_x_cpu,659
39314,yolo_x_cpu,551
39315,yolo_x_cpu,848
39316,yolo_x_cpu,747
39317,yolo_x_cpu,821
39318,yolo_x_cpu,1327
39319,yolo_x_cpu,987
39320,yolo_x_cpu,898
39321,yolo_x_cpu,871
39322,yolo_x_cpu,830
39323,yolo_x_cpu,744
39324,yolo_x_cpu,733
39325,yolo_x_cpu,651
39326,yolo_x_cpu,829
39327,yolo_x_cpu,759
39328,yolo_x_cpu,828
39329,yolo_x_cpu,815
39330,yolo_x_cpu,815
39331,yolo_x_cpu,760
39332,yolo_x_cpu,792
39333,yolo_x_cpu,642
39334,yolo_x_cpu,714
39335,yolo_x_cpu,552
39336,yolo_x_cpu,705
39337,yolo_x_cpu,830
39338,yolo_x_cpu,958
39339,yolo_x_cpu,928
39340,yolo_x_cpu,822
39341,yolo_x_cpu,723
39342,yolo_x_cpu,876
39343,yolo_x_cpu,740
39344,yolo_x_cpu,738
39345,yolo_x_cpu,769
39346,yolo_x_cpu,794
39347,yolo_x_cpu,688
39348,yolo_x_cpu,729
39349,yolo_x_cpu,875
39350,yolo_x_cpu,741
39351,yolo_x_cpu,786
39352,yolo_x_cpu,638
39353,yolo_x_cpu,712
39354,yolo_x_cpu,802
39355,yolo_x_cpu,828
39356,yolo_x_cpu,918
39357,yolo_x_cpu,922
39358,yolo_x_cpu,942
39359,yolo_x_cpu,876
39360,yolo_x_cpu,798
39361,yolo_x_cpu,790
39362,yolo_x_cpu,1006
39363,yolo_x_cpu,1051
39364,yolo_x_cpu,782
39365,yolo_x_cpu,1161
39366,yolo_x_cpu,1082
39367,yolo_x_cpu,1051
39368,yolo_x_cpu,887
39369,yolo_x_cpu,848
39370,yolo_x_cpu,1115
39371,yolo_x_cpu,810
39372,yolo_x_cpu,843
39373,yolo_x_cpu,982
39374,yolo_x_cpu,1145
39375,yolo_x_cpu,1012
39376,yolo_x_cpu,896
39377,yolo_x_cpu,1061
39378,yolo_x_cpu,1028
39379,yolo_x_cpu,989
39380,yolo_x_cpu,1049
39381,yolo_x_cpu,1020
39382,yolo_x_cpu,1229
39383,yolo_x_cpu,1114
39384,yolo_x_cpu,1152
39385,yolo_x_cpu,997
39386,yolo_x_cpu,989
39387,yolo_x_cpu,1015
39388,yolo_x_cpu,1174
39389,yolo_x_cpu,1226
39390,yolo_x_cpu,1031
39391,yolo_x_cpu,1115
39392,yolo_x_cpu,1217
39393,yolo_x_cpu,1109
39394,yolo_x_cpu,1403
39395,yolo_x_cpu,1406
39396,yolo_x_cpu,1697
39397,yolo_x_cpu,1498
39398,yolo_x_cpu,1475
39399,yolo_x_cpu,1357
39400,yolo_x_cpu,1308
39401,yolo_x_cpu,1300
39402,yolo_x_cpu,1365
39403,yolo_x_cpu,1432
39404,yolo_x_cpu,1346
39405,yolo_x_cpu,1399
39406,yolo_x_cpu,1323
39407,yolo_x_cpu,1312
39408,yolo_x_cpu,1298
39409,yolo_x_cpu,1319
39410,yolo_x_cpu,1526
39411,yolo_x_cpu,1412
39412,yolo_x_cpu,1415
39413,yolo_x_cpu,1437
39414,yolo_x_cpu,1626
39415,yolo_x_cpu,1877
39416,yolo_x_cpu,1687
39417,yolo_x_cpu,1818
39418,yolo_x_cpu,1732
39419,yolo_x_cpu,1680
39420,yolo_x_cpu,1821
39421,yolo_x_cpu,1788
39422,yolo_x_cpu,1958
39423,yolo_x_cpu,1764
39424,yolo_x_cpu,1942
39425,yolo_x_cpu,1792
39426,yolo_x_cpu,1815
39427,yolo_x_cpu,1734
39428,yolo_x_cpu,1670
39429,yolo_x_cpu,1716
39430,yolo_x_cpu,2016
39431,yolo_x_cpu,1754
39432,yolo_x_cpu,2077
39433,yolo_x_cpu,2146
39434,yolo_x_cpu,2173
39435,yolo_x_cpu,1937
39436,yolo_x_cpu,1918
39437,yolo_x_cpu,1961
39438,yolo_x_cpu,2154
39439,yolo_x_cpu,1965
39440,yolo_x_cpu,2056
39441,yolo_x_cpu,2135
39442,yolo_x_cpu,1916
39443,yolo_x_cpu,1997
39444,yolo_x_cpu,1976
39445,yolo_x_cpu,1938
39446,yolo_x_cpu,1925
39447,yolo_x_cpu,2056
39448,yolo_x_cpu,1907
39449,yolo_x_cpu,2029
39450,yolo_x_cpu,1960
39451,yolo_x_cpu,1914
39452,yolo_x_cpu,1865
39453,yolo_x_cpu,1811
39454,yolo_x_cpu,1743
39455,yolo_x_cpu,1828
39456,yolo_x_cpu,2003
39457,yolo_x_cpu,2040
39458,yolo_x_cpu,2003
39459,yolo_x_cpu,1897
39460,yolo_x_cpu,1912
39461,yolo_x_cpu,1814
39462,yolo_x_cpu,1892
39463,yolo_x_cpu,1929
39464,yolo_x_cpu,2238
39465,yolo_x_cpu,2133
39466,yolo_x_cpu,1970
39467,yolo_x_cpu,1859
39468,yolo_x_cpu,1803
39469,yolo_x_cpu,1975
39470,yolo_x_cpu,1970
39471,yolo_x_cpu,1859
39472,yolo_x_cpu,1988
39473,yolo_x_cpu,1838
39474,yolo_x_cpu,1950
39475,yolo_x_cpu,1816
39476,yolo_x_cpu,1820
39477,yolo_x_cpu,1996
39478,yolo_x_cpu,1964
39479,yolo_x_cpu,1950
39480,yolo_x_cpu,2028
39481,yolo_x_cpu,2037
39482,yolo_x_cpu,1841
39483,yolo_x_cpu,1919
39484,yolo_x_cpu,1963
39485,yolo_x_cpu,1949
39486,yolo_x_cpu,2120
39487,yolo_x_cpu,1935
39488,yolo_x_cpu,1930
39489,yolo_x_cpu,1872
39490,yolo_x_cpu,1753
39491,yolo_x_cpu,2081
39492,yolo_x_cpu,1870
39493,yolo_x_cpu,1879
39494,yolo_x_cpu,1982
39495,yolo_x_cpu,1981
39496,yolo_x_cpu,1812
39497,yolo_x_cpu,1983
39498,yolo_x_cpu,1837
39499,yolo_x_cpu,1984
39500,yolo_x_cpu,1976
39501,yolo_x_cpu,2061
39502,yolo_x_cpu,1929
39503,yolo_x_cpu,2033
39504,yolo_x_cpu,1956
39505,yolo_x_cpu,2006
39506,yolo_x_cpu,2140
39507,yolo_x_cpu,2099
39508,yolo_x_cpu,1970
39509,yolo_x_cpu,2020
39510,yolo_x_cpu,2070
39511,yolo_x_cpu,1867
39512,yolo_x_cpu,1897
39513,yolo_x_cpu,1968
39514,yolo_x_cpu,2306
39515,yolo_x_cpu,2091
39516,yolo_x_cpu,2185
39517,yolo_x_cpu,2145
39518,yolo_x_cpu,2049
39519,yolo_x_cpu,2053
39520,yolo_x_cpu,2081
39521,yolo_x_cpu,2142
39522,yolo_x_cpu,1958
39523,yolo_x_cpu,2121
39524,yolo_x_cpu,2213
39525,yolo_x_cpu,2009
39526,yolo_x_cpu,2163
39527,yolo_x_cpu,2237
39528,yolo_x_cpu,2186
39529,yolo_x_cpu,2228
39530,yolo_x_cpu,2052
39531,yolo_x_cpu,2051
39532,yolo_x_cpu,2106
39533,yolo_x_cpu,2180
39534,yolo_x_cpu,2242
39535,yolo_x_cpu,2130
39536,yolo_x_cpu,2149
39537,yolo_x_cpu,2354
39538,yolo_x_cpu,2195
39539,yolo_x_cpu,2232
39540,yolo_x_cpu,2493
39541,yolo_x_cpu,2574
39542,yolo_x_cpu,2427
39543,yolo_x_cpu,2259
39544,yolo_x_cpu,2145
39545,yolo_x_cpu,2207
39546,yolo_x_cpu,2313
39547,yolo_x_cpu,2245
39548,yolo_x_cpu,2415
39549,yolo_x_cpu,2356
39550,yolo_x_cpu,2448
39551,yolo_x_cpu,2406
39552,yolo_x_cpu,2425
39553,yolo_x_cpu,2409
39554,yolo_x_cpu,2455
39555,yolo_x_cpu,2366
39556,yolo_x_cpu,2280
39557,yolo_x_cpu,2215
39558,yolo_x_cpu,2567
39559,yolo_x_cpu,2568
39560,yolo_x_cpu,2331
39561,yolo_x_cpu,2475
39562,yolo_x_cpu,2448
39563,yolo_x_cpu,2468
39564,yolo_x_cpu,2377
39565,yolo_x_cpu,2401
39566,yolo_x_cpu,2287
39567,yolo_x_cpu,2371
39568,yolo_x_cpu,2547
39569,yolo_x_cpu,2651
39570,yolo_x_cpu,2628
39571,yolo_x_cpu,2329
39572,yolo_x_cpu,2379
39573,yolo_x_cpu,2267
39574,yolo_x_cpu,2423
39575,yolo_x_cpu,2590
39576,yolo_x_cpu,2569
39577,yolo_x_cpu,2217
39578,yolo_x_cpu,2305
39579,yolo_x_cpu,2412
39580,yolo_x_cpu,2649
39581,yolo_x_cpu,2488
39582,yolo_x_cpu,2567
39583,yolo_x_cpu,2373
39584,yolo_x_cpu,2506
39585,yolo_x_cpu,2413
39586,yolo_x_cpu,2431
39587,yolo_x_cpu,2313
39588,yolo_x_cpu,2218
39589,yolo_x_cpu,2275
39590,yolo_x_cpu,2402
39591,yolo_x_cpu,2231
39592,yolo_x_cpu,2338
39593,yolo_x_cpu,2281
39594,yolo_x_cpu,2361
39595,yolo_x_cpu,2147
39596,yolo_x_cpu,2291
39597,yolo_x_cpu,2205
39598,yolo_x_cpu,2392
39599,yolo_x_cpu,2341
39600,yolo_x_cpu,2382
39601,yolo_x_cpu,2425
39602,yolo_x_cpu,2335
39603,yolo_x_cpu,2630
39604,yolo_x_cpu,2364
39605,yolo_x_cpu,2249
39606,yolo_x_cpu,2265
39607,yolo_x_cpu,2557
39608,yolo_x_cpu,2271
39609,yolo_x_cpu,2502
39610,yolo_x_cpu,2142
39611,yolo_x_cpu,2397
39612,yolo_x_cpu,2150
39613,yolo_x_cpu,2221
39614,yolo_x_cpu,2167
39615,yolo_x_cpu,2060
39616,yolo_x_cpu,2141
39617,yolo_x_cpu,2070
39618,yolo_x_cpu,2008
39619,yolo_x_cpu,2007
39620,yolo_x_cpu,1939
39621,yolo_x_cpu,2383
39622,yolo_x_cpu,2085
39623,yolo_x_cpu,2226
39624,yolo_x_cpu,2113
39625,yolo_x_cpu,2142
39626,yolo_x_cpu,2197
39627,yolo_x_cpu,2185
39628,yolo_x_cpu,2076
39629,yolo_x_cpu,2053
39630,yolo_x_cpu,2448
39631,yolo_x_cpu,2806
39632,yolo_x_cpu,2453
39633,yolo_x_cpu,2356
39634,yolo_x_cpu,2207
39635,yolo_x_cpu,2383
39636,yolo_x_cpu,2323
39637,yolo_x_cpu,2060
39638,yolo_x_cpu,2239
39639,yolo_x_cpu,2157
39640,yolo_x_cpu,2165
39641,yolo_x_cpu,2132
39642,yolo_x_cpu,2042
39643,yolo_x_cpu,2270
39644,yolo_x_cpu,2111
39645,yolo_x_cpu,2149
39646,yolo_x_cpu,2177
39647,yolo_x_cpu,2205
39648,yolo_x_cpu,2013
39649,yolo_x_cpu,2363
39650,yolo_x_cpu,2465
39651,yolo_x_cpu,2203
39652,yolo_x_cpu,2217
39653,yolo_x_cpu,2188
39654,yolo_x_cpu,2251
39655,yolo_x_cpu,2167
39656,yolo_x_cpu,1984
39657,yolo_x_cpu,2043
39658,yolo_x_cpu,1910
39659,yolo_x_cpu,1929
39660,yolo_x_cpu,2149
39661,yolo_x_cpu,2141
39662,yolo_x_cpu,1996
39663,yolo_x_cpu,2057
39664,yolo_x_cpu,2059
39665,yolo_x_cpu,2099
39666,yolo_x_cpu,2041
39667,yolo_x_cpu,2097
39668,yolo_x_cpu,2166
39669,yolo_x_cpu,2052
39670,yolo_x_cpu,2059
39671,yolo_x_cpu,2003
39672,yolo_x_cpu,2118
39673,yolo_x_cpu,1875
39674,yolo_x_cpu,1980
39675,yolo_x_cpu,1964
39676,yolo_x_cpu,1979
39677,yolo_x_cpu,2180
39678,yolo_x_cpu,1837
39679,yolo_x_cpu,1895
39680,yolo_x_cpu,1849
39681,yolo_x_cpu,1928
39682,yolo_x_cpu,1976
39683,yolo_x_cpu,1987
39684,yolo_x_cpu,1859
39685,yolo_x_cpu,1821
39686,yolo_x_cpu,1965
39687,yolo_x_cpu,1815
39688,yolo_x_cpu,1955
39689,yolo_x_cpu,1855
39690,yolo_x_cpu,1667
39691,yolo_x_cpu,1820
39692,yolo_x_cpu,1816
39693,yolo_x_cpu,1779
39694,yolo_x_cpu,1762
39695,yolo_x_cpu,1725
39696,yolo_x_cpu,1924
39697,yolo_x_cpu,1682
39698,yolo_x_cpu,1823
39699,yolo_x_cpu,1494
39700,yolo_x_cpu,1819
39701,yolo_x_cpu,1666
39702,yolo_x_cpu,1530
39703,yolo_x_cpu,1367
39704,yolo_x_cpu,1695
39705,yolo_x_cpu,1537
39706,yolo_x_cpu,1594
39707,yolo_x_cpu,1623
39708,yolo_x_cpu,1422
39709,yolo_x_cpu,1481
39710,yolo_x_cpu,1392
39711,yolo_x_cpu,1636
39712,yolo_x_cpu,1669
39713,yolo_x_cpu,1503
39714,yolo_x_cpu,1423
39715,yolo_x_cpu,1373
39716,yolo_x_cpu,1631
39717,yolo_x_cpu,1417
39718,yolo_x_cpu,1229
39719,yolo_x_cpu,1252
39720,yolo_x_cpu,1509
39721,yolo_x_cpu,1508
39722,yolo_x_cpu,1441
39723,yolo_x_cpu,1520
39724,yolo_x_cpu,1582
39725,yolo_x_cpu,1383
39726,yolo_x_cpu,1239
39727,yolo_x_cpu,1401
39728,yolo_x_cpu,1566
39729,yolo_x_cpu,1458
39730,yolo_x_cpu,1490
39731,yolo_x_cpu,1359
39732,yolo_x_cpu,1328
39733,yolo_x_cpu,1289
39734,yolo_x_cpu,1301
39735,yolo_x_cpu,1398
39736,yolo_x_cpu,1323
39737,yolo_x_cpu,1304
39738,yolo_x_cpu,1277
39739,yolo_x_cpu,1293
39740,yolo_x_cpu,1303
39741,yolo_x_cpu,1158
39742,yolo_x_cpu,1187
39743,yolo_x_cpu,1071
39744,yolo_x_cpu,1177
39745,yolo_x_cpu,1195
39746,yolo_x_cpu,1065
39747,yolo_x_cpu,1061
39748,yolo_x_cpu,1164
39749,yolo_x_cpu,1102
39750,yolo_x_cpu,920
39751,yolo_x_cpu,1057
39752,yolo_x_cpu,965
39753,yolo_x_cpu,959
39754,yolo_x_cpu,1014
39755,yolo_x_cpu,975
39756,yolo_x_cpu,1132
39757,yolo_x_cpu,1043
39758,yolo_x_cpu,996
39759,yolo_x_cpu,806
39760,yolo_x_cpu,961
39761,yolo_x_cpu,904
39762,yolo_x_cpu,822
39763,yolo_x_cpu,880
39764,yolo_x_cpu,822
39765,yolo_x_cpu,844
39766,yolo_x_cpu,839
39767,yolo_x_cpu,759
39768,yolo_x_cpu,750
39769,yolo_x_cpu,737
39770,yolo_x_cpu,637
39771,yolo_x_cpu,610
39772,yolo_x_cpu,623
39773,yolo_x_cpu,588
39774,yolo_x_cpu,740
39775,yolo_x_cpu,684
39776,yolo_x_cpu,689
39777,yolo_x_cpu,804
39778,yolo_x_cpu,701
39779,yolo_x_cpu,609
39780,yolo_x_cpu,777
39781,yolo_x_cpu,626
39782,yolo_x_cpu,582
39783,yolo_x_cpu,626
39784,yolo_x_cpu,623
39785,yolo_x_cpu,630
39786,yolo_x_cpu,620
39787,yolo_x_cpu,607
39788,yolo_x_cpu,543
39789,yolo_x_cpu,464
39790,yolo_x_cpu,651
39791,yolo_x_cpu,701
39792,yolo_x_cpu,552
39793,yolo_x_cpu,666
39794,yolo_x_cpu,554
39795,yolo_x_cpu,589
39796,yolo_x_cpu,482
39797,yolo_x_cpu,496
39798,yolo_x_cpu,516
39799,yolo_x_cpu,570
39800,yolo_x_cpu,746
39801,yolo_x_cpu,584
39802,yolo_x_cpu,516
39803,yolo_x_cpu,602
39804,yolo_x_cpu,616
39805,yolo_x_cpu,412
39806,yolo_x_cpu,444
39807,yolo_x_cpu,492
39808,yolo_x_cpu,589
39809,yolo_x_cpu,419
39810,yolo_x_cpu,440
39811,yolo_x_cpu,431
39812,yolo_x_cpu,508
39813,yolo_x_cpu,377
39814,yolo_x_cpu,475
39815,yolo_x_cpu,402
39816,yolo_x_cpu,522
39817,yolo_x_cpu,489
39818,yolo_x_cpu,396
39819,yolo_x_cpu,427
39820,yolo_x_cpu,458
39821,yolo_x_cpu,449
39822,yolo_x_cpu,352
39823,yolo_x_cpu,467
39824,yolo_x_cpu,511
39825,yolo_x_cpu,453
39826,yolo_x_cpu,397
39827,yolo_x_cpu,348
39828,yolo_x_cpu,319
39829,yolo_x_cpu,365
39830,yolo_x_cpu,413
39831,yolo_x_cpu,287
39832,yolo_x_cpu,322
39833,yolo_x_cpu,360
39834,yolo_x_cpu,351
39835,yolo_x_cpu,366
39836,yolo_x_cpu,355
39837,yolo_x_cpu,270
39838,yolo_x_cpu,293
39839,yolo_x_cpu,251
39840,yolo_x_cpu,236
39841,yolo_x_cpu,250
39842,yolo_x_cpu,225
39843,yolo_x_cpu,235
39844,yolo_x_cpu,296
39845,yolo_x_cpu,169
39846,yolo_x_cpu,135
39847,yolo_x_cpu,196
39848,yolo_x_cpu,188
39849,yolo_x_cpu,178
39850,yolo_x_cpu,246
39851,yolo_x_cpu,189
39852,yolo_x_cpu,214
39853,yolo_x_cpu,172
39854,yolo_x_cpu,164
39855,yolo_x_cpu,185
39856,yolo_x_cpu,157
39857,yolo_x_cpu,173
39858,yolo_x_cpu,180
39859,yolo_x_cpu,166
39860,yolo_x_cpu,197
39861,yolo_x_cpu,190
39862,yolo_x_cpu,153
39863,yolo_x_cpu,110
39864,yolo_x_cpu,140
39865,yolo_x_cpu,171
39866,yolo_x_cpu,249
39867,yolo_x_cpu,138
39868,yolo_x_cpu,96
39869,yolo_x_cpu,136
39870,yolo_x_cpu,99
39871,yolo_x_cpu,97
39872,yolo_x_cpu,89
39873,yolo_x_cpu,116
39874,yolo_x_cpu,167
39875,yolo_x_cpu,135
39876,yolo_x_cpu,130
39877,yolo_x_cpu,84
39878,yolo_x_cpu,106
39879,yolo_x_cpu,164
39880,yolo_x_cpu,138
39881,yolo_x_cpu,156
39882,yolo_x_cpu,86
39883,yolo_x_cpu,59
39884,yolo_x_cpu,67
39885,yolo_x_cpu,106
39886,yolo_x_cpu,94
39887,yolo_x_cpu,122
39888,yolo_x_cpu,71
39889,yolo_x_cpu,66
39890,yolo_x_cpu,76
39891,yolo_x_cpu,47
39892,yolo_x_cpu,58
39893,yolo_x_cpu,103
39894,yolo_x_cpu,45
39895,yolo_x_cpu,75
39896,yolo_x_cpu,91
39897,yolo_x_cpu,72
39898,yolo_x_cpu,64
39899,yolo_x_cpu,102
39900,yolo_x_cpu,45
39901,yolo_x_cpu,55
39902,yolo_x_cpu,54
39903,yolo_x_cpu,39
39904,yolo_x_cpu,45
39905,yolo_x_cpu,38
39906,yolo_x_cpu,38
39907,yolo_x_cpu,63
39908,yolo_x_cpu,28
39909,yolo_x_cpu,35
39910,yolo_x_cpu,70
39911,yolo_x_cpu,61
39912,yolo_x_cpu,88
39913,yolo_x_cpu,40
39914,yolo_x_cpu,73
39915,yolo_x_cpu,31
39916,yolo_x_cpu,92
39917,yolo_x_cpu,86
39918,yolo_x_cpu,63
39919,yolo_x_cpu,24
39920,yolo_x_cpu,73
39921,yolo_x_cpu,57
39922,yolo_x_cpu,66
39923,yolo_x_cpu,104
39924,yolo_x_cpu,95
39925,yolo_x_cpu,67
39926,yolo_x_cpu,77
39927,yolo_x_cpu,60
39928,yolo_x_cpu,64
39929,yolo_x_cpu,44
39930,yolo_x_cpu,35
39931,yolo_x_cpu,60
39932,yolo_x_cpu,53
39933,yolo_x_cpu,46
39934,yolo_x_cpu,52
39935,yolo_x_cpu,55
39936,yolo_x_cpu,37
39937,yolo_x_cpu,62
39938,yolo_x_cpu,51
39939,yolo_x_cpu,50
39940,yolo_x_cpu,60
39941,yolo_x_cpu,81
39942,yolo_x_cpu,57
39943,yolo_x_cpu,37
39944,yolo_x_cpu,60
39945,yolo_x_cpu,46
39946,yolo_x_cpu,36
39947,yolo_x_cpu,20
39948,yolo_x_cpu,25
39949,yolo_x_cpu,59
39950,yolo_x_cpu,28
39951,yolo_x_cpu,38
39952,yolo_x_cpu,55
39953,yolo_x_cpu,81
39954,yolo_x_cpu,20
39955,yolo_x_cpu,67
39956,yolo_x_cpu,107
39957,yolo_x_cpu,43
39958,yolo_x_cpu,11
39959,yolo_x_cpu,17
39960,yolo_x_cpu,53
39961,yolo_x_cpu,54
39962,yolo_x_cpu,29
39963,yolo_x_cpu,28
39964,yolo_x_cpu,20
39965,yolo_x_cpu,34
39966,yolo_x_cpu,32
39967,yolo_x_cpu,23
39968,yolo_x_cpu,32
39969,yolo_x_cpu,44
39970,yolo_x_cpu,26
39971,yolo_x_cpu,21
39972,yolo_x_cpu,35
39973,yolo_x_cpu,35
39974,yolo_x_cpu,50
39975,yolo_x_cpu,59
39976,yolo_x_cpu,18
39977,yolo_x_cpu,12
39978,yolo_x_cpu,37
39979,yolo_x_cpu,17
39980,yolo_x_cpu,29
39981,yolo_x_cpu,20
39982,yolo_x_cpu,12
39983,yolo_x_cpu,22
39984,yolo_x_cpu,25
39985,yolo_x_cpu,40
39986,yolo_x_cpu,18
39987,yolo_x_cpu,6
39988,yolo_x_cpu,20
39989,yolo_x_cpu,28
39990,yolo_x_cpu,12
39991,yolo_x_cpu,16
39992,yolo_x_cpu,25
39993,yolo_x_cpu,20
39994,yolo_x_cpu,26
39995,yolo_x_cpu,54
39996,yolo_x_cpu,23
39997,yolo_x_cpu,18
39998,yolo_x_cpu,20
39999,yolo_x_cpu,17
40000,yolo_x_cpu,28
40001,yolo_x_cpu,36
40002,yolo_x_cpu,16
40003,yolo_x_cpu,36
40004,yolo_x_cpu,19
40005,yolo_x_cpu,15
40006,yolo_x_cpu,27
40007,yolo_x_cpu,21
40008,yolo_x_cpu,54
40009,yolo_x_cpu,51
40010,yolo_x_cpu,33
40011,yolo_x_cpu,15
40012,yolo_x_cpu,8
40013,yolo_x_cpu,9
40014,yolo_x_cpu,14
40015,yolo_x_cpu,24
40016,yolo_x_cpu,9
40017,yolo_x_cpu,12
40018,yolo_x_cpu,20
40019,yolo_x_cpu,28
40020,yolo_x_cpu,22
40021,yolo_x_cpu,20
40022,yolo_x_cpu,28
40023,yolo_x_cpu,48
40024,yolo_x_cpu,36
40025,yolo_x_cpu,27
40026,yolo_x_cpu,44
40027,yolo_x_cpu,30
40028,yolo_x_cpu,25
40029,yolo_x_cpu,19
40030,yolo_x_cpu,49
40031,yolo_x_cpu,34
40032,yolo_x_cpu,14
40033,yolo_x_cpu,27
40034,yolo_x_cpu,34
40035,yolo_x_cpu,24
40036,yolo_x_cpu,14
40037,yolo_x_cpu,21
40038,yolo_x_cpu,12
40039,yolo_x_cpu,20
40040,yolo_x_cpu,31
40041,yolo_x_cpu,13
40042,yolo_x_cpu,19
40043,yolo_x_cpu,20
40044,yolo_x_cpu,30
40045,yolo_x_cpu,29
40046,yolo_x_cpu,19
40047,yolo_x_cpu,35
40048,yolo_x_cpu,40
40049,yolo_x_cpu,48
40050,yolo_x_cpu,70
40051,yolo_x_cpu,28
40052,yolo_x_cpu,32
40053,yolo_x_cpu,82
40054,yolo_x_cpu,27
40055,yolo_x_cpu,48
40056,yolo_x_cpu,14
40057,yolo_x_cpu,26
40058,yolo_x_cpu,10
40059,yolo_x_cpu,32
40060,yolo_x_cpu,25
40061,yolo_x_cpu,38
40062,yolo_x_cpu,44
40063,yolo_x_cpu,24
40064,yolo_x_cpu,17
40065,yolo_x_cpu,18
40066,yolo_x_cpu,24
40067,yolo_x_cpu,32
40068,yolo_x_cpu,46
40069,yolo_x_cpu,30
40070,yolo_x_cpu,93
40071,yolo_x_cpu,56
40072,yolo_x_cpu,27
40073,yolo_x_cpu,14
40074,yolo_x_cpu,12
40075,yolo_x_cpu,10
40076,yolo_x_cpu,32
40077,yolo_x_cpu,17
40078,yolo_x_cpu,15
40079,yolo_x_cpu,24
40080,yolo_x_cpu,6
40081,yolo_x_cpu,10
40082,yolo_x_cpu,12
40083,yolo_x_cpu,20
40084,yolo_x_cpu,18
40085,yolo_x_cpu,11
40086,yolo_x_cpu,9
40087,yolo_x_cpu,25
40088,yolo_x_cpu,13
40089,yolo_x_cpu,32
40090,yolo_x_cpu,5
40091,yolo_x_cpu,35
40092,yolo_x_cpu,34
40093,yolo_x_cpu,29
40094,yolo_x_cpu,11
40095,yolo_x_cpu,13
40096,yolo_x_cpu,0
40097,yolo_x_cpu,10
40098,yolo_x_cpu,12
40099,yolo_x_cpu,14
40100,yolo_x_cpu,11
40101,yolo_x_cpu,32
40102,yolo_x_cpu,61
40103,yolo_x_cpu,44
40104,yolo_x_cpu,16
40105,yolo_x_cpu,54
40106,yolo_x_cpu,41
40107,yolo_x_cpu,51
40108,yolo_x_cpu,45
40109,yolo_x_cpu,21
40110,yolo_x_cpu,14
40111,yolo_x_cpu,14
40112,yolo_x_cpu,28
40113,yolo_x_cpu,14
40114,yolo_x_cpu,28
40115,yolo_x_cpu,39
40116,yolo_x_cpu,26
40117,yolo_x_cpu,25
40118,yolo_x_cpu,29
40119,yolo_x_cpu,20
40120,yolo_x_cpu,17
40121,yolo_x_cpu,116
40122,yolo_x_cpu,62
40123,yolo_x_cpu,22
40124,yolo_x_cpu,24
40125,yolo_x_cpu,23
40126,yolo_x_cpu,52
40127,yolo_x_cpu,53
40128,yolo_x_cpu,24
40129,yolo_x_cpu,48
40130,yolo_x_cpu,29
40131,yolo_x_cpu,30
40132,yolo_x_cpu,35
40133,yolo_x_cpu,29
40134,yolo_x_cpu,24
40135,yolo_x_cpu,28
40136,yolo_x_cpu,25
40137,yolo_x_cpu,16
40138,yolo_x_cpu,12
40139,yolo_x_cpu,34
40140,yolo_x_cpu,53
40141,yolo_x_cpu,34
40142,yolo_x_cpu,12
40143,yolo_x_cpu,25
40144,yolo_x_cpu,27
40145,yolo_x_cpu,18
40146,yolo_x_cpu,23
40147,yolo_x_cpu,6
40148,yolo_x_cpu,23
40149,yolo_x_cpu,28
40150,yolo_x_cpu,29
40151,yolo_x_cpu,31
40152,yolo_x_cpu,59
40153,yolo_x_cpu,42
40154,yolo_x_cpu,25
40155,yolo_x_cpu,21
40156,yolo_x_cpu,14
40157,yolo_x_cpu,57
40158,yolo_x_cpu,89
40159,yolo_x_cpu,34
40160,yolo_x_cpu,21
40161,yolo_x_cpu,77
40162,yolo_x_cpu,78
40163,yolo_x_cpu,46
40164,yolo_x_cpu,40
40165,yolo_x_cpu,51
40166,yolo_x_cpu,90
40167,yolo_x_cpu,44
40168,yolo_x_cpu,34
40169,yolo_x_cpu,42
40170,yolo_x_cpu,45
40171,yolo_x_cpu,91
40172,yolo_x_cpu,52
40173,yolo_x_cpu,54
40174,yolo_x_cpu,77
40175,yolo_x_cpu,117
40176,yolo_x_cpu,121
40177,yolo_x_cpu,28
40178,yolo_x_cpu,102
40179,yolo_x_cpu,101
40180,yolo_x_cpu,57
40181,yolo_x_cpu,74
40182,yolo_x_cpu,101
40183,yolo_x_cpu,57
40184,yolo_x_cpu,71
40185,yolo_x_cpu,104
40186,yolo_x_cpu,126
40187,yolo_x_cpu,105
40188,yolo_x_cpu,83
40189,yolo_x_cpu,71
40190,yolo_x_cpu,83
40191,yolo_x_cpu,61
40192,yolo_x_cpu,118
40193,yolo_x_cpu,74
40194,yolo_x_cpu,41
40195,yolo_x_cpu,87
40196,yolo_x_cpu,105
40197,yolo_x_cpu,60
40198,yolo_x_cpu,106
40199,yolo_x_cpu,104
40200,yolo_x_cpu,90
40201,yolo_x_cpu,83
40202,yolo_x_cpu,95
40203,yolo_x_cpu,112
40204,yolo_x_cpu,62
40205,yolo_x_cpu,93
40206,yolo_x_cpu,104
40207,yolo_x_cpu,169
40208,yolo_x_cpu,139
40209,yolo_x_cpu,143
40210,yolo_x_cpu,113
40211,yolo_x_cpu,135
40212,yolo_x_cpu,159
40213,yolo_x_cpu,161
40214,yolo_x_cpu,154
40215,yolo_x_cpu,179
40216,yolo_x_cpu,122
40217,yolo_x_cpu,171
40218,yolo_x_cpu,176
40219,yolo_x_cpu,228
40220,yolo_x_cpu,199
40221,yolo_x_cpu,188
40222,yolo_x_cpu,206
40223,yolo_x_cpu,133
40224,yolo_x_cpu,181
40225,yolo_x_cpu,180
40226,yolo_x_cpu,204
40227,yolo_x_cpu,158
40228,yolo_x_cpu,157
40229,yolo_x_cpu,188
40230,yolo_x_cpu,234
40231,yolo_x_cpu,228
40232,yolo_x_cpu,260
40233,yolo_x_cpu,212
40234,yolo_x_cpu,252
40235,yolo_x_cpu,220
40236,yolo_x_cpu,273
40237,yolo_x_cpu,269
40238,yolo_x_cpu,277
40239,yolo_x_cpu,246
40240,yolo_x_cpu,323
40241,yolo_x_cpu,303
40242,yolo_x_cpu,326
40243,yolo_x_cpu,251
40244,yolo_x_cpu,244
40245,yolo_x_cpu,203
40246,yolo_x_cpu,234
40247,yolo_x_cpu,259
40248,yolo_x_cpu,233
40249,yolo_x_cpu,272
40250,yolo_x_cpu,334
40251,yolo_x_cpu,235
40252,yolo_x_cpu,275
40253,yolo_x_cpu,236
40254,yolo_x_cpu,304
40255,yolo_x_cpu,263
40256,yolo_x_cpu,224
40257,yolo_x_cpu,222
40258,yolo_x_cpu,315
40259,yolo_x_cpu,259
40260,yolo_x_cpu,214
40261,yolo_x_cpu,301
40262,yolo_x_cpu,280
40263,yolo_x_cpu,357
40264,yolo_x_cpu,346
40265,yolo_x_cpu,342
40266,yolo_x_cpu,282
40267,yolo_x_cpu,298
40268,yolo_x_cpu,498
40269,yolo_x_cpu,517
40270,yolo_x_cpu,331
40271,yolo_x_cpu,342
40272,yolo_x_cpu,348
40273,yolo_x_cpu,319
40274,yolo_x_cpu,310
40275,yolo_x_cpu,322
40276,yolo_x_cpu,270
40277,yolo_x_cpu,299
40278,yolo_x_cpu,341
40279,yolo_x_cpu,401
40280,yolo_x_cpu,348
40281,yolo_x_cpu,408
40282,yolo_x_cpu,512
40283,yolo_x_cpu,505
40284,yolo_x_cpu,472
40285,yolo_x_cpu,359
40286,yolo_x_cpu,426
40287,yolo_x_cpu,416
40288,yolo_x_cpu,383
40289,yolo_x_cpu,347
40290,yolo_x_cpu,451
40291,yolo_x_cpu,322
40292,yolo_x_cpu,371
40293,yolo_x_cpu,436
40294,yolo_x_cpu,415
40295,yolo_x_cpu,363
40296,yolo_x_cpu,485
40297,yolo_x_cpu,430
40298,yolo_x_cpu,376
40299,yolo_x_cpu,374
40300,yolo_x_cpu,426
40301,yolo_x_cpu,429
40302,yolo_x_cpu,345
40303,yolo_x_cpu,324
40304,yolo_x_cpu,470
40305,yolo_x_cpu,474
40306,yolo_x_cpu,433
40307,yolo_x_cpu,486
40308,yolo_x_cpu,509
40309,yolo_x_cpu,524
40310,yolo_x_cpu,506
40311,yolo_x_cpu,436
40312,yolo_x_cpu,564
40313,yolo_x_cpu,494
40314,yolo_x_cpu,610
40315,yolo_x_cpu,477
40316,yolo_x_cpu,493
40317,yolo_x_cpu,489
40318,yolo_x_cpu,488
40319,yolo_x_cpu,456
40320,yolo_x_cpu,525
40321,yolo_x_cpu,505
40322,yolo_x_cpu,472
40323,yolo_x_cpu,522
40324,yolo_x_cpu,424
40325,yolo_x_cpu,471
40326,yolo_x_cpu,520
40327,yolo_x_cpu,511
40328,yolo_x_cpu,600
40329,yolo_x_cpu,521
40330,yolo_x_cpu,626
40331,yolo_x_cpu,603
40332,yolo_x_cpu,648
40333,yolo_x_cpu,712
40334,yolo_x_cpu,623
40335,yolo_x_cpu,574
40336,yolo_x_cpu,543
40337,yolo_x_cpu,500
40338,yolo_x_cpu,605
40339,yolo_x_cpu,491
40340,yolo_x_cpu,560
40341,yolo_x_cpu,642
40342,yolo_x_cpu,580
40343,yolo_x_cpu,591
40344,yolo_x_cpu,716
40345,yolo_x_cpu,663
40346,yolo_x_cpu,638
40347,yolo_x_cpu,838
40348,yolo_x_cpu,733
40349,yolo_x_cpu,661
40350,yolo_x_cpu,698
40351,yolo_x_cpu,603
40352,yolo_x_cpu,586
40353,yolo_x_cpu,581
40354,yolo_x_cpu,548
40355,yolo_x_cpu,560
40356,yolo_x_cpu,675
40357,yolo_x_cpu,573
40358,yolo_x_cpu,522
40359,yolo_x_cpu,611
40360,yolo_x_cpu,674
40361,yolo_x_cpu,721
40362,yolo_x_cpu,758
40363,yolo_x_cpu,658
40364,yolo_x_cpu,709
40365,yolo_x_cpu,531
40366,yolo_x_cpu,582
40367,yolo_x_cpu,647
40368,yolo_x_cpu,629
40369,yolo_x_cpu,626
40370,yolo_x_cpu,787
40371,yolo_x_cpu,797
40372,yolo_x_cpu,686
40373,yolo_x_cpu,541
40374,yolo_x_cpu,677
40375,yolo_x_cpu,607
40376,yolo_x_cpu,722
40377,yolo_x_cpu,737
40378,yolo_x_cpu,615
40379,yolo_x_cpu,540
40380,yolo_x_cpu,594
40381,yolo_x_cpu,623
40382,yolo_x_cpu,605
40383,yolo_x_cpu,565
40384,yolo_x_cpu,617
40385,yolo_x_cpu,671
40386,yolo_x_cpu,588
40387,yolo_x_cpu,675
40388,yolo_x_cpu,630
40389,yolo_x_cpu,745
40390,yolo_x_cpu,718
40391,yolo_x_cpu,698
40392,yolo_x_cpu,758
40393,yolo_x_cpu,709
40394,yolo_x_cpu,604
40395,yolo_x_cpu,721
40396,yolo_x_cpu,698
40397,yolo_x_cpu,570
40398,yolo_x_cpu,542
40399,yolo_x_cpu,642
40400,yolo_x_cpu,652
40401,yolo_x_cpu,669
40402,yolo_x_cpu,636
40403,yolo_x_cpu,589
40404,yolo_x_cpu,574
40405,yolo_x_cpu,580
40406,yolo_x_cpu,540
40407,yolo_x_cpu,583
40408,yolo_x_cpu,634
40409,yolo_x_cpu,668
40410,yolo_x_cpu,779
40411,yolo_x_cpu,612
40412,yolo_x_cpu,603
40413,yolo_x_cpu,577
40414,yolo_x_cpu,621
40415,yolo_x_cpu,600
40416,yolo_x_cpu,638
40417,yolo_x_cpu,705
40418,yolo_x_cpu,744
40419,yolo_x_cpu,746
40420,yolo_x_cpu,742
40421,yolo_x_cpu,649
40422,yolo_x_cpu,801
40423,yolo_x_cpu,613
40424,yolo_x_cpu,528
40425,yolo_x_cpu,628
40426,yolo_x_cpu,586
40427,yolo_x_cpu,728
40428,yolo_x_cpu,599
40429,yolo_x_cpu,557
40430,yolo_x_cpu,566
40431,yolo_x_cpu,585
40432,yolo_x_cpu,673
40433,yolo_x_cpu,619
40434,yolo_x_cpu,651
40435,yolo_x_cpu,500
40436,yolo_x_cpu,558
40437,yolo_x_cpu,631
40438,yolo_x_cpu,580
40439,yolo_x_cpu,765
40440,yolo_x_cpu,550
40441,yolo_x_cpu,450
40442,yolo_x_cpu,541
40443,yolo_x_cpu,564
40444,yolo_x_cpu,574
40445,yolo_x_cpu,602
40446,yolo_x_cpu,591
40447,yolo_x_cpu,607
40448,yolo_x_cpu,587
40449,yolo_x_cpu,581
40450,yolo_x_cpu,474
40451,yolo_x_cpu,594
40452,yolo_x_cpu,686
40453,yolo_x_cpu,666
40454,yolo_x_cpu,663
40455,yolo_x_cpu,656
40456,yolo_x_cpu,456
40457,yolo_x_cpu,566
40458,yolo_x_cpu,644
40459,yolo_x_cpu,672
40460,yolo_x_cpu,601
40461,yolo_x_cpu,682
40462,yolo_x_cpu,661
40463,yolo_x_cpu,620
40464,yolo_x_cpu,713
40465,yolo_x_cpu,644
40466,yolo_x_cpu,582
40467,yolo_x_cpu,617
40468,yolo_x_cpu,710
40469,yolo_x_cpu,717
40470,yolo_x_cpu,631
40471,yolo_x_cpu,709
40472,yolo_x_cpu,717
40473,yolo_x_cpu,624
40474,yolo_x_cpu,664
40475,yolo_x_cpu,667
40476,yolo_x_cpu,575
40477,yolo_x_cpu,652
40478,yolo_x_cpu,673
40479,yolo_x_cpu,703
40480,yolo_x_cpu,607
40481,yolo_x_cpu,598
40482,yolo_x_cpu,598
40483,yolo_x_cpu,671
40484,yolo_x_cpu,637
40485,yolo_x_cpu,578
40486,yolo_x_cpu,718
40487,yolo_x_cpu,757
40488,yolo_x_cpu,642
40489,yolo_x_cpu,671
40490,yolo_x_cpu,738
40491,yolo_x_cpu,748
40492,yolo_x_cpu,679
40493,yolo_x_cpu,849
40494,yolo_x_cpu,724
40495,yolo_x_cpu,683
40496,yolo_x_cpu,601
40497,yolo_x_cpu,749
40498,yolo_x_cpu,682
40499,yolo_x_cpu,592
40500,yolo_x_cpu,664
40501,yolo_x_cpu,672
40502,yolo_x_cpu,835
40503,yolo_x_cpu,873
40504,yolo_x_cpu,711
40505,yolo_x_cpu,628
40506,yolo_x_cpu,727
40507,yolo_x_cpu,653
40508,yolo_x_cpu,688
40509,yolo_x_cpu,746
40510,yolo_x_cpu,626
40511,yolo_x_cpu,658
40512,yolo_x_cpu,703
40513,yolo_x_cpu,741
40514,yolo_x_cpu,888
40515,yolo_x_cpu,839
40516,yolo_x_cpu,740
40517,yolo_x_cpu,748
40518,yolo_x_cpu,593
40519,yolo_x_cpu,669
40520,yolo_x_cpu,598
40521,yolo_x_cpu,580
40522,yolo_x_cpu,604
40523,yolo_x_cpu,786
40524,yolo_x_cpu,723
40525,yolo_x_cpu,535
40526,yolo_x_cpu,644
40527,yolo_x_cpu,730
40528,yolo_x_cpu,678
40529,yolo_x_cpu,570
40530,yolo_x_cpu,755
40531,yolo_x_cpu,667
40532,yolo_x_cpu,646
40533,yolo_x_cpu,737
40534,yolo_x_cpu,671
40535,yolo_x_cpu,639
40536,yolo_x_cpu,606
40537,yolo_x_cpu,733
40538,yolo_x_cpu,651
40539,yolo_x_cpu,633
40540,yolo_x_cpu,733
40541,yolo_x_cpu,727
40542,yolo_x_cpu,605
40543,yolo_x_cpu,626
40544,yolo_x_cpu,533
40545,yolo_x_cpu,655
40546,yolo_x_cpu,575
40547,yolo_x_cpu,586
40548,yolo_x_cpu,588
40549,yolo_x_cpu,734
40550,yolo_x_cpu,657
40551,yolo_x_cpu,583
40552,yolo_x_cpu,674
40553,yolo_x_cpu,734
40554,yolo_x_cpu,660
40555,yolo_x_cpu,626
40556,yolo_x_cpu,617
40557,yolo_x_cpu,903
40558,yolo_x_cpu,759
40559,yolo_x_cpu,876
40560,yolo_x_cpu,770
40561,yolo_x_cpu,659
40562,yolo_x_cpu,716
40563,yolo_x_cpu,731
40564,yolo_x_cpu,729
40565,yolo_x_cpu,852
40566,yolo_x_cpu,849
40567,yolo_x_cpu,826
40568,yolo_x_cpu,988
40569,yolo_x_cpu,827
40570,yolo_x_cpu,893
40571,yolo_x_cpu,868
40572,yolo_x_cpu,931
40573,yolo_x_cpu,809
40574,yolo_x_cpu,850
40575,yolo_x_cpu,957
40576,yolo_x_cpu,1082
40577,yolo_x_cpu,1110
40578,yolo_x_cpu,957
40579,yolo_x_cpu,1070
40580,yolo_x_cpu,1166
40581,yolo_x_cpu,1101
40582,yolo_x_cpu,1061
40583,yolo_x_cpu,1193
40584,yolo_x_cpu,1138
40585,yolo_x_cpu,1249
40586,yolo_x_cpu,1388
40587,yolo_x_cpu,1268
40588,yolo_x_cpu,1268
40589,yolo_x_cpu,1137
40590,yolo_x_cpu,1266
40591,yolo_x_cpu,1720
40592,yolo_x_cpu,1751
40593,yolo_x_cpu,1745
40594,yolo_x_cpu,1704
40595,yolo_x_cpu,1641
40596,yolo_x_cpu,1607
40597,yolo_x_cpu,1622
40598,yolo_x_cpu,1535
40599,yolo_x_cpu,1712
40600,yolo_x_cpu,1848
40601,yolo_x_cpu,1714
40602,yolo_x_cpu,1721
40603,yolo_x_cpu,1681
40604,yolo_x_cpu,1618
40605,yolo_x_cpu,1600
40606,yolo_x_cpu,1554
40607,yolo_x_cpu,1670
40608,yolo_x_cpu,1685
40609,yolo_x_cpu,1426
40610,yolo_x_cpu,1491
40611,yolo_x_cpu,1535
40612,yolo_x_cpu,1352
40613,yolo_x_cpu,1429
40614,yolo_x_cpu,1530
40615,yolo_x_cpu,1493
40616,yolo_x_cpu,1246
40617,yolo_x_cpu,1294
40618,yolo_x_cpu,1305
40619,yolo_x_cpu,1386
40620,yolo_x_cpu,1262
40621,yolo_x_cpu,1273
40622,yolo_x_cpu,1544
40623,yolo_x_cpu,1239
40624,yolo_x_cpu,1415
40625,yolo_x_cpu,1476
40626,yolo_x_cpu,1272
40627,yolo_x_cpu,1265
40628,yolo_x_cpu,1298
40629,yolo_x_cpu,1343
40630,yolo_x_cpu,1179
40631,yolo_x_cpu,1254
40632,yolo_x_cpu,1339
40633,yolo_x_cpu,1262
40634,yolo_x_cpu,1154
40635,yolo_x_cpu,1240
40636,yolo_x_cpu,1198
40637,yolo_x_cpu,1158
40638,yolo_x_cpu,1202
40639,yolo_x_cpu,1265
40640,yolo_x_cpu,1078
40641,yolo_x_cpu,975
40642,yolo_x_cpu,1128
40643,yolo_x_cpu,1009
40644,yolo_x_cpu,1013
40645,yolo_x_cpu,1051
40646,yolo_x_cpu,1084
40647,yolo_x_cpu,1102
40648,yolo_x_cpu,1188
40649,yolo_x_cpu,1118
40650,yolo_x_cpu,1118
40651,yolo_x_cpu,1072
40652,yolo_x_cpu,977
40653,yolo_x_cpu,992
40654,yolo_x_cpu,1138
40655,yolo_x_cpu,1121
40656,yolo_x_cpu,1060
40657,yolo_x_cpu,1045
40658,yolo_x_cpu,931
40659,yolo_x_cpu,1030
40660,yolo_x_cpu,1286
40661,yolo_x_cpu,1141
40662,yolo_x_cpu,1054
40663,yolo_x_cpu,1168
40664,yolo_x_cpu,879
40665,yolo_x_cpu,1119
40666,yolo_x_cpu,1203
40667,yolo_x_cpu,1014
40668,yolo_x_cpu,905
40669,yolo_x_cpu,1021
40670,yolo_x_cpu,1019
40671,yolo_x_cpu,1053
40672,yolo_x_cpu,989
40673,yolo_x_cpu,958
40674,yolo_x_cpu,1114
40675,yolo_x_cpu,926
40676,yolo_x_cpu,1074
40677,yolo_x_cpu,946
40678,yolo_x_cpu,1063
40679,yolo_x_cpu,900
40680,yolo_x_cpu,854
40681,yolo_x_cpu,944
40682,yolo_x_cpu,912
40683,yolo_x_cpu,891
40684,yolo_x_cpu,1059
40685,yolo_x_cpu,991
40686,yolo_x_cpu,906
40687,yolo_x_cpu,905
40688,yolo_x_cpu,1003
40689,yolo_x_cpu,794
40690,yolo_x_cpu,821
40691,yolo_x_cpu,875
40692,yolo_x_cpu,849
40693,yolo_x_cpu,754
40694,yolo_x_cpu,828
40695,yolo_x_cpu,965
40696,yolo_x_cpu,1067
40697,yolo_x_cpu,843
40698,yolo_x_cpu,795
40699,yolo_x_cpu,815
40700,yolo_x_cpu,831
40701,yolo_x_cpu,955
40702,yolo_x_cpu,779
40703,yolo_x_cpu,797
40704,yolo_x_cpu,784
40705,yolo_x_cpu,768
40706,yolo_x_cpu,930
40707,yolo_x_cpu,868
40708,yolo_x_cpu,871
40709,yolo_x_cpu,802
40710,yolo_x_cpu,833
40711,yolo_x_cpu,902
40712,yolo_x_cpu,885
40713,yolo_x_cpu,866
40714,yolo_x_cpu,724
40715,yolo_x_cpu,747
40716,yolo_x_cpu,609
40717,yolo_x_cpu,728
40718,yolo_x_cpu,566
40719,yolo_x_cpu,613
40720,yolo_x_cpu,679
40721,yolo_x_cpu,604
40722,yolo_x_cpu,592
40723,yolo_x_cpu,552
40724,yolo_x_cpu,600
40725,yolo_x_cpu,520
40726,yolo_x_cpu,552
40727,yolo_x_cpu,525
40728,yolo_x_cpu,643
40729,yolo_x_cpu,631
40730,yolo_x_cpu,660
40731,yolo_x_cpu,578
40732,yolo_x_cpu,662
40733,yolo_x_cpu,679
40734,yolo_x_cpu,604
40735,yolo_x_cpu,617
40736,yolo_x_cpu,687
40737,yolo_x_cpu,559
40738,yolo_x_cpu,581
40739,yolo_x_cpu,718
40740,yolo_x_cpu,531
40741,yolo_x_cpu,652
40742,yolo_x_cpu,539
40743,yolo_x_cpu,638
40744,yolo_x_cpu,589
40745,yolo_x_cpu,729
40746,yolo_x_cpu,689
40747,yolo_x_cpu,636
40748,yolo_x_cpu,709
40749,yolo_x_cpu,613
40750,yolo_x_cpu,767
40751,yolo_x_cpu,697
40752,yolo_x_cpu,683
40753,yolo_x_cpu,692
40754,yolo_x_cpu,591
40755,yolo_x_cpu,768
40756,yolo_x_cpu,630
40757,yolo_x_cpu,601
40758,yolo_x_cpu,639
40759,yolo_x_cpu,628
40760,yolo_x_cpu,677
40761,yolo_x_cpu,598
40762,yolo_x_cpu,636
40763,yolo_x_cpu,823
40764,yolo_x_cpu,761
40765,yolo_x_cpu,747
40766,yolo_x_cpu,787
40767,yolo_x_cpu,713
40768,yolo_x_cpu,616
40769,yolo_x_cpu,679
40770,yolo_x_cpu,718
40771,yolo_x_cpu,639
40772,yolo_x_cpu,730
40773,yolo_x_cpu,906
40774,yolo_x_cpu,761
40775,yolo_x_cpu,859
40776,yolo_x_cpu,749
40777,yolo_x_cpu,847
40778,yolo_x_cpu,790
40779,yolo_x_cpu,702
40780,yolo_x_cpu,850
40781,yolo_x_cpu,779
40782,yolo_x_cpu,697
40783,yolo_x_cpu,711
40784,yolo_x_cpu,762
40785,yolo_x_cpu,877
40786,yolo_x_cpu,688
40787,yolo_x_cpu,751
40788,yolo_x_cpu,883
40789,yolo_x_cpu,811
40790,yolo_x_cpu,822
40791,yolo_x_cpu,799
40792,yolo_x_cpu,735
40793,yolo_x_cpu,675
40794,yolo_x_cpu,766
40795,yolo_x_cpu,892
40796,yolo_x_cpu,791
40797,yolo_x_cpu,864
40798,yolo_x_cpu,772
40799,yolo_x_cpu,882
40800,yolo_x_cpu,813
40801,yolo_x_cpu,727
40802,yolo_x_cpu,851
40803,yolo_x_cpu,858
40804,yolo_x_cpu,793
40805,yolo_x_cpu,934
40806,yolo_x_cpu,929
40807,yolo_x_cpu,874
40808,yolo_x_cpu,954
40809,yolo_x_cpu,989
40810,yolo_x_cpu,1046
40811,yolo_x_cpu,918
40812,yolo_x_cpu,895
40813,yolo_x_cpu,1004
40814,yolo_x_cpu,909
40815,yolo_x_cpu,863
40816,yolo_x_cpu,1008
40817,yolo_x_cpu,963
40818,yolo_x_cpu,881
40819,yolo_x_cpu,952
40820,yolo_x_cpu,946
40821,yolo_x_cpu,902
40822,yolo_x_cpu,1046
40823,yolo_x_cpu,969
40824,yolo_x_cpu,1082
40825,yolo_x_cpu,1074
40826,yolo_x_cpu,1020
40827,yolo_x_cpu,1053
40828,yolo_x_cpu,1073
40829,yolo_x_cpu,1143
40830,yolo_x_cpu,1174
40831,yolo_x_cpu,1137
40832,yolo_x_cpu,1139
40833,yolo_x_cpu,1090
40834,yolo_x_cpu,1138
40835,yolo_x_cpu,1236
40836,yolo_x_cpu,1326
40837,yolo_x_cpu,1216
40838,yolo_x_cpu,1257
40839,yolo_x_cpu,1342
40840,yolo_x_cpu,1162
40841,yolo_x_cpu,1363
40842,yolo_x_cpu,1215
40843,yolo_x_cpu,1265
40844,yolo_x_cpu,1540
40845,yolo_x_cpu,1455
40846,yolo_x_cpu,1381
40847,yolo_x_cpu,1341
40848,yolo_x_cpu,1306
40849,yolo_x_cpu,1443
40850,yolo_x_cpu,1461
40851,yolo_x_cpu,1403
40852,yolo_x_cpu,1436
40853,yolo_x_cpu,1397
40854,yolo_x_cpu,1292
40855,yolo_x_cpu,1372
40856,yolo_x_cpu,1627
40857,yolo_x_cpu,1544
40858,yolo_x_cpu,1350
40859,yolo_x_cpu,1453
40860,yolo_x_cpu,1745
40861,yolo_x_cpu,1499
40862,yolo_x_cpu,1631
40863,yolo_x_cpu,1629
40864,yolo_x_cpu,1596
40865,yolo_x_cpu,1639
40866,yolo_x_cpu,1483
40867,yolo_x_cpu,1526
40868,yolo_x_cpu,1536
40869,yolo_x_cpu,1372
40870,yolo_x_cpu,1560
40871,yolo_x_cpu,1798
40872,yolo_x_cpu,1761
40873,yolo_x_cpu,1613
40874,yolo_x_cpu,1793
40875,yolo_x_cpu,1539
40876,yolo_x_cpu,1687
40877,yolo_x_cpu,1604
40878,yolo_x_cpu,1581
40879,yolo_x_cpu,1571
40880,yolo_x_cpu,1594
40881,yolo_x_cpu,1539
40882,yolo_x_cpu,1730
40883,yolo_x_cpu,1536
40884,yolo_x_cpu,1625
40885,yolo_x_cpu,1735
40886,yolo_x_cpu,1797
40887,yolo_x_cpu,1660
40888,yolo_x_cpu,1652
40889,yolo_x_cpu,1630
40890,yolo_x_cpu,1621
40891,yolo_x_cpu,1680
40892,yolo_x_cpu,1539
40893,yolo_x_cpu,1620
40894,yolo_x_cpu,1592
40895,yolo_x_cpu,1439
40896,yolo_x_cpu,1507
40897,yolo_x_cpu,1637
40898,yolo_x_cpu,1347
40899,yolo_x_cpu,1616
40900,yolo_x_cpu,1536
40901,yolo_x_cpu,1736
40902,yolo_x_cpu,1639
40903,yolo_x_cpu,1658
40904,yolo_x_cpu,1578
40905,yolo_x_cpu,1650
40906,yolo_x_cpu,1663
40907,yolo_x_cpu,1542
40908,yolo_x_cpu,1506
40909,yolo_x_cpu,1604
40910,yolo_x_cpu,1552
40911,yolo_x_cpu,1416
40912,yolo_x_cpu,1394
40913,yolo_x_cpu,1429
40914,yolo_x_cpu,1242
40915,yolo_x_cpu,1527
40916,yolo_x_cpu,1557
40917,yolo_x_cpu,1553
40918,yolo_x_cpu,1621
40919,yolo_x_cpu,1635
40920,yolo_x_cpu,1674
40921,yolo_x_cpu,1387
40922,yolo_x_cpu,1602
40923,yolo_x_cpu,1668
40924,yolo_x_cpu,1531
40925,yolo_x_cpu,1611
40926,yolo_x_cpu,1505
40927,yolo_x_cpu,1643
40928,yolo_x_cpu,1742
40929,yolo_x_cpu,1476
40930,yolo_x_cpu,1476
40931,yolo_x_cpu,1607
40932,yolo_x_cpu,1658
40933,yolo_x_cpu,1714
40934,yolo_x_cpu,1502
40935,yolo_x_cpu,1471
40936,yolo_x_cpu,1501
40937,yolo_x_cpu,1562
40938,yolo_x_cpu,1498
40939,yolo_x_cpu,1664
40940,yolo_x_cpu,1512
40941,yolo_x_cpu,1638
40942,yolo_x_cpu,1808
40943,yolo_x_cpu,1453
40944,yolo_x_cpu,1695
40945,yolo_x_cpu,1586
40946,yolo_x_cpu,1625
40947,yolo_x_cpu,1445
40948,yolo_x_cpu,1529
40949,yolo_x_cpu,1576
40950,yolo_x_cpu,1477
40951,yolo_x_cpu,1443
40952,yolo_x_cpu,1697
40953,yolo_x_cpu,1640
40954,yolo_x_cpu,1511
40955,yolo_x_cpu,1409
40956,yolo_x_cpu,1451
40957,yolo_x_cpu,1591
40958,yolo_x_cpu,1568
40959,yolo_x_cpu,1625
40960,yolo_x_cpu,1574
40961,yolo_x_cpu,1534
40962,yolo_x_cpu,1543
40963,yolo_x_cpu,1487
40964,yolo_x_cpu,1374
40965,yolo_x_cpu,1595
40966,yolo_x_cpu,1562
40967,yolo_x_cpu,1545
40968,yolo_x_cpu,1819
40969,yolo_x_cpu,1574
40970,yolo_x_cpu,1563
40971,yolo_x_cpu,1522
40972,yolo_x_cpu,1782
40973,yolo_x_cpu,1541
40974,yolo_x_cpu,1596
40975,yolo_x_cpu,1460
40976,yolo_x_cpu,1560
40977,yolo_x_cpu,1567
40978,yolo_x_cpu,1532
40979,yolo_x_cpu,1809
40980,yolo_x_cpu,1728
40981,yolo_x_cpu,1776
40982,yolo_x_cpu,1700
40983,yolo_x_cpu,1614
40984,yolo_x_cpu,1712
40985,yolo_x_cpu,1833
40986,yolo_x_cpu,1849
40987,yolo_x_cpu,1755
40988,yolo_x_cpu,1693
40989,yolo_x_cpu,1776
40990,yolo_x_cpu,1810
40991,yolo_x_cpu,1562
40992,yolo_x_cpu,1747
40993,yolo_x_cpu,1682
40994,yolo_x_cpu,1794
40995,yolo_x_cpu,1745
40996,yolo_x_cpu,1649
40997,yolo_x_cpu,1773
40998,yolo_x_cpu,1638
40999,yolo_x_cpu,1660
41000,yolo_x_cpu,1810
41001,yolo_x_cpu,1803
41002,yolo_x_cpu,1855
41003,yolo_x_cpu,1691
41004,yolo_x_cpu,1792
41005,yolo_x_cpu,1826
41006,yolo_x_cpu,1901
41007,yolo_x_cpu,1862
41008,yolo_x_cpu,1618
41009,yolo_x_cpu,1851
41010,yolo_x_cpu,1702
41011,yolo_x_cpu,1734
41012,yolo_x_cpu,1741
41013,yolo_x_cpu,1742
41014,yolo_x_cpu,1802
41015,yolo_x_cpu,1800
41016,yolo_x_cpu,1960
41017,yolo_x_cpu,1770
41018,yolo_x_cpu,1684
41019,yolo_x_cpu,1747
41020,yolo_x_cpu,1677
41021,yolo_x_cpu,1647
41022,yolo_x_cpu,1881
41023,yolo_x_cpu,1876
41024,yolo_x_cpu,1666
41025,yolo_x_cpu,1817
41026,yolo_x_cpu,1475
41027,yolo_x_cpu,1565
41028,yolo_x_cpu,1530
41029,yolo_x_cpu,1680
41030,yolo_x_cpu,1541
41031,yolo_x_cpu,1557
41032,yolo_x_cpu,1529
41033,yolo_x_cpu,1748
41034,yolo_x_cpu,1707
41035,yolo_x_cpu,1660
41036,yolo_x_cpu,1645
41037,yolo_x_cpu,1504
41038,yolo_x_cpu,1628
41039,yolo_x_cpu,1750
41040,yolo_x_cpu,1431
41041,yolo_x_cpu,1612
41042,yolo_x_cpu,1627
41043,yolo_x_cpu,1616
41044,yolo_x_cpu,1701
41045,yolo_x_cpu,1620
41046,yolo_x_cpu,1563
41047,yolo_x_cpu,1660
41048,yolo_x_cpu,1385
41049,yolo_x_cpu,1400
41050,yolo_x_cpu,1676
41051,yolo_x_cpu,1595
41052,yolo_x_cpu,1390
41053,yolo_x_cpu,1490
41054,yolo_x_cpu,1672
41055,yolo_x_cpu,1492
41056,yolo_x_cpu,1487
41057,yolo_x_cpu,1715
41058,yolo_x_cpu,1570
41059,yolo_x_cpu,1524
41060,yolo_x_cpu,1411
41061,yolo_x_cpu,1508
41062,yolo_x_cpu,1535
41063,yolo_x_cpu,1492
41064,yolo_x_cpu,1435
41065,yolo_x_cpu,1461
41066,yolo_x_cpu,1354
41067,yolo_x_cpu,1487
41068,yolo_x_cpu,1668
41069,yolo_x_cpu,1556
41070,yolo_x_cpu,1719
41071,yolo_x_cpu,1934
41072,yolo_x_cpu,1722
41073,yolo_x_cpu,1402
41074,yolo_x_cpu,1460
41075,yolo_x_cpu,1569
41076,yolo_x_cpu,1571
41077,yolo_x_cpu,1739
41078,yolo_x_cpu,1611
41079,yolo_x_cpu,1510
41080,yolo_x_cpu,1512
41081,yolo_x_cpu,1399
41082,yolo_x_cpu,1469
41083,yolo_x_cpu,1362
41084,yolo_x_cpu,1567
41085,yolo_x_cpu,1393
41086,yolo_x_cpu,1618
41087,yolo_x_cpu,1633
41088,yolo_x_cpu,1553
41089,yolo_x_cpu,1524
41090,yolo_x_cpu,1783
41091,yolo_x_cpu,1591
41092,yolo_x_cpu,1540
41093,yolo_x_cpu,1507
41094,yolo_x_cpu,1385
41095,yolo_x_cpu,1575
41096,yolo_x_cpu,1520
41097,yolo_x_cpu,1545
41098,yolo_x_cpu,1616
41099,yolo_x_cpu,1612
41100,yolo_x_cpu,1582
41101,yolo_x_cpu,1579
41102,yolo_x_cpu,1449
41103,yolo_x_cpu,1413
41104,yolo_x_cpu,1400
41105,yolo_x_cpu,1494
41106,yolo_x_cpu,1440
41107,yolo_x_cpu,1350
41108,yolo_x_cpu,1361
41109,yolo_x_cpu,1472
41110,yolo_x_cpu,1727
41111,yolo_x_cpu,1417
41112,yolo_x_cpu,1452
41113,yolo_x_cpu,1377
41114,yolo_x_cpu,1348
41115,yolo_x_cpu,1353
41116,yolo_x_cpu,1440
41117,yolo_x_cpu,1327
41118,yolo_x_cpu,1356
41119,yolo_x_cpu,1436
41120,yolo_x_cpu,1565
41121,yolo_x_cpu,1731
41122,yolo_x_cpu,1474
41123,yolo_x_cpu,1496
41124,yolo_x_cpu,1453
41125,yolo_x_cpu,1522
41126,yolo_x_cpu,1385
41127,yolo_x_cpu,1350
41128,yolo_x_cpu,1398
41129,yolo_x_cpu,1333
41130,yolo_x_cpu,1404
41131,yolo_x_cpu,1309
41132,yolo_x_cpu,1290
41133,yolo_x_cpu,1453
41134,yolo_x_cpu,1501
41135,yolo_x_cpu,1358
41136,yolo_x_cpu,1259
41137,yolo_x_cpu,1364
41138,yolo_x_cpu,1404
41139,yolo_x_cpu,1368
41140,yolo_x_cpu,1272
41141,yolo_x_cpu,1184
41142,yolo_x_cpu,1459
41143,yolo_x_cpu,1388
41144,yolo_x_cpu,1330
41145,yolo_x_cpu,1302
41146,yolo_x_cpu,1215
41147,yolo_x_cpu,1189
41148,yolo_x_cpu,1296
41149,yolo_x_cpu,1420
41150,yolo_x_cpu,1428
41151,yolo_x_cpu,1312
41152,yolo_x_cpu,1129
41153,yolo_x_cpu,1254
41154,yolo_x_cpu,1204
41155,yolo_x_cpu,1223
41156,yolo_x_cpu,1295
41157,yolo_x_cpu,1243
41158,yolo_x_cpu,1167
41159,yolo_x_cpu,1208
41160,yolo_x_cpu,1232
41161,yolo_x_cpu,1214
41162,yolo_x_cpu,1187
41163,yolo_x_cpu,1139
41164,yolo_x_cpu,1318
41165,yolo_x_cpu,1140
41166,yolo_x_cpu,1174
41167,yolo_x_cpu,1229
41168,yolo_x_cpu,1187
41169,yolo_x_cpu,1094
41170,yolo_x_cpu,1174
41171,yolo_x_cpu,1207
41172,yolo_x_cpu,1212
41173,yolo_x_cpu,1368
41174,yolo_x_cpu,1586
41175,yolo_x_cpu,1334
41176,yolo_x_cpu,1168
41177,yolo_x_cpu,1170
41178,yolo_x_cpu,1106
41179,yolo_x_cpu,1239
41180,yolo_x_cpu,1163
41181,yolo_x_cpu,1072
41182,yolo_x_cpu,1050
41183,yolo_x_cpu,1102
41184,yolo_x_cpu,1022
41185,yolo_x_cpu,976
41186,yolo_x_cpu,1008
41187,yolo_x_cpu,965
41188,yolo_x_cpu,1096
41189,yolo_x_cpu,1064
41190,yolo_x_cpu,1018
41191,yolo_x_cpu,1047
41192,yolo_x_cpu,911
41193,yolo_x_cpu,843
41194,yolo_x_cpu,849
41195,yolo_x_cpu,840
41196,yolo_x_cpu,815
41197,yolo_x_cpu,894
41198,yolo_x_cpu,771
41199,yolo_x_cpu,893
41200,yolo_x_cpu,929
41201,yolo_x_cpu,955
41202,yolo_x_cpu,961
41203,yolo_x_cpu,978
41204,yolo_x_cpu,878
41205,yolo_x_cpu,785
41206,yolo_x_cpu,959
41207,yolo_x_cpu,738
41208,yolo_x_cpu,829
41209,yolo_x_cpu,794
41210,yolo_x_cpu,785
41211,yolo_x_cpu,895
41212,yolo_x_cpu,922
41213,yolo_x_cpu,691
41214,yolo_x_cpu,689
41215,yolo_x_cpu,801
41216,yolo_x_cpu,635
41217,yolo_x_cpu,636
41218,yolo_x_cpu,715
41219,yolo_x_cpu,641
41220,yolo_x_cpu,714
41221,yolo_x_cpu,673
41222,yolo_x_cpu,731
41223,yolo_x_cpu,729
41224,yolo_x_cpu,919
41225,yolo_x_cpu,732
41226,yolo_x_cpu,681
41227,yolo_x_cpu,787
41228,yolo_x_cpu,719
41229,yolo_x_cpu,736
41230,yolo_x_cpu,797
41231,yolo_x_cpu,672
41232,yolo_x_cpu,604
41233,yolo_x_cpu,543
41234,yolo_x_cpu,500
41235,yolo_x_cpu,511
41236,yolo_x_cpu,558
41237,yolo_x_cpu,630
41238,yolo_x_cpu,645
41239,yolo_x_cpu,538
41240,yolo_x_cpu,516
41241,yolo_x_cpu,546
41242,yolo_x_cpu,480
41243,yolo_x_cpu,514
41244,yolo_x_cpu,417
41245,yolo_x_cpu,478
41246,yolo_x_cpu,372
41247,yolo_x_cpu,409
41248,yolo_x_cpu,518
41249,yolo_x_cpu,525
41250,yolo_x_cpu,439
41251,yolo_x_cpu,520
41252,yolo_x_cpu,511
41253,yolo_x_cpu,461
41254,yolo_x_cpu,331
41255,yolo_x_cpu,389
41256,yolo_x_cpu,435
41257,yolo_x_cpu,463
41258,yolo_x_cpu,400
41259,yolo_x_cpu,442
41260,yolo_x_cpu,452
41261,yolo_x_cpu,334
41262,yolo_x_cpu,375
41263,yolo_x_cpu,368
41264,yolo_x_cpu,433
41265,yolo_x_cpu,427
41266,yolo_x_cpu,384
41267,yolo_x_cpu,324
41268,yolo_x_cpu,430
41269,yolo_x_cpu,358
41270,yolo_x_cpu,299
41271,yolo_x_cpu,259
41272,yolo_x_cpu,371
41273,yolo_x_cpu,360
41274,yolo_x_cpu,244
41275,yolo_x_cpu,236
41276,yolo_x_cpu,230
41277,yolo_x_cpu,303
41278,yolo_x_cpu,310
41279,yolo_x_cpu,301
41280,yolo_x_cpu,287
41281,yolo_x_cpu,209
41282,yolo_x_cpu,258
41283,yolo_x_cpu,264
41284,yolo_x_cpu,193
41285,yolo_x_cpu,236
41286,yolo_x_cpu,216
41287,yolo_x_cpu,139
41288,yolo_x_cpu,177
41289,yolo_x_cpu,170
41290,yolo_x_cpu,155
41291,yolo_x_cpu,141
41292,yolo_x_cpu,210
41293,yolo_x_cpu,196
41294,yolo_x_cpu,159
41295,yolo_x_cpu,191
41296,yolo_x_cpu,194
41297,yolo_x_cpu,192
41298,yolo_x_cpu,228
41299,yolo_x_cpu,205
41300,yolo_x_cpu,198
41301,yolo_x_cpu,166
41302,yolo_x_cpu,140
41303,yolo_x_cpu,140
41304,yolo_x_cpu,131
41305,yolo_x_cpu,181
41306,yolo_x_cpu,233
41307,yolo_x_cpu,139
41308,yolo_x_cpu,174
41309,yolo_x_cpu,90
41310,yolo_x_cpu,94
41311,yolo_x_cpu,152
41312,yolo_x_cpu,133
41313,yolo_x_cpu,148
41314,yolo_x_cpu,138
41315,yolo_x_cpu,158
41316,yolo_x_cpu,133
41317,yolo_x_cpu,115
41318,yolo_x_cpu,119
41319,yolo_x_cpu,91
41320,yolo_x_cpu,153
41321,yolo_x_cpu,172
41322,yolo_x_cpu,169
41323,yolo_x_cpu,190
41324,yolo_x_cpu,98
41325,yolo_x_cpu,145
41326,yolo_x_cpu,146
41327,yolo_x_cpu,176
41328,yolo_x_cpu,195
41329,yolo_x_cpu,153
41330,yolo_x_cpu,153
41331,yolo_x_cpu,166
41332,yolo_x_cpu,180
41333,yolo_x_cpu,126
41334,yolo_x_cpu,171
41335,yolo_x_cpu,152
41336,yolo_x_cpu,127
41337,yolo_x_cpu,116
41338,yolo_x_cpu,202
41339,yolo_x_cpu,139
41340,yolo_x_cpu,97
41341,yolo_x_cpu,78
41342,yolo_x_cpu,55
41343,yolo_x_cpu,91
41344,yolo_x_cpu,131
41345,yolo_x_cpu,99
41346,yolo_x_cpu,92
41347,yolo_x_cpu,103
41348,yolo_x_cpu,111
41349,yolo_x_cpu,50
41350,yolo_x_cpu,81
41351,yolo_x_cpu,80
41352,yolo_x_cpu,92
41353,yolo_x_cpu,98
41354,yolo_x_cpu,49
41355,yolo_x_cpu,37
41356,yolo_x_cpu,70
41357,yolo_x_cpu,74
41358,yolo_x_cpu,82
41359,yolo_x_cpu,49
41360,yolo_x_cpu,77
41361,yolo_x_cpu,71
41362,yolo_x_cpu,150
41363,yolo_x_cpu,170
41364,yolo_x_cpu,171
41365,yolo_x_cpu,187
41366,yolo_x_cpu,168
41367,yolo_x_cpu,202
41368,yolo_x_cpu,158
41369,yolo_x_cpu,135
41370,yolo_x_cpu,118
41371,yolo_x_cpu,116
41372,yolo_x_cpu,80
41373,yolo_x_cpu,86
41374,yolo_x_cpu,111
41375,yolo_x_cpu,92
41376,yolo_x_cpu,75
41377,yolo_x_cpu,97
41378,yolo_x_cpu,79
41379,yolo_x_cpu,31
41380,yolo_x_cpu,38
41381,yolo_x_cpu,60
41382,yolo_x_cpu,51
41383,yolo_x_cpu,28
41384,yolo_x_cpu,97
41385,yolo_x_cpu,63
41386,yolo_x_cpu,42
41387,yolo_x_cpu,48
41388,yolo_x_cpu,67
41389,yolo_x_cpu,82
41390,yolo_x_cpu,93
41391,yolo_x_cpu,69
41392,yolo_x_cpu,88
41393,yolo_x_cpu,34
41394,yolo_x_cpu,33
41395,yolo_x_cpu,52
41396,yolo_x_cpu,29
41397,yolo_x_cpu,36
41398,yolo_x_cpu,26
41399,yolo_x_cpu,39
41400,yolo_x_cpu,195
41401,yolo_x_cpu,35
41402,yolo_x_cpu,40
41403,yolo_x_cpu,32
41404,yolo_x_cpu,28
41405,yolo_x_cpu,42
41406,yolo_x_cpu,86
41407,yolo_x_cpu,44
41408,yolo_x_cpu,38
41409,yolo_x_cpu,61
41410,yolo_x_cpu,48
41411,yolo_x_cpu,31
41412,yolo_x_cpu,33
41413,yolo_x_cpu,31
41414,yolo_x_cpu,64
41415,yolo_x_cpu,63
41416,yolo_x_cpu,64
41417,yolo_x_cpu,54
41418,yolo_x_cpu,65
41419,yolo_x_cpu,80
41420,yolo_x_cpu,74
41421,yolo_x_cpu,64
41422,yolo_x_cpu,97
41423,yolo_x_cpu,66
41424,yolo_x_cpu,29
41425,yolo_x_cpu,35
41426,yolo_x_cpu,47
41427,yolo_x_cpu,44
41428,yolo_x_cpu,53
41429,yolo_x_cpu,44
41430,yolo_x_cpu,29
41431,yolo_x_cpu,46
41432,yolo_x_cpu,43
41433,yolo_x_cpu,22
41434,yolo_x_cpu,18
41435,yolo_x_cpu,32
41436,yolo_x_cpu,28
41437,yolo_x_cpu,12
41438,yolo_x_cpu,26
41439,yolo_x_cpu,5
41440,yolo_x_cpu,16
41441,yolo_x_cpu,27
41442,yolo_x_cpu,19
41443,yolo_x_cpu,17
41444,yolo_x_cpu,14
41445,yolo_x_cpu,50
41446,yolo_x_cpu,49
41447,yolo_x_cpu,37
41448,yolo_x_cpu,31
41449,yolo_x_cpu,52
41450,yolo_x_cpu,88
41451,yolo_x_cpu,177
41452,yolo_x_cpu,88
41453,yolo_x_cpu,123
41454,yolo_x_cpu,193
41455,yolo_x_cpu,65
41456,yolo_x_cpu,40
41457,yolo_x_cpu,28
41458,yolo_x_cpu,23
41459,yolo_x_cpu,24
41460,yolo_x_cpu,16
41461,yolo_x_cpu,9
41462,yolo_x_cpu,26
41463,yolo_x_cpu,14
41464,yolo_x_cpu,37
41465,yolo_x_cpu,41
41466,yolo_x_cpu,19
41467,yolo_x_cpu,13
41468,yolo_x_cpu,17
41469,yolo_x_cpu,25
41470,yolo_x_cpu,20
41471,yolo_x_cpu,82
41472,yolo_x_cpu,40
41473,yolo_x_cpu,22
41474,yolo_x_cpu,10
41475,yolo_x_cpu,3
41476,yolo_x_cpu,26
41477,yolo_x_cpu,24
41478,yolo_x_cpu,32
41479,yolo_x_cpu,10
41480,yolo_x_cpu,11
41481,yolo_x_cpu,18
41482,yolo_x_cpu,22
41483,yolo_x_cpu,6
41484,yolo_x_cpu,6
41485,yolo_x_cpu,10
41486,yolo_x_cpu,7
41487,yolo_x_cpu,18
41488,yolo_x_cpu,8
41489,yolo_x_cpu,12
41490,yolo_x_cpu,20
41491,yolo_x_cpu,17
41492,yolo_x_cpu,12
41493,yolo_x_cpu,37
41494,yolo_x_cpu,24
41495,yolo_x_cpu,19
41496,yolo_x_cpu,44
41497,yolo_x_cpu,27
41498,yolo_x_cpu,16
41499,yolo_x_cpu,39
41500,yolo_x_cpu,19
41501,yolo_x_cpu,17
41502,yolo_x_cpu,8
41503,yolo_x_cpu,16
41504,yolo_x_cpu,8
41505,yolo_x_cpu,20
41506,yolo_x_cpu,24
41507,yolo_x_cpu,23
41508,yolo_x_cpu,29
41509,yolo_x_cpu,10
41510,yolo_x_cpu,11
41511,yolo_x_cpu,6
41512,yolo_x_cpu,10
41513,yolo_x_cpu,28
41514,yolo_x_cpu,17
41515,yolo_x_cpu,44
41516,yolo_x_cpu,15
41517,yolo_x_cpu,18
41518,yolo_x_cpu,28
41519,yolo_x_cpu,40
41520,yolo_x_cpu,45
41521,yolo_x_cpu,34
41522,yolo_x_cpu,28
41523,yolo_x_cpu,20
41524,yolo_x_cpu,33
41525,yolo_x_cpu,22
41526,yolo_x_cpu,21
41527,yolo_x_cpu,18
41528,yolo_x_cpu,23
41529,yolo_x_cpu,15
41530,yolo_x_cpu,28
41531,yolo_x_cpu,11
41532,yolo_x_cpu,32
41533,yolo_x_cpu,32
41534,yolo_x_cpu,11
41535,yolo_x_cpu,7
41536,yolo_x_cpu,6
41537,yolo_x_cpu,22
41538,yolo_x_cpu,11
41539,yolo_x_cpu,29
41540,yolo_x_cpu,14
41541,yolo_x_cpu,10
41542,yolo_x_cpu,16
41543,yolo_x_cpu,8
41544,yolo_x_cpu,6
41545,yolo_x_cpu,6
41546,yolo_x_cpu,7
41547,yolo_x_cpu,27
41548,yolo_x_cpu,11
41549,yolo_x_cpu,17
41550,yolo_x_cpu,12
41551,yolo_x_cpu,16
41552,yolo_x_cpu,14
41553,yolo_x_cpu,19
41554,yolo_x_cpu,42
41555,yolo_x_cpu,21
41556,yolo_x_cpu,38
41557,yolo_x_cpu,16
41558,yolo_x_cpu,20
41559,yolo_x_cpu,20
41560,yolo_x_cpu,29
41561,yolo_x_cpu,23
41562,yolo_x_cpu,15
41563,yolo_x_cpu,37
41564,yolo_x_cpu,49
41565,yolo_x_cpu,49
41566,yolo_x_cpu,45
41567,yolo_x_cpu,29
41568,yolo_x_cpu,35
41569,yolo_x_cpu,13
41570,yolo_x_cpu,21
41571,yolo_x_cpu,12
41572,yolo_x_cpu,17
41573,yolo_x_cpu,12
41574,yolo_x_cpu,24
41575,yolo_x_cpu,39
41576,yolo_x_cpu,38
41577,yolo_x_cpu,25
41578,yolo_x_cpu,19
41579,yolo_x_cpu,39
41580,yolo_x_cpu,22
41581,yolo_x_cpu,37
41582,yolo_x_cpu,43
41583,yolo_x_cpu,69
41584,yolo_x_cpu,75
41585,yolo_x_cpu,19
41586,yolo_x_cpu,34
41587,yolo_x_cpu,59
41588,yolo_x_cpu,65
41589,yolo_x_cpu,29
41590,yolo_x_cpu,49
41591,yolo_x_cpu,47
41592,yolo_x_cpu,32
41593,yolo_x_cpu,26
41594,yolo_x_cpu,36
41595,yolo_x_cpu,25
41596,yolo_x_cpu,20
41597,yolo_x_cpu,34
41598,yolo_x_cpu,26
41599,yolo_x_cpu,51
41600,yolo_x_cpu,17
41601,yolo_x_cpu,25
41602,yolo_x_cpu,17
41603,yolo_x_cpu,19
41604,yolo_x_cpu,28
41605,yolo_x_cpu,24
41606,yolo_x_cpu,27
41607,yolo_x_cpu,38
41608,yolo_x_cpu,42
41609,yolo_x_cpu,48
41610,yolo_x_cpu,113
41611,yolo_x_cpu,19
41612,yolo_x_cpu,47
41613,yolo_x_cpu,26
41614,yolo_x_cpu,66
41615,yolo_x_cpu,46
41616,yolo_x_cpu,57
41617,yolo_x_cpu,70
41618,yolo_x_cpu,59
41619,yolo_x_cpu,64
41620,yolo_x_cpu,48
41621,yolo_x_cpu,48
41622,yolo_x_cpu,51
41623,yolo_x_cpu,54
41624,yolo_x_cpu,41
41625,yolo_x_cpu,43
41626,yolo_x_cpu,62
41627,yolo_x_cpu,39
41628,yolo_x_cpu,30
41629,yolo_x_cpu,45
41630,yolo_x_cpu,90
41631,yolo_x_cpu,35
41632,yolo_x_cpu,50
41633,yolo_x_cpu,41
41634,yolo_x_cpu,46
41635,yolo_x_cpu,34
41636,yolo_x_cpu,71
41637,yolo_x_cpu,38
41638,yolo_x_cpu,32
41639,yolo_x_cpu,34
41640,yolo_x_cpu,38
41641,yolo_x_cpu,58
41642,yolo_x_cpu,55
41643,yolo_x_cpu,66
41644,yolo_x_cpu,50
41645,yolo_x_cpu,106
41646,yolo_x_cpu,67
41647,yolo_x_cpu,85
41648,yolo_x_cpu,73
41649,yolo_x_cpu,64
41650,yolo_x_cpu,74
41651,yolo_x_cpu,80
41652,yolo_x_cpu,95
41653,yolo_x_cpu,90
41654,yolo_x_cpu,145
41655,yolo_x_cpu,66
41656,yolo_x_cpu,111
41657,yolo_x_cpu,115
41658,yolo_x_cpu,92
41659,yolo_x_cpu,132
41660,yolo_x_cpu,106
41661,yolo_x_cpu,111
41662,yolo_x_cpu,124
41663,yolo_x_cpu,142
41664,yolo_x_cpu,138
41665,yolo_x_cpu,106
41666,yolo_x_cpu,109
41667,yolo_x_cpu,128
41668,yolo_x_cpu,119
41669,yolo_x_cpu,125
41670,yolo_x_cpu,125
41671,yolo_x_cpu,158
41672,yolo_x_cpu,201
41673,yolo_x_cpu,130
41674,yolo_x_cpu,137
41675,yolo_x_cpu,128
41676,yolo_x_cpu,140
41677,yolo_x_cpu,132
41678,yolo_x_cpu,213
41679,yolo_x_cpu,152
41680,yolo_x_cpu,180
41681,yolo_x_cpu,173
41682,yolo_x_cpu,204
41683,yolo_x_cpu,164
41684,yolo_x_cpu,178
41685,yolo_x_cpu,170
41686,yolo_x_cpu,161
41687,yolo_x_cpu,164
41688,yolo_x_cpu,173
41689,yolo_x_cpu,252
41690,yolo_x_cpu,257
41691,yolo_x_cpu,234
41692,yolo_x_cpu,182
41693,yolo_x_cpu,192
41694,yolo_x_cpu,159
41695,yolo_x_cpu,137
41696,yolo_x_cpu,170
41697,yolo_x_cpu,168
41698,yolo_x_cpu,238
41699,yolo_x_cpu,250
41700,yolo_x_cpu,229
41701,yolo_x_cpu,208
41702,yolo_x_cpu,184
41703,yolo_x_cpu,202
41704,yolo_x_cpu,289
41705,yolo_x_cpu,253
41706,yolo_x_cpu,311
41707,yolo_x_cpu,287
41708,yolo_x_cpu,219
41709,yolo_x_cpu,254
41710,yolo_x_cpu,222
41711,yolo_x_cpu,266
41712,yolo_x_cpu,256
41713,yolo_x_cpu,330
41714,yolo_x_cpu,225
41715,yolo_x_cpu,188
41716,yolo_x_cpu,213
41717,yolo_x_cpu,201
41718,yolo_x_cpu,244
41719,yolo_x_cpu,241
41720,yolo_x_cpu,270
41721,yolo_x_cpu,259
41722,yolo_x_cpu,285
41723,yolo_x_cpu,227
41724,yolo_x_cpu,199
41725,yolo_x_cpu,282
41726,yolo_x_cpu,274
41727,yolo_x_cpu,276
41728,yolo_x_cpu,341
41729,yolo_x_cpu,338
41730,yolo_x_cpu,321
41731,yolo_x_cpu,231
41732,yolo_x_cpu,179
41733,yolo_x_cpu,221
41734,yolo_x_cpu,193
41735,yolo_x_cpu,268
41736,yolo_x_cpu,282
41737,yolo_x_cpu,365
41738,yolo_x_cpu,308
41739,yolo_x_cpu,275
41740,yolo_x_cpu,303
41741,yolo_x_cpu,358
41742,yolo_x_cpu,411
41743,yolo_x_cpu,248
41744,yolo_x_cpu,263
41745,yolo_x_cpu,275
41746,yolo_x_cpu,333
41747,yolo_x_cpu,272
41748,yolo_x_cpu,221
41749,yolo_x_cpu,262
41750,yolo_x_cpu,325
41751,yolo_x_cpu,258
41752,yolo_x_cpu,248
41753,yolo_x_cpu,237
41754,yolo_x_cpu,208
41755,yolo_x_cpu,227
41756,yolo_x_cpu,288
41757,yolo_x_cpu,243
41758,yolo_x_cpu,272
41759,yolo_x_cpu,330
41760,yolo_x_cpu,296
41761,yolo_x_cpu,310
41762,yolo_x_cpu,267
41763,yolo_x_cpu,315
41764,yolo_x_cpu,310
41765,yolo_x_cpu,408
41766,yolo_x_cpu,352
41767,yolo_x_cpu,297
41768,yolo_x_cpu,285
41769,yolo_x_cpu,332
41770,yolo_x_cpu,331
41771,yolo_x_cpu,357
41772,yolo_x_cpu,332
41773,yolo_x_cpu,328
41774,yolo_x_cpu,359
41775,yolo_x_cpu,323
41776,yolo_x_cpu,341
41777,yolo_x_cpu,363
41778,yolo_x_cpu,387
41779,yolo_x_cpu,407
41780,yolo_x_cpu,405
41781,yolo_x_cpu,335
41782,yolo_x_cpu,334
41783,yolo_x_cpu,336
41784,yolo_x_cpu,354
41785,yolo_x_cpu,414
41786,yolo_x_cpu,370
41787,yolo_x_cpu,266
41788,yolo_x_cpu,296
41789,yolo_x_cpu,254
41790,yolo_x_cpu,296
41791,yolo_x_cpu,359
41792,yolo_x_cpu,434
41793,yolo_x_cpu,361
41794,yolo_x_cpu,384
41795,yolo_x_cpu,360
41796,yolo_x_cpu,381
41797,yolo_x_cpu,214
41798,yolo_x_cpu,348
41799,yolo_x_cpu,366
41800,yolo_x_cpu,338
41801,yolo_x_cpu,374
41802,yolo_x_cpu,271
41803,yolo_x_cpu,329
41804,yolo_x_cpu,328
41805,yolo_x_cpu,305
41806,yolo_x_cpu,370
41807,yolo_x_cpu,290
41808,yolo_x_cpu,371
41809,yolo_x_cpu,416
41810,yolo_x_cpu,617
41811,yolo_x_cpu,352
41812,yolo_x_cpu,351
41813,yolo_x_cpu,341
41814,yolo_x_cpu,306
41815,yolo_x_cpu,326
41816,yolo_x_cpu,374
41817,yolo_x_cpu,434
41818,yolo_x_cpu,398
41819,yolo_x_cpu,559
41820,yolo_x_cpu,494
41821,yolo_x_cpu,573
41822,yolo_x_cpu,387
41823,yolo_x_cpu,490
41824,yolo_x_cpu,349
41825,yolo_x_cpu,358
41826,yolo_x_cpu,386
41827,yolo_x_cpu,565
41828,yolo_x_cpu,452
41829,yolo_x_cpu,387
41830,yolo_x_cpu,447
41831,yolo_x_cpu,395
41832,yolo_x_cpu,540
41833,yolo_x_cpu,470
41834,yolo_x_cpu,464
41835,yolo_x_cpu,366
41836,yolo_x_cpu,369
41837,yolo_x_cpu,490
41838,yolo_x_cpu,497
41839,yolo_x_cpu,424
41840,yolo_x_cpu,399
41841,yolo_x_cpu,420
41842,yolo_x_cpu,450
41843,yolo_x_cpu,361
41844,yolo_x_cpu,397
41845,yolo_x_cpu,262
41846,yolo_x_cpu,336
41847,yolo_x_cpu,508
41848,yolo_x_cpu,376
41849,yolo_x_cpu,392
41850,yolo_x_cpu,388
41851,yolo_x_cpu,380
41852,yolo_x_cpu,345
41853,yolo_x_cpu,366
41854,yolo_x_cpu,339
41855,yolo_x_cpu,362
41856,yolo_x_cpu,316
41857,yolo_x_cpu,413
41858,yolo_x_cpu,318
41859,yolo_x_cpu,455
41860,yolo_x_cpu,417
41861,yolo_x_cpu,461
41862,yolo_x_cpu,390
41863,yolo_x_cpu,444
41864,yolo_x_cpu,351
41865,yolo_x_cpu,405
41866,yolo_x_cpu,444
41867,yolo_x_cpu,327
41868,yolo_x_cpu,331
41869,yolo_x_cpu,349
41870,yolo_x_cpu,350
41871,yolo_x_cpu,381
41872,yolo_x_cpu,319
41873,yolo_x_cpu,300
41874,yolo_x_cpu,429
41875,yolo_x_cpu,362
41876,yolo_x_cpu,295
41877,yolo_x_cpu,498
41878,yolo_x_cpu,341
41879,yolo_x_cpu,404
41880,yolo_x_cpu,484
41881,yolo_x_cpu,449
41882,yolo_x_cpu,389
41883,yolo_x_cpu,453
41884,yolo_x_cpu,387
41885,yolo_x_cpu,376
41886,yolo_x_cpu,389
41887,yolo_x_cpu,369
41888,yolo_x_cpu,302
41889,yolo_x_cpu,322
41890,yolo_x_cpu,328
41891,yolo_x_cpu,422
41892,yolo_x_cpu,390
41893,yolo_x_cpu,349
41894,yolo_x_cpu,276
41895,yolo_x_cpu,370
41896,yolo_x_cpu,397
41897,yolo_x_cpu,457
41898,yolo_x_cpu,472
41899,yolo_x_cpu,386
41900,yolo_x_cpu,493
41901,yolo_x_cpu,283
41902,yolo_x_cpu,440
41903,yolo_x_cpu,474
41904,yolo_x_cpu,407
41905,yolo_x_cpu,299
41906,yolo_x_cpu,453
41907,yolo_x_cpu,395
41908,yolo_x_cpu,416
41909,yolo_x_cpu,364
41910,yolo_x_cpu,294
41911,yolo_x_cpu,413
41912,yolo_x_cpu,372
41913,yolo_x_cpu,414
41914,yolo_x_cpu,381
41915,yolo_x_cpu,447
41916,yolo_x_cpu,357
41917,yolo_x_cpu,409
41918,yolo_x_cpu,381
41919,yolo_x_cpu,362
41920,yolo_x_cpu,306
41921,yolo_x_cpu,338
41922,yolo_x_cpu,389
41923,yolo_x_cpu,361
41924,yolo_x_cpu,446
41925,yolo_x_cpu,404
41926,yolo_x_cpu,345
41927,yolo_x_cpu,317
41928,yolo_x_cpu,351
41929,yolo_x_cpu,431
41930,yolo_x_cpu,469
41931,yolo_x_cpu,334
41932,yolo_x_cpu,456
41933,yolo_x_cpu,392
41934,yolo_x_cpu,424
41935,yolo_x_cpu,360
41936,yolo_x_cpu,363
41937,yolo_x_cpu,360
41938,yolo_x_cpu,386
41939,yolo_x_cpu,472
41940,yolo_x_cpu,394
41941,yolo_x_cpu,386
41942,yolo_x_cpu,413
41943,yolo_x_cpu,379
41944,yolo_x_cpu,374
41945,yolo_x_cpu,434
41946,yolo_x_cpu,285
41947,yolo_x_cpu,430
41948,yolo_x_cpu,335
41949,yolo_x_cpu,488
41950,yolo_x_cpu,288
41951,yolo_x_cpu,466
41952,yolo_x_cpu,328
41953,yolo_x_cpu,413
41954,yolo_x_cpu,476
41955,yolo_x_cpu,460
41956,yolo_x_cpu,396
41957,yolo_x_cpu,396
41958,yolo_x_cpu,446
41959,yolo_x_cpu,510
41960,yolo_x_cpu,390
41961,yolo_x_cpu,430
41962,yolo_x_cpu,396
41963,yolo_x_cpu,333
41964,yolo_x_cpu,356
41965,yolo_x_cpu,285
41966,yolo_x_cpu,414
41967,yolo_x_cpu,440
41968,yolo_x_cpu,460
41969,yolo_x_cpu,337
41970,yolo_x_cpu,337
41971,yolo_x_cpu,340
41972,yolo_x_cpu,362
41973,yolo_x_cpu,299
41974,yolo_x_cpu,311
41975,yolo_x_cpu,480
41976,yolo_x_cpu,437
41977,yolo_x_cpu,440
41978,yolo_x_cpu,369
41979,yolo_x_cpu,409
41980,yolo_x_cpu,427
41981,yolo_x_cpu,405
41982,yolo_x_cpu,450
41983,yolo_x_cpu,521
41984,yolo_x_cpu,444
41985,yolo_x_cpu,378
41986,yolo_x_cpu,418
41987,yolo_x_cpu,375
41988,yolo_x_cpu,335
41989,yolo_x_cpu,475
41990,yolo_x_cpu,462
41991,yolo_x_cpu,388
41992,yolo_x_cpu,393
41993,yolo_x_cpu,433
41994,yolo_x_cpu,320
41995,yolo_x_cpu,362
41996,yolo_x_cpu,273
41997,yolo_x_cpu,293
41998,yolo_x_cpu,366
41999,yolo_x_cpu,372
42000,yolo_x_cpu,357
42001,yolo_x_cpu,420
42002,yolo_x_cpu,347
42003,yolo_x_cpu,436
42004,yolo_x_cpu,322
42005,yolo_x_cpu,299
42006,yolo_x_cpu,304
42007,yolo_x_cpu,306
42008,yolo_x_cpu,382
42009,yolo_x_cpu,457
42010,yolo_x_cpu,402
42011,yolo_x_cpu,418
42012,yolo_x_cpu,273
42013,yolo_x_cpu,435
42014,yolo_x_cpu,442
42015,yolo_x_cpu,433
42016,yolo_x_cpu,413
42017,yolo_x_cpu,336
42018,yolo_x_cpu,338
42019,yolo_x_cpu,338
42020,yolo_x_cpu,375
42021,yolo_x_cpu,257
42022,yolo_x_cpu,344
42023,yolo_x_cpu,373
42024,yolo_x_cpu,365
42025,yolo_x_cpu,308
42026,yolo_x_cpu,357
42027,yolo_x_cpu,386
42028,yolo_x_cpu,400
42029,yolo_x_cpu,481
42030,yolo_x_cpu,581
42031,yolo_x_cpu,662
42032,yolo_x_cpu,729
42033,yolo_x_cpu,866
42034,yolo_x_cpu,773
42035,yolo_x_cpu,541
42036,yolo_x_cpu,519
42037,yolo_x_cpu,489
42038,yolo_x_cpu,584
42039,yolo_x_cpu,645
42040,yolo_x_cpu,536
42041,yolo_x_cpu,584
42042,yolo_x_cpu,569
42043,yolo_x_cpu,518
42044,yolo_x_cpu,463
42045,yolo_x_cpu,484
42046,yolo_x_cpu,667
42047,yolo_x_cpu,384
42048,yolo_x_cpu,444
42049,yolo_x_cpu,432
42050,yolo_x_cpu,476
42051,yolo_x_cpu,465
42052,yolo_x_cpu,461
42053,yolo_x_cpu,431
42054,yolo_x_cpu,470
42055,yolo_x_cpu,573
42056,yolo_x_cpu,491
42057,yolo_x_cpu,590
42058,yolo_x_cpu,534
42059,yolo_x_cpu,395
42060,yolo_x_cpu,365
42061,yolo_x_cpu,515
42062,yolo_x_cpu,486
42063,yolo_x_cpu,708
42064,yolo_x_cpu,436
42065,yolo_x_cpu,367
42066,yolo_x_cpu,366
42067,yolo_x_cpu,333
42068,yolo_x_cpu,404
42069,yolo_x_cpu,340
42070,yolo_x_cpu,358
42071,yolo_x_cpu,345
42072,yolo_x_cpu,482
42073,yolo_x_cpu,357
42074,yolo_x_cpu,419
42075,yolo_x_cpu,476
42076,yolo_x_cpu,488
42077,yolo_x_cpu,392
42078,yolo_x_cpu,400
42079,yolo_x_cpu,468
42080,yolo_x_cpu,500
42081,yolo_x_cpu,509
42082,yolo_x_cpu,434
42083,yolo_x_cpu,385
42084,yolo_x_cpu,348
42085,yolo_x_cpu,373
42086,yolo_x_cpu,399
42087,yolo_x_cpu,381
42088,yolo_x_cpu,312
42089,yolo_x_cpu,382
42090,yolo_x_cpu,420
42091,yolo_x_cpu,632
42092,yolo_x_cpu,762
42093,yolo_x_cpu,640
42094,yolo_x_cpu,1050
42095,yolo_x_cpu,547
42096,yolo_x_cpu,824
42097,yolo_x_cpu,616
42098,yolo_x_cpu,395
42099,yolo_x_cpu,306
42100,yolo_x_cpu,290
42101,yolo_x_cpu,436
42102,yolo_x_cpu,315
42103,yolo_x_cpu,298
42104,yolo_x_cpu,292
42105,yolo_x_cpu,286
42106,yolo_x_cpu,280
42107,yolo_x_cpu,314
42108,yolo_x_cpu,331
42109,yolo_x_cpu,315
42110,yolo_x_cpu,231
42111,yolo_x_cpu,324
42112,yolo_x_cpu,294
42113,yolo_x_cpu,279
42114,yolo_x_cpu,298
42115,yolo_x_cpu,240
42116,yolo_x_cpu,256
42117,yolo_x_cpu,257
42118,yolo_x_cpu,256
42119,yolo_x_cpu,347
42120,yolo_x_cpu,299
42121,yolo_x_cpu,325
42122,yolo_x_cpu,291
42123,yolo_x_cpu,402
42124,yolo_x_cpu,290
42125,yolo_x_cpu,312
42126,yolo_x_cpu,479
42127,yolo_x_cpu,384
42128,yolo_x_cpu,376
42129,yolo_x_cpu,383
42130,yolo_x_cpu,279
42131,yolo_x_cpu,282
42132,yolo_x_cpu,318
42133,yolo_x_cpu,303
42134,yolo_x_cpu,317
42135,yolo_x_cpu,393
42136,yolo_x_cpu,331
42137,yolo_x_cpu,277
42138,yolo_x_cpu,287
42139,yolo_x_cpu,285
42140,yolo_x_cpu,334
42141,yolo_x_cpu,346
42142,yolo_x_cpu,319
42143,yolo_x_cpu,281
42144,yolo_x_cpu,239
42145,yolo_x_cpu,288
42146,yolo_x_cpu,243
42147,yolo_x_cpu,370
42148,yolo_x_cpu,336
42149,yolo_x_cpu,278
42150,yolo_x_cpu,277
42151,yolo_x_cpu,325
42152,yolo_x_cpu,343
42153,yolo_x_cpu,247
42154,yolo_x_cpu,277
42155,yolo_x_cpu,292
42156,yolo_x_cpu,322
42157,yolo_x_cpu,286
42158,yolo_x_cpu,327
42159,yolo_x_cpu,343
42160,yolo_x_cpu,326
42161,yolo_x_cpu,487
42162,yolo_x_cpu,387
42163,yolo_x_cpu,460
42164,yolo_x_cpu,343
42165,yolo_x_cpu,428
42166,yolo_x_cpu,518
42167,yolo_x_cpu,478
42168,yolo_x_cpu,339
42169,yolo_x_cpu,393
42170,yolo_x_cpu,434
42171,yolo_x_cpu,370
42172,yolo_x_cpu,250
42173,yolo_x_cpu,232
42174,yolo_x_cpu,305
42175,yolo_x_cpu,264
42176,yolo_x_cpu,251
42177,yolo_x_cpu,327
42178,yolo_x_cpu,337
42179,yolo_x_cpu,282
42180,yolo_x_cpu,355
42181,yolo_x_cpu,261
42182,yolo_x_cpu,312
42183,yolo_x_cpu,318
42184,yolo_x_cpu,292
42185,yolo_x_cpu,232
42186,yolo_x_cpu,230
42187,yolo_x_cpu,273
42188,yolo_x_cpu,276
42189,yolo_x_cpu,186
42190,yolo_x_cpu,231
42191,yolo_x_cpu,230
42192,yolo_x_cpu,224
42193,yolo_x_cpu,185
42194,yolo_x_cpu,214
42195,yolo_x_cpu,206
42196,yolo_x_cpu,207
42197,yolo_x_cpu,214
42198,yolo_x_cpu,355
42199,yolo_x_cpu,290
42200,yolo_x_cpu,275
42201,yolo_x_cpu,231
42202,yolo_x_cpu,277
42203,yolo_x_cpu,343
42204,yolo_x_cpu,213
42205,yolo_x_cpu,308
42206,yolo_x_cpu,470
42207,yolo_x_cpu,485
42208,yolo_x_cpu,305
42209,yolo_x_cpu,288
42210,yolo_x_cpu,199
42211,yolo_x_cpu,266
42212,yolo_x_cpu,310
42213,yolo_x_cpu,247
42214,yolo_x_cpu,345
42215,yolo_x_cpu,285
42216,yolo_x_cpu,265
42217,yolo_x_cpu,318
42218,yolo_x_cpu,269
42219,yolo_x_cpu,253
42220,yolo_x_cpu,243
42221,yolo_x_cpu,230
42222,yolo_x_cpu,300
42223,yolo_x_cpu,255
42224,yolo_x_cpu,318
42225,yolo_x_cpu,451
42226,yolo_x_cpu,410
42227,yolo_x_cpu,258
42228,yolo_x_cpu,211
42229,yolo_x_cpu,251
42230,yolo_x_cpu,258
42231,yolo_x_cpu,419
42232,yolo_x_cpu,380
42233,yolo_x_cpu,447
42234,yolo_x_cpu,326
42235,yolo_x_cpu,382
42236,yolo_x_cpu,282
42237,yolo_x_cpu,250
42238,yolo_x_cpu,310
42239,yolo_x_cpu,338
42240,yolo_x_cpu,252
42241,yolo_x_cpu,226
42242,yolo_x_cpu,238
42243,yolo_x_cpu,267
42244,yolo_x_cpu,317
42245,yolo_x_cpu,398
42246,yolo_x_cpu,306
42247,yolo_x_cpu,246
42248,yolo_x_cpu,302
42249,yolo_x_cpu,338
42250,yolo_x_cpu,234
42251,yolo_x_cpu,314
42252,yolo_x_cpu,365
42253,yolo_x_cpu,559
42254,yolo_x_cpu,529
42255,yolo_x_cpu,428
42256,yolo_x_cpu,428
42257,yolo_x_cpu,289
42258,yolo_x_cpu,335
42259,yolo_x_cpu,419
42260,yolo_x_cpu,316
42261,yolo_x_cpu,415
42262,yolo_x_cpu,313
42263,yolo_x_cpu,351
42264,yolo_x_cpu,401
42265,yolo_x_cpu,213
42266,yolo_x_cpu,393
42267,yolo_x_cpu,383
42268,yolo_x_cpu,356
42269,yolo_x_cpu,318
42270,yolo_x_cpu,383
42271,yolo_x_cpu,272
42272,yolo_x_cpu,335
42273,yolo_x_cpu,386
42274,yolo_x_cpu,346
42275,yolo_x_cpu,306
42276,yolo_x_cpu,343
42277,yolo_x_cpu,319
42278,yolo_x_cpu,352
42279,yolo_x_cpu,384
42280,yolo_x_cpu,274
42281,yolo_x_cpu,260
42282,yolo_x_cpu,275
42283,yolo_x_cpu,370
42284,yolo_x_cpu,268
42285,yolo_x_cpu,239
42286,yolo_x_cpu,257
42287,yolo_x_cpu,284
42288,yolo_x_cpu,316
42289,yolo_x_cpu,265
42290,yolo_x_cpu,300
42291,yolo_x_cpu,301
42292,yolo_x_cpu,269
42293,yolo_x_cpu,322
42294,yolo_x_cpu,361
42295,yolo_x_cpu,378
42296,yolo_x_cpu,370
42297,yolo_x_cpu,175
42298,yolo_x_cpu,244
42299,yolo_x_cpu,238
42300,yolo_x_cpu,509
42301,yolo_x_cpu,354
42302,yolo_x_cpu,273
42303,yolo_x_cpu,389
42304,yolo_x_cpu,441
42305,yolo_x_cpu,430
42306,yolo_x_cpu,320
42307,yolo_x_cpu,345
42308,yolo_x_cpu,466
42309,yolo_x_cpu,426
42310,yolo_x_cpu,330
42311,yolo_x_cpu,402
42312,yolo_x_cpu,314
42313,yolo_x_cpu,302
42314,yolo_x_cpu,297
42315,yolo_x_cpu,345
42316,yolo_x_cpu,340
42317,yolo_x_cpu,368
42318,yolo_x_cpu,402
42319,yolo_x_cpu,319
42320,yolo_x_cpu,455
42321,yolo_x_cpu,405
42322,yolo_x_cpu,293
42323,yolo_x_cpu,274
42324,yolo_x_cpu,346
42325,yolo_x_cpu,394
42326,yolo_x_cpu,469
42327,yolo_x_cpu,302
42328,yolo_x_cpu,316
42329,yolo_x_cpu,269
42330,yolo_x_cpu,291
42331,yolo_x_cpu,278
42332,yolo_x_cpu,353
42333,yolo_x_cpu,495
42334,yolo_x_cpu,277
42335,yolo_x_cpu,305
42336,yolo_x_cpu,301
42337,yolo_x_cpu,315
42338,yolo_x_cpu,301
42339,yolo_x_cpu,325
42340,yolo_x_cpu,353
42341,yolo_x_cpu,304
42342,yolo_x_cpu,323
42343,yolo_x_cpu,362
42344,yolo_x_cpu,276
42345,yolo_x_cpu,356
42346,yolo_x_cpu,339
42347,yolo_x_cpu,370
42348,yolo_x_cpu,348
42349,yolo_x_cpu,291
42350,yolo_x_cpu,325
42351,yolo_x_cpu,293
42352,yolo_x_cpu,332
42353,yolo_x_cpu,368
42354,yolo_x_cpu,343
42355,yolo_x_cpu,391
42356,yolo_x_cpu,408
42357,yolo_x_cpu,243
42358,yolo_x_cpu,310
42359,yolo_x_cpu,264
42360,yolo_x_cpu,300
42361,yolo_x_cpu,279
42362,yolo_x_cpu,300
42363,yolo_x_cpu,212
42364,yolo_x_cpu,304
42365,yolo_x_cpu,303
42366,yolo_x_cpu,296
42367,yolo_x_cpu,313
42368,yolo_x_cpu,306
42369,yolo_x_cpu,319
42370,yolo_x_cpu,359
42371,yolo_x_cpu,327
42372,yolo_x_cpu,359
42373,yolo_x_cpu,359
42374,yolo_x_cpu,472
42375,yolo_x_cpu,537
42376,yolo_x_cpu,599
42377,yolo_x_cpu,313
42378,yolo_x_cpu,282
42379,yolo_x_cpu,336
42380,yolo_x_cpu,320
42381,yolo_x_cpu,303
42382,yolo_x_cpu,324
42383,yolo_x_cpu,386
42384,yolo_x_cpu,379
42385,yolo_x_cpu,370
42386,yolo_x_cpu,429
42387,yolo_x_cpu,342
42388,yolo_x_cpu,410
42389,yolo_x_cpu,464
42390,yolo_x_cpu,418
42391,yolo_x_cpu,389
42392,yolo_x_cpu,444
42393,yolo_x_cpu,381
42394,yolo_x_cpu,411
42395,yolo_x_cpu,402
42396,yolo_x_cpu,416
42397,yolo_x_cpu,403
42398,yolo_x_cpu,464
42399,yolo_x_cpu,322
42400,yolo_x_cpu,347
42401,yolo_x_cpu,368
42402,yolo_x_cpu,416
42403,yolo_x_cpu,351
42404,yolo_x_cpu,376
42405,yolo_x_cpu,330
42406,yolo_x_cpu,396
42407,yolo_x_cpu,493
42408,yolo_x_cpu,388
42409,yolo_x_cpu,358
42410,yolo_x_cpu,426
42411,yolo_x_cpu,297
42412,yolo_x_cpu,417
42413,yolo_x_cpu,430
42414,yolo_x_cpu,560
42415,yolo_x_cpu,476
42416,yolo_x_cpu,491
42417,yolo_x_cpu,474
42418,yolo_x_cpu,408
42419,yolo_x_cpu,513
42420,yolo_x_cpu,447
42421,yolo_x_cpu,497
42422,yolo_x_cpu,568
42423,yolo_x_cpu,473
42424,yolo_x_cpu,435
42425,yolo_x_cpu,554
42426,yolo_x_cpu,518
42427,yolo_x_cpu,378
42428,yolo_x_cpu,446
42429,yolo_x_cpu,453
42430,yolo_x_cpu,408
42431,yolo_x_cpu,374
42432,yolo_x_cpu,478
42433,yolo_x_cpu,393
42434,yolo_x_cpu,456
42435,yolo_x_cpu,500
42436,yolo_x_cpu,611
42437,yolo_x_cpu,431
42438,yolo_x_cpu,375
42439,yolo_x_cpu,424
42440,yolo_x_cpu,467
42441,yolo_x_cpu,487
42442,yolo_x_cpu,561
42443,yolo_x_cpu,525
42444,yolo_x_cpu,467
42445,yolo_x_cpu,562
42446,yolo_x_cpu,567
42447,yolo_x_cpu,584
42448,yolo_x_cpu,474
42449,yolo_x_cpu,492
42450,yolo_x_cpu,451
42451,yolo_x_cpu,534
42452,yolo_x_cpu,486
42453,yolo_x_cpu,467
42454,yolo_x_cpu,461
42455,yolo_x_cpu,497
42456,yolo_x_cpu,446
42457,yolo_x_cpu,489
42458,yolo_x_cpu,494
42459,yolo_x_cpu,508
42460,yolo_x_cpu,506
42461,yolo_x_cpu,564
42462,yolo_x_cpu,469
42463,yolo_x_cpu,491
42464,yolo_x_cpu,513
42465,yolo_x_cpu,441
42466,yolo_x_cpu,490
42467,yolo_x_cpu,440
42468,yolo_x_cpu,438
42469,yolo_x_cpu,434
42470,yolo_x_cpu,451
42471,yolo_x_cpu,483
42472,yolo_x_cpu,475
42473,yolo_x_cpu,528
42474,yolo_x_cpu,504
42475,yolo_x_cpu,532
42476,yolo_x_cpu,534
42477,yolo_x_cpu,573
42478,yolo_x_cpu,606
42479,yolo_x_cpu,589
42480,yolo_x_cpu,505
42481,yolo_x_cpu,594
42482,yolo_x_cpu,661
42483,yolo_x_cpu,539
42484,yolo_x_cpu,546
42485,yolo_x_cpu,561
42486,yolo_x_cpu,507
42487,yolo_x_cpu,470
42488,yolo_x_cpu,596
42489,yolo_x_cpu,477
42490,yolo_x_cpu,455
42491,yolo_x_cpu,467
42492,yolo_x_cpu,483
42493,yolo_x_cpu,445
42494,yolo_x_cpu,430
42495,yolo_x_cpu,466
42496,yolo_x_cpu,488
42497,yolo_x_cpu,581
42498,yolo_x_cpu,567
42499,yolo_x_cpu,572
42500,yolo_x_cpu,520
42501,yolo_x_cpu,649
42502,yolo_x_cpu,619
42503,yolo_x_cpu,617
42504,yolo_x_cpu,666
42505,yolo_x_cpu,674
42506,yolo_x_cpu,617
42507,yolo_x_cpu,675
42508,yolo_x_cpu,542
42509,yolo_x_cpu,554
42510,yolo_x_cpu,690
42511,yolo_x_cpu,880
42512,yolo_x_cpu,898
42513,yolo_x_cpu,701
42514,yolo_x_cpu,732
42515,yolo_x_cpu,735
42516,yolo_x_cpu,697
42517,yolo_x_cpu,677
42518,yolo_x_cpu,775
42519,yolo_x_cpu,795
42520,yolo_x_cpu,607
42521,yolo_x_cpu,678
42522,yolo_x_cpu,821
42523,yolo_x_cpu,706
42524,yolo_x_cpu,732
42525,yolo_x_cpu,615
42526,yolo_x_cpu,593
42527,yolo_x_cpu,639
42528,yolo_x_cpu,638
42529,yolo_x_cpu,633
42530,yolo_x_cpu,656
42531,yolo_x_cpu,610
42532,yolo_x_cpu,602
42533,yolo_x_cpu,619
42534,yolo_x_cpu,625
42535,yolo_x_cpu,580
42536,yolo_x_cpu,712
42537,yolo_x_cpu,872
42538,yolo_x_cpu,714
42539,yolo_x_cpu,646
42540,yolo_x_cpu,774
42541,yolo_x_cpu,687
42542,yolo_x_cpu,810
42543,yolo_x_cpu,867
42544,yolo_x_cpu,595
42545,yolo_x_cpu,669
42546,yolo_x_cpu,886
42547,yolo_x_cpu,757
42548,yolo_x_cpu,650
42549,yolo_x_cpu,659
42550,yolo_x_cpu,622
42551,yolo_x_cpu,553
42552,yolo_x_cpu,657
42553,yolo_x_cpu,693
42554,yolo_x_cpu,612
42555,yolo_x_cpu,628
42556,yolo_x_cpu,555
42557,yolo_x_cpu,612
42558,yolo_x_cpu,541
42559,yolo_x_cpu,779
42560,yolo_x_cpu,792
42561,yolo_x_cpu,661
42562,yolo_x_cpu,706
42563,yolo_x_cpu,507
42564,yolo_x_cpu,485
42565,yolo_x_cpu,585
42566,yolo_x_cpu,555
42567,yolo_x_cpu,573
42568,yolo_x_cpu,574
42569,yolo_x_cpu,547
42570,yolo_x_cpu,549
42571,yolo_x_cpu,666
42572,yolo_x_cpu,687
42573,yolo_x_cpu,546
42574,yolo_x_cpu,500
42575,yolo_x_cpu,488
42576,yolo_x_cpu,511
42577,yolo_x_cpu,584
42578,yolo_x_cpu,593
42579,yolo_x_cpu,628
42580,yolo_x_cpu,589
42581,yolo_x_cpu,553
42582,yolo_x_cpu,509
42583,yolo_x_cpu,603
42584,yolo_x_cpu,681
42585,yolo_x_cpu,624
42586,yolo_x_cpu,538
42587,yolo_x_cpu,523
42588,yolo_x_cpu,493
42589,yolo_x_cpu,617
42590,yolo_x_cpu,541
42591,yolo_x_cpu,564
42592,yolo_x_cpu,482
42593,yolo_x_cpu,574
42594,yolo_x_cpu,475
42595,yolo_x_cpu,618
42596,yolo_x_cpu,569
42597,yolo_x_cpu,506
42598,yolo_x_cpu,536
42599,yolo_x_cpu,546
42600,yolo_x_cpu,508
42601,yolo_x_cpu,454
42602,yolo_x_cpu,437
42603,yolo_x_cpu,390
42604,yolo_x_cpu,472
42605,yolo_x_cpu,470
42606,yolo_x_cpu,570
42607,yolo_x_cpu,538
42608,yolo_x_cpu,635
42609,yolo_x_cpu,440
42610,yolo_x_cpu,528
42611,yolo_x_cpu,447
42612,yolo_x_cpu,375
42613,yolo_x_cpu,496
42614,yolo_x_cpu,487
42615,yolo_x_cpu,493
42616,yolo_x_cpu,413
42617,yolo_x_cpu,414
42618,yolo_x_cpu,373
42619,yolo_x_cpu,480
42620,yolo_x_cpu,548
42621,yolo_x_cpu,410
42622,yolo_x_cpu,425
42623,yolo_x_cpu,421
42624,yolo_x_cpu,444
42625,yolo_x_cpu,529
42626,yolo_x_cpu,410
42627,yolo_x_cpu,395
42628,yolo_x_cpu,460
42629,yolo_x_cpu,447
42630,yolo_x_cpu,320
42631,yolo_x_cpu,407
42632,yolo_x_cpu,352
42633,yolo_x_cpu,353
42634,yolo_x_cpu,454
42635,yolo_x_cpu,367
42636,yolo_x_cpu,537
42637,yolo_x_cpu,362
42638,yolo_x_cpu,339
42639,yolo_x_cpu,422
42640,yolo_x_cpu,296
42641,yolo_x_cpu,296
42642,yolo_x_cpu,287
42643,yolo_x_cpu,303
42644,yolo_x_cpu,361
42645,yolo_x_cpu,361
42646,yolo_x_cpu,346
42647,yolo_x_cpu,321
42648,yolo_x_cpu,334
42649,yolo_x_cpu,309
42650,yolo_x_cpu,281
42651,yolo_x_cpu,381
42652,yolo_x_cpu,285
42653,yolo_x_cpu,454
42654,yolo_x_cpu,480
42655,yolo_x_cpu,489
42656,yolo_x_cpu,492
42657,yolo_x_cpu,360
42658,yolo_x_cpu,256
42659,yolo_x_cpu,402
42660,yolo_x_cpu,324
42661,yolo_x_cpu,339
42662,yolo_x_cpu,275
42663,yolo_x_cpu,364
42664,yolo_x_cpu,262
42665,yolo_x_cpu,314
42666,yolo_x_cpu,336
42667,yolo_x_cpu,302
42668,yolo_x_cpu,378
42669,yolo_x_cpu,276
42670,yolo_x_cpu,270
42671,yolo_x_cpu,275
42672,yolo_x_cpu,417
42673,yolo_x_cpu,382
42674,yolo_x_cpu,346
42675,yolo_x_cpu,260
42676,yolo_x_cpu,309
42677,yolo_x_cpu,329
42678,yolo_x_cpu,364
42679,yolo_x_cpu,263
42680,yolo_x_cpu,180
42681,yolo_x_cpu,254
42682,yolo_x_cpu,331
42683,yolo_x_cpu,290
42684,yolo_x_cpu,264
42685,yolo_x_cpu,245
42686,yolo_x_cpu,294
42687,yolo_x_cpu,274
42688,yolo_x_cpu,218
42689,yolo_x_cpu,253
42690,yolo_x_cpu,234
42691,yolo_x_cpu,202
42692,yolo_x_cpu,148
42693,yolo_x_cpu,228
42694,yolo_x_cpu,176
42695,yolo_x_cpu,210
42696,yolo_x_cpu,256
42697,yolo_x_cpu,215
42698,yolo_x_cpu,227
42699,yolo_x_cpu,239
42700,yolo_x_cpu,203
42701,yolo_x_cpu,200
42702,yolo_x_cpu,197
42703,yolo_x_cpu,159
42704,yolo_x_cpu,214
42705,yolo_x_cpu,180
42706,yolo_x_cpu,134
42707,yolo_x_cpu,177
42708,yolo_x_cpu,435
42709,yolo_x_cpu,170
42710,yolo_x_cpu,167
42711,yolo_x_cpu,219
42712,yolo_x_cpu,169
42713,yolo_x_cpu,228
42714,yolo_x_cpu,153
42715,yolo_x_cpu,148
42716,yolo_x_cpu,169
42717,yolo_x_cpu,173
42718,yolo_x_cpu,188
42719,yolo_x_cpu,174
42720,yolo_x_cpu,172
42721,yolo_x_cpu,207
42722,yolo_x_cpu,192
42723,yolo_x_cpu,242
42724,yolo_x_cpu,145
42725,yolo_x_cpu,139
42726,yolo_x_cpu,194
42727,yolo_x_cpu,138
42728,yolo_x_cpu,127
42729,yolo_x_cpu,188
42730,yolo_x_cpu,147
42731,yolo_x_cpu,151
42732,yolo_x_cpu,97
42733,yolo_x_cpu,84
42734,yolo_x_cpu,90
42735,yolo_x_cpu,109
42736,yolo_x_cpu,127
42737,yolo_x_cpu,68
42738,yolo_x_cpu,96
42739,yolo_x_cpu,106
42740,yolo_x_cpu,108
42741,yolo_x_cpu,92
42742,yolo_x_cpu,80
42743,yolo_x_cpu,137
42744,yolo_x_cpu,137
42745,yolo_x_cpu,70
42746,yolo_x_cpu,40
42747,yolo_x_cpu,95
42748,yolo_x_cpu,198
42749,yolo_x_cpu,146
42750,yolo_x_cpu,91
42751,yolo_x_cpu,85
42752,yolo_x_cpu,83
42753,yolo_x_cpu,83
42754,yolo_x_cpu,101
42755,yolo_x_cpu,49
42756,yolo_x_cpu,52
42757,yolo_x_cpu,81
42758,yolo_x_cpu,61
42759,yolo_x_cpu,182
42760,yolo_x_cpu,95
42761,yolo_x_cpu,173
42762,yolo_x_cpu,94
42763,yolo_x_cpu,50
42764,yolo_x_cpu,58
42765,yolo_x_cpu,73
42766,yolo_x_cpu,32
42767,yolo_x_cpu,42
42768,yolo_x_cpu,58
42769,yolo_x_cpu,58
42770,yolo_x_cpu,57
42771,yolo_x_cpu,81
42772,yolo_x_cpu,75
42773,yolo_x_cpu,92
42774,yolo_x_cpu,67
42775,yolo_x_cpu,67
42776,yolo_x_cpu,96
42777,yolo_x_cpu,54
42778,yolo_x_cpu,92
42779,yolo_x_cpu,69
42780,yolo_x_cpu,62
42781,yolo_x_cpu,77
42782,yolo_x_cpu,53
42783,yolo_x_cpu,60
42784,yolo_x_cpu,78
42785,yolo_x_cpu,54
42786,yolo_x_cpu,55
42787,yolo_x_cpu,48
42788,yolo_x_cpu,76
42789,yolo_x_cpu,45
42790,yolo_x_cpu,65
42791,yolo_x_cpu,64
42792,yolo_x_cpu,38
42793,yolo_x_cpu,48
42794,yolo_x_cpu,64
42795,yolo_x_cpu,59
42796,yolo_x_cpu,81
42797,yolo_x_cpu,44
42798,yolo_x_cpu,39
42799,yolo_x_cpu,23
42800,yolo_x_cpu,48
42801,yolo_x_cpu,42
42802,yolo_x_cpu,25
42803,yolo_x_cpu,39
42804,yolo_x_cpu,86
42805,yolo_x_cpu,20
42806,yolo_x_cpu,66
42807,yolo_x_cpu,78
42808,yolo_x_cpu,48
42809,yolo_x_cpu,14
42810,yolo_x_cpu,32
42811,yolo_x_cpu,33
42812,yolo_x_cpu,43
42813,yolo_x_cpu,76
42814,yolo_x_cpu,40
42815,yolo_x_cpu,45
42816,yolo_x_cpu,116
42817,yolo_x_cpu,70
42818,yolo_x_cpu,100
42819,yolo_x_cpu,42
42820,yolo_x_cpu,34
42821,yolo_x_cpu,57
42822,yolo_x_cpu,187
42823,yolo_x_cpu,49
42824,yolo_x_cpu,39
42825,yolo_x_cpu,26
42826,yolo_x_cpu,48
42827,yolo_x_cpu,44
42828,yolo_x_cpu,40
42829,yolo_x_cpu,43
42830,yolo_x_cpu,34
42831,yolo_x_cpu,50
42832,yolo_x_cpu,57
42833,yolo_x_cpu,52
42834,yolo_x_cpu,48
42835,yolo_x_cpu,22
42836,yolo_x_cpu,20
42837,yolo_x_cpu,8
42838,yolo_x_cpu,22
42839,yolo_x_cpu,23
42840,yolo_x_cpu,40
42841,yolo_x_cpu,26
42842,yolo_x_cpu,52
42843,yolo_x_cpu,84
42844,yolo_x_cpu,31
42845,yolo_x_cpu,11
42846,yolo_x_cpu,22
42847,yolo_x_cpu,37
42848,yolo_x_cpu,26
42849,yolo_x_cpu,27
42850,yolo_x_cpu,28
42851,yolo_x_cpu,52
42852,yolo_x_cpu,15
42853,yolo_x_cpu,21
42854,yolo_x_cpu,33
42855,yolo_x_cpu,8
42856,yolo_x_cpu,20
42857,yolo_x_cpu,22
42858,yolo_x_cpu,40
42859,yolo_x_cpu,14
42860,yolo_x_cpu,27
42861,yolo_x_cpu,13
42862,yolo_x_cpu,25
42863,yolo_x_cpu,24
42864,yolo_x_cpu,17
42865,yolo_x_cpu,21
42866,yolo_x_cpu,16
42867,yolo_x_cpu,44
42868,yolo_x_cpu,31
42869,yolo_x_cpu,34
42870,yolo_x_cpu,46
42871,yolo_x_cpu,76
42872,yolo_x_cpu,21
42873,yolo_x_cpu,31
42874,yolo_x_cpu,18
42875,yolo_x_cpu,18
42876,yolo_x_cpu,15
42877,yolo_x_cpu,25
42878,yolo_x_cpu,9
42879,yolo_x_cpu,12
42880,yolo_x_cpu,11
42881,yolo_x_cpu,15
42882,yolo_x_cpu,21
42883,yolo_x_cpu,19
42884,yolo_x_cpu,14
42885,yolo_x_cpu,11
42886,yolo_x_cpu,7
42887,yolo_x_cpu,11
42888,yolo_x_cpu,12
42889,yolo_x_cpu,3
42890,yolo_x_cpu,15
42891,yolo_x_cpu,14
42892,yolo_x_cpu,9
42893,yolo_x_cpu,8
42894,yolo_x_cpu,4
42895,yolo_x_cpu,25
42896,yolo_x_cpu,20
42897,yolo_x_cpu,17
42898,yolo_x_cpu,9
42899,yolo_x_cpu,26
42900,yolo_x_cpu,16
42901,yolo_x_cpu,14
42902,yolo_x_cpu,7
42903,yolo_x_cpu,8
42904,yolo_x_cpu,12
42905,yolo_x_cpu,4
42906,yolo_x_cpu,12
42907,yolo_x_cpu,4
42908,yolo_x_cpu,8
42909,yolo_x_cpu,15
42910,yolo_x_cpu,65
42911,yolo_x_cpu,6
42912,yolo_x_cpu,8
42913,yolo_x_cpu,12
42914,yolo_x_cpu,12
42915,yolo_x_cpu,14
42916,yolo_x_cpu,17
42917,yolo_x_cpu,15
42918,yolo_x_cpu,13
42919,yolo_x_cpu,12
42920,yolo_x_cpu,12
42921,yolo_x_cpu,11
42922,yolo_x_cpu,12
42923,yolo_x_cpu,13
42924,yolo_x_cpu,23
42925,yolo_x_cpu,11
42926,yolo_x_cpu,11
42927,yolo_x_cpu,15
42928,yolo_x_cpu,14
42929,yolo_x_cpu,19
42930,yolo_x_cpu,8
42931,yolo_x_cpu,5
42932,yolo_x_cpu,13
42933,yolo_x_cpu,10
42934,yolo_x_cpu,12
42935,yolo_x_cpu,15
42936,yolo_x_cpu,24
42937,yolo_x_cpu,12
42938,yolo_x_cpu,15
42939,yolo_x_cpu,18
42940,yolo_x_cpu,24
42941,yolo_x_cpu,6
42942,yolo_x_cpu,9
42943,yolo_x_cpu,8
42944,yolo_x_cpu,17
42945,yolo_x_cpu,26
42946,yolo_x_cpu,12
42947,yolo_x_cpu,35
42948,yolo_x_cpu,10
42949,yolo_x_cpu,10
42950,yolo_x_cpu,10
42951,yolo_x_cpu,1
42952,yolo_x_cpu,7
42953,yolo_x_cpu,4
42954,yolo_x_cpu,5
42955,yolo_x_cpu,16
42956,yolo_x_cpu,5
42957,yolo_x_cpu,13
42958,yolo_x_cpu,9
42959,yolo_x_cpu,19
42960,yolo_x_cpu,17
42961,yolo_x_cpu,2
42962,yolo_x_cpu,6
42963,yolo_x_cpu,7
42964,yolo_x_cpu,6
42965,yolo_x_cpu,10
42966,yolo_x_cpu,19
42967,yolo_x_cpu,7
42968,yolo_x_cpu,18
42969,yolo_x_cpu,1
42970,yolo_x_cpu,19
42971,yolo_x_cpu,19
42972,yolo_x_cpu,31
42973,yolo_x_cpu,34
42974,yolo_x_cpu,16
42975,yolo_x_cpu,19
42976,yolo_x_cpu,8
42977,yolo_x_cpu,5
42978,yolo_x_cpu,25
42979,yolo_x_cpu,10
42980,yolo_x_cpu,10
42981,yolo_x_cpu,6
42982,yolo_x_cpu,10
42983,yolo_x_cpu,18
42984,yolo_x_cpu,20
42985,yolo_x_cpu,15
42986,yolo_x_cpu,10
42987,yolo_x_cpu,7
42988,yolo_x_cpu,12
42989,yolo_x_cpu,5
42990,yolo_x_cpu,9
42991,yolo_x_cpu,32
42992,yolo_x_cpu,20
42993,yolo_x_cpu,8
42994,yolo_x_cpu,15
42995,yolo_x_cpu,10
42996,yolo_x_cpu,10
42997,yolo_x_cpu,15
42998,yolo_x_cpu,9
42999,yolo_x_cpu,7
43000,yolo_x_cpu,2
43001,yolo_x_cpu,12
43002,yolo_x_cpu,6
43003,yolo_x_cpu,8
43004,yolo_x_cpu,12
43005,yolo_x_cpu,21
43006,yolo_x_cpu,18
43007,yolo_x_cpu,33
43008,yolo_x_cpu,18
43009,yolo_x_cpu,10
43010,yolo_x_cpu,11
43011,yolo_x_cpu,7
43012,yolo_x_cpu,14
43013,yolo_x_cpu,13
43014,yolo_x_cpu,14
43015,yolo_x_cpu,5
43016,yolo_x_cpu,13
43017,yolo_x_cpu,5
43018,yolo_x_cpu,11
43019,yolo_x_cpu,10
43020,yolo_x_cpu,5
43021,yolo_x_cpu,13
43022,yolo_x_cpu,13
43023,yolo_x_cpu,9
43024,yolo_x_cpu,12
43025,yolo_x_cpu,9
43026,yolo_x_cpu,12
43027,yolo_x_cpu,19
43028,yolo_x_cpu,14
43029,yolo_x_cpu,2
43030,yolo_x_cpu,22
43031,yolo_x_cpu,14
43032,yolo_x_cpu,9
43033,yolo_x_cpu,7
43034,yolo_x_cpu,23
43035,yolo_x_cpu,27
43036,yolo_x_cpu,12
43037,yolo_x_cpu,8
43038,yolo_x_cpu,36
43039,yolo_x_cpu,15
43040,yolo_x_cpu,26
43041,yolo_x_cpu,27
43042,yolo_x_cpu,22
43043,yolo_x_cpu,22
43044,yolo_x_cpu,25
43045,yolo_x_cpu,23
43046,yolo_x_cpu,16
43047,yolo_x_cpu,18
43048,yolo_x_cpu,16
43049,yolo_x_cpu,9
43050,yolo_x_cpu,21
43051,yolo_x_cpu,34
43052,yolo_x_cpu,30
43053,yolo_x_cpu,31
43054,yolo_x_cpu,62
43055,yolo_x_cpu,24
43056,yolo_x_cpu,28
43057,yolo_x_cpu,20
43058,yolo_x_cpu,24
43059,yolo_x_cpu,12
43060,yolo_x_cpu,27
43061,yolo_x_cpu,15
43062,yolo_x_cpu,31
43063,yolo_x_cpu,29
43064,yolo_x_cpu,54
43065,yolo_x_cpu,9
43066,yolo_x_cpu,39
43067,yolo_x_cpu,5
43068,yolo_x_cpu,19
43069,yolo_x_cpu,23
43070,yolo_x_cpu,25
43071,yolo_x_cpu,17
43072,yolo_x_cpu,25
43073,yolo_x_cpu,26
43074,yolo_x_cpu,29
43075,yolo_x_cpu,59
43076,yolo_x_cpu,37
43077,yolo_x_cpu,35
43078,yolo_x_cpu,16
43079,yolo_x_cpu,10
43080,yolo_x_cpu,24
43081,yolo_x_cpu,39
43082,yolo_x_cpu,50
43083,yolo_x_cpu,19
43084,yolo_x_cpu,78
43085,yolo_x_cpu,23
43086,yolo_x_cpu,31
43087,yolo_x_cpu,35
43088,yolo_x_cpu,59
43089,yolo_x_cpu,27
43090,yolo_x_cpu,29
43091,yolo_x_cpu,26
43092,yolo_x_cpu,23
43093,yolo_x_cpu,23
43094,yolo_x_cpu,16
43095,yolo_x_cpu,27
43096,yolo_x_cpu,21
43097,yolo_x_cpu,26
43098,yolo_x_cpu,19
43099,yolo_x_cpu,38
43100,yolo_x_cpu,28
43101,yolo_x_cpu,80
43102,yolo_x_cpu,50
43103,yolo_x_cpu,28
43104,yolo_x_cpu,50
43105,yolo_x_cpu,48
43106,yolo_x_cpu,16
43107,yolo_x_cpu,65
43108,yolo_x_cpu,221
43109,yolo_x_cpu,59
43110,yolo_x_cpu,55
43111,yolo_x_cpu,78
43112,yolo_x_cpu,30
43113,yolo_x_cpu,33
43114,yolo_x_cpu,50
43115,yolo_x_cpu,39
43116,yolo_x_cpu,133
43117,yolo_x_cpu,173
43118,yolo_x_cpu,53
43119,yolo_x_cpu,62
43120,yolo_x_cpu,79
43121,yolo_x_cpu,39
43122,yolo_x_cpu,85
43123,yolo_x_cpu,143
43124,yolo_x_cpu,75
43125,yolo_x_cpu,95
43126,yolo_x_cpu,62
43127,yolo_x_cpu,53
43128,yolo_x_cpu,126
43129,yolo_x_cpu,52
43130,yolo_x_cpu,51
43131,yolo_x_cpu,77
43132,yolo_x_cpu,73
43133,yolo_x_cpu,81
43134,yolo_x_cpu,64
43135,yolo_x_cpu,64
43136,yolo_x_cpu,72
43137,yolo_x_cpu,71
43138,yolo_x_cpu,72
43139,yolo_x_cpu,77
43140,yolo_x_cpu,76
43141,yolo_x_cpu,51
43142,yolo_x_cpu,82
43143,yolo_x_cpu,70
43144,yolo_x_cpu,67
43145,yolo_x_cpu,58
43146,yolo_x_cpu,94
43147,yolo_x_cpu,69
43148,yolo_x_cpu,116
43149,yolo_x_cpu,86
43150,yolo_x_cpu,151
43151,yolo_x_cpu,80
43152,yolo_x_cpu,63
43153,yolo_x_cpu,141
43154,yolo_x_cpu,78
43155,yolo_x_cpu,101
43156,yolo_x_cpu,123
43157,yolo_x_cpu,97
43158,yolo_x_cpu,128
43159,yolo_x_cpu,173
43160,yolo_x_cpu,117
43161,yolo_x_cpu,93
43162,yolo_x_cpu,77
43163,yolo_x_cpu,107
43164,yolo_x_cpu,117
43165,yolo_x_cpu,162
43166,yolo_x_cpu,149
43167,yolo_x_cpu,210
43168,yolo_x_cpu,234
43169,yolo_x_cpu,248
43170,yolo_x_cpu,228
43171,yolo_x_cpu,248
43172,yolo_x_cpu,198
43173,yolo_x_cpu,207
43174,yolo_x_cpu,256
43175,yolo_x_cpu,241
43176,yolo_x_cpu,198
43177,yolo_x_cpu,190
43178,yolo_x_cpu,150
43179,yolo_x_cpu,165
43180,yolo_x_cpu,99
43181,yolo_x_cpu,130
43182,yolo_x_cpu,112
43183,yolo_x_cpu,112
43184,yolo_x_cpu,107
43185,yolo_x_cpu,114
43186,yolo_x_cpu,129
43187,yolo_x_cpu,142
43188,yolo_x_cpu,135
43189,yolo_x_cpu,153
43190,yolo_x_cpu,255
43191,yolo_x_cpu,135
43192,yolo_x_cpu,176
43193,yolo_x_cpu,182
43194,yolo_x_cpu,170
43195,yolo_x_cpu,137
43196,yolo_x_cpu,159
43197,yolo_x_cpu,178
43198,yolo_x_cpu,157
43199,yolo_x_cpu,112
43200,yolo_x_cpu,157
43201,yolo_x_cpu,184
43202,yolo_x_cpu,163
43203,yolo_x_cpu,152
43204,yolo_x_cpu,177
43205,yolo_x_cpu,171
43206,yolo_x_cpu,118
43207,yolo_x_cpu,183
43208,yolo_x_cpu,158
43209,yolo_x_cpu,126
43210,yolo_x_cpu,140
43211,yolo_x_cpu,326
43212,yolo_x_cpu,297
43213,yolo_x_cpu,197
43214,yolo_x_cpu,139
43215,yolo_x_cpu,184
43216,yolo_x_cpu,211
43217,yolo_x_cpu,173
43218,yolo_x_cpu,211
43219,yolo_x_cpu,193
43220,yolo_x_cpu,199
43221,yolo_x_cpu,171
43222,yolo_x_cpu,213
43223,yolo_x_cpu,283
43224,yolo_x_cpu,275
43225,yolo_x_cpu,166
43226,yolo_x_cpu,194
43227,yolo_x_cpu,199
43228,yolo_x_cpu,224
43229,yolo_x_cpu,195
43230,yolo_x_cpu,184
43231,yolo_x_cpu,217
43232,yolo_x_cpu,244
43233,yolo_x_cpu,332
43234,yolo_x_cpu,194
43235,yolo_x_cpu,324
43236,yolo_x_cpu,322
43237,yolo_x_cpu,212
43238,yolo_x_cpu,357
43239,yolo_x_cpu,232
43240,yolo_x_cpu,202
43241,yolo_x_cpu,217
43242,yolo_x_cpu,198
43243,yolo_x_cpu,243
43244,yolo_x_cpu,230
43245,yolo_x_cpu,269
43246,yolo_x_cpu,232
43247,yolo_x_cpu,232
43248,yolo_x_cpu,271
43249,yolo_x_cpu,237
43250,yolo_x_cpu,167
43251,yolo_x_cpu,244
43252,yolo_x_cpu,204
43253,yolo_x_cpu,240
43254,yolo_x_cpu,243
43255,yolo_x_cpu,255
43256,yolo_x_cpu,218
43257,yolo_x_cpu,297
43258,yolo_x_cpu,259
43259,yolo_x_cpu,224
43260,yolo_x_cpu,159
43261,yolo_x_cpu,239
43262,yolo_x_cpu,218
43263,yolo_x_cpu,246
43264,yolo_x_cpu,253
43265,yolo_x_cpu,260
43266,yolo_x_cpu,226
43267,yolo_x_cpu,185
43268,yolo_x_cpu,311
43269,yolo_x_cpu,245
43270,yolo_x_cpu,228
43271,yolo_x_cpu,263
43272,yolo_x_cpu,233
43273,yolo_x_cpu,261
43274,yolo_x_cpu,283
43275,yolo_x_cpu,229
43276,yolo_x_cpu,241
43277,yolo_x_cpu,285
43278,yolo_x_cpu,289
43279,yolo_x_cpu,219
43280,yolo_x_cpu,229
43281,yolo_x_cpu,241
43282,yolo_x_cpu,244
43283,yolo_x_cpu,256
43284,yolo_x_cpu,381
43285,yolo_x_cpu,446
43286,yolo_x_cpu,289
43287,yolo_x_cpu,245
43288,yolo_x_cpu,274
43289,yolo_x_cpu,265
43290,yolo_x_cpu,310
43291,yolo_x_cpu,371
43292,yolo_x_cpu,311
43293,yolo_x_cpu,272
43294,yolo_x_cpu,318
43295,yolo_x_cpu,343
43296,yolo_x_cpu,311
43297,yolo_x_cpu,211
43298,yolo_x_cpu,281
43299,yolo_x_cpu,330
43300,yolo_x_cpu,328
43301,yolo_x_cpu,284
43302,yolo_x_cpu,220
43303,yolo_x_cpu,325
43304,yolo_x_cpu,263
43305,yolo_x_cpu,256
43306,yolo_x_cpu,262
43307,yolo_x_cpu,248
43308,yolo_x_cpu,286
43309,yolo_x_cpu,236
43310,yolo_x_cpu,264
43311,yolo_x_cpu,300
43312,yolo_x_cpu,309
43313,yolo_x_cpu,306
43314,yolo_x_cpu,415
43315,yolo_x_cpu,303
43316,yolo_x_cpu,253
43317,yolo_x_cpu,264
43318,yolo_x_cpu,220
43319,yolo_x_cpu,247
43320,yolo_x_cpu,298
43321,yolo_x_cpu,255
43322,yolo_x_cpu,294
43323,yolo_x_cpu,302
43324,yolo_x_cpu,282
43325,yolo_x_cpu,439
43326,yolo_x_cpu,463
43327,yolo_x_cpu,398
43328,yolo_x_cpu,396
43329,yolo_x_cpu,463
43330,yolo_x_cpu,339
43331,yolo_x_cpu,374
43332,yolo_x_cpu,261
43333,yolo_x_cpu,294
43334,yolo_x_cpu,297
43335,yolo_x_cpu,290
43336,yolo_x_cpu,319
43337,yolo_x_cpu,230
43338,yolo_x_cpu,330
43339,yolo_x_cpu,296
43340,yolo_x_cpu,301
43341,yolo_x_cpu,294
43342,yolo_x_cpu,291
43343,yolo_x_cpu,390
43344,yolo_x_cpu,400
43345,yolo_x_cpu,402
43346,yolo_x_cpu,271
43347,yolo_x_cpu,298
43348,yolo_x_cpu,298
43349,yolo_x_cpu,340
43350,yolo_x_cpu,208
43351,yolo_x_cpu,206
43352,yolo_x_cpu,211
43353,yolo_x_cpu,272
43354,yolo_x_cpu,285
43355,yolo_x_cpu,347
43356,yolo_x_cpu,200
43357,yolo_x_cpu,230
43358,yolo_x_cpu,281
43359,yolo_x_cpu,352
43360,yolo_x_cpu,400
43361,yolo_x_cpu,328
43362,yolo_x_cpu,376
43363,yolo_x_cpu,289
43364,yolo_x_cpu,340
43365,yolo_x_cpu,312
43366,yolo_x_cpu,215
43367,yolo_x_cpu,274
43368,yolo_x_cpu,300
43369,yolo_x_cpu,294
43370,yolo_x_cpu,288
43371,yolo_x_cpu,309
43372,yolo_x_cpu,230
43373,yolo_x_cpu,387
43374,yolo_x_cpu,270
43375,yolo_x_cpu,309
43376,yolo_x_cpu,335
43377,yolo_x_cpu,247
43378,yolo_x_cpu,269
43379,yolo_x_cpu,374
43380,yolo_x_cpu,331
43381,yolo_x_cpu,329
43382,yolo_x_cpu,337
43383,yolo_x_cpu,287
43384,yolo_x_cpu,306
43385,yolo_x_cpu,355
43386,yolo_x_cpu,277
43387,yolo_x_cpu,345
43388,yolo_x_cpu,276
43389,yolo_x_cpu,337
43390,yolo_x_cpu,395
43391,yolo_x_cpu,382
43392,yolo_x_cpu,337
43393,yolo_x_cpu,336
43394,yolo_x_cpu,319
43395,yolo_x_cpu,393
43396,yolo_x_cpu,386
43397,yolo_x_cpu,415
43398,yolo_x_cpu,387
43399,yolo_x_cpu,335
43400,yolo_x_cpu,343
43401,yolo_x_cpu,361
43402,yolo_x_cpu,342
43403,yolo_x_cpu,411
43404,yolo_x_cpu,354
43405,yolo_x_cpu,251
43406,yolo_x_cpu,340
43407,yolo_x_cpu,282
43408,yolo_x_cpu,399
43409,yolo_x_cpu,361
43410,yolo_x_cpu,243
43411,yolo_x_cpu,238
43412,yolo_x_cpu,230
43413,yolo_x_cpu,317
43414,yolo_x_cpu,314
43415,yolo_x_cpu,284
43416,yolo_x_cpu,353
43417,yolo_x_cpu,319
43418,yolo_x_cpu,345
43419,yolo_x_cpu,283
43420,yolo_x_cpu,262
43421,yolo_x_cpu,219
43422,yolo_x_cpu,191
43423,yolo_x_cpu,242
43424,yolo_x_cpu,220
43425,yolo_x_cpu,247
43426,yolo_x_cpu,220
43427,yolo_x_cpu,267
43428,yolo_x_cpu,271
43429,yolo_x_cpu,218
43430,yolo_x_cpu,307
43431,yolo_x_cpu,274
43432,yolo_x_cpu,247
43433,yolo_x_cpu,253
43434,yolo_x_cpu,267
43435,yolo_x_cpu,266
43436,yolo_x_cpu,284
43437,yolo_x_cpu,277
43438,yolo_x_cpu,296
43439,yolo_x_cpu,333
43440,yolo_x_cpu,232
43441,yolo_x_cpu,250
43442,yolo_x_cpu,246
43443,yolo_x_cpu,254
43444,yolo_x_cpu,253
43445,yolo_x_cpu,274
43446,yolo_x_cpu,349
43447,yolo_x_cpu,393
43448,yolo_x_cpu,237
43449,yolo_x_cpu,247
43450,yolo_x_cpu,279
43451,yolo_x_cpu,305
43452,yolo_x_cpu,223
43453,yolo_x_cpu,195
43454,yolo_x_cpu,312
43455,yolo_x_cpu,214
43456,yolo_x_cpu,239
43457,yolo_x_cpu,311
43458,yolo_x_cpu,232
43459,yolo_x_cpu,198
43460,yolo_x_cpu,253
43461,yolo_x_cpu,351
43462,yolo_x_cpu,246
43463,yolo_x_cpu,261
43464,yolo_x_cpu,245
43465,yolo_x_cpu,302
43466,yolo_x_cpu,262
43467,yolo_x_cpu,242
43468,yolo_x_cpu,307
43469,yolo_x_cpu,278
43470,yolo_x_cpu,307
43471,yolo_x_cpu,419
43472,yolo_x_cpu,436
43473,yolo_x_cpu,376
43474,yolo_x_cpu,273
43475,yolo_x_cpu,304
43476,yolo_x_cpu,332
43477,yolo_x_cpu,250
43478,yolo_x_cpu,284
43479,yolo_x_cpu,311
43480,yolo_x_cpu,255
43481,yolo_x_cpu,267
43482,yolo_x_cpu,314
43483,yolo_x_cpu,321
43484,yolo_x_cpu,253
43485,yolo_x_cpu,362
43486,yolo_x_cpu,302
43487,yolo_x_cpu,244
43488,yolo_x_cpu,336
43489,yolo_x_cpu,313
43490,yolo_x_cpu,282
43491,yolo_x_cpu,283
43492,yolo_x_cpu,329
43493,yolo_x_cpu,347
43494,yolo_x_cpu,285
43495,yolo_x_cpu,320
43496,yolo_x_cpu,369
43497,yolo_x_cpu,377
43498,yolo_x_cpu,313
43499,yolo_x_cpu,315
43500,yolo_x_cpu,290
43501,yolo_x_cpu,310
43502,yolo_x_cpu,242
43503,yolo_x_cpu,302
43504,yolo_x_cpu,271
43505,yolo_x_cpu,234
43506,yolo_x_cpu,245
43507,yolo_x_cpu,230
43508,yolo_x_cpu,217
43509,yolo_x_cpu,275
43510,yolo_x_cpu,236
43511,yolo_x_cpu,285
43512,yolo_x_cpu,345
43513,yolo_x_cpu,377
43514,yolo_x_cpu,439
43515,yolo_x_cpu,257
43516,yolo_x_cpu,218
43517,yolo_x_cpu,290
43518,yolo_x_cpu,313
43519,yolo_x_cpu,328
43520,yolo_x_cpu,281
43521,yolo_x_cpu,359
43522,yolo_x_cpu,310
43523,yolo_x_cpu,265
43524,yolo_x_cpu,277
43525,yolo_x_cpu,287
43526,yolo_x_cpu,249
43527,yolo_x_cpu,229
43528,yolo_x_cpu,211
43529,yolo_x_cpu,244
43530,yolo_x_cpu,277
43531,yolo_x_cpu,267
43532,yolo_x_cpu,197
43533,yolo_x_cpu,204
43534,yolo_x_cpu,252
43535,yolo_x_cpu,234
43536,yolo_x_cpu,187
43537,yolo_x_cpu,163
43538,yolo_x_cpu,209
43539,yolo_x_cpu,264
43540,yolo_x_cpu,276
43541,yolo_x_cpu,271
43542,yolo_x_cpu,288
43543,yolo_x_cpu,234
43544,yolo_x_cpu,221
43545,yolo_x_cpu,331
43546,yolo_x_cpu,349
43547,yolo_x_cpu,325
43548,yolo_x_cpu,321
43549,yolo_x_cpu,174
43550,yolo_x_cpu,243
43551,yolo_x_cpu,257
43552,yolo_x_cpu,245
43553,yolo_x_cpu,239
43554,yolo_x_cpu,354
43555,yolo_x_cpu,239
43556,yolo_x_cpu,277
43557,yolo_x_cpu,199
43558,yolo_x_cpu,265
43559,yolo_x_cpu,187
43560,yolo_x_cpu,251
43561,yolo_x_cpu,187
43562,yolo_x_cpu,211
43563,yolo_x_cpu,330
43564,yolo_x_cpu,266
43565,yolo_x_cpu,265
43566,yolo_x_cpu,242
43567,yolo_x_cpu,342
43568,yolo_x_cpu,337
43569,yolo_x_cpu,269
43570,yolo_x_cpu,250
43571,yolo_x_cpu,215
43572,yolo_x_cpu,303
43573,yolo_x_cpu,310
43574,yolo_x_cpu,210
43575,yolo_x_cpu,226
43576,yolo_x_cpu,239
43577,yolo_x_cpu,185
43578,yolo_x_cpu,183
43579,yolo_x_cpu,263
43580,yolo_x_cpu,366
43581,yolo_x_cpu,233
43582,yolo_x_cpu,240
43583,yolo_x_cpu,315
43584,yolo_x_cpu,251
43585,yolo_x_cpu,305
43586,yolo_x_cpu,254
43587,yolo_x_cpu,269
43588,yolo_x_cpu,278
43589,yolo_x_cpu,273
43590,yolo_x_cpu,242
43591,yolo_x_cpu,296
43592,yolo_x_cpu,366
43593,yolo_x_cpu,267
43594,yolo_x_cpu,249
43595,yolo_x_cpu,341
43596,yolo_x_cpu,263
43597,yolo_x_cpu,267
43598,yolo_x_cpu,209
43599,yolo_x_cpu,305
43600,yolo_x_cpu,285
43601,yolo_x_cpu,380
43602,yolo_x_cpu,281
43603,yolo_x_cpu,200
43604,yolo_x_cpu,282
43605,yolo_x_cpu,229
43606,yolo_x_cpu,310
43607,yolo_x_cpu,277
43608,yolo_x_cpu,239
43609,yolo_x_cpu,170
43610,yolo_x_cpu,276
43611,yolo_x_cpu,222
43612,yolo_x_cpu,249
43613,yolo_x_cpu,241
43614,yolo_x_cpu,296
43615,yolo_x_cpu,313
43616,yolo_x_cpu,245
43617,yolo_x_cpu,293
43618,yolo_x_cpu,321
43619,yolo_x_cpu,305
43620,yolo_x_cpu,239
43621,yolo_x_cpu,257
43622,yolo_x_cpu,254
43623,yolo_x_cpu,328
43624,yolo_x_cpu,301
43625,yolo_x_cpu,305
43626,yolo_x_cpu,322
43627,yolo_x_cpu,310
43628,yolo_x_cpu,226
43629,yolo_x_cpu,303
43630,yolo_x_cpu,238
43631,yolo_x_cpu,290
43632,yolo_x_cpu,237
43633,yolo_x_cpu,337
43634,yolo_x_cpu,270
43635,yolo_x_cpu,274
43636,yolo_x_cpu,251
43637,yolo_x_cpu,216
43638,yolo_x_cpu,179
43639,yolo_x_cpu,233
43640,yolo_x_cpu,208
43641,yolo_x_cpu,219
43642,yolo_x_cpu,224
43643,yolo_x_cpu,213
43644,yolo_x_cpu,284
43645,yolo_x_cpu,280
43646,yolo_x_cpu,332
43647,yolo_x_cpu,321
43648,yolo_x_cpu,389
43649,yolo_x_cpu,245
43650,yolo_x_cpu,279
43651,yolo_x_cpu,317
43652,yolo_x_cpu,305
43653,yolo_x_cpu,304
43654,yolo_x_cpu,354
43655,yolo_x_cpu,235
43656,yolo_x_cpu,283
43657,yolo_x_cpu,305
43658,yolo_x_cpu,288
43659,yolo_x_cpu,245
43660,yolo_x_cpu,254
43661,yolo_x_cpu,288
43662,yolo_x_cpu,340
43663,yolo_x_cpu,238
43664,yolo_x_cpu,190
43665,yolo_x_cpu,172
43666,yolo_x_cpu,219
43667,yolo_x_cpu,245
43668,yolo_x_cpu,239
43669,yolo_x_cpu,195
43670,yolo_x_cpu,215
43671,yolo_x_cpu,311
43672,yolo_x_cpu,309
43673,yolo_x_cpu,308
43674,yolo_x_cpu,299
43675,yolo_x_cpu,220
43676,yolo_x_cpu,279
43677,yolo_x_cpu,370
43678,yolo_x_cpu,330
43679,yolo_x_cpu,312
43680,yolo_x_cpu,248
43681,yolo_x_cpu,249
43682,yolo_x_cpu,275
43683,yolo_x_cpu,280
43684,yolo_x_cpu,251
43685,yolo_x_cpu,325
43686,yolo_x_cpu,288
43687,yolo_x_cpu,282
43688,yolo_x_cpu,233
43689,yolo_x_cpu,309
43690,yolo_x_cpu,201
43691,yolo_x_cpu,253
43692,yolo_x_cpu,318
43693,yolo_x_cpu,202
43694,yolo_x_cpu,281
43695,yolo_x_cpu,352
43696,yolo_x_cpu,366
43697,yolo_x_cpu,299
43698,yolo_x_cpu,343
43699,yolo_x_cpu,277
43700,yolo_x_cpu,297
43701,yolo_x_cpu,333
43702,yolo_x_cpu,318
43703,yolo_x_cpu,269
43704,yolo_x_cpu,264
43705,yolo_x_cpu,260
43706,yolo_x_cpu,272
43707,yolo_x_cpu,275
43708,yolo_x_cpu,231
43709,yolo_x_cpu,259
43710,yolo_x_cpu,184
43711,yolo_x_cpu,244
43712,yolo_x_cpu,229
43713,yolo_x_cpu,239
43714,yolo_x_cpu,226
43715,yolo_x_cpu,215
43716,yolo_x_cpu,238
43717,yolo_x_cpu,259
43718,yolo_x_cpu,265
43719,yolo_x_cpu,235
43720,yolo_x_cpu,240
43721,yolo_x_cpu,194
43722,yolo_x_cpu,238
43723,yolo_x_cpu,243
43724,yolo_x_cpu,266
43725,yolo_x_cpu,299
43726,yolo_x_cpu,241
43727,yolo_x_cpu,274
43728,yolo_x_cpu,279
43729,yolo_x_cpu,266
43730,yolo_x_cpu,235
43731,yolo_x_cpu,181
43732,yolo_x_cpu,209
43733,yolo_x_cpu,323
43734,yolo_x_cpu,253
43735,yolo_x_cpu,219
43736,yolo_x_cpu,316
43737,yolo_x_cpu,203
43738,yolo_x_cpu,296
43739,yolo_x_cpu,281
43740,yolo_x_cpu,436
43741,yolo_x_cpu,431
43742,yolo_x_cpu,431
43743,yolo_x_cpu,332
43744,yolo_x_cpu,365
43745,yolo_x_cpu,328
43746,yolo_x_cpu,345
43747,yolo_x_cpu,311
43748,yolo_x_cpu,293
43749,yolo_x_cpu,317
43750,yolo_x_cpu,236
43751,yolo_x_cpu,306
43752,yolo_x_cpu,329
43753,yolo_x_cpu,329
43754,yolo_x_cpu,275
43755,yolo_x_cpu,267
43756,yolo_x_cpu,374
43757,yolo_x_cpu,321
43758,yolo_x_cpu,307
43759,yolo_x_cpu,285
43760,yolo_x_cpu,313
43761,yolo_x_cpu,243
43762,yolo_x_cpu,251
43763,yolo_x_cpu,186
43764,yolo_x_cpu,297
43765,yolo_x_cpu,244
43766,yolo_x_cpu,265
43767,yolo_x_cpu,270
43768,yolo_x_cpu,313
43769,yolo_x_cpu,215
43770,yolo_x_cpu,296
43771,yolo_x_cpu,246
43772,yolo_x_cpu,323
43773,yolo_x_cpu,228
43774,yolo_x_cpu,339
43775,yolo_x_cpu,255
43776,yolo_x_cpu,296
43777,yolo_x_cpu,244
43778,yolo_x_cpu,293
43779,yolo_x_cpu,323
43780,yolo_x_cpu,253
43781,yolo_x_cpu,257
43782,yolo_x_cpu,241
43783,yolo_x_cpu,331
43784,yolo_x_cpu,190
43785,yolo_x_cpu,218
43786,yolo_x_cpu,220
43787,yolo_x_cpu,242
43788,yolo_x_cpu,344
43789,yolo_x_cpu,480
43790,yolo_x_cpu,337
43791,yolo_x_cpu,294
43792,yolo_x_cpu,295
43793,yolo_x_cpu,272
43794,yolo_x_cpu,281
43795,yolo_x_cpu,330
43796,yolo_x_cpu,322
43797,yolo_x_cpu,326
43798,yolo_x_cpu,310
43799,yolo_x_cpu,315
43800,yolo_x_cpu,274
43801,yolo_x_cpu,373
43802,yolo_x_cpu,350
43803,yolo_x_cpu,247
43804,yolo_x_cpu,315
43805,yolo_x_cpu,233
43806,yolo_x_cpu,317
43807,yolo_x_cpu,324
43808,yolo_x_cpu,231
43809,yolo_x_cpu,413
43810,yolo_x_cpu,354
43811,yolo_x_cpu,372
43812,yolo_x_cpu,334
43813,yolo_x_cpu,262
43814,yolo_x_cpu,276
43815,yolo_x_cpu,335
43816,yolo_x_cpu,298
43817,yolo_x_cpu,333
43818,yolo_x_cpu,318
43819,yolo_x_cpu,307
43820,yolo_x_cpu,407
43821,yolo_x_cpu,319
43822,yolo_x_cpu,382
43823,yolo_x_cpu,330
43824,yolo_x_cpu,296
43825,yolo_x_cpu,288
43826,yolo_x_cpu,296
43827,yolo_x_cpu,355
43828,yolo_x_cpu,459
43829,yolo_x_cpu,347
43830,yolo_x_cpu,295
43831,yolo_x_cpu,388
43832,yolo_x_cpu,332
43833,yolo_x_cpu,453
43834,yolo_x_cpu,398
43835,yolo_x_cpu,473
43836,yolo_x_cpu,369
43837,yolo_x_cpu,441
43838,yolo_x_cpu,475
43839,yolo_x_cpu,375
43840,yolo_x_cpu,462
43841,yolo_x_cpu,360
43842,yolo_x_cpu,326
43843,yolo_x_cpu,404
43844,yolo_x_cpu,337
43845,yolo_x_cpu,353
43846,yolo_x_cpu,376
43847,yolo_x_cpu,410
43848,yolo_x_cpu,328
43849,yolo_x_cpu,430
43850,yolo_x_cpu,446
43851,yolo_x_cpu,407
43852,yolo_x_cpu,396
43853,yolo_x_cpu,403
43854,yolo_x_cpu,462
43855,yolo_x_cpu,456
43856,yolo_x_cpu,385
43857,yolo_x_cpu,420
43858,yolo_x_cpu,418
43859,yolo_x_cpu,441
43860,yolo_x_cpu,472
43861,yolo_x_cpu,397
43862,yolo_x_cpu,470
43863,yolo_x_cpu,468
43864,yolo_x_cpu,525
43865,yolo_x_cpu,448
43866,yolo_x_cpu,532
43867,yolo_x_cpu,533
43868,yolo_x_cpu,419
43869,yolo_x_cpu,484
43870,yolo_x_cpu,526
43871,yolo_x_cpu,487
43872,yolo_x_cpu,437
43873,yolo_x_cpu,463
43874,yolo_x_cpu,493
43875,yolo_x_cpu,552
43876,yolo_x_cpu,549
43877,yolo_x_cpu,520
43878,yolo_x_cpu,459
43879,yolo_x_cpu,576
43880,yolo_x_cpu,488
43881,yolo_x_cpu,448
43882,yolo_x_cpu,486
43883,yolo_x_cpu,389
43884,yolo_x_cpu,459
43885,yolo_x_cpu,568
43886,yolo_x_cpu,779
43887,yolo_x_cpu,845
43888,yolo_x_cpu,657
43889,yolo_x_cpu,618
43890,yolo_x_cpu,566
43891,yolo_x_cpu,531
43892,yolo_x_cpu,577
43893,yolo_x_cpu,535
43894,yolo_x_cpu,509
43895,yolo_x_cpu,747
43896,yolo_x_cpu,590
43897,yolo_x_cpu,555
43898,yolo_x_cpu,548
43899,yolo_x_cpu,440
43900,yolo_x_cpu,582
43901,yolo_x_cpu,467
43902,yolo_x_cpu,498
43903,yolo_x_cpu,549
43904,yolo_x_cpu,581
43905,yolo_x_cpu,479
43906,yolo_x_cpu,468
43907,yolo_x_cpu,497
43908,yolo_x_cpu,497
43909,yolo_x_cpu,468
43910,yolo_x_cpu,548
43911,yolo_x_cpu,590
43912,yolo_x_cpu,649
43913,yolo_x_cpu,630
43914,yolo_x_cpu,591
43915,yolo_x_cpu,524
43916,yolo_x_cpu,635
43917,yolo_x_cpu,582
43918,yolo_x_cpu,638
43919,yolo_x_cpu,671
43920,yolo_x_cpu,632
43921,yolo_x_cpu,657
43922,yolo_x_cpu,608
43923,yolo_x_cpu,656
43924,yolo_x_cpu,754
43925,yolo_x_cpu,843
43926,yolo_x_cpu,756
43927,yolo_x_cpu,615
43928,yolo_x_cpu,661
43929,yolo_x_cpu,562
43930,yolo_x_cpu,615
43931,yolo_x_cpu,509
43932,yolo_x_cpu,594
43933,yolo_x_cpu,564
43934,yolo_x_cpu,632
43935,yolo_x_cpu,560
43936,yolo_x_cpu,501
43937,yolo_x_cpu,545
43938,yolo_x_cpu,533
43939,yolo_x_cpu,700
43940,yolo_x_cpu,539
43941,yolo_x_cpu,577
43942,yolo_x_cpu,591
43943,yolo_x_cpu,712
43944,yolo_x_cpu,613
43945,yolo_x_cpu,614
43946,yolo_x_cpu,648
43947,yolo_x_cpu,623
43948,yolo_x_cpu,804
43949,yolo_x_cpu,607
43950,yolo_x_cpu,698
43951,yolo_x_cpu,859
43952,yolo_x_cpu,850
43953,yolo_x_cpu,638
43954,yolo_x_cpu,649
43955,yolo_x_cpu,690
43956,yolo_x_cpu,725
43957,yolo_x_cpu,681
43958,yolo_x_cpu,759
43959,yolo_x_cpu,787
43960,yolo_x_cpu,680
43961,yolo_x_cpu,666
43962,yolo_x_cpu,571
43963,yolo_x_cpu,804
43964,yolo_x_cpu,778
43965,yolo_x_cpu,746
43966,yolo_x_cpu,829
43967,yolo_x_cpu,729
43968,yolo_x_cpu,679
43969,yolo_x_cpu,720
43970,yolo_x_cpu,738
43971,yolo_x_cpu,742
43972,yolo_x_cpu,962
43973,yolo_x_cpu,825
43974,yolo_x_cpu,678
43975,yolo_x_cpu,741
43976,yolo_x_cpu,756
43977,yolo_x_cpu,845
43978,yolo_x_cpu,660
43979,yolo_x_cpu,684
43980,yolo_x_cpu,685
43981,yolo_x_cpu,673
43982,yolo_x_cpu,625
43983,yolo_x_cpu,644
43984,yolo_x_cpu,676
43985,yolo_x_cpu,551
43986,yolo_x_cpu,662
43987,yolo_x_cpu,711
43988,yolo_x_cpu,646
43989,yolo_x_cpu,719
43990,yolo_x_cpu,686
43991,yolo_x_cpu,755
43992,yolo_x_cpu,638
43993,yolo_x_cpu,619
43994,yolo_x_cpu,615
43995,yolo_x_cpu,739
43996,yolo_x_cpu,657
43997,yolo_x_cpu,599
43998,yolo_x_cpu,622
43999,yolo_x_cpu,561
44000,yolo_x_cpu,647
44001,yolo_x_cpu,580
44002,yolo_x_cpu,649
44003,yolo_x_cpu,791
44004,yolo_x_cpu,694
44005,yolo_x_cpu,768
44006,yolo_x_cpu,813
44007,yolo_x_cpu,885
44008,yolo_x_cpu,851
44009,yolo_x_cpu,616
44010,yolo_x_cpu,589
44011,yolo_x_cpu,537
44012,yolo_x_cpu,676
44013,yolo_x_cpu,646
44014,yolo_x_cpu,542
44015,yolo_x_cpu,771
44016,yolo_x_cpu,795
44017,yolo_x_cpu,647
44018,yolo_x_cpu,576
44019,yolo_x_cpu,705
44020,yolo_x_cpu,608
44021,yolo_x_cpu,529
44022,yolo_x_cpu,557
44023,yolo_x_cpu,608
44024,yolo_x_cpu,747
44025,yolo_x_cpu,594
44026,yolo_x_cpu,690
44027,yolo_x_cpu,687
44028,yolo_x_cpu,623
44029,yolo_x_cpu,743
44030,yolo_x_cpu,676
44031,yolo_x_cpu,623
44032,yolo_x_cpu,718
44033,yolo_x_cpu,689
44034,yolo_x_cpu,591
44035,yolo_x_cpu,580
44036,yolo_x_cpu,612
44037,yolo_x_cpu,548
44038,yolo_x_cpu,586
44039,yolo_x_cpu,547
44040,yolo_x_cpu,552
44041,yolo_x_cpu,582
44042,yolo_x_cpu,446
44043,yolo_x_cpu,442
44044,yolo_x_cpu,428
44045,yolo_x_cpu,510
44046,yolo_x_cpu,520
44047,yolo_x_cpu,633
44048,yolo_x_cpu,513
44049,yolo_x_cpu,454
44050,yolo_x_cpu,485
44051,yolo_x_cpu,545
44052,yolo_x_cpu,451
44053,yolo_x_cpu,489
44054,yolo_x_cpu,551
44055,yolo_x_cpu,620
44056,yolo_x_cpu,593
44057,yolo_x_cpu,627
44058,yolo_x_cpu,454
44059,yolo_x_cpu,394
44060,yolo_x_cpu,510
44061,yolo_x_cpu,438
44062,yolo_x_cpu,576
44063,yolo_x_cpu,470
44064,yolo_x_cpu,625
44065,yolo_x_cpu,500
44066,yolo_x_cpu,413
44067,yolo_x_cpu,525
44068,yolo_x_cpu,417
44069,yolo_x_cpu,446
44070,yolo_x_cpu,485
44071,yolo_x_cpu,450
44072,yolo_x_cpu,424
44073,yolo_x_cpu,426
44074,yolo_x_cpu,348
44075,yolo_x_cpu,304
44076,yolo_x_cpu,317
44077,yolo_x_cpu,359
44078,yolo_x_cpu,366
44079,yolo_x_cpu,306
44080,yolo_x_cpu,351
44081,yolo_x_cpu,403
44082,yolo_x_cpu,325
44083,yolo_x_cpu,315
44084,yolo_x_cpu,253
44085,yolo_x_cpu,319
44086,yolo_x_cpu,317
44087,yolo_x_cpu,275
44088,yolo_x_cpu,301
44089,yolo_x_cpu,268
44090,yolo_x_cpu,254
44091,yolo_x_cpu,260
44092,yolo_x_cpu,459
44093,yolo_x_cpu,365
44094,yolo_x_cpu,474
44095,yolo_x_cpu,392
44096,yolo_x_cpu,392
44097,yolo_x_cpu,365
44098,yolo_x_cpu,335
44099,yolo_x_cpu,261
44100,yolo_x_cpu,340
44101,yolo_x_cpu,305
44102,yolo_x_cpu,257
44103,yolo_x_cpu,401
44104,yolo_x_cpu,205
44105,yolo_x_cpu,205
44106,yolo_x_cpu,245
44107,yolo_x_cpu,254
44108,yolo_x_cpu,226
44109,yolo_x_cpu,225
44110,yolo_x_cpu,312
44111,yolo_x_cpu,260
44112,yolo_x_cpu,214
44113,yolo_x_cpu,235
44114,yolo_x_cpu,294
44115,yolo_x_cpu,239
44116,yolo_x_cpu,171
44117,yolo_x_cpu,233
44118,yolo_x_cpu,291
44119,yolo_x_cpu,262
44120,yolo_x_cpu,210
44121,yolo_x_cpu,144
44122,yolo_x_cpu,183
44123,yolo_x_cpu,291
44124,yolo_x_cpu,248
44125,yolo_x_cpu,216
44126,yolo_x_cpu,217
44127,yolo_x_cpu,163
44128,yolo_x_cpu,130
44129,yolo_x_cpu,207
44130,yolo_x_cpu,206
44131,yolo_x_cpu,203
44132,yolo_x_cpu,206
44133,yolo_x_cpu,139
44134,yolo_x_cpu,202
44135,yolo_x_cpu,197
44136,yolo_x_cpu,123
44137,yolo_x_cpu,121
44138,yolo_x_cpu,116
44139,yolo_x_cpu,235
44140,yolo_x_cpu,167
44141,yolo_x_cpu,185
44142,yolo_x_cpu,185
44143,yolo_x_cpu,212
44144,yolo_x_cpu,118
44145,yolo_x_cpu,163
44146,yolo_x_cpu,133
44147,yolo_x_cpu,113
44148,yolo_x_cpu,124
44149,yolo_x_cpu,102
44150,yolo_x_cpu,96
44151,yolo_x_cpu,94
44152,yolo_x_cpu,127
44153,yolo_x_cpu,152
44154,yolo_x_cpu,180
44155,yolo_x_cpu,199
44156,yolo_x_cpu,111
44157,yolo_x_cpu,90
44158,yolo_x_cpu,92
44159,yolo_x_cpu,128
44160,yolo_x_cpu,150
44161,yolo_x_cpu,170
44162,yolo_x_cpu,103
44163,yolo_x_cpu,88
44164,yolo_x_cpu,129
44165,yolo_x_cpu,141
44166,yolo_x_cpu,134
44167,yolo_x_cpu,137
44168,yolo_x_cpu,150
44169,yolo_x_cpu,100
44170,yolo_x_cpu,114
44171,yolo_x_cpu,136
44172,yolo_x_cpu,75
44173,yolo_x_cpu,44
44174,yolo_x_cpu,56
44175,yolo_x_cpu,60
44176,yolo_x_cpu,100
44177,yolo_x_cpu,86
44178,yolo_x_cpu,87
44179,yolo_x_cpu,145
44180,yolo_x_cpu,90
44181,yolo_x_cpu,92
44182,yolo_x_cpu,141
44183,yolo_x_cpu,79
44184,yolo_x_cpu,108
44185,yolo_x_cpu,80
44186,yolo_x_cpu,78
44187,yolo_x_cpu,75
44188,yolo_x_cpu,79
44189,yolo_x_cpu,72
44190,yolo_x_cpu,83
44191,yolo_x_cpu,107
44192,yolo_x_cpu,59
44193,yolo_x_cpu,35
44194,yolo_x_cpu,43
44195,yolo_x_cpu,33
44196,yolo_x_cpu,51
44197,yolo_x_cpu,30
44198,yolo_x_cpu,29
44199,yolo_x_cpu,41
44200,yolo_x_cpu,52
44201,yolo_x_cpu,54
44202,yolo_x_cpu,33
44203,yolo_x_cpu,55
44204,yolo_x_cpu,78
44205,yolo_x_cpu,94
44206,yolo_x_cpu,28
44207,yolo_x_cpu,30
44208,yolo_x_cpu,28
44209,yolo_x_cpu,74
44210,yolo_x_cpu,57
44211,yolo_x_cpu,76
44212,yolo_x_cpu,47
44213,yolo_x_cpu,39
44214,yolo_x_cpu,59
44215,yolo_x_cpu,42
44216,yolo_x_cpu,75
44217,yolo_x_cpu,64
44218,yolo_x_cpu,90
44219,yolo_x_cpu,68
44220,yolo_x_cpu,98
44221,yolo_x_cpu,24
44222,yolo_x_cpu,25
44223,yolo_x_cpu,45
44224,yolo_x_cpu,34
44225,yolo_x_cpu,31
44226,yolo_x_cpu,44
44227,yolo_x_cpu,45
44228,yolo_x_cpu,34
44229,yolo_x_cpu,118
44230,yolo_x_cpu,44
44231,yolo_x_cpu,16
44232,yolo_x_cpu,28
44233,yolo_x_cpu,36
44234,yolo_x_cpu,29
44235,yolo_x_cpu,36
44236,yolo_x_cpu,29
44237,yolo_x_cpu,28
44238,yolo_x_cpu,26
44239,yolo_x_cpu,67
44240,yolo_x_cpu,32
44241,yolo_x_cpu,46
44242,yolo_x_cpu,36
44243,yolo_x_cpu,23
44244,yolo_x_cpu,35
44245,yolo_x_cpu,20
44246,yolo_x_cpu,17
44247,yolo_x_cpu,35
44248,yolo_x_cpu,32
44249,yolo_x_cpu,31
44250,yolo_x_cpu,30
44251,yolo_x_cpu,26
44252,yolo_x_cpu,32
44253,yolo_x_cpu,13
44254,yolo_x_cpu,29
44255,yolo_x_cpu,15
44256,yolo_x_cpu,11
44257,yolo_x_cpu,19
44258,yolo_x_cpu,25
44259,yolo_x_cpu,50
44260,yolo_x_cpu,68
44261,yolo_x_cpu,25
44262,yolo_x_cpu,44
44263,yolo_x_cpu,39
44264,yolo_x_cpu,36
44265,yolo_x_cpu,47
44266,yolo_x_cpu,73
44267,yolo_x_cpu,30
44268,yolo_x_cpu,29
44269,yolo_x_cpu,34
44270,yolo_x_cpu,43
44271,yolo_x_cpu,46
44272,yolo_x_cpu,16
44273,yolo_x_cpu,36
44274,yolo_x_cpu,58
44275,yolo_x_cpu,31
44276,yolo_x_cpu,61
44277,yolo_x_cpu,42
44278,yolo_x_cpu,32
44279,yolo_x_cpu,16
44280,yolo_x_cpu,29
44281,yolo_x_cpu,36
44282,yolo_x_cpu,56
44283,yolo_x_cpu,80
44284,yolo_x_cpu,40
44285,yolo_x_cpu,30
44286,yolo_x_cpu,35
44287,yolo_x_cpu,50
44288,yolo_x_cpu,19
44289,yolo_x_cpu,8
44290,yolo_x_cpu,15
44291,yolo_x_cpu,20
44292,yolo_x_cpu,42
44293,yolo_x_cpu,51
44294,yolo_x_cpu,35
44295,yolo_x_cpu,18
44296,yolo_x_cpu,31
44297,yolo_x_cpu,11
44298,yolo_x_cpu,8
44299,yolo_x_cpu,17
44300,yolo_x_cpu,32
44301,yolo_x_cpu,46
44302,yolo_x_cpu,24
44303,yolo_x_cpu,17
44304,yolo_x_cpu,16
44305,yolo_x_cpu,10
44306,yolo_x_cpu,18
44307,yolo_x_cpu,9
44308,yolo_x_cpu,4
44309,yolo_x_cpu,4
44310,yolo_x_cpu,28
44311,yolo_x_cpu,42
44312,yolo_x_cpu,4
44313,yolo_x_cpu,17
44314,yolo_x_cpu,18
44315,yolo_x_cpu,9
44316,yolo_x_cpu,24
44317,yolo_x_cpu,44
44318,yolo_x_cpu,46
44319,yolo_x_cpu,31
44320,yolo_x_cpu,9
44321,yolo_x_cpu,29
44322,yolo_x_cpu,27
44323,yolo_x_cpu,32
44324,yolo_x_cpu,35
44325,yolo_x_cpu,36
44326,yolo_x_cpu,49
44327,yolo_x_cpu,22
44328,yolo_x_cpu,13
44329,yolo_x_cpu,22
44330,yolo_x_cpu,6
44331,yolo_x_cpu,13
44332,yolo_x_cpu,19
44333,yolo_x_cpu,20
44334,yolo_x_cpu,12
44335,yolo_x_cpu,17
44336,yolo_x_cpu,14
44337,yolo_x_cpu,13
44338,yolo_x_cpu,12
44339,yolo_x_cpu,9
44340,yolo_x_cpu,32
44341,yolo_x_cpu,18
44342,yolo_x_cpu,3
44343,yolo_x_cpu,7
44344,yolo_x_cpu,15
44345,yolo_x_cpu,6
44346,yolo_x_cpu,12
44347,yolo_x_cpu,7
44348,yolo_x_cpu,9
44349,yolo_x_cpu,10
44350,yolo_x_cpu,13
44351,yolo_x_cpu,10
44352,yolo_x_cpu,27
44353,yolo_x_cpu,18
44354,yolo_x_cpu,37
44355,yolo_x_cpu,12
44356,yolo_x_cpu,7
44357,yolo_x_cpu,6
44358,yolo_x_cpu,21
44359,yolo_x_cpu,5
44360,yolo_x_cpu,30
44361,yolo_x_cpu,31
44362,yolo_x_cpu,41
44363,yolo_x_cpu,12
44364,yolo_x_cpu,4
44365,yolo_x_cpu,19
44366,yolo_x_cpu,12
44367,yolo_x_cpu,13
44368,yolo_x_cpu,16
44369,yolo_x_cpu,18
44370,yolo_x_cpu,9
44371,yolo_x_cpu,23
44372,yolo_x_cpu,12
44373,yolo_x_cpu,14
44374,yolo_x_cpu,10
44375,yolo_x_cpu,16
44376,yolo_x_cpu,9
44377,yolo_x_cpu,10
44378,yolo_x_cpu,13
44379,yolo_x_cpu,12
44380,yolo_x_cpu,11
44381,yolo_x_cpu,7
44382,yolo_x_cpu,25
44383,yolo_x_cpu,20
44384,yolo_x_cpu,9
44385,yolo_x_cpu,138
44386,yolo_x_cpu,2
44387,yolo_x_cpu,10
44388,yolo_x_cpu,10
44389,yolo_x_cpu,5
44390,yolo_x_cpu,3
44391,yolo_x_cpu,7
44392,yolo_x_cpu,8
44393,yolo_x_cpu,14
44394,yolo_x_cpu,8
44395,yolo_x_cpu,7
44396,yolo_x_cpu,8
44397,yolo_x_cpu,4
44398,yolo_x_cpu,3
44399,yolo_x_cpu,3
44400,yolo_x_cpu,16
44401,yolo_x_cpu,4
44402,yolo_x_cpu,33
44403,yolo_x_cpu,5
44404,yolo_x_cpu,15
44405,yolo_x_cpu,10
44406,yolo_x_cpu,11
44407,yolo_x_cpu,7
44408,yolo_x_cpu,4
44409,yolo_x_cpu,11
44410,yolo_x_cpu,4
44411,yolo_x_cpu,13
44412,yolo_x_cpu,10
44413,yolo_x_cpu,10
44414,yolo_x_cpu,1
44415,yolo_x_cpu,10
44416,yolo_x_cpu,8
44417,yolo_x_cpu,18
44418,yolo_x_cpu,3
44419,yolo_x_cpu,7
44420,yolo_x_cpu,9
44421,yolo_x_cpu,5
44422,yolo_x_cpu,16
44423,yolo_x_cpu,11
44424,yolo_x_cpu,17
44425,yolo_x_cpu,10
44426,yolo_x_cpu,6
44427,yolo_x_cpu,1
44428,yolo_x_cpu,23
44429,yolo_x_cpu,30
44430,yolo_x_cpu,1
44431,yolo_x_cpu,3
44432,yolo_x_cpu,3
44433,yolo_x_cpu,11
44434,yolo_x_cpu,20
44435,yolo_x_cpu,16
44436,yolo_x_cpu,6
44437,yolo_x_cpu,1
44438,yolo_x_cpu,7
44439,yolo_x_cpu,12
44440,yolo_x_cpu,2
44441,yolo_x_cpu,18
44442,yolo_x_cpu,5
44443,yolo_x_cpu,24
44444,yolo_x_cpu,21
44445,yolo_x_cpu,32
44446,yolo_x_cpu,18
44447,yolo_x_cpu,17
44448,yolo_x_cpu,10
44449,yolo_x_cpu,6
44450,yolo_x_cpu,6
44451,yolo_x_cpu,5
44452,yolo_x_cpu,22
44453,yolo_x_cpu,6
44454,yolo_x_cpu,16
44455,yolo_x_cpu,5
44456,yolo_x_cpu,2
44457,yolo_x_cpu,17
44458,yolo_x_cpu,9
44459,yolo_x_cpu,10
44460,yolo_x_cpu,14
44461,yolo_x_cpu,5
44462,yolo_x_cpu,13
44463,yolo_x_cpu,26
44464,yolo_x_cpu,10
44465,yolo_x_cpu,8
44466,yolo_x_cpu,13
44467,yolo_x_cpu,10
44468,yolo_x_cpu,20
44469,yolo_x_cpu,34
44470,yolo_x_cpu,34
44471,yolo_x_cpu,21
44472,yolo_x_cpu,12
44473,yolo_x_cpu,17
44474,yolo_x_cpu,18
44475,yolo_x_cpu,19
44476,yolo_x_cpu,31
44477,yolo_x_cpu,45
44478,yolo_x_cpu,42
44479,yolo_x_cpu,104
44480,yolo_x_cpu,28
44481,yolo_x_cpu,59
44482,yolo_x_cpu,120
44483,yolo_x_cpu,31
44484,yolo_x_cpu,12
44485,yolo_x_cpu,22
44486,yolo_x_cpu,6
44487,yolo_x_cpu,9
44488,yolo_x_cpu,6
44489,yolo_x_cpu,15
44490,yolo_x_cpu,10
44491,yolo_x_cpu,13
44492,yolo_x_cpu,25
44493,yolo_x_cpu,23
44494,yolo_x_cpu,61
44495,yolo_x_cpu,128
44496,yolo_x_cpu,131
44497,yolo_x_cpu,103
44498,yolo_x_cpu,56
44499,yolo_x_cpu,14
44500,yolo_x_cpu,7
44501,yolo_x_cpu,46
44502,yolo_x_cpu,6
44503,yolo_x_cpu,9
44504,yolo_x_cpu,40
44505,yolo_x_cpu,47
44506,yolo_x_cpu,37
44507,yolo_x_cpu,15
44508,yolo_x_cpu,36
44509,yolo_x_cpu,37
44510,yolo_x_cpu,35
44511,yolo_x_cpu,28
44512,yolo_x_cpu,34
44513,yolo_x_cpu,66
44514,yolo_x_cpu,67
44515,yolo_x_cpu,38
44516,yolo_x_cpu,42
44517,yolo_x_cpu,25
44518,yolo_x_cpu,34
44519,yolo_x_cpu,44
44520,yolo_x_cpu,13
44521,yolo_x_cpu,28
44522,yolo_x_cpu,30
44523,yolo_x_cpu,45
44524,yolo_x_cpu,30
44525,yolo_x_cpu,32
44526,yolo_x_cpu,39
44527,yolo_x_cpu,43
44528,yolo_x_cpu,48
44529,yolo_x_cpu,59
44530,yolo_x_cpu,58
44531,yolo_x_cpu,71
44532,yolo_x_cpu,86
44533,yolo_x_cpu,66
44534,yolo_x_cpu,50
44535,yolo_x_cpu,39
44536,yolo_x_cpu,60
44537,yolo_x_cpu,71
44538,yolo_x_cpu,66
44539,yolo_x_cpu,88
44540,yolo_x_cpu,89
44541,yolo_x_cpu,45
44542,yolo_x_cpu,84
44543,yolo_x_cpu,85
44544,yolo_x_cpu,87
44545,yolo_x_cpu,161
44546,yolo_x_cpu,99
44547,yolo_x_cpu,128
44548,yolo_x_cpu,127
44549,yolo_x_cpu,115
44550,yolo_x_cpu,58
44551,yolo_x_cpu,86
44552,yolo_x_cpu,116
44553,yolo_x_cpu,122
44554,yolo_x_cpu,145
44555,yolo_x_cpu,163
44556,yolo_x_cpu,150
44557,yolo_x_cpu,116
44558,yolo_x_cpu,154
44559,yolo_x_cpu,117
44560,yolo_x_cpu,100
44561,yolo_x_cpu,153
44562,yolo_x_cpu,182
44563,yolo_x_cpu,151
44564,yolo_x_cpu,126
44565,yolo_x_cpu,87
44566,yolo_x_cpu,111
44567,yolo_x_cpu,155
44568,yolo_x_cpu,83
44569,yolo_x_cpu,114
44570,yolo_x_cpu,135
44571,yolo_x_cpu,154
44572,yolo_x_cpu,131
44573,yolo_x_cpu,112
44574,yolo_x_cpu,113
44575,yolo_x_cpu,101
44576,yolo_x_cpu,146
44577,yolo_x_cpu,172
44578,yolo_x_cpu,131
44579,yolo_x_cpu,130
44580,yolo_x_cpu,120
44581,yolo_x_cpu,173
44582,yolo_x_cpu,171
44583,yolo_x_cpu,152
44584,yolo_x_cpu,179
44585,yolo_x_cpu,119
44586,yolo_x_cpu,114
44587,yolo_x_cpu,120
44588,yolo_x_cpu,153
44589,yolo_x_cpu,143
44590,yolo_x_cpu,180
44591,yolo_x_cpu,143
44592,yolo_x_cpu,191
44593,yolo_x_cpu,152
44594,yolo_x_cpu,169
44595,yolo_x_cpu,171
44596,yolo_x_cpu,165
44597,yolo_x_cpu,191
44598,yolo_x_cpu,210
44599,yolo_x_cpu,192
44600,yolo_x_cpu,137
44601,yolo_x_cpu,256
44602,yolo_x_cpu,207
44603,yolo_x_cpu,204
44604,yolo_x_cpu,192
44605,yolo_x_cpu,202
44606,yolo_x_cpu,264
44607,yolo_x_cpu,275
44608,yolo_x_cpu,256
44609,yolo_x_cpu,250
44610,yolo_x_cpu,252
44611,yolo_x_cpu,258
44612,yolo_x_cpu,272
44613,yolo_x_cpu,274
44614,yolo_x_cpu,276
44615,yolo_x_cpu,272
44616,yolo_x_cpu,380
44617,yolo_x_cpu,326
44618,yolo_x_cpu,376
44619,yolo_x_cpu,298
44620,yolo_x_cpu,338
44621,yolo_x_cpu,308
44622,yolo_x_cpu,295
44623,yolo_x_cpu,460
44624,yolo_x_cpu,316
44625,yolo_x_cpu,309
44626,yolo_x_cpu,362
44627,yolo_x_cpu,404
44628,yolo_x_cpu,411
44629,yolo_x_cpu,365
44630,yolo_x_cpu,313
44631,yolo_x_cpu,310
44632,yolo_x_cpu,333
44633,yolo_x_cpu,370
44634,yolo_x_cpu,380
44635,yolo_x_cpu,368
44636,yolo_x_cpu,362
44637,yolo_x_cpu,433
44638,yolo_x_cpu,458
44639,yolo_x_cpu,352
